dataset,sentence_id,unit_idx,unit,s_lm,s_uni,rel,n_units,has_context
clark2026,0,0,The,3.9742,2.9243,1.0498,11,0
clark2026,0,1,boy,9.7210,8.8183,0.9027,11,0
clark2026,0,2,kicked,8.1542,10.6375,-2.4833,11,0
clark2026,0,3,the,1.6247,2.9243,-1.2996,11,0
clark2026,0,4,big,5.8117,7.6670,-1.8553,11,0
clark2026,0,5,round,6.4631,8.8883,-2.4252,11,0
clark2026,0,6,ball,5.8645,9.1150,-3.2505,11,0
clark2026,0,7,into,3.8707,6.6531,-2.7824,11,0
clark2026,0,8,the,0.3449,2.9243,-2.5794,11,0
clark2026,0,9,net,4.6776,9.7637,-5.0861,11,0
clark2026,0,10,.,2.1793,2.3026,-0.1232,11,0
clark2026,0,11,<eos>,6.1938,2.3026,3.8912,11,0
clark2026,1,0,The,3.9738,2.9243,1.0495,10,0
clark2026,1,1,boy,9.7210,8.8183,0.9027,10,0
clark2026,1,2,kicked,8.1544,10.6375,-2.4830,10,0
clark2026,1,3,the,1.6246,2.9243,-1.2997,10,0
clark2026,1,4,big,5.8115,7.6670,-1.8555,10,0
clark2026,1,5,round,6.4629,8.8883,-2.4254,10,0
clark2026,1,6,lollipop,15.1326,13.4719,1.6606,10,0
clark2026,1,7,with,3.6604,4.9505,-1.2900,10,0
clark2026,1,8,delight,8.3327,11.5823,-3.2496,10,0
clark2026,1,9,.,1.3404,2.3026,-0.9622,10,0
clark2026,1,10,<eos>,5.5550,2.3026,3.2524,10,0
clark2026,2,0,The,3.9742,2.9243,1.0498,11,0
clark2026,2,1,boy,9.7210,8.8183,0.9027,11,0
clark2026,2,2,kicked,8.1542,10.6375,-2.4833,11,0
clark2026,2,3,the,1.6247,2.9243,-1.2996,11,0
clark2026,2,4,big,5.8117,7.6670,-1.8553,11,0
clark2026,2,5,round,6.4631,8.8883,-2.4252,11,0
clark2026,2,6,breath,14.6473,10.3160,4.3313,11,0
clark2026,2,7,after,4.5872,6.6531,-2.0660,11,0
clark2026,2,8,the,1.6107,2.9243,-1.3137,11,0
clark2026,2,9,run,6.0750,8.0822,-2.0072,11,0
clark2026,2,10,.,2.2544,2.3026,-0.0482,11,0
clark2026,2,11,<eos>,6.0596,2.3026,3.7570,11,0
clark2026,3,0,The,3.9742,2.9243,1.0498,11,0
clark2026,3,1,boy,9.7210,8.8183,0.9027,11,0
clark2026,3,2,licked,12.1807,13.2167,-1.0359,11,0
clark2026,3,3,the,1.7458,2.9243,-1.1786,11,0
clark2026,3,4,big,6.7820,7.6670,-0.8850,11,0
clark2026,3,5,round,7.0142,8.8883,-1.8741,11,0
clark2026,3,6,ball,5.4433,9.1150,-3.6717,11,0
clark2026,3,7,into,4.7207,6.6531,-1.9324,11,0
clark2026,3,8,the,0.4251,2.9243,-2.4993,11,0
clark2026,3,9,net,5.2680,9.7637,-4.4957,11,0
clark2026,3,10,.,1.5893,2.3026,-0.7133,11,0
clark2026,3,11,<eos>,5.8216,2.3026,3.5190,11,0
clark2026,4,0,The,3.9734,2.9243,1.0490,10,0
clark2026,4,1,boy,9.7213,8.8183,0.9030,10,0
clark2026,4,2,licked,12.1812,13.2167,-1.0355,10,0
clark2026,4,3,the,1.7457,2.9243,-1.1786,10,0
clark2026,4,4,big,6.7821,7.6670,-0.8849,10,0
clark2026,4,5,round,7.0141,8.8883,-1.8741,10,0
clark2026,4,6,lollipop,13.7284,13.4719,0.2565,10,0
clark2026,4,7,with,4.1946,4.9505,-0.7559,10,0
clark2026,4,8,delight,7.9279,11.5823,-3.6544,10,0
clark2026,4,9,.,1.3135,2.3026,-0.9891,10,0
clark2026,4,10,<eos>,5.2795,2.3026,2.9769,10,0
clark2026,5,0,The,3.9742,2.9243,1.0498,11,0
clark2026,5,1,boy,9.7210,8.8183,0.9027,11,0
clark2026,5,2,licked,12.1807,13.2167,-1.0359,11,0
clark2026,5,3,the,1.7458,2.9243,-1.1786,11,0
clark2026,5,4,big,6.7820,7.6670,-0.8850,11,0
clark2026,5,5,round,7.0142,8.8883,-1.8741,11,0
clark2026,5,6,breath,12.4002,10.3160,2.0842,11,0
clark2026,5,7,after,4.5719,6.6531,-2.0812,11,0
clark2026,5,8,the,1.8631,2.9243,-1.0613,11,0
clark2026,5,9,run,6.4701,8.0822,-1.6121,11,0
clark2026,5,10,.,2.0610,2.3026,-0.2416,11,0
clark2026,5,11,<eos>,5.6874,2.3026,3.3848,11,0
clark2026,6,0,The,3.9742,2.9243,1.0498,11,0
clark2026,6,1,boy,9.7210,8.8183,0.9027,11,0
clark2026,6,2,read,8.3421,7.9662,0.3760,11,0
clark2026,6,3,the,1.2945,2.9243,-1.6299,11,0
clark2026,6,4,big,6.9696,7.6670,-0.6974,11,0
clark2026,6,5,round,7.6120,8.8883,-1.2762,11,0
clark2026,6,6,ball,6.9290,9.1150,-2.1860,11,0
clark2026,6,7,into,5.0703,6.6531,-1.5828,11,0
clark2026,6,8,the,0.5038,2.9243,-2.4205,11,0
clark2026,6,9,net,5.5597,9.7637,-4.2041,11,0
clark2026,6,10,.,1.8185,2.3026,-0.4841,11,0
clark2026,6,11,<eos>,5.9954,2.3026,3.6928,11,0
clark2026,7,0,The,3.9738,2.9243,1.0495,10,0
clark2026,7,1,boy,9.7210,8.8183,0.9027,10,0
clark2026,7,2,read,8.3420,7.9662,0.3758,10,0
clark2026,7,3,the,1.2947,2.9243,-1.6297,10,0
clark2026,7,4,big,6.9693,7.6670,-0.6977,10,0
clark2026,7,5,round,7.6119,8.8883,-1.2764,10,0
clark2026,7,6,lollipop,13.9752,13.4719,0.5033,10,0
clark2026,7,7,with,4.5468,4.9505,-0.4036,10,0
clark2026,7,8,delight,7.3810,11.5823,-4.2013,10,0
clark2026,7,9,.,1.4573,2.3026,-0.8453,10,0
clark2026,7,10,<eos>,5.1800,2.3026,2.8774,10,0
clark2026,8,0,The,3.9734,2.9243,1.0490,11,0
clark2026,8,1,boy,9.7213,8.8183,0.9030,11,0
clark2026,8,2,kjcked,27.1400,18.4207,8.7193,11,0
clark2026,8,3,the,3.0285,2.9243,0.1041,11,0
clark2026,8,4,big,6.3030,7.6670,-1.3641,11,0
clark2026,8,5,round,6.0770,8.8883,-2.8113,11,0
clark2026,8,6,ball,5.7258,9.1150,-3.3892,11,0
clark2026,8,7,into,3.6297,6.6531,-3.0234,11,0
clark2026,8,8,the,0.5923,2.9243,-2.3321,11,0
clark2026,8,9,net,5.0935,9.7637,-4.6702,11,0
clark2026,8,10,.,1.8923,2.3026,-0.4103,11,0
clark2026,8,11,<eos>,5.7745,2.3026,3.4720,11,0
clark2026,9,0,The,3.9745,2.9243,1.0501,10,0
clark2026,9,1,boy,9.7213,8.8183,0.9030,10,0
clark2026,9,2,ljcked,27.1145,18.4207,8.6938,10,0
clark2026,9,3,the,3.0717,2.9243,0.1473,10,0
clark2026,9,4,big,6.3950,7.6670,-1.2720,10,0
clark2026,9,5,round,6.1306,8.8883,-2.7576,10,0
clark2026,9,6,lollipop,18.0732,13.4719,4.6013,10,0
clark2026,9,7,with,3.6428,4.9505,-1.3077,10,0
clark2026,9,8,delight,9.1312,11.5823,-2.4510,10,0
clark2026,9,9,.,1.5339,2.3026,-0.7687,10,0
clark2026,9,10,<eos>,5.0284,2.3026,2.7258,10,0
clark2026,10,0,His,10.3385,5.7322,4.6064,9,0
clark2026,10,1,band,8.8271,9.3943,-0.5672,9,0
clark2026,10,2,was,3.2007,5.0192,-1.8185,9,0
clark2026,10,3,apparently,6.5459,9.6708,-3.1249,9,0
clark2026,10,4,no,5.3878,6.1013,-0.7135,9,0
clark2026,10,5,longer,1.9936,8.8388,-6.8452,9,0
clark2026,10,6,performing,6.4982,10.2237,-3.7255,9,0
clark2026,10,7,live,7.5803,7.9662,-0.3858,9,0
clark2026,10,8,.,2.7612,2.3026,0.4587,9,0
clark2026,10,9,<eos>,5.2391,2.3026,2.9365,9,0
clark2026,11,0,His,10.3385,5.7322,4.6064,9,0
clark2026,11,1,band,8.8271,9.3943,-0.5672,9,0
clark2026,11,2,was,3.2007,5.0192,-1.8185,9,0
clark2026,11,3,apparently,6.5459,9.6708,-3.1249,9,0
clark2026,11,4,no,5.3878,6.1013,-0.7135,9,0
clark2026,11,5,longer,1.9936,8.8388,-6.8452,9,0
clark2026,11,6,bandaged,16.8432,14.4830,2.3602,9,0
clark2026,11,7,tightly,10.1187,12.0663,-1.9476,9,0
clark2026,11,8,.,1.9536,2.3026,-0.3490,9,0
clark2026,11,9,<eos>,5.6649,2.3026,3.3623,9,0
clark2026,12,0,His,10.3385,5.7322,4.6064,9,0
clark2026,12,1,band,8.8271,9.3943,-0.5672,9,0
clark2026,12,2,was,3.2007,5.0192,-1.8185,9,0
clark2026,12,3,apparently,6.5459,9.6708,-3.1249,9,0
clark2026,12,4,no,5.3878,6.1013,-0.7135,9,0
clark2026,12,5,longer,1.9936,8.8388,-6.8452,9,0
clark2026,12,6,excavated,12.8660,13.2389,-0.3729,9,0
clark2026,12,7,carefully,10.7800,10.4551,0.3249,9,0
clark2026,12,8,.,1.9580,2.3026,-0.3446,9,0
clark2026,12,9,<eos>,5.8791,2.3026,3.5765,9,0
clark2026,13,0,His,10.3385,5.7322,4.6064,9,0
clark2026,13,1,hand,5.5686,8.2664,-2.6979,9,0
clark2026,13,2,was,2.5054,5.0192,-2.5138,9,0
clark2026,13,3,apparently,7.7699,9.6708,-1.9009,9,0
clark2026,13,4,no,5.8478,6.1013,-0.2535,9,0
clark2026,13,5,longer,1.0857,8.8388,-7.7531,9,0
clark2026,13,6,performing,8.1796,10.2237,-2.0441,9,0
clark2026,13,7,live,9.1814,7.9662,1.2152,9,0
clark2026,13,8,.,1.8180,2.3026,-0.4846,9,0
clark2026,13,9,<eos>,5.3100,2.3026,3.0074,9,0
clark2026,14,0,His,10.3385,5.7322,4.6064,9,0
clark2026,14,1,hand,5.5686,8.2664,-2.6979,9,0
clark2026,14,2,was,2.5054,5.0192,-2.5138,9,0
clark2026,14,3,apparently,7.7699,9.6708,-1.9009,9,0
clark2026,14,4,no,5.8478,6.1013,-0.2535,9,0
clark2026,14,5,longer,1.0857,8.8388,-7.7531,9,0
clark2026,14,6,bandaged,17.2431,14.4830,2.7601,9,0
clark2026,14,7,tightly,8.8472,12.0663,-3.2191,9,0
clark2026,14,8,.,1.6515,2.3026,-0.6511,9,0
clark2026,14,9,<eos>,5.8069,2.3026,3.5044,9,0
clark2026,15,0,His,10.3385,5.7322,4.6064,9,0
clark2026,15,1,hand,5.5686,8.2664,-2.6979,9,0
clark2026,15,2,was,2.5054,5.0192,-2.5138,9,0
clark2026,15,3,apparently,7.7699,9.6708,-1.9009,9,0
clark2026,15,4,no,5.8478,6.1013,-0.2535,9,0
clark2026,15,5,longer,1.0857,8.8388,-7.7531,9,0
clark2026,15,6,excavated,11.7397,13.2389,-1.4992,9,0
clark2026,15,7,carefully,10.2105,10.4551,-0.2447,9,0
clark2026,15,8,.,1.6478,2.3026,-0.6548,9,0
clark2026,15,9,<eos>,5.9621,2.3026,3.6595,9,0
clark2026,16,0,His,10.3385,5.7322,4.6064,9,0
clark2026,16,1,house,6.9447,7.5752,-0.6306,9,0
clark2026,16,2,was,2.5033,5.0192,-2.5159,9,0
clark2026,16,3,apparently,7.4767,9.6708,-2.1940,9,0
clark2026,16,4,no,5.8450,6.1013,-0.2562,9,0
clark2026,16,5,longer,1.7511,8.8388,-7.0877,9,0
clark2026,16,6,performing,9.1105,10.2237,-1.1132,9,0
clark2026,16,7,live,7.9760,7.9662,0.0098,9,0
clark2026,16,8,.,2.0312,2.3026,-0.2714,9,0
clark2026,16,9,<eos>,5.5962,2.3026,3.2936,9,0
clark2026,17,0,His,10.3385,5.7322,4.6064,9,0
clark2026,17,1,house,6.9447,7.5752,-0.6306,9,0
clark2026,17,2,was,2.5033,5.0192,-2.5159,9,0
clark2026,17,3,apparently,7.4767,9.6708,-2.1940,9,0
clark2026,17,4,no,5.8450,6.1013,-0.2562,9,0
clark2026,17,5,longer,1.7511,8.8388,-7.0877,9,0
clark2026,17,6,bandaged,19.8196,14.4830,5.3366,9,0
clark2026,17,7,tightly,9.3614,12.0663,-2.7049,9,0
clark2026,17,8,.,1.7098,2.3026,-0.5928,9,0
clark2026,17,9,<eos>,5.8436,2.3026,3.5410,9,0
clark2026,18,0,His,10.3385,5.7322,4.6064,9,0
clark2026,18,1,bnd,16.5128,15.5642,0.9486,9,0
clark2026,18,2,was,3.9257,5.0192,-1.0935,9,0
clark2026,18,3,apparently,6.4413,9.6708,-3.2295,9,0
clark2026,18,4,no,5.2227,6.1013,-0.8786,9,0
clark2026,18,5,longer,1.7721,8.8388,-7.0667,9,0
clark2026,18,6,performing,7.9934,10.2237,-2.2303,9,0
clark2026,18,7,live,8.5434,7.9662,0.5772,9,0
clark2026,18,8,.,1.9765,2.3026,-0.3261,9,0
clark2026,18,9,<eos>,5.1092,2.3026,2.8066,9,0
clark2026,19,0,His,10.3385,5.7322,4.6064,9,0
clark2026,19,1,hnd,15.2878,15.6113,-0.3234,9,0
clark2026,19,2,was,4.4135,5.0192,-0.6057,9,0
clark2026,19,3,apparently,6.5307,9.6708,-3.1401,9,0
clark2026,19,4,no,5.0311,6.1013,-1.0702,9,0
clark2026,19,5,longer,1.6794,8.8388,-7.1594,9,0
clark2026,19,6,bandaged,20.4595,14.4830,5.9765,9,0
clark2026,19,7,tightly,9.8700,12.0663,-2.1963,9,0
clark2026,19,8,.,1.7349,2.3026,-0.5677,9,0
clark2026,19,9,<eos>,5.5916,2.3026,3.2890,9,0
clark2026,20,0,In,4.6851,3.9846,0.7005,13,0
clark2026,20,1,the,1.9822,2.9243,-0.9421,13,0
clark2026,20,2,base,9.3134,9.0970,0.2164,13,0
clark2026,20,3,were,14.8088,6.1239,8.6849,13,0
clark2026,20,4,a,4.0451,3.7766,0.2685,13,0
clark2026,20,5,wide,6.8264,9.3025,-2.4760,13,0
clark2026,20,6,range,1.7332,8.9327,-7.1995,13,0
clark2026,20,7,of,0.0849,3.6849,-3.6000,13,0
clark2026,20,8,soldiers,11.3324,9.9015,1.4310,13,0
clark2026,20,9,from,3.2878,5.4561,-2.1684,13,0
clark2026,20,10,all,4.1022,5.7108,-1.6086,13,0
clark2026,20,11,over,0.4871,6.7254,-6.2383,13,0
clark2026,20,12,.,6.1861,2.3026,3.8835,13,0
clark2026,20,13,<eos>,7.0122,2.3026,4.7096,13,0
clark2026,21,0,In,4.6851,3.9846,0.7005,13,0
clark2026,21,1,the,1.9822,2.9243,-0.9421,13,0
clark2026,21,2,base,9.3134,9.0970,0.2164,13,0
clark2026,21,3,were,14.8088,6.1239,8.6849,13,0
clark2026,21,4,a,4.0451,3.7766,0.2685,13,0
clark2026,21,5,wide,6.8264,9.3025,-2.4760,13,0
clark2026,21,6,range,1.7332,8.9327,-7.1995,13,0
clark2026,21,7,of,0.0849,3.6849,-3.6000,13,0
clark2026,21,8,flowers,11.2939,10.0382,1.2557,13,0
clark2026,21,9,from,3.3111,5.4561,-2.1450,13,0
clark2026,21,10,my,6.2607,5.5940,0.6667,13,0
clark2026,21,11,mom,4.3256,8.9327,-4.6071,13,0
clark2026,21,12,.,3.2322,2.3026,0.9296,13,0
clark2026,21,13,<eos>,5.8375,2.3026,3.5349,13,0
clark2026,22,0,In,4.6855,3.9846,0.7010,13,0
clark2026,22,1,the,1.9822,2.9243,-0.9421,13,0
clark2026,22,2,base,9.3135,9.0970,0.2165,13,0
clark2026,22,3,were,14.8089,6.1239,8.6851,13,0
clark2026,22,4,a,4.0459,3.7766,0.2693,13,0
clark2026,22,5,wide,6.8263,9.3025,-2.4761,13,0
clark2026,22,6,range,1.7336,8.9327,-7.1991,13,0
clark2026,22,7,of,0.0849,3.6849,-3.6000,13,0
clark2026,22,8,homophones,15.7681,15.9358,-0.1677,13,0
clark2026,22,9,in,3.0369,3.9846,-0.9477,13,0
clark2026,22,10,this,5.0889,5.0192,0.0697,13,0
clark2026,22,11,language,6.9667,8.9792,-2.0125,13,0
clark2026,22,12,.,0.8635,2.3026,-1.4391,13,0
clark2026,22,13,<eos>,5.9823,2.3026,3.6797,13,0
clark2026,23,0,In,4.6846,3.9846,0.7000,13,0
clark2026,23,1,the,1.9824,2.9243,-0.9419,13,0
clark2026,23,2,vase,14.9206,12.5714,2.3492,13,0
clark2026,23,3,were,8.1883,6.1239,2.0645,13,0
clark2026,23,4,a,3.0875,3.7766,-0.6892,13,0
clark2026,23,5,wide,6.6311,9.3025,-2.6714,13,0
clark2026,23,6,range,1.2922,8.9327,-7.6405,13,0
clark2026,23,7,of,0.0758,3.6849,-3.6091,13,0
clark2026,23,8,soldiers,9.8625,9.9015,-0.0390,13,0
clark2026,23,9,from,3.4149,5.4561,-2.0413,13,0
clark2026,23,10,all,3.5652,5.7108,-2.1456,13,0
clark2026,23,11,over,0.3919,6.7254,-6.3336,13,0
clark2026,23,12,.,6.3306,2.3026,4.0280,13,0
clark2026,23,13,<eos>,7.1423,2.3026,4.8397,13,0
clark2026,24,0,In,4.6846,3.9846,0.7000,13,0
clark2026,24,1,the,1.9824,2.9243,-0.9419,13,0
clark2026,24,2,vase,14.9206,12.5714,2.3492,13,0
clark2026,24,3,were,8.1883,6.1239,2.0645,13,0
clark2026,24,4,a,3.0875,3.7766,-0.6892,13,0
clark2026,24,5,wide,6.6311,9.3025,-2.6714,13,0
clark2026,24,6,range,1.2922,8.9327,-7.6405,13,0
clark2026,24,7,of,0.0758,3.6849,-3.6091,13,0
clark2026,24,8,flowers,9.0144,10.0382,-1.0238,13,0
clark2026,24,9,from,3.2366,5.4561,-2.2196,13,0
clark2026,24,10,my,6.4839,5.5940,0.8899,13,0
clark2026,24,11,mom,4.7232,8.9327,-4.2095,13,0
clark2026,24,12,.,3.8326,2.3026,1.5300,13,0
clark2026,24,13,<eos>,6.5761,2.3026,4.2735,13,0
clark2026,25,0,In,4.6855,3.9846,0.7010,13,0
clark2026,25,1,the,1.9822,2.9243,-0.9421,13,0
clark2026,25,2,vase,14.9204,12.5714,2.3491,13,0
clark2026,25,3,were,8.1896,6.1239,2.0657,13,0
clark2026,25,4,a,3.0877,3.7766,-0.6889,13,0
clark2026,25,5,wide,6.6305,9.3025,-2.6719,13,0
clark2026,25,6,range,1.2922,8.9327,-7.6405,13,0
clark2026,25,7,of,0.0757,3.6849,-3.6092,13,0
clark2026,25,8,homophones,15.9148,15.9358,-0.0210,13,0
clark2026,25,9,in,2.5648,3.9846,-1.4198,13,0
clark2026,25,10,this,5.0633,5.0192,0.0441,13,0
clark2026,25,11,language,7.1474,8.9792,-1.8318,13,0
clark2026,25,12,.,1.2321,2.3026,-1.0705,13,0
clark2026,25,13,<eos>,6.2703,2.3026,3.9678,13,0
clark2026,26,0,In,4.6855,3.9846,0.7010,13,0
clark2026,26,1,the,1.9822,2.9243,-0.9421,13,0
clark2026,26,2,pebble,16.5900,13.0316,3.5584,13,0
clark2026,26,3,were,8.7263,6.1239,2.6024,13,0
clark2026,26,4,a,2.9116,3.7766,-0.8650,13,0
clark2026,26,5,wide,6.5059,9.3025,-2.7965,13,0
clark2026,26,6,range,1.8783,8.9327,-7.0544,13,0
clark2026,26,7,of,0.0948,3.6849,-3.5901,13,0
clark2026,26,8,soldiers,9.8120,9.9015,-0.0895,13,0
clark2026,26,9,from,3.4286,5.4561,-2.0275,13,0
clark2026,26,10,all,3.5230,5.7108,-2.1878,13,0
clark2026,26,11,over,0.3581,6.7254,-6.3674,13,0
clark2026,26,12,.,5.9323,2.3026,3.6298,13,0
clark2026,26,13,<eos>,7.1616,2.3026,4.8590,13,0
clark2026,27,0,In,4.6855,3.9846,0.7010,13,0
clark2026,27,1,the,1.9822,2.9243,-0.9421,13,0
clark2026,27,2,pebble,16.5900,13.0316,3.5584,13,0
clark2026,27,3,were,8.7263,6.1239,2.6024,13,0
clark2026,27,4,a,2.9116,3.7766,-0.8650,13,0
clark2026,27,5,wide,6.5059,9.3025,-2.7965,13,0
clark2026,27,6,range,1.8783,8.9327,-7.0544,13,0
clark2026,27,7,of,0.0948,3.6849,-3.5901,13,0
clark2026,27,8,flowers,7.2776,10.0382,-2.7606,13,0
clark2026,27,9,from,3.3435,5.4561,-2.1126,13,0
clark2026,27,10,my,6.3189,5.5940,0.7249,13,0
clark2026,27,11,mom,4.8490,8.9327,-4.0837,13,0
clark2026,27,12,.,3.8533,2.3026,1.5507,13,0
clark2026,27,13,<eos>,6.4705,2.3026,4.1679,13,0
clark2026,28,0,In,4.6846,3.9846,0.7000,13,0
clark2026,28,1,the,1.9824,2.9243,-0.9419,13,0
clark2026,28,2,basse,18.9515,15.7960,3.1555,13,0
clark2026,28,3,were,8.0067,6.1239,1.8829,13,0
clark2026,28,4,a,3.3759,3.7766,-0.4007,13,0
clark2026,28,5,wide,5.7113,9.3025,-3.5912,13,0
clark2026,28,6,range,1.2563,8.9327,-7.6764,13,0
clark2026,28,7,of,0.0888,3.6849,-3.5961,13,0
clark2026,28,8,soldiers,10.5732,9.9015,0.6717,13,0
clark2026,28,9,from,3.5168,5.4561,-1.9393,13,0
clark2026,28,10,all,3.4774,5.7108,-2.2334,13,0
clark2026,28,11,over,0.3233,6.7254,-6.4021,13,0
clark2026,28,12,.,6.0642,2.3026,3.7616,13,0
clark2026,28,13,<eos>,7.1496,2.3026,4.8470,13,0
clark2026,29,0,In,4.6846,3.9846,0.7000,13,0
clark2026,29,1,the,1.9824,2.9243,-0.9419,13,0
clark2026,29,2,vasse,24.6557,17.1314,7.5243,13,0
clark2026,29,3,were,8.2014,6.1239,2.0776,13,0
clark2026,29,4,a,3.3259,3.7766,-0.4507,13,0
clark2026,29,5,wide,6.5954,9.3025,-2.7071,13,0
clark2026,29,6,range,1.3582,8.9327,-7.5745,13,0
clark2026,29,7,of,0.0842,3.6849,-3.6006,13,0
clark2026,29,8,flowers,10.1876,10.0382,0.1495,13,0
clark2026,29,9,from,3.6878,5.4561,-1.7683,13,0
clark2026,29,10,my,6.0209,5.5940,0.4269,13,0
clark2026,29,11,mom,5.4234,8.9327,-3.5093,13,0
clark2026,29,12,.,3.5635,2.3026,1.2609,13,0
clark2026,29,13,<eos>,6.4425,2.3026,4.1400,13,0
clark2026,30,0,She,7.2426,6.3089,0.9336,16,0
clark2026,30,1,got,4.8959,7.1148,-2.2189,16,0
clark2026,30,2,a,1.6380,3.7766,-2.1386,16,0
clark2026,30,3,lovely,6.7712,9.8082,-3.0370,16,0
clark2026,30,4,fan,9.0151,9.3943,-0.3792,16,0
clark2026,30,5,while,7.7623,7.2307,0.5316,16,0
clark2026,30,6,spending,7.5150,9.8778,-2.3628,16,0
clark2026,30,7,some,3.2415,6.4503,-3.2088,16,0
clark2026,30,8,time,0.4475,6.2399,-5.7924,16,0
clark2026,30,9,in,2.6169,3.9846,-1.3677,16,0
clark2026,30,10,the,1.2094,2.9243,-1.7149,16,0
clark2026,30,11,gift,8.9226,9.7162,-0.7936,16,0
clark2026,30,12,shop,0.2959,9.4861,-9.1902,16,0
clark2026,30,13,this,5.5579,5.0192,0.5387,16,0
clark2026,30,14,morning,1.5215,8.4495,-6.9281,16,0
clark2026,30,15,.,0.7072,2.3026,-1.5954,16,0
clark2026,30,16,<eos>,5.1090,2.3026,2.8065,16,0
clark2026,31,0,She,7.2426,6.3089,0.9336,16,0
clark2026,31,1,got,4.8959,7.1148,-2.2189,16,0
clark2026,31,2,a,1.6380,3.7766,-2.1386,16,0
clark2026,31,3,lovely,6.7712,9.8082,-3.0370,16,0
clark2026,31,4,fan,9.0151,9.3943,-0.3792,16,0
clark2026,31,5,while,7.7623,7.2307,0.5316,16,0
clark2026,31,6,spending,7.5150,9.8778,-2.3628,16,0
clark2026,31,7,some,3.2415,6.4503,-3.2088,16,0
clark2026,31,8,time,0.4475,6.2399,-5.7924,16,0
clark2026,31,9,in,2.6169,3.9846,-1.3677,16,0
clark2026,31,10,the,1.2094,2.9243,-1.7149,16,0
clark2026,31,11,sun,7.0919,9.2797,-2.1878,16,0
clark2026,31,12,over,5.1394,6.7254,-1.5860,16,0
clark2026,31,13,the,0.7260,2.9243,-2.1984,16,0
clark2026,31,14,holidays,4.6738,11.0061,-6.3323,16,0
clark2026,31,15,.,0.7231,2.3026,-1.5795,16,0
clark2026,31,16,<eos>,5.1616,2.3026,2.8590,16,0
clark2026,32,0,She,7.2426,6.3089,0.9336,17,0
clark2026,32,1,got,4.8959,7.1148,-2.2189,17,0
clark2026,32,2,a,1.6380,3.7766,-2.1386,17,0
clark2026,32,3,lovely,6.7712,9.8082,-3.0370,17,0
clark2026,32,4,fan,9.0151,9.3943,-0.3792,17,0
clark2026,32,5,while,7.7623,7.2307,0.5316,17,0
clark2026,32,6,spending,7.5150,9.8778,-2.3628,17,0
clark2026,32,7,some,3.2415,6.4503,-3.2088,17,0
clark2026,32,8,time,0.4475,6.2399,-5.7924,17,0
clark2026,32,9,in,2.6169,3.9846,-1.3677,17,0
clark2026,32,10,the,1.2094,2.9243,-1.7149,17,0
clark2026,32,11,smoothie,14.3963,13.2389,1.1574,17,0
clark2026,32,12,at,4.5580,5.2963,-0.7383,17,0
clark2026,32,13,the,0.9619,2.9243,-1.9624,17,0
clark2026,32,14,juice,11.4712,10.6844,0.7868,17,0
clark2026,32,15,bar,2.0646,9.3485,-7.2838,17,0
clark2026,32,16,.,0.9736,2.3026,-1.3289,17,0
clark2026,32,17,<eos>,4.9683,2.3026,2.6657,17,0
clark2026,33,0,She,7.2426,6.3089,0.9336,16,0
clark2026,33,1,got,4.8959,7.1148,-2.2189,16,0
clark2026,33,2,a,1.6380,3.7766,-2.1386,16,0
clark2026,33,3,lovely,6.7712,9.8082,-3.0370,16,0
clark2026,33,4,tan,9.7151,11.4931,-1.7780,16,0
clark2026,33,5,while,6.0375,7.2307,-1.1933,16,0
clark2026,33,6,spending,7.1930,9.8778,-2.6849,16,0
clark2026,33,7,some,3.1067,6.4503,-3.3437,16,0
clark2026,33,8,time,0.4542,6.2399,-5.7858,16,0
clark2026,33,9,in,2.7224,3.9846,-1.2622,16,0
clark2026,33,10,the,1.2694,2.9243,-1.6550,16,0
clark2026,33,11,gift,8.8300,9.7162,-0.8862,16,0
clark2026,33,12,shop,0.3269,9.4861,-9.1592,16,0
clark2026,33,13,this,5.6705,5.0192,0.6514,16,0
clark2026,33,14,morning,1.5243,8.4495,-6.9252,16,0
clark2026,33,15,.,0.6837,2.3026,-1.6189,16,0
clark2026,33,16,<eos>,5.0099,2.3026,2.7074,16,0
clark2026,34,0,She,7.2426,6.3089,0.9336,16,0
clark2026,34,1,got,4.8959,7.1148,-2.2189,16,0
clark2026,34,2,a,1.6380,3.7766,-2.1386,16,0
clark2026,34,3,lovely,6.7712,9.8082,-3.0370,16,0
clark2026,34,4,tan,9.7151,11.4931,-1.7780,16,0
clark2026,34,5,while,6.0375,7.2307,-1.1933,16,0
clark2026,34,6,spending,7.1930,9.8778,-2.6849,16,0
clark2026,34,7,some,3.1067,6.4503,-3.3437,16,0
clark2026,34,8,time,0.4542,6.2399,-5.7858,16,0
clark2026,34,9,in,2.7224,3.9846,-1.2622,16,0
clark2026,34,10,the,1.2694,2.9243,-1.6550,16,0
clark2026,34,11,sun,6.5806,9.2797,-2.6991,16,0
clark2026,34,12,over,5.3421,6.7254,-1.3833,16,0
clark2026,34,13,the,0.8046,2.9243,-2.1198,16,0
clark2026,34,14,holidays,4.6248,11.0061,-6.3813,16,0
clark2026,34,15,.,0.6825,2.3026,-1.6201,16,0
clark2026,34,16,<eos>,4.9536,2.3026,2.6510,16,0
clark2026,35,0,She,7.2426,6.3089,0.9336,17,0
clark2026,35,1,got,4.8959,7.1148,-2.2189,17,0
clark2026,35,2,a,1.6380,3.7766,-2.1386,17,0
clark2026,35,3,lovely,6.7712,9.8082,-3.0370,17,0
clark2026,35,4,tan,9.7151,11.4931,-1.7780,17,0
clark2026,35,5,while,6.0375,7.2307,-1.1933,17,0
clark2026,35,6,spending,7.1930,9.8778,-2.6849,17,0
clark2026,35,7,some,3.1067,6.4503,-3.3437,17,0
clark2026,35,8,time,0.4542,6.2399,-5.7858,17,0
clark2026,35,9,in,2.7224,3.9846,-1.2622,17,0
clark2026,35,10,the,1.2694,2.9243,-1.6550,17,0
clark2026,35,11,smoothie,14.0696,13.2389,0.8307,17,0
clark2026,35,12,at,4.4602,5.2963,-0.8362,17,0
clark2026,35,13,the,0.9239,2.9243,-2.0004,17,0
clark2026,35,14,juice,11.5306,10.6844,0.8462,17,0
clark2026,35,15,bar,2.0217,9.3485,-7.3268,17,0
clark2026,35,16,.,0.8694,2.3026,-1.4332,17,0
clark2026,35,17,<eos>,4.8186,2.3026,2.5160,17,0
clark2026,36,0,She,7.2426,6.3089,0.9336,16,0
clark2026,36,1,got,4.8959,7.1148,-2.2189,16,0
clark2026,36,2,a,1.6380,3.7766,-2.1386,16,0
clark2026,36,3,lovely,6.7712,9.8082,-3.0370,16,0
clark2026,36,4,voice,6.4423,9.0533,-2.6110,16,0
clark2026,36,5,while,6.0931,7.2307,-1.1377,16,0
clark2026,36,6,spending,7.6957,9.8778,-2.1821,16,0
clark2026,36,7,some,3.5898,6.4503,-2.8605,16,0
clark2026,36,8,time,0.4058,6.2399,-5.8341,16,0
clark2026,36,9,in,2.6700,3.9846,-1.3145,16,0
clark2026,36,10,the,1.2584,2.9243,-1.6659,16,0
clark2026,36,11,gift,9.0814,9.7162,-0.6348,16,0
clark2026,36,12,shop,0.5012,9.4861,-8.9849,16,0
clark2026,36,13,this,5.8348,5.0192,0.8156,16,0
clark2026,36,14,morning,1.4119,8.4495,-7.0376,16,0
clark2026,36,15,.,0.6569,2.3026,-1.6457,16,0
clark2026,36,16,<eos>,5.1918,2.3026,2.8892,16,0
clark2026,37,0,She,7.2426,6.3089,0.9336,16,0
clark2026,37,1,got,4.8959,7.1148,-2.2189,16,0
clark2026,37,2,a,1.6380,3.7766,-2.1386,16,0
clark2026,37,3,lovely,6.7712,9.8082,-3.0370,16,0
clark2026,37,4,voice,6.4423,9.0533,-2.6110,16,0
clark2026,37,5,while,6.0931,7.2307,-1.1377,16,0
clark2026,37,6,spending,7.6957,9.8778,-2.1821,16,0
clark2026,37,7,some,3.5898,6.4503,-2.8605,16,0
clark2026,37,8,time,0.4058,6.2399,-5.8341,16,0
clark2026,37,9,in,2.6700,3.9846,-1.3145,16,0
clark2026,37,10,the,1.2584,2.9243,-1.6659,16,0
clark2026,37,11,sun,7.0949,9.2797,-2.1848,16,0
clark2026,37,12,over,5.2432,6.7254,-1.4823,16,0
clark2026,37,13,the,0.8064,2.9243,-2.1179,16,0
clark2026,37,14,holidays,4.6929,11.0061,-6.3132,16,0
clark2026,37,15,.,0.6574,2.3026,-1.6451,16,0
clark2026,37,16,<eos>,5.2569,2.3026,2.9543,16,0
clark2026,38,0,She,7.2426,6.3089,0.9336,16,0
clark2026,38,1,got,4.8959,7.1148,-2.2189,16,0
clark2026,38,2,a,1.6380,3.7766,-2.1386,16,0
clark2026,38,3,lovely,6.7712,9.8082,-3.0370,16,0
clark2026,38,4,faan,19.4242,16.6943,2.7299,16,0
clark2026,38,5,while,7.6640,7.2307,0.4333,16,0
clark2026,38,6,spending,7.3304,9.8778,-2.5474,16,0
clark2026,38,7,some,3.1492,6.4503,-3.3011,16,0
clark2026,38,8,time,0.5511,6.2399,-5.6888,16,0
clark2026,38,9,in,2.3949,3.9846,-1.5897,16,0
clark2026,38,10,the,1.2678,2.9243,-1.6566,16,0
clark2026,38,11,gift,9.2794,9.7162,-0.4368,16,0
clark2026,38,12,shop,0.3222,9.4861,-9.1639,16,0
clark2026,38,13,this,5.8884,5.0192,0.8692,16,0
clark2026,38,14,morning,1.3148,8.4495,-7.1348,16,0
clark2026,38,15,.,0.6693,2.3026,-1.6333,16,0
clark2026,38,16,<eos>,5.2440,2.3026,2.9414,16,0
clark2026,39,0,She,7.2426,6.3089,0.9336,16,0
clark2026,39,1,got,4.8959,7.1148,-2.2189,16,0
clark2026,39,2,a,1.6380,3.7766,-2.1386,16,0
clark2026,39,3,lovely,6.7712,9.8082,-3.0370,16,0
clark2026,39,4,taan,18.0271,17.1314,0.8957,16,0
clark2026,39,5,while,9.0123,7.2307,1.7816,16,0
clark2026,39,6,spending,7.8896,9.8778,-1.9883,16,0
clark2026,39,7,some,3.0442,6.4503,-3.4061,16,0
clark2026,39,8,time,0.5329,6.2399,-5.7070,16,0
clark2026,39,9,in,2.5414,3.9846,-1.4432,16,0
clark2026,39,10,the,1.2542,2.9243,-1.6701,16,0
clark2026,39,11,sun,6.7698,9.2797,-2.5099,16,0
clark2026,39,12,over,5.2549,6.7254,-1.4705,16,0
clark2026,39,13,the,0.9250,2.9243,-1.9993,16,0
clark2026,39,14,holidays,5.1163,11.0061,-5.8898,16,0
clark2026,39,15,.,0.6919,2.3026,-1.6107,16,0
clark2026,39,16,<eos>,4.9014,2.3026,2.5989,16,0
clark2026,40,0,The,3.9742,2.9243,1.0498,11,0
clark2026,40,1,car,8.8007,8.1736,0.6271,11,0
clark2026,40,2,that,4.4207,4.5854,-0.1647,11,0
clark2026,40,3,was,2.3881,5.0192,-2.6310,11,0
clark2026,40,4,provided,8.0724,9.1616,-1.0891,11,0
clark2026,40,5,by,1.7662,5.3882,-3.6220,11,0
clark2026,40,6,the,1.1591,2.9243,-1.7652,11,0
clark2026,40,7,dealer,6.0287,11.0747,-5.0460,11,0
clark2026,40,8,was,2.2695,5.0192,-2.7497,11,0
clark2026,40,9,excellent,7.8074,9.8321,-2.0247,11,0
clark2026,40,10,.,1.3029,2.3026,-0.9997,11,0
clark2026,40,11,<eos>,5.1970,2.3026,2.8944,11,0
clark2026,41,0,The,3.9742,2.9243,1.0498,11,0
clark2026,41,1,car,8.8007,8.1736,0.6271,11,0
clark2026,41,2,that,4.4207,4.5854,-0.1647,11,0
clark2026,41,3,was,2.3881,5.0192,-2.6310,11,0
clark2026,41,4,provided,8.0724,9.1616,-1.0891,11,0
clark2026,41,5,by,1.7662,5.3882,-3.6220,11,0
clark2026,41,6,the,1.1591,2.9243,-1.7652,11,0
clark2026,41,7,doctor,8.5449,9.4410,-0.8961,11,0
clark2026,41,8,was,2.4168,5.0192,-2.6023,11,0
clark2026,41,9,excellent,7.6862,9.8321,-2.1459,11,0
clark2026,41,10,.,1.3263,2.3026,-0.9763,11,0
clark2026,41,11,<eos>,5.5650,2.3026,3.2624,11,0
clark2026,42,0,The,3.9738,2.9243,1.0495,11,0
clark2026,42,1,car,8.8005,8.1736,0.6269,11,0
clark2026,42,2,that,4.4209,4.5854,-0.1645,11,0
clark2026,42,3,was,2.3882,5.0192,-2.6310,11,0
clark2026,42,4,provided,8.0720,9.1616,-1.0895,11,0
clark2026,42,5,by,1.7658,5.3882,-3.6224,11,0
clark2026,42,6,the,1.1592,2.9243,-1.7651,11,0
clark2026,42,7,beehive,14.5499,14.0691,0.4808,11,0
clark2026,42,8,was,4.0474,5.0192,-0.9718,11,0
clark2026,42,9,large,8.9413,8.3143,0.6271,11,0
clark2026,42,10,.,2.7828,2.3026,0.4802,11,0
clark2026,42,11,<eos>,6.0995,2.3026,3.7970,11,0
clark2026,43,0,The,3.9742,2.9243,1.0498,11,0
clark2026,43,1,care,10.3539,7.9211,2.4328,11,0
clark2026,43,2,that,3.6497,4.5854,-0.9357,11,0
clark2026,43,3,was,4.3681,5.0192,-0.6510,11,0
clark2026,43,4,provided,3.2146,9.1616,-5.9470,11,0
clark2026,43,5,by,0.8386,5.3882,-4.5497,11,0
clark2026,43,6,the,0.9638,2.9243,-1.9605,11,0
clark2026,43,7,dealer,11.1643,11.0747,0.0896,11,0
clark2026,43,8,was,1.9044,5.0192,-3.1148,11,0
clark2026,43,9,excellent,6.6295,9.8321,-3.2026,11,0
clark2026,43,10,.,1.0455,2.3026,-1.2570,11,0
clark2026,43,11,<eos>,5.1499,2.3026,2.8473,11,0
clark2026,44,0,The,3.9742,2.9243,1.0498,11,0
clark2026,44,1,care,10.3539,7.9211,2.4328,11,0
clark2026,44,2,that,3.6497,4.5854,-0.9357,11,0
clark2026,44,3,was,4.3681,5.0192,-0.6510,11,0
clark2026,44,4,provided,3.2146,9.1616,-5.9470,11,0
clark2026,44,5,by,0.8386,5.3882,-4.5497,11,0
clark2026,44,6,the,0.9638,2.9243,-1.9605,11,0
clark2026,44,7,doctor,5.4103,9.4410,-4.0307,11,0
clark2026,44,8,was,2.0321,5.0192,-2.9871,11,0
clark2026,44,9,excellent,6.6490,9.8321,-3.1831,11,0
clark2026,44,10,.,1.0915,2.3026,-1.2111,11,0
clark2026,44,11,<eos>,5.5789,2.3026,3.2763,11,0
clark2026,45,0,The,3.9738,2.9243,1.0495,11,0
clark2026,45,1,care,10.3540,7.9211,2.4329,11,0
clark2026,45,2,that,3.6498,4.5854,-0.9356,11,0
clark2026,45,3,was,4.3682,5.0192,-0.6510,11,0
clark2026,45,4,provided,3.2155,9.1616,-5.9461,11,0
clark2026,45,5,by,0.8388,5.3882,-4.5494,11,0
clark2026,45,6,the,0.9638,2.9243,-1.9606,11,0
clark2026,45,7,beehive,16.0080,14.0691,1.9389,11,0
clark2026,45,8,was,3.1665,5.0192,-1.8526,11,0
clark2026,45,9,large,9.5733,8.3143,1.2590,11,0
clark2026,45,10,.,2.0003,2.3026,-0.3023,11,0
clark2026,45,11,<eos>,6.0461,2.3026,3.7435,11,0
clark2026,46,0,The,3.9742,2.9243,1.0498,11,0
clark2026,46,1,dog,9.4876,8.9792,0.5083,11,0
clark2026,46,2,that,4.7480,4.5854,0.1626,11,0
clark2026,46,3,was,2.6574,5.0192,-2.3618,11,0
clark2026,46,4,provided,9.1454,9.1616,-0.0162,11,0
clark2026,46,5,by,1.8171,5.3882,-3.5712,11,0
clark2026,46,6,the,1.1196,2.9243,-1.8048,11,0
clark2026,46,7,dealer,8.6487,11.0747,-2.4260,11,0
clark2026,46,8,was,2.5273,5.0192,-2.4918,11,0
clark2026,46,9,excellent,7.7416,9.8321,-2.0905,11,0
clark2026,46,10,.,1.2328,2.3026,-1.0698,11,0
clark2026,46,11,<eos>,5.0521,2.3026,2.7496,11,0
clark2026,47,0,The,3.9742,2.9243,1.0498,11,0
clark2026,47,1,dog,9.4876,8.9792,0.5083,11,0
clark2026,47,2,that,4.7480,4.5854,0.1626,11,0
clark2026,47,3,was,2.6574,5.0192,-2.3618,11,0
clark2026,47,4,provided,9.1454,9.1616,-0.0162,11,0
clark2026,47,5,by,1.8171,5.3882,-3.5712,11,0
clark2026,47,6,the,1.1196,2.9243,-1.8048,11,0
clark2026,47,7,doctor,5.7002,9.4410,-3.7408,11,0
clark2026,47,8,was,2.4662,5.0192,-2.5529,11,0
clark2026,47,9,excellent,7.5453,9.8321,-2.2868,11,0
clark2026,47,10,.,1.2613,2.3026,-1.0413,11,0
clark2026,47,11,<eos>,5.3653,2.3026,3.0627,11,0
clark2026,48,0,The,3.9742,2.9243,1.0498,11,0
clark2026,48,1,cxar,21.8470,18.4207,3.4264,11,0
clark2026,48,2,that,8.5635,4.5854,3.9781,11,0
clark2026,48,3,was,2.6337,5.0192,-2.3855,11,0
clark2026,48,4,provided,7.5020,9.1616,-1.6595,11,0
clark2026,48,5,by,1.0886,5.3882,-4.2996,11,0
clark2026,48,6,the,1.2373,2.9243,-1.6871,11,0
clark2026,48,7,dealer,11.8273,11.0747,0.7526,11,0
clark2026,48,8,was,2.8051,5.0192,-2.2141,11,0
clark2026,48,9,excellent,7.7803,9.8321,-2.0518,11,0
clark2026,48,10,.,1.2492,2.3026,-1.0534,11,0
clark2026,48,11,<eos>,4.8713,2.3026,2.5687,11,0
clark2026,49,0,The,3.9742,2.9243,1.0498,11,0
clark2026,49,1,cxare,24.4365,18.4207,6.0158,11,0
clark2026,49,2,that,7.0466,4.5854,2.4612,11,0
clark2026,49,3,was,3.3341,5.0192,-1.6851,11,0
clark2026,49,4,provided,7.5681,9.1616,-1.5934,11,0
clark2026,49,5,by,0.8991,5.3882,-4.4892,11,0
clark2026,49,6,the,1.1282,2.9243,-1.7962,11,0
clark2026,49,7,doctor,8.7243,9.4410,-0.7167,11,0
clark2026,49,8,was,3.2334,5.0192,-1.7858,11,0
clark2026,49,9,excellent,7.3713,9.8321,-2.4608,11,0
clark2026,49,10,.,1.2714,2.3026,-1.0312,11,0
clark2026,49,11,<eos>,5.4819,2.3026,3.1793,11,0
clark2026,50,0,The,3.9745,2.9243,1.0501,14,0
clark2026,50,1,doctor,9.0336,9.4410,-0.4075,14,0
clark2026,50,2,wired,13.4572,11.9734,1.4838,14,0
clark2026,50,3,the,1.6311,2.9243,-1.2933,14,0
clark2026,50,4,heavily,12.8008,10.2688,2.5320,14,0
clark2026,50,5,sedated,6.6081,14.3213,-7.7133,14,0
clark2026,50,6,patient,5.4953,9.7397,-4.2444,14,0
clark2026,50,7,'s,3.5184,2.3026,1.2158,14,0
clark2026,50,8,jaws,9.5637,12.5263,-2.9626,14,0
clark2026,50,9,shut,6.9483,9.7162,-2.7679,14,0
clark2026,50,10,during,6.0152,7.5521,-1.5369,14,0
clark2026,50,11,the,1.4241,2.9243,-1.5002,14,0
clark2026,50,12,surgery,3.4345,10.0613,-6.6268,14,0
clark2026,50,13,.,1.1607,2.3026,-1.1419,14,0
clark2026,50,14,<eos>,5.5783,2.3026,3.2758,14,0
clark2026,51,0,The,3.9745,2.9243,1.0501,14,0
clark2026,51,1,doctor,9.0336,9.4410,-0.4075,14,0
clark2026,51,2,wired,13.4572,11.9734,1.4838,14,0
clark2026,51,3,the,1.6311,2.9243,-1.2933,14,0
clark2026,51,4,heavily,12.8008,10.2688,2.5320,14,0
clark2026,51,5,sedated,6.6081,14.3213,-7.7133,14,0
clark2026,51,6,patient,5.4953,9.7397,-4.2444,14,0
clark2026,51,7,'s,3.5184,2.3026,1.2158,14,0
clark2026,51,8,blood,5.4828,8.9792,-3.4965,14,0
clark2026,51,9,off,7.5214,7.0691,0.4523,14,0
clark2026,51,10,during,7.5721,7.5521,0.0200,14,0
clark2026,51,11,the,1.4102,2.9243,-1.5141,14,0
clark2026,51,12,surgery,3.7489,10.0613,-6.3124,14,0
clark2026,51,13,.,1.2523,2.3026,-1.0503,14,0
clark2026,51,14,<eos>,5.4598,2.3026,3.1572,14,0
clark2026,52,0,The,3.9734,2.9243,1.0490,13,0
clark2026,52,1,doctor,9.0335,9.4410,-0.4075,13,0
clark2026,52,2,wired,13.4572,11.9734,1.4838,13,0
clark2026,52,3,the,1.6312,2.9243,-1.2932,13,0
clark2026,52,4,heavily,12.8007,10.2688,2.5320,13,0
clark2026,52,5,sedated,6.6081,14.3213,-7.7132,13,0
clark2026,52,6,patient,5.4958,9.7397,-4.2438,13,0
clark2026,52,7,'s,3.5182,2.3026,1.2156,13,0
clark2026,52,8,grass,12.3623,10.6375,1.7248,13,0
clark2026,52,9,in,3.4909,3.9846,-0.4937,13,0
clark2026,52,10,the,1.4036,2.9243,-1.5207,13,0
clark2026,52,11,field,4.3686,8.6565,-4.2878,13,0
clark2026,52,12,.,1.6321,2.3026,-0.6705,13,0
clark2026,52,13,<eos>,5.9851,2.3026,3.6826,13,0
clark2026,53,0,The,3.9745,2.9243,1.0501,14,0
clark2026,53,1,doctor,9.0336,9.4410,-0.4075,14,0
clark2026,53,2,wiped,13.0750,11.8359,1.2391,14,0
clark2026,53,3,the,1.8597,2.9243,-1.0646,14,0
clark2026,53,4,heavily,11.3358,10.2688,1.0671,14,0
clark2026,53,5,sedated,5.8165,14.3213,-8.5048,14,0
clark2026,53,6,patient,5.8674,9.7397,-3.8723,14,0
clark2026,53,7,'s,2.0000,2.3026,-0.3026,14,0
clark2026,53,8,jaws,8.3053,12.5263,-4.2210,14,0
clark2026,53,9,shut,7.2607,9.7162,-2.4554,14,0
clark2026,53,10,during,5.7530,7.5521,-1.7991,14,0
clark2026,53,11,the,1.4160,2.9243,-1.5084,14,0
clark2026,53,12,surgery,3.6137,10.0613,-6.4476,14,0
clark2026,53,13,.,1.2180,2.3026,-1.0846,14,0
clark2026,53,14,<eos>,5.3695,2.3026,3.0669,14,0
clark2026,54,0,The,3.9745,2.9243,1.0501,14,0
clark2026,54,1,doctor,9.0336,9.4410,-0.4075,14,0
clark2026,54,2,wiped,13.0750,11.8359,1.2391,14,0
clark2026,54,3,the,1.8597,2.9243,-1.0646,14,0
clark2026,54,4,heavily,11.3358,10.2688,1.0671,14,0
clark2026,54,5,sedated,5.8165,14.3213,-8.5048,14,0
clark2026,54,6,patient,5.8674,9.7397,-3.8723,14,0
clark2026,54,7,'s,2.0000,2.3026,-0.3026,14,0
clark2026,54,8,blood,2.8522,8.9792,-6.1270,14,0
clark2026,54,9,off,2.6404,7.0691,-4.4287,14,0
clark2026,54,10,during,6.7402,7.5521,-0.8119,14,0
clark2026,54,11,the,1.4880,2.9243,-1.4364,14,0
clark2026,54,12,surgery,3.5165,10.0613,-6.5448,14,0
clark2026,54,13,.,1.3331,2.3026,-0.9695,14,0
clark2026,54,14,<eos>,5.1783,2.3026,2.8757,14,0
clark2026,55,0,The,3.9734,2.9243,1.0490,13,0
clark2026,55,1,doctor,9.0335,9.4410,-0.4075,13,0
clark2026,55,2,wiped,13.0749,11.8359,1.2390,13,0
clark2026,55,3,the,1.8596,2.9243,-1.0648,13,0
clark2026,55,4,heavily,11.3358,10.2688,1.0670,13,0
clark2026,55,5,sedated,5.8167,14.3213,-8.5046,13,0
clark2026,55,6,patient,5.8679,9.7397,-3.8717,13,0
clark2026,55,7,'s,2.0005,2.3026,-0.3021,13,0
clark2026,55,8,grass,10.7129,10.6375,0.0754,13,0
clark2026,55,9,in,3.9279,3.9846,-0.0567,13,0
clark2026,55,10,the,1.3705,2.9243,-1.5539,13,0
clark2026,55,11,field,4.6336,8.6565,-4.0228,13,0
clark2026,55,12,.,1.7346,2.3026,-0.5680,13,0
clark2026,55,13,<eos>,5.5974,2.3026,3.2948,13,0
clark2026,56,0,The,3.9745,2.9243,1.0501,14,0
clark2026,56,1,doctor,9.0336,9.4410,-0.4075,14,0
clark2026,56,2,watched,9.2031,9.8547,-0.6516,14,0
clark2026,56,3,the,1.6144,2.9243,-1.3100,14,0
clark2026,56,4,heavily,11.5995,10.2688,1.3308,14,0
clark2026,56,5,sedated,6.0200,14.3213,-8.3014,14,0
clark2026,56,6,patient,5.6700,9.7397,-4.0697,14,0
clark2026,56,7,'s,3.1864,2.3026,0.8838,14,0
clark2026,56,8,jaws,9.3944,12.5263,-3.1319,14,0
clark2026,56,9,shut,5.3856,9.7162,-4.3306,14,0
clark2026,56,10,during,5.5824,7.5521,-1.9697,14,0
clark2026,56,11,the,1.2898,2.9243,-1.6345,14,0
clark2026,56,12,surgery,3.8667,10.0613,-6.1946,14,0
clark2026,56,13,.,1.2548,2.3026,-1.0478,14,0
clark2026,56,14,<eos>,5.6554,2.3026,3.3528,14,0
clark2026,57,0,The,3.9745,2.9243,1.0501,14,0
clark2026,57,1,doctor,9.0336,9.4410,-0.4075,14,0
clark2026,57,2,watched,9.2031,9.8547,-0.6516,14,0
clark2026,57,3,the,1.6144,2.9243,-1.3100,14,0
clark2026,57,4,heavily,11.5995,10.2688,1.3308,14,0
clark2026,57,5,sedated,6.0200,14.3213,-8.3014,14,0
clark2026,57,6,patient,5.6700,9.7397,-4.0697,14,0
clark2026,57,7,'s,3.1864,2.3026,0.8838,14,0
clark2026,57,8,blood,3.4873,8.9792,-5.4920,14,0
clark2026,57,9,off,9.1982,7.0691,2.1291,14,0
clark2026,57,10,during,6.6101,7.5521,-0.9420,14,0
clark2026,57,11,the,1.2511,2.9243,-1.6733,14,0
clark2026,57,12,surgery,3.8842,10.0613,-6.1771,14,0
clark2026,57,13,.,1.3369,2.3026,-0.9657,14,0
clark2026,57,14,<eos>,5.5024,2.3026,3.1998,14,0
clark2026,58,0,The,3.9745,2.9243,1.0501,14,0
clark2026,58,1,doctor,9.0336,9.4410,-0.4075,14,0
clark2026,58,2,wjred,27.1376,18.4207,8.7169,14,0
clark2026,58,3,the,4.6165,2.9243,1.6922,14,0
clark2026,58,4,heavily,11.2852,10.2688,1.0164,14,0
clark2026,58,5,sedated,6.2742,14.3213,-8.0472,14,0
clark2026,58,6,patient,5.3236,9.7397,-4.4161,14,0
clark2026,58,7,'s,4.1576,2.3026,1.8550,14,0
clark2026,58,8,jaws,8.8345,12.5263,-3.6917,14,0
clark2026,58,9,shut,8.4632,9.7162,-1.2529,14,0
clark2026,58,10,during,6.1711,7.5521,-1.3811,14,0
clark2026,58,11,the,1.3207,2.9243,-1.6037,14,0
clark2026,58,12,surgery,3.7638,10.0613,-6.2976,14,0
clark2026,58,13,.,1.2424,2.3026,-1.0602,14,0
clark2026,58,14,<eos>,5.1690,2.3026,2.8664,14,0
clark2026,59,0,The,3.9745,2.9243,1.0501,14,0
clark2026,59,1,doctor,9.0336,9.4410,-0.4075,14,0
clark2026,59,2,wjped,28.3184,18.4207,9.8977,14,0
clark2026,59,3,the,4.0545,2.9243,1.1302,14,0
clark2026,59,4,heavily,12.3150,10.2688,2.0462,14,0
clark2026,59,5,sedated,6.2756,14.3213,-8.0458,14,0
clark2026,59,6,patient,5.1609,9.7397,-4.5788,14,0
clark2026,59,7,'s,3.5733,2.3026,1.2707,14,0
clark2026,59,8,blood,4.2209,8.9792,-4.7583,14,0
clark2026,59,9,off,5.1853,7.0691,-1.8838,14,0
clark2026,59,10,during,7.4794,7.5521,-0.0727,14,0
clark2026,59,11,the,1.3072,2.9243,-1.6172,14,0
clark2026,59,12,surgery,3.5905,10.0613,-6.4709,14,0
clark2026,59,13,.,1.2226,2.3026,-1.0800,14,0
clark2026,59,14,<eos>,5.1459,2.3026,2.8433,14,0
clark2026,60,0,Can,8.5784,5.8500,2.7284,12,0
clark2026,60,1,you,1.0155,4.6512,-3.6357,12,0
clark2026,60,2,please,2.8951,7.6908,-4.7958,12,0
clark2026,60,3,dip,10.6105,11.3996,-0.7891,12,0
clark2026,60,4,that,7.0689,4.5854,2.4835,12,0
clark2026,60,5,big,6.5725,7.6670,-1.0946,12,0
clark2026,60,6,black,6.0987,8.1526,-2.0539,12,0
clark2026,60,7,brush,8.4076,10.9823,-2.5746,12,0
clark2026,60,8,into,1.4719,6.6531,-5.1813,12,0
clark2026,60,9,the,0.8518,2.9243,-2.0725,12,0
clark2026,60,10,paint,6.2749,10.3160,-4.0411,12,0
clark2026,60,11,?,1.2707,2.3026,-1.0319,12,0
clark2026,60,12,<eos>,4.2780,2.3026,1.9755,12,0
clark2026,61,0,Can,8.5784,5.8500,2.7284,10,0
clark2026,61,1,you,1.0155,4.6512,-3.6357,10,0
clark2026,61,2,please,2.8951,7.6908,-4.7958,10,0
clark2026,61,3,dip,10.6105,11.3996,-0.7891,10,0
clark2026,61,4,that,7.0689,4.5854,2.4835,10,0
clark2026,61,5,big,6.5725,7.6670,-1.0946,10,0
clark2026,61,6,black,6.0987,8.1526,-2.0539,10,0
clark2026,61,7,bag,4.9236,9.6932,-4.7696,10,0
clark2026,61,8,up,5.6829,6.0117,-0.3288,10,0
clark2026,61,9,?,2.0200,2.3026,-0.2826,10,0
clark2026,61,10,<eos>,4.3298,2.3026,2.0272,10,0
clark2026,62,0,Can,8.5784,5.8500,2.7284,12,0
clark2026,62,1,you,1.0155,4.6512,-3.6357,12,0
clark2026,62,2,please,2.8951,7.6908,-4.7958,12,0
clark2026,62,3,dip,10.6105,11.3996,-0.7891,12,0
clark2026,62,4,that,7.0689,4.5854,2.4835,12,0
clark2026,62,5,big,6.5725,7.6670,-1.0946,12,0
clark2026,62,6,black,6.0987,8.1526,-2.0539,12,0
clark2026,62,7,democracy,12.1744,10.3374,1.8370,12,0
clark2026,62,8,in,1.6861,3.9846,-2.2985,12,0
clark2026,62,9,this,4.8774,5.0192,-0.1417,12,0
clark2026,62,10,country,2.0914,8.1051,-6.0137,12,0
clark2026,62,11,?,1.0172,2.3026,-1.2854,12,0
clark2026,62,12,<eos>,4.2661,2.3026,1.9636,12,0
clark2026,63,0,Can,8.5784,5.8500,2.7284,12,0
clark2026,63,1,you,1.0155,4.6512,-3.6357,12,0
clark2026,63,2,please,2.8951,7.6908,-4.7958,12,0
clark2026,63,3,zip,10.8108,11.8127,-1.0019,12,0
clark2026,63,4,that,5.1908,4.5854,0.6054,12,0
clark2026,63,5,big,6.9412,7.6670,-0.7258,12,0
clark2026,63,6,black,5.6303,8.1526,-2.5223,12,0
clark2026,63,7,brush,9.9375,10.9823,-1.0448,12,0
clark2026,63,8,into,4.1766,6.6531,-2.4766,12,0
clark2026,63,9,the,1.1910,2.9243,-1.7334,12,0
clark2026,63,10,paint,6.7853,10.3160,-3.5307,12,0
clark2026,63,11,?,1.1647,2.3026,-1.1378,12,0
clark2026,63,12,<eos>,3.9800,2.3026,1.6774,12,0
clark2026,64,0,Can,8.5784,5.8500,2.7284,10,0
clark2026,64,1,you,1.0155,4.6512,-3.6357,10,0
clark2026,64,2,please,2.8951,7.6908,-4.7958,10,0
clark2026,64,3,zip,10.8108,11.8127,-1.0019,10,0
clark2026,64,4,that,5.1908,4.5854,0.6054,10,0
clark2026,64,5,big,6.9412,7.6670,-0.7258,10,0
clark2026,64,6,black,5.6303,8.1526,-2.5223,10,0
clark2026,64,7,bag,4.2230,9.6932,-5.4702,10,0
clark2026,64,8,up,4.3855,6.0117,-1.6261,10,0
clark2026,64,9,?,1.8435,2.3026,-0.4590,10,0
clark2026,64,10,<eos>,4.0751,2.3026,1.7725,10,0
clark2026,65,0,Can,8.5784,5.8500,2.7284,12,0
clark2026,65,1,you,1.0155,4.6512,-3.6357,12,0
clark2026,65,2,please,2.8951,7.6908,-4.7958,12,0
clark2026,65,3,zip,10.8108,11.8127,-1.0019,12,0
clark2026,65,4,that,5.1908,4.5854,0.6054,12,0
clark2026,65,5,big,6.9412,7.6670,-0.7258,12,0
clark2026,65,6,black,5.6303,8.1526,-2.5223,12,0
clark2026,65,7,democracy,12.0912,10.3374,1.7538,12,0
clark2026,65,8,in,2.4948,3.9846,-1.4898,12,0
clark2026,65,9,this,4.6060,5.0192,-0.4132,12,0
clark2026,65,10,country,1.4883,8.1051,-6.6168,12,0
clark2026,65,11,?,0.7463,2.3026,-1.5563,12,0
clark2026,65,12,<eos>,3.9303,2.3026,1.6278,12,0
clark2026,66,0,Can,8.5782,5.8500,2.7282,12,0
clark2026,66,1,you,1.0155,4.6512,-3.6357,12,0
clark2026,66,2,please,2.8948,7.6908,-4.7961,12,0
clark2026,66,3,mop,14.4643,12.9194,1.5449,12,0
clark2026,66,4,that,4.5698,4.5854,-0.0156,12,0
clark2026,66,5,big,7.2336,7.6670,-0.4334,12,0
clark2026,66,6,black,5.7384,8.1526,-2.4142,12,0
clark2026,66,7,brush,9.8868,10.9823,-1.0955,12,0
clark2026,66,8,into,6.3490,6.6531,-0.3041,12,0
clark2026,66,9,the,1.4004,2.9243,-1.5239,12,0
clark2026,66,10,paint,6.3318,10.3160,-3.9842,12,0
clark2026,66,11,?,1.1358,2.3026,-1.1667,12,0
clark2026,66,12,<eos>,3.8071,2.3026,1.5045,12,0
clark2026,67,0,Can,8.5784,5.8500,2.7284,10,0
clark2026,67,1,you,1.0155,4.6512,-3.6357,10,0
clark2026,67,2,please,2.8951,7.6908,-4.7958,10,0
clark2026,67,3,mop,14.4639,12.9194,1.5445,10,0
clark2026,67,4,that,4.5687,4.5854,-0.0167,10,0
clark2026,67,5,big,7.2328,7.6670,-0.4343,10,0
clark2026,67,6,black,5.7376,8.1526,-2.4150,10,0
clark2026,67,7,bag,6.0968,9.6932,-3.5964,10,0
clark2026,67,8,up,5.4789,6.0117,-0.5328,10,0
clark2026,67,9,?,1.9612,2.3026,-0.3414,10,0
clark2026,67,10,<eos>,4.1311,2.3026,1.8285,10,0
clark2026,68,0,Can,8.5782,5.8500,2.7282,12,0
clark2026,68,1,you,1.0155,4.6512,-3.6357,12,0
clark2026,68,2,please,2.8948,7.6908,-4.7961,12,0
clark2026,68,3,djp,17.4673,17.5921,-0.1248,12,0
clark2026,68,4,that,6.7616,4.5854,2.1762,12,0
clark2026,68,5,big,7.8625,7.6670,0.1954,12,0
clark2026,68,6,black,5.9319,8.1526,-2.2206,12,0
clark2026,68,7,brush,10.3936,10.9823,-0.5887,12,0
clark2026,68,8,into,7.0876,6.6531,0.4345,12,0
clark2026,68,9,the,1.2874,2.9243,-1.6369,12,0
clark2026,68,10,paint,6.5742,10.3160,-3.7418,12,0
clark2026,68,11,?,1.2251,2.3026,-1.0775,12,0
clark2026,68,12,<eos>,3.8730,2.3026,1.5705,12,0
clark2026,69,0,Can,8.5784,5.8500,2.7284,10,0
clark2026,69,1,you,1.0155,4.6512,-3.6357,10,0
clark2026,69,2,please,2.8951,7.6908,-4.7958,10,0
clark2026,69,3,zjp,21.8792,18.4207,3.4585,10,0
clark2026,69,4,that,7.4926,4.5854,2.9073,10,0
clark2026,69,5,big,7.9100,7.6670,0.2430,10,0
clark2026,69,6,black,5.9008,8.1526,-2.2518,10,0
clark2026,69,7,bag,6.4522,9.6932,-3.2411,10,0
clark2026,69,8,up,6.8829,6.0117,0.8712,10,0
clark2026,69,9,?,1.9578,2.3026,-0.3448,10,0
clark2026,69,10,<eos>,4.0189,2.3026,1.7163,10,0
clark2026,70,0,The,3.9742,2.9243,1.0498,11,0
clark2026,70,1,student,8.4602,9.1616,-0.7013,11,0
clark2026,70,2,scored,9.4964,10.0613,-0.5649,11,0
clark2026,70,3,a,1.6855,3.7766,-2.0912,11,0
clark2026,70,4,very,5.7287,6.9078,-1.1791,11,0
clark2026,70,5,difficult,5.2354,9.0533,-3.8179,11,0
clark2026,70,6,goal,2.1619,9.0706,-6.9086,11,0
clark2026,70,7,with,2.8460,4.9505,-2.1044,11,0
clark2026,70,8,a,1.6856,3.7766,-2.0911,11,0
clark2026,70,9,header,7.5981,11.7887,-4.1906,11,0
clark2026,70,10,.,2.7024,2.3026,0.3998,11,0
clark2026,70,11,<eos>,6.2081,2.3026,3.9055,11,0
clark2026,71,0,The,3.9742,2.9243,1.0498,11,0
clark2026,71,1,student,8.4602,9.1616,-0.7013,11,0
clark2026,71,2,scored,9.4964,10.0613,-0.5649,11,0
clark2026,71,3,a,1.6855,3.7766,-2.0912,11,0
clark2026,71,4,very,5.7287,6.9078,-1.1791,11,0
clark2026,71,5,difficult,5.2354,9.0533,-3.8179,11,0
clark2026,71,6,teacher,8.9482,9.4861,-0.5379,11,0
clark2026,71,7,with,3.5801,4.9505,-1.3703,11,0
clark2026,71,8,a,1.4852,3.7766,-2.2914,11,0
clark2026,71,9,prank,12.0277,12.2041,-0.1764,11,0
clark2026,71,10,.,2.3312,2.3026,0.0286,11,0
clark2026,71,11,<eos>,6.3788,2.3026,4.0762,11,0
clark2026,72,0,The,3.9742,2.9243,1.0498,11,0
clark2026,72,1,student,8.4602,9.1616,-0.7013,11,0
clark2026,72,2,scored,9.4964,10.0613,-0.5649,11,0
clark2026,72,3,a,1.6855,3.7766,-2.0912,11,0
clark2026,72,4,very,5.7287,6.9078,-1.1791,11,0
clark2026,72,5,difficult,5.2354,9.0533,-3.8179,11,0
clark2026,72,6,cushion,12.6257,12.4805,0.1452,11,0
clark2026,72,7,on,2.2701,4.8122,-2.5421,11,0
clark2026,72,8,the,0.7795,2.9243,-2.1448,11,0
clark2026,72,9,sofa,7.5641,11.9499,-4.3858,11,0
clark2026,72,10,.,1.8547,2.3026,-0.4479,11,0
clark2026,72,11,<eos>,6.7012,2.3026,4.3986,11,0
clark2026,73,0,The,3.9742,2.9243,1.0498,11,0
clark2026,73,1,student,8.4602,9.1616,-0.7013,11,0
clark2026,73,2,scared,13.0806,10.1316,2.9490,11,0
clark2026,73,3,a,4.4916,3.7766,0.7150,11,0
clark2026,73,4,very,6.0626,6.9078,-0.8451,11,0
clark2026,73,5,difficult,4.8597,9.0533,-4.1936,11,0
clark2026,73,6,goal,6.2107,9.0706,-2.8599,11,0
clark2026,73,7,with,4.1601,4.9505,-0.7904,11,0
clark2026,73,8,a,2.1262,3.7766,-1.6504,11,0
clark2026,73,9,header,9.4147,11.7887,-2.3739,11,0
clark2026,73,10,.,1.8961,2.3026,-0.4065,11,0
clark2026,73,11,<eos>,6.4183,2.3026,4.1157,11,0
clark2026,74,0,The,3.9742,2.9243,1.0498,11,0
clark2026,74,1,student,8.4602,9.1616,-0.7013,11,0
clark2026,74,2,scared,13.0806,10.1316,2.9490,11,0
clark2026,74,3,a,4.4916,3.7766,0.7150,11,0
clark2026,74,4,very,6.0626,6.9078,-0.8451,11,0
clark2026,74,5,difficult,4.8597,9.0533,-4.1936,11,0
clark2026,74,6,teacher,6.4226,9.4861,-3.0635,11,0
clark2026,74,7,with,4.6840,4.9505,-0.2665,11,0
clark2026,74,8,a,1.4516,3.7766,-2.3250,11,0
clark2026,74,9,prank,11.6185,12.2041,-0.5856,11,0
clark2026,74,10,.,1.8603,2.3026,-0.4422,11,0
clark2026,74,11,<eos>,6.4144,2.3026,4.1119,11,0
clark2026,75,0,The,3.9742,2.9243,1.0498,11,0
clark2026,75,1,student,8.4602,9.1616,-0.7013,11,0
clark2026,75,2,scared,13.0806,10.1316,2.9490,11,0
clark2026,75,3,a,4.4916,3.7766,0.7150,11,0
clark2026,75,4,very,6.0626,6.9078,-0.8451,11,0
clark2026,75,5,difficult,4.8597,9.0533,-4.1936,11,0
clark2026,75,6,cushion,13.9295,12.4805,1.4489,11,0
clark2026,75,7,on,3.9354,4.8122,-0.8768,11,0
clark2026,75,8,the,0.8145,2.9243,-2.1099,11,0
clark2026,75,9,sofa,5.9347,11.9499,-6.0152,11,0
clark2026,75,10,.,1.2536,2.3026,-1.0490,11,0
clark2026,75,11,<eos>,6.8545,2.3026,4.5519,11,0
clark2026,76,0,The,3.9742,2.9243,1.0498,11,0
clark2026,76,1,student,8.4602,9.1616,-0.7013,11,0
clark2026,76,2,stretched,13.6683,11.7887,1.8796,11,0
clark2026,76,3,a,3.4087,3.7766,-0.3679,11,0
clark2026,76,4,very,5.4846,6.9078,-1.4232,11,0
clark2026,76,5,difficult,5.2382,9.0533,-3.8151,11,0
clark2026,76,6,goal,5.6435,9.0706,-3.4271,11,0
clark2026,76,7,with,3.8256,4.9505,-1.1249,11,0
clark2026,76,8,a,2.1727,3.7766,-1.6039,11,0
clark2026,76,9,header,8.5214,11.7887,-3.2673,11,0
clark2026,76,10,.,2.2570,2.3026,-0.0456,11,0
clark2026,76,11,<eos>,6.6544,2.3026,4.3518,11,0
clark2026,77,0,The,3.9742,2.9243,1.0498,11,0
clark2026,77,1,student,8.4602,9.1616,-0.7013,11,0
clark2026,77,2,stretched,13.6683,11.7887,1.8796,11,0
clark2026,77,3,a,3.4087,3.7766,-0.3679,11,0
clark2026,77,4,very,5.4846,6.9078,-1.4232,11,0
clark2026,77,5,difficult,5.2382,9.0533,-3.8151,11,0
clark2026,77,6,teacher,10.5718,9.4861,1.0857,11,0
clark2026,77,7,with,4.4092,4.9505,-0.5413,11,0
clark2026,77,8,a,1.4704,3.7766,-2.3063,11,0
clark2026,77,9,prank,12.4588,12.2041,0.2547,11,0
clark2026,77,10,.,1.8827,2.3026,-0.4199,11,0
clark2026,77,11,<eos>,6.8653,2.3026,4.5627,11,0
clark2026,78,0,The,3.9738,2.9243,1.0495,11,0
clark2026,78,1,student,8.4605,9.1616,-0.7010,11,0
clark2026,78,2,scroed,28.4085,18.4207,9.9878,11,0
clark2026,78,3,a,6.3358,3.7766,2.5592,11,0
clark2026,78,4,very,5.4375,6.9078,-1.4703,11,0
clark2026,78,5,difficult,3.3927,9.0533,-5.6607,11,0
clark2026,78,6,goal,7.5298,9.0706,-1.5407,11,0
clark2026,78,7,with,3.5444,4.9505,-1.4060,11,0
clark2026,78,8,a,1.9683,3.7766,-1.8083,11,0
clark2026,78,9,header,8.8761,11.7887,-2.9126,11,0
clark2026,78,10,.,2.5141,2.3026,0.2115,11,0
clark2026,78,11,<eos>,6.3252,2.3026,4.0227,11,0
clark2026,79,0,The,3.9738,2.9243,1.0495,11,0
clark2026,79,1,student,8.4605,9.1616,-0.7010,11,0
clark2026,79,2,scraed,23.9965,18.4207,5.5759,11,0
clark2026,79,3,a,4.1248,3.7766,0.3482,11,0
clark2026,79,4,very,6.1660,6.9078,-0.7418,11,0
clark2026,79,5,difficult,4.0965,9.0533,-4.9568,11,0
clark2026,79,6,teacher,7.7136,9.4861,-1.7725,11,0
clark2026,79,7,with,4.5819,4.9505,-0.3686,11,0
clark2026,79,8,a,1.4525,3.7766,-2.3242,11,0
clark2026,79,9,prank,11.9679,12.2041,-0.2362,11,0
clark2026,79,10,.,2.0477,2.3026,-0.2549,11,0
clark2026,79,11,<eos>,6.8507,2.3026,4.5481,11,0
clark2026,80,0,The,3.9742,2.9243,1.0498,12,0
clark2026,80,1,tires,11.7744,11.4453,0.3292,12,0
clark2026,80,2,were,3.3252,6.1239,-2.7986,12,0
clark2026,80,3,quickly,7.4753,9.2103,-1.7351,12,0
clark2026,80,4,and,2.8887,3.6613,-0.7726,12,0
clark2026,80,5,efficiently,3.8407,11.9958,-8.1551,12,0
clark2026,80,6,pumped,8.2847,11.9958,-3.7111,12,0
clark2026,80,7,up,3.3488,6.0117,-2.6628,12,0
clark2026,80,8,by,2.0498,5.3882,-3.3385,12,0
clark2026,80,9,the,1.2768,2.9243,-1.6475,12,0
clark2026,80,10,mechanic,10.4812,11.9958,-1.5146,12,0
clark2026,80,11,.,2.1705,2.3026,-0.1321,12,0
clark2026,80,12,<eos>,5.8372,2.3026,3.5347,12,0
clark2026,81,0,The,3.9742,2.9243,1.0498,11,0
clark2026,81,1,tires,11.7744,11.4453,0.3292,11,0
clark2026,81,2,were,3.3252,6.1239,-2.7986,11,0
clark2026,81,3,quickly,7.4753,9.2103,-1.7351,11,0
clark2026,81,4,and,2.8887,3.6613,-0.7726,11,0
clark2026,81,5,efficiently,3.8407,11.9958,-8.1551,11,0
clark2026,81,6,extinguished,9.6413,13.3773,-3.7359,11,0
clark2026,81,7,by,2.2649,5.3882,-3.1233,11,0
clark2026,81,8,the,1.2900,2.9243,-1.6344,11,0
clark2026,81,9,firefighters,11.4515,12.3639,-0.9124,11,0
clark2026,81,10,.,1.9056,2.3026,-0.3970,11,0
clark2026,81,11,<eos>,5.1435,2.3026,2.8409,11,0
clark2026,82,0,The,3.9742,2.9243,1.0498,11,0
clark2026,82,1,tires,11.7744,11.4453,0.3292,11,0
clark2026,82,2,were,3.3252,6.1239,-2.7986,11,0
clark2026,82,3,quickly,7.4753,9.2103,-1.7351,11,0
clark2026,82,4,and,2.8887,3.6613,-0.7726,11,0
clark2026,82,5,efficiently,3.8407,11.9958,-8.1551,11,0
clark2026,82,6,fermented,10.2924,13.4034,-3.1111,11,0
clark2026,82,7,in,2.5756,3.9846,-1.4090,11,0
clark2026,82,8,the,1.9923,2.9243,-0.9320,11,0
clark2026,82,9,cellar,8.7158,12.4342,-3.7184,11,0
clark2026,82,10,.,1.2678,2.3026,-1.0348,11,0
clark2026,82,11,<eos>,5.3031,2.3026,3.0005,11,0
clark2026,83,0,The,3.9742,2.9243,1.0498,12,0
clark2026,83,1,fires,11.0645,11.1209,-0.0564,12,0
clark2026,83,2,were,3.1989,6.1239,-2.9250,12,0
clark2026,83,3,quickly,6.1650,9.2103,-3.0453,12,0
clark2026,83,4,and,3.3756,3.6613,-0.2856,12,0
clark2026,83,5,efficiently,3.9906,11.9958,-8.0052,12,0
clark2026,83,6,pumped,9.2459,11.9958,-2.7499,12,0
clark2026,83,7,up,3.0032,6.0117,-3.0085,12,0
clark2026,83,8,by,1.5314,5.3882,-3.8568,12,0
clark2026,83,9,the,1.2894,2.9243,-1.6349,12,0
clark2026,83,10,mechanic,11.9928,11.9958,-0.0030,12,0
clark2026,83,11,.,2.2487,2.3026,-0.0539,12,0
clark2026,83,12,<eos>,6.0430,2.3026,3.7404,12,0
clark2026,84,0,The,3.9742,2.9243,1.0498,11,0
clark2026,84,1,fires,11.0645,11.1209,-0.0564,11,0
clark2026,84,2,were,3.1989,6.1239,-2.9250,11,0
clark2026,84,3,quickly,6.1650,9.2103,-3.0453,11,0
clark2026,84,4,and,3.3756,3.6613,-0.2856,11,0
clark2026,84,5,efficiently,3.9906,11.9958,-8.0052,11,0
clark2026,84,6,extinguished,4.8351,13.3773,-8.5422,11,0
clark2026,84,7,by,1.9713,5.3882,-3.4170,11,0
clark2026,84,8,the,1.3335,2.9243,-1.5909,11,0
clark2026,84,9,firefighters,6.8418,12.3639,-5.5221,11,0
clark2026,84,10,.,1.5488,2.3026,-0.7538,11,0
clark2026,84,11,<eos>,5.4776,2.3026,3.1750,11,0
clark2026,85,0,The,3.9742,2.9243,1.0498,11,0
clark2026,85,1,fires,11.0645,11.1209,-0.0564,11,0
clark2026,85,2,were,3.1989,6.1239,-2.9250,11,0
clark2026,85,3,quickly,6.1650,9.2103,-3.0453,11,0
clark2026,85,4,and,3.3756,3.6613,-0.2856,11,0
clark2026,85,5,efficiently,3.9906,11.9958,-8.0052,11,0
clark2026,85,6,fermented,11.9188,13.4034,-1.4846,11,0
clark2026,85,7,in,2.2843,3.9846,-1.7003,11,0
clark2026,85,8,the,1.9474,2.9243,-0.9770,11,0
clark2026,85,9,cellar,8.3359,12.4342,-4.0983,11,0
clark2026,85,10,.,1.2113,2.3026,-1.0913,11,0
clark2026,85,11,<eos>,5.4755,2.3026,3.1729,11,0
clark2026,86,0,The,3.9742,2.9243,1.0498,12,0
clark2026,86,1,dishes,12.3807,11.2128,1.1679,12,0
clark2026,86,2,were,3.3428,6.1239,-2.7811,12,0
clark2026,86,3,quickly,7.2420,9.2103,-1.9684,12,0
clark2026,86,4,and,3.0118,3.6613,-0.6494,12,0
clark2026,86,5,efficiently,3.4462,11.9958,-8.5496,12,0
clark2026,86,6,pumped,8.7119,11.9958,-3.2839,12,0
clark2026,86,7,up,3.4514,6.0117,-2.5602,12,0
clark2026,86,8,by,1.7323,5.3882,-3.6559,12,0
clark2026,86,9,the,1.3961,2.9243,-1.5283,12,0
clark2026,86,10,mechanic,11.2581,11.9958,-0.7377,12,0
clark2026,86,11,.,2.0894,2.3026,-0.2132,12,0
clark2026,86,12,<eos>,6.0370,2.3026,3.7344,12,0
clark2026,87,0,The,3.9742,2.9243,1.0498,11,0
clark2026,87,1,dishes,12.3807,11.2128,1.1679,11,0
clark2026,87,2,were,3.3428,6.1239,-2.7811,11,0
clark2026,87,3,quickly,7.2420,9.2103,-1.9684,11,0
clark2026,87,4,and,3.0118,3.6613,-0.6494,11,0
clark2026,87,5,efficiently,3.4462,11.9958,-8.5496,11,0
clark2026,87,6,extinguished,9.9952,13.3773,-3.3820,11,0
clark2026,87,7,by,1.8533,5.3882,-3.5349,11,0
clark2026,87,8,the,1.4654,2.9243,-1.4589,11,0
clark2026,87,9,firefighters,10.8459,12.3639,-1.5180,11,0
clark2026,87,10,.,1.6957,2.3026,-0.6069,11,0
clark2026,87,11,<eos>,5.2344,2.3026,2.9318,11,0
clark2026,88,0,The,3.9734,2.9243,1.0490,12,0
clark2026,88,1,tjres,25.5572,18.4207,7.1365,12,0
clark2026,88,2,were,4.9519,6.1239,-1.1719,12,0
clark2026,88,3,quickly,7.8266,9.2103,-1.3837,12,0
clark2026,88,4,and,4.0167,3.6613,0.3554,12,0
clark2026,88,5,efficiently,4.3122,11.9958,-7.6836,12,0
clark2026,88,6,pumped,7.2101,11.9958,-4.7857,12,0
clark2026,88,7,up,3.5349,6.0117,-2.4768,12,0
clark2026,88,8,by,1.7337,5.3882,-3.6545,12,0
clark2026,88,9,the,1.3620,2.9243,-1.5624,12,0
clark2026,88,10,mechanic,12.0740,11.9958,0.0782,12,0
clark2026,88,11,.,2.2489,2.3026,-0.0537,12,0
clark2026,88,12,<eos>,5.8242,2.3026,3.5216,12,0
clark2026,89,0,The,3.9734,2.9243,1.0490,11,0
clark2026,89,1,fjres,23.6904,18.4207,5.2697,11,0
clark2026,89,2,were,5.2479,6.1239,-0.8760,11,0
clark2026,89,3,quickly,7.9264,9.2103,-1.2839,11,0
clark2026,89,4,and,3.9471,3.6613,0.2858,11,0
clark2026,89,5,efficiently,4.0088,11.9958,-7.9870,11,0
clark2026,89,6,extinguished,9.1551,13.3773,-4.2222,11,0
clark2026,89,7,by,1.6747,5.3882,-3.7136,11,0
clark2026,89,8,the,1.3303,2.9243,-1.5940,11,0
clark2026,89,9,firefighters,10.7174,12.3639,-1.6465,11,0
clark2026,89,10,.,1.8108,2.3026,-0.4918,11,0
clark2026,89,11,<eos>,5.1766,2.3026,2.8741,11,0
clark2026,90,0,The,3.9742,2.9243,1.0498,10,0
clark2026,90,1,bears,12.6821,10.7290,1.9531,10,0
clark2026,90,2,were,3.3142,6.1239,-2.8096,10,0
clark2026,90,3,last,6.9179,7.2307,-0.3128,10,0
clark2026,90,4,seen,2.6414,8.0134,-5.3720,10,0
clark2026,90,5,roaming,12.0328,12.6649,-0.6321,10,0
clark2026,90,6,in,2.1434,3.9846,-1.8412,10,0
clark2026,90,7,the,1.0297,2.9243,-1.8946,10,0
clark2026,90,8,forest,4.1363,9.9015,-5.7652,10,0
clark2026,90,9,.,2.9406,2.3026,0.6380,10,0
clark2026,90,10,<eos>,5.1894,2.3026,2.8869,10,0
clark2026,91,0,The,3.9742,2.9243,1.0498,10,0
clark2026,91,1,bears,12.6821,10.7290,1.9531,10,0
clark2026,91,2,were,3.3142,6.1239,-2.8096,10,0
clark2026,91,3,last,6.9179,7.2307,-0.3128,10,0
clark2026,91,4,seen,2.6414,8.0134,-5.3720,10,0
clark2026,91,5,chilling,12.0167,12.2263,-0.2096,10,0
clark2026,91,6,in,1.7831,3.9846,-2.2015,10,0
clark2026,91,7,the,1.5829,2.9243,-1.3414,10,0
clark2026,91,8,freezer,7.9829,12.2960,-4.3131,10,0
clark2026,91,9,.,2.0109,2.3026,-0.2917,10,0
clark2026,91,10,<eos>,4.7629,2.3026,2.4603,10,0
clark2026,92,0,The,3.9742,2.9243,1.0498,10,0
clark2026,92,1,bears,12.6821,10.7290,1.9531,10,0
clark2026,92,2,were,3.3142,6.1239,-2.8096,10,0
clark2026,92,3,last,6.9179,7.2307,-0.3128,10,0
clark2026,92,4,seen,2.6414,8.0134,-5.3720,10,0
clark2026,92,5,planning,10.0155,9.4410,0.5744,10,0
clark2026,92,6,with,5.7036,4.9505,0.7531,10,0
clark2026,92,7,her,6.3953,6.2146,0.1807,10,0
clark2026,92,8,friends,6.1739,8.2208,-2.0469,10,0
clark2026,92,9,.,2.7983,2.3026,0.4957,10,0
clark2026,92,10,<eos>,5.3797,2.3026,3.0772,10,0
clark2026,93,0,The,3.9742,2.9243,1.0498,10,0
clark2026,93,1,beers,12.2537,11.7436,0.5101,10,0
clark2026,93,2,were,3.5309,6.1239,-2.5930,10,0
clark2026,93,3,last,6.4449,7.2307,-0.7858,10,0
clark2026,93,4,seen,3.6464,8.0134,-4.3670,10,0
clark2026,93,5,roaming,15.1276,12.6649,2.4627,10,0
clark2026,93,6,in,2.0504,3.9846,-1.9342,10,0
clark2026,93,7,the,1.1359,2.9243,-1.7885,10,0
clark2026,93,8,forest,5.6451,9.9015,-4.2564,10,0
clark2026,93,9,.,2.4962,2.3026,0.1936,10,0
clark2026,93,10,<eos>,5.1146,2.3026,2.8121,10,0
clark2026,94,0,The,3.9742,2.9243,1.0498,10,0
clark2026,94,1,beers,12.2537,11.7436,0.5101,10,0
clark2026,94,2,were,3.5309,6.1239,-2.5930,10,0
clark2026,94,3,last,6.4449,7.2307,-0.7858,10,0
clark2026,94,4,seen,3.6464,8.0134,-4.3670,10,0
clark2026,94,5,chilling,14.0087,12.2263,1.7825,10,0
clark2026,94,6,in,1.6638,3.9846,-2.3208,10,0
clark2026,94,7,the,1.6170,2.9243,-1.3074,10,0
clark2026,94,8,freezer,8.5106,12.2960,-3.7854,10,0
clark2026,94,9,.,1.7090,2.3026,-0.5936,10,0
clark2026,94,10,<eos>,4.9465,2.3026,2.6439,10,0
clark2026,95,0,The,3.9742,2.9243,1.0498,10,0
clark2026,95,1,beers,12.2537,11.7436,0.5101,10,0
clark2026,95,2,were,3.5309,6.1239,-2.5930,10,0
clark2026,95,3,last,6.4449,7.2307,-0.7858,10,0
clark2026,95,4,seen,3.6464,8.0134,-4.3670,10,0
clark2026,95,5,planning,11.9289,9.4410,2.4879,10,0
clark2026,95,6,with,5.9471,4.9505,0.9966,10,0
clark2026,95,7,her,8.0272,6.2146,1.8126,10,0
clark2026,95,8,friends,5.1641,8.2208,-3.0567,10,0
clark2026,95,9,.,2.5027,2.3026,0.2001,10,0
clark2026,95,10,<eos>,5.2311,2.3026,2.9286,10,0
clark2026,96,0,The,3.9742,2.9243,1.0498,10,0
clark2026,96,1,papers,9.3261,10.1093,-0.7832,10,0
clark2026,96,2,were,4.5777,6.1239,-1.5462,10,0
clark2026,96,3,last,7.6841,7.2307,0.4534,10,0
clark2026,96,4,seen,4.9594,8.0134,-3.0540,10,0
clark2026,96,5,roaming,15.0902,12.6649,2.4253,10,0
clark2026,96,6,in,2.4281,3.9846,-1.5565,10,0
clark2026,96,7,the,1.2284,2.9243,-1.6959,10,0
clark2026,96,8,forest,5.4688,9.9015,-4.4327,10,0
clark2026,96,9,.,2.6556,2.3026,0.3530,10,0
clark2026,96,10,<eos>,5.2980,2.3026,2.9954,10,0
clark2026,97,0,The,3.9742,2.9243,1.0498,10,0
clark2026,97,1,papers,9.3261,10.1093,-0.7832,10,0
clark2026,97,2,were,4.5777,6.1239,-1.5462,10,0
clark2026,97,3,last,7.6841,7.2307,0.4534,10,0
clark2026,97,4,seen,4.9594,8.0134,-3.0540,10,0
clark2026,97,5,chilling,13.4758,12.2263,1.2495,10,0
clark2026,97,6,in,2.3003,3.9846,-1.6843,10,0
clark2026,97,7,the,1.5413,2.9243,-1.3831,10,0
clark2026,97,8,freezer,9.7083,12.2960,-2.5877,10,0
clark2026,97,9,.,1.8193,2.3026,-0.4832,10,0
clark2026,97,10,<eos>,5.0361,2.3026,2.7335,10,0
clark2026,98,0,The,3.9742,2.9243,1.0498,10,0
clark2026,98,1,bearrs,23.6584,18.4207,5.2377,10,0
clark2026,98,2,were,2.8955,6.1239,-3.2284,10,0
clark2026,98,3,last,7.6892,7.2307,0.4585,10,0
clark2026,98,4,seen,2.9071,8.0134,-5.1063,10,0
clark2026,98,5,roaming,13.1713,12.6649,0.5064,10,0
clark2026,98,6,in,2.0095,3.9846,-1.9751,10,0
clark2026,98,7,the,1.1739,2.9243,-1.7504,10,0
clark2026,98,8,forest,3.9149,9.9015,-5.9866,10,0
clark2026,98,9,.,2.6893,2.3026,0.3867,10,0
clark2026,98,10,<eos>,5.2395,2.3026,2.9369,10,0
clark2026,99,0,The,3.9742,2.9243,1.0498,10,0
clark2026,99,1,beerrs,30.4156,18.4207,11.9949,10,0
clark2026,99,2,were,3.7914,6.1239,-2.3324,10,0
clark2026,99,3,last,7.0870,7.2307,-0.1438,10,0
clark2026,99,4,seen,3.7593,8.0134,-4.2541,10,0
clark2026,99,5,chilling,12.7955,12.2263,0.5692,10,0
clark2026,99,6,in,1.9472,3.9846,-2.0374,10,0
clark2026,99,7,the,1.5344,2.9243,-1.3900,10,0
clark2026,99,8,freezer,8.7746,12.2960,-3.5214,10,0
clark2026,99,9,.,1.8189,2.3026,-0.4836,10,0
clark2026,99,10,<eos>,4.9751,2.3026,2.6725,10,0
clark2026,100,0,The,3.9738,2.9243,1.0495,12,0
clark2026,100,1,driver,9.0267,9.7866,-0.7599,12,0
clark2026,100,2,bumped,11.5252,12.6873,-1.1622,12,0
clark2026,100,3,the,1.4277,2.9243,-1.4966,12,0
clark2026,100,4,bright,9.8812,10.1093,-0.2281,12,0
clark2026,100,5,red,2.2070,8.4732,-6.2661,12,0
clark2026,100,6,traffic,9.0743,9.5557,-0.4814,12,0
clark2026,100,7,cone,7.0461,11.9045,-4.8583,12,0
clark2026,100,8,with,3.6376,4.9505,-1.3129,12,0
clark2026,100,9,his,4.0534,5.7322,-1.6788,12,0
clark2026,100,10,car,4.5893,8.1736,-3.5843,12,0
clark2026,100,11,.,2.1172,2.3026,-0.1854,12,0
clark2026,100,12,<eos>,5.5537,2.3026,3.2511,12,0
clark2026,101,0,The,3.9742,2.9243,1.0498,11,0
clark2026,101,1,driver,9.0265,9.7866,-0.7601,11,0
clark2026,101,2,bumped,11.5253,12.6873,-1.1621,11,0
clark2026,101,3,the,1.4275,2.9243,-1.4968,11,0
clark2026,101,4,bright,9.8811,10.1093,-0.2282,11,0
clark2026,101,5,red,2.2069,8.4732,-6.2663,11,0
clark2026,101,6,tank,8.6686,10.1992,-1.5306,11,0
clark2026,101,7,full,7.1807,7.9662,-0.7855,11,0
clark2026,101,8,of,0.8810,3.6849,-2.8039,11,0
clark2026,101,9,gas,4.3824,9.1905,-4.8082,11,0
clark2026,101,10,.,2.2857,2.3026,-0.0169,11,0
clark2026,101,11,<eos>,5.4834,2.3026,3.1809,11,0
clark2026,102,0,The,3.9742,2.9243,1.0498,11,0
clark2026,102,1,driver,9.0265,9.7866,-0.7601,11,0
clark2026,102,2,bumped,11.5253,12.6873,-1.1621,11,0
clark2026,102,3,the,1.4275,2.9243,-1.4968,11,0
clark2026,102,4,bright,9.8811,10.1093,-0.2282,11,0
clark2026,102,5,red,2.2069,8.4732,-6.2663,11,0
clark2026,102,6,inequality,14.1845,11.6968,2.4876,11,0
clark2026,102,7,between,3.3382,7.4371,-4.0989,11,0
clark2026,102,8,the,1.0720,2.9243,-1.8523,11,0
clark2026,102,9,groups,8.3041,8.9327,-0.6286,11,0
clark2026,102,10,.,1.7748,2.3026,-0.5278,11,0
clark2026,102,11,<eos>,5.9418,2.3026,3.6392,11,0
clark2026,103,0,The,3.9742,2.9243,1.0498,12,0
clark2026,103,1,driver,9.0265,9.7866,-0.7601,12,0
clark2026,103,2,pumped,11.9379,11.9958,-0.0579,12,0
clark2026,103,3,the,2.4484,2.9243,-0.4760,12,0
clark2026,103,4,bright,9.8517,10.1093,-0.2575,12,0
clark2026,103,5,red,3.1742,8.4732,-5.2990,12,0
clark2026,103,6,traffic,8.4562,9.5557,-1.0995,12,0
clark2026,103,7,cone,7.7064,11.9045,-4.1981,12,0
clark2026,103,8,with,3.4670,4.9505,-1.4835,12,0
clark2026,103,9,his,4.7875,5.7322,-0.9446,12,0
clark2026,103,10,car,4.8566,8.1736,-3.3170,12,0
clark2026,103,11,.,1.8299,2.3026,-0.4727,12,0
clark2026,103,12,<eos>,5.7175,2.3026,3.4149,12,0
clark2026,104,0,The,3.9742,2.9243,1.0498,11,0
clark2026,104,1,driver,9.0265,9.7866,-0.7601,11,0
clark2026,104,2,pumped,11.9379,11.9958,-0.0579,11,0
clark2026,104,3,the,2.4484,2.9243,-0.4760,11,0
clark2026,104,4,bright,9.8517,10.1093,-0.2575,11,0
clark2026,104,5,red,3.1742,8.4732,-5.2990,11,0
clark2026,104,6,tank,6.9489,10.1992,-3.2504,11,0
clark2026,104,7,full,6.4661,7.9662,-1.5001,11,0
clark2026,104,8,of,0.2981,3.6849,-3.3868,11,0
clark2026,104,9,gas,4.4039,9.1905,-4.7867,11,0
clark2026,104,10,.,2.6663,2.3026,0.3637,11,0
clark2026,104,11,<eos>,5.8101,2.3026,3.5075,11,0
clark2026,105,0,The,3.9742,2.9243,1.0498,11,0
clark2026,105,1,driver,9.0265,9.7866,-0.7601,11,0
clark2026,105,2,pumped,11.9379,11.9958,-0.0579,11,0
clark2026,105,3,the,2.4484,2.9243,-0.4760,11,0
clark2026,105,4,bright,9.8517,10.1093,-0.2575,11,0
clark2026,105,5,red,3.1742,8.4732,-5.2990,11,0
clark2026,105,6,inequality,14.2954,11.6968,2.5986,11,0
clark2026,105,7,between,5.5314,7.4371,-1.9057,11,0
clark2026,105,8,the,1.1727,2.9243,-1.7516,11,0
clark2026,105,9,groups,8.2443,8.9327,-0.6884,11,0
clark2026,105,10,.,2.0542,2.3026,-0.2484,11,0
clark2026,105,11,<eos>,6.1495,2.3026,3.8469,11,0
clark2026,106,0,The,3.9742,2.9243,1.0498,12,0
clark2026,106,1,driver,9.0265,9.7866,-0.7601,12,0
clark2026,106,2,praised,12.3697,11.4641,0.9055,12,0
clark2026,106,3,the,1.0671,2.9243,-1.8572,12,0
clark2026,106,4,bright,9.3499,10.1093,-0.7594,12,0
clark2026,106,5,red,3.8886,8.4732,-4.5845,12,0
clark2026,106,6,traffic,7.9208,9.5557,-1.6348,12,0
clark2026,106,7,cone,9.1433,11.9045,-2.7612,12,0
clark2026,106,8,with,3.9410,4.9505,-1.0095,12,0
clark2026,106,9,his,3.6824,5.7322,-2.0498,12,0
clark2026,106,10,car,4.9161,8.1736,-3.2575,12,0
clark2026,106,11,.,2.1019,2.3026,-0.2007,12,0
clark2026,106,12,<eos>,5.0606,2.3026,2.7581,12,0
clark2026,107,0,The,3.9742,2.9243,1.0498,11,0
clark2026,107,1,driver,9.0265,9.7866,-0.7601,11,0
clark2026,107,2,praised,12.3697,11.4641,0.9055,11,0
clark2026,107,3,the,1.0671,2.9243,-1.8572,11,0
clark2026,107,4,bright,9.3499,10.1093,-0.7594,11,0
clark2026,107,5,red,3.8886,8.4732,-4.5845,11,0
clark2026,107,6,tank,8.1177,10.1992,-2.0815,11,0
clark2026,107,7,full,8.2330,7.9662,0.2668,11,0
clark2026,107,8,of,0.3496,3.6849,-3.3353,11,0
clark2026,107,9,gas,4.9057,9.1905,-4.2848,11,0
clark2026,107,10,.,2.2661,2.3026,-0.0365,11,0
clark2026,107,11,<eos>,5.4246,2.3026,3.1220,11,0
clark2026,108,0,The,3.9734,2.9243,1.0490,12,0
clark2026,108,1,driver,9.0266,9.7866,-0.7600,12,0
clark2026,108,2,brmped,29.4425,18.4207,11.0218,12,0
clark2026,108,3,the,2.8212,2.9243,-0.1031,12,0
clark2026,108,4,bright,10.2578,10.1093,0.1485,12,0
clark2026,108,5,red,3.1802,8.4732,-5.2930,12,0
clark2026,108,6,traffic,8.2950,9.5557,-1.2606,12,0
clark2026,108,7,cone,7.9017,11.9045,-4.0028,12,0
clark2026,108,8,with,3.4597,4.9505,-1.4907,12,0
clark2026,108,9,his,4.1128,5.7322,-1.6194,12,0
clark2026,108,10,car,4.5078,8.1736,-3.6658,12,0
clark2026,108,11,.,1.9389,2.3026,-0.3637,12,0
clark2026,108,12,<eos>,5.3722,2.3026,3.0696,12,0
clark2026,109,0,The,3.9738,2.9243,1.0495,11,0
clark2026,109,1,driver,9.0267,9.7866,-0.7599,11,0
clark2026,109,2,prmped,34.2306,18.4207,15.8099,11,0
clark2026,109,3,the,2.7164,2.9243,-0.2080,11,0
clark2026,109,4,bright,10.2723,10.1093,0.1630,11,0
clark2026,109,5,red,3.3145,8.4732,-5.1587,11,0
clark2026,109,6,tank,9.0436,10.1992,-1.1556,11,0
clark2026,109,7,full,6.4715,7.9662,-1.4947,11,0
clark2026,109,8,of,0.4617,3.6849,-3.2232,11,0
clark2026,109,9,gas,4.7566,9.1905,-4.4340,11,0
clark2026,109,10,.,2.3726,2.3026,0.0701,11,0
clark2026,109,11,<eos>,5.3949,2.3026,3.0923,11,0
clark2026,110,0,Why,6.4356,7.0691,-0.6335,12,0
clark2026,110,1,did,4.2243,6.9999,-2.7756,12,0
clark2026,110,2,you,1.6405,4.6512,-3.0107,12,0
clark2026,110,3,shave,9.6861,11.9045,-2.2184,12,0
clark2026,110,4,your,1.4907,5.6869,-4.1962,12,0
clark2026,110,5,really,10.1262,6.9771,3.1491,12,0
clark2026,110,6,nice,3.7600,8.3602,-4.6002,12,0
clark2026,110,7,beard,4.6509,11.3559,-6.7050,12,0
clark2026,110,8,for,4.2484,4.5854,-0.3369,12,0
clark2026,110,9,no,5.6399,6.1013,-0.4614,12,0
clark2026,110,10,reason,1.2345,8.4732,-7.2387,12,0
clark2026,110,11,?,0.2042,2.3026,-2.0983,12,0
clark2026,110,12,<eos>,3.6606,2.3026,1.3580,12,0
clark2026,111,0,Why,6.4356,7.0691,-0.6335,12,0
clark2026,111,1,did,4.2243,6.9999,-2.7756,12,0
clark2026,111,2,you,1.6405,4.6512,-3.0107,12,0
clark2026,111,3,shave,9.6861,11.9045,-2.2184,12,0
clark2026,111,4,your,1.4907,5.6869,-4.1962,12,0
clark2026,111,5,really,10.1262,6.9771,3.1491,12,0
clark2026,111,6,nice,3.7600,8.3602,-4.6002,12,0
clark2026,111,7,teammate,12.8673,11.8811,0.9862,12,0
clark2026,111,8,for,4.3295,4.5854,-0.2559,12,0
clark2026,111,9,no,5.7344,6.1013,-0.3669,12,0
clark2026,111,10,reason,1.2443,8.4732,-7.2289,12,0
clark2026,111,11,?,0.2308,2.3026,-2.0718,12,0
clark2026,111,12,<eos>,3.9208,2.3026,1.6182,12,0
clark2026,112,0,Why,6.4355,7.0691,-0.6336,11,0
clark2026,112,1,did,4.2239,6.9999,-2.7759,11,0
clark2026,112,2,you,1.6404,4.6512,-3.0108,11,0
clark2026,112,3,shave,9.6862,11.9045,-2.2183,11,0
clark2026,112,4,your,1.4905,5.6869,-4.1964,11,0
clark2026,112,5,really,10.1265,6.9771,3.1494,11,0
clark2026,112,6,nice,3.7598,8.3602,-4.6004,11,0
clark2026,112,7,attitude,8.9954,10.1779,-1.1826,11,0
clark2026,112,8,towards,5.9313,9.0706,-3.1393,11,0
clark2026,112,9,them,6.3291,6.4695,-0.1404,11,0
clark2026,112,10,?,0.4988,2.3026,-1.8038,11,0
clark2026,112,11,<eos>,4.4976,2.3026,2.1950,11,0
clark2026,113,0,Why,6.4356,7.0691,-0.6335,12,0
clark2026,113,1,did,4.2243,6.9999,-2.7756,12,0
clark2026,113,2,you,1.6405,4.6512,-3.0107,12,0
clark2026,113,3,shove,12.0857,12.2960,-0.2103,12,0
clark2026,113,4,your,1.7584,5.6869,-3.9285,12,0
clark2026,113,5,really,9.9278,6.9771,2.9507,12,0
clark2026,113,6,nice,3.8269,8.3602,-4.5333,12,0
clark2026,113,7,beard,7.6637,11.3559,-3.6923,12,0
clark2026,113,8,for,4.2648,4.5854,-0.3205,12,0
clark2026,113,9,no,5.7479,6.1013,-0.3534,12,0
clark2026,113,10,reason,1.0020,8.4732,-7.4712,12,0
clark2026,113,11,?,0.2126,2.3026,-2.0900,12,0
clark2026,113,12,<eos>,3.6676,2.3026,1.3650,12,0
clark2026,114,0,Why,6.4356,7.0691,-0.6335,12,0
clark2026,114,1,did,4.2243,6.9999,-2.7756,12,0
clark2026,114,2,you,1.6405,4.6512,-3.0107,12,0
clark2026,114,3,shove,12.0857,12.2960,-0.2103,12,0
clark2026,114,4,your,1.7584,5.6869,-3.9285,12,0
clark2026,114,5,really,9.9278,6.9771,2.9507,12,0
clark2026,114,6,nice,3.8269,8.3602,-4.5333,12,0
clark2026,114,7,teammate,10.3675,11.8811,-1.5136,12,0
clark2026,114,8,for,4.6266,4.5854,0.0412,12,0
clark2026,114,9,no,5.7815,6.1013,-0.3198,12,0
clark2026,114,10,reason,0.9308,8.4732,-7.5424,12,0
clark2026,114,11,?,0.2357,2.3026,-2.0669,12,0
clark2026,114,12,<eos>,3.8915,2.3026,1.5889,12,0
clark2026,115,0,Why,6.4355,7.0691,-0.6336,11,0
clark2026,115,1,did,4.2239,6.9999,-2.7759,11,0
clark2026,115,2,you,1.6404,4.6512,-3.0108,11,0
clark2026,115,3,shove,12.0854,12.2960,-0.2106,11,0
clark2026,115,4,your,1.7585,5.6869,-3.9284,11,0
clark2026,115,5,really,9.9277,6.9771,2.9506,11,0
clark2026,115,6,nice,3.8269,8.3602,-4.5333,11,0
clark2026,115,7,attitude,9.7207,10.1779,-0.4572,11,0
clark2026,115,8,towards,4.1604,9.0706,-4.9102,11,0
clark2026,115,9,them,6.0983,6.4695,-0.3712,11,0
clark2026,115,10,?,0.4825,2.3026,-1.8201,11,0
clark2026,115,11,<eos>,4.4947,2.3026,2.1922,11,0
clark2026,116,0,Why,6.4355,7.0691,-0.6336,12,0
clark2026,116,1,did,4.2239,6.9999,-2.7759,12,0
clark2026,116,2,you,1.6404,4.6512,-3.0108,12,0
clark2026,116,3,drink,7.9313,9.4410,-1.5097,12,0
clark2026,116,4,your,3.2401,5.6869,-2.4468,12,0
clark2026,116,5,really,9.3514,6.9771,2.3743,12,0
clark2026,116,6,nice,4.2613,8.3602,-4.0989,12,0
clark2026,116,7,beard,9.5047,11.3559,-1.8512,12,0
clark2026,116,8,for,4.6107,4.5854,0.0253,12,0
clark2026,116,9,no,5.8481,6.1013,-0.2532,12,0
clark2026,116,10,reason,1.0579,8.4732,-7.4153,12,0
clark2026,116,11,?,0.2110,2.3026,-2.0916,12,0
clark2026,116,12,<eos>,3.7907,2.3026,1.4881,12,0
clark2026,117,0,Why,6.4355,7.0691,-0.6336,12,0
clark2026,117,1,did,4.2239,6.9999,-2.7759,12,0
clark2026,117,2,you,1.6404,4.6512,-3.0108,12,0
clark2026,117,3,drink,7.9313,9.4410,-1.5097,12,0
clark2026,117,4,your,3.2401,5.6869,-2.4468,12,0
clark2026,117,5,really,9.3514,6.9771,2.3743,12,0
clark2026,117,6,nice,4.2613,8.3602,-4.0989,12,0
clark2026,117,7,teammate,11.9689,11.8811,0.0878,12,0
clark2026,117,8,for,4.7695,4.5854,0.1841,12,0
clark2026,117,9,no,5.8616,6.1013,-0.2397,12,0
clark2026,117,10,reason,1.2750,8.4732,-7.1982,12,0
clark2026,117,11,?,0.2296,2.3026,-2.0730,12,0
clark2026,117,12,<eos>,3.9624,2.3026,1.6598,12,0
clark2026,118,0,Why,6.4347,7.0691,-0.6344,12,0
clark2026,118,1,did,4.2242,6.9999,-2.7757,12,0
clark2026,118,2,you,1.6405,4.6512,-3.0107,12,0
clark2026,118,3,shavve,25.9218,18.4207,7.5011,12,0
clark2026,118,4,your,1.6582,5.6869,-4.0288,12,0
clark2026,118,5,really,8.7541,6.9771,1.7770,12,0
clark2026,118,6,nice,4.2543,8.3602,-4.1059,12,0
clark2026,118,7,beard,6.8149,11.3559,-4.5410,12,0
clark2026,118,8,for,3.9282,4.5854,-0.6572,12,0
clark2026,118,9,no,5.8417,6.1013,-0.2596,12,0
clark2026,118,10,reason,1.3343,8.4732,-7.1389,12,0
clark2026,118,11,?,0.2075,2.3026,-2.0951,12,0
clark2026,118,12,<eos>,3.6125,2.3026,1.3100,12,0
clark2026,119,0,Why,6.4347,7.0691,-0.6344,12,0
clark2026,119,1,did,4.2242,6.9999,-2.7757,12,0
clark2026,119,2,you,1.6405,4.6512,-3.0107,12,0
clark2026,119,3,shovve,24.7444,18.4207,6.3238,12,0
clark2026,119,4,your,1.9367,5.6869,-3.7502,12,0
clark2026,119,5,really,8.6820,6.9771,1.7049,12,0
clark2026,119,6,nice,4.4612,8.3602,-3.8990,12,0
clark2026,119,7,teammate,10.8608,11.8811,-1.0203,12,0
clark2026,119,8,for,4.2641,4.5854,-0.3213,12,0
clark2026,119,9,no,6.0800,6.1013,-0.0213,12,0
clark2026,119,10,reason,1.3628,8.4732,-7.1104,12,0
clark2026,119,11,?,0.2384,2.3026,-2.0642,12,0
clark2026,119,12,<eos>,3.9214,2.3026,1.6188,12,0
clark2026,120,0,The,3.9742,2.9243,1.0498,8,0
clark2026,120,1,checks,11.5906,10.8000,0.7906,8,0
clark2026,120,2,were,3.3529,6.1239,-2.7709,8,0
clark2026,120,3,unexpectedly,11.6567,12.1804,-0.5237,8,0
clark2026,120,4,cashed,10.7548,13.5844,-2.8296,8,0
clark2026,120,5,on,3.0567,4.8122,-1.7555,8,0
clark2026,120,6,Monday,4.4827,9.6708,-5.1881,8,0
clark2026,120,7,.,2.1873,2.3026,-0.1153,8,0
clark2026,120,8,<eos>,6.3433,2.3026,4.0407,8,0
clark2026,121,0,The,3.9742,2.9243,1.0498,8,0
clark2026,121,1,checks,11.5906,10.8000,0.7906,8,0
clark2026,121,2,were,3.3529,6.1239,-2.7709,8,0
clark2026,121,3,unexpectedly,11.6567,12.1804,-0.5237,8,0
clark2026,121,4,hatched,12.2004,13.2167,-1.0163,8,0
clark2026,121,5,on,2.9658,4.8122,-1.8464,8,0
clark2026,121,6,Monday,5.6984,9.6708,-3.9723,8,0
clark2026,121,7,.,1.7763,2.3026,-0.5263,8,0
clark2026,121,8,<eos>,5.7372,2.3026,3.4346,8,0
clark2026,122,0,The,3.9742,2.9243,1.0498,9,0
clark2026,122,1,checks,11.5906,10.8000,0.7906,9,0
clark2026,122,2,were,3.3529,6.1239,-2.7709,9,0
clark2026,122,3,unexpectedly,11.6567,12.1804,-0.5237,9,0
clark2026,122,4,spoken,10.9696,10.4762,0.4934,9,0
clark2026,122,5,at,3.3191,5.2963,-1.9772,9,0
clark2026,122,6,the,1.1138,2.9243,-1.8105,9,0
clark2026,122,7,university,7.3042,8.3143,-1.0101,9,0
clark2026,122,8,.,3.2627,2.3026,0.9601,9,0
clark2026,122,9,<eos>,6.2047,2.3026,3.9021,9,0
clark2026,123,0,The,3.9742,2.9243,1.0498,8,0
clark2026,123,1,chicks,12.5059,11.8127,0.6932,8,0
clark2026,123,2,were,1.4097,6.1239,-4.7142,8,0
clark2026,123,3,unexpectedly,10.4016,12.1804,-1.7788,8,0
clark2026,123,4,cashed,11.8781,13.5844,-1.7063,8,0
clark2026,123,5,on,3.2858,4.8122,-1.5264,8,0
clark2026,123,6,Monday,4.9338,9.6708,-4.7370,8,0
clark2026,123,7,.,2.5443,2.3026,0.2418,8,0
clark2026,123,8,<eos>,6.7655,2.3026,4.4629,8,0
clark2026,124,0,The,3.9742,2.9243,1.0498,8,0
clark2026,124,1,chicks,12.5059,11.8127,0.6932,8,0
clark2026,124,2,were,1.4097,6.1239,-4.7142,8,0
clark2026,124,3,unexpectedly,10.4016,12.1804,-1.7788,8,0
clark2026,124,4,hatched,8.7377,13.2167,-4.4790,8,0
clark2026,124,5,on,2.6895,4.8122,-2.1227,8,0
clark2026,124,6,Monday,6.6448,9.6708,-3.0260,8,0
clark2026,124,7,.,2.2011,2.3026,-0.1015,8,0
clark2026,124,8,<eos>,6.2338,2.3026,3.9313,8,0
clark2026,125,0,The,3.9742,2.9243,1.0498,9,0
clark2026,125,1,chicks,12.5059,11.8127,0.6932,9,0
clark2026,125,2,were,1.4097,6.1239,-4.7142,9,0
clark2026,125,3,unexpectedly,10.4016,12.1804,-1.7788,9,0
clark2026,125,4,spoken,11.0725,10.4762,0.5963,9,0
clark2026,125,5,at,3.6722,5.2963,-1.6242,9,0
clark2026,125,6,the,1.5804,2.9243,-1.3440,9,0
clark2026,125,7,university,7.2242,8.3143,-1.0901,9,0
clark2026,125,8,.,2.9387,2.3026,0.6361,9,0
clark2026,125,9,<eos>,6.5411,2.3026,4.2386,9,0
clark2026,126,0,The,3.9742,2.9243,1.0498,8,0
clark2026,126,1,carpets,16.9347,12.9654,3.9693,8,0
clark2026,126,2,were,3.9464,6.1239,-2.1774,8,0
clark2026,126,3,unexpectedly,10.4136,12.1804,-1.7668,8,0
clark2026,126,4,cashed,10.5379,13.5844,-3.0465,8,0
clark2026,126,5,on,3.5224,4.8122,-1.2897,8,0
clark2026,126,6,Monday,5.3295,9.6708,-4.3413,8,0
clark2026,126,7,.,2.6852,2.3026,0.3826,8,0
clark2026,126,8,<eos>,6.3129,2.3026,4.0103,8,0
clark2026,127,0,The,3.9742,2.9243,1.0498,8,0
clark2026,127,1,carpets,16.9347,12.9654,3.9693,8,0
clark2026,127,2,were,3.9464,6.1239,-2.1774,8,0
clark2026,127,3,unexpectedly,10.4136,12.1804,-1.7668,8,0
clark2026,127,4,hatched,9.4837,13.2167,-3.7330,8,0
clark2026,127,5,on,3.0135,4.8122,-1.7987,8,0
clark2026,127,6,Monday,6.6083,9.6708,-3.0625,8,0
clark2026,127,7,.,2.3183,2.3026,0.0157,8,0
clark2026,127,8,<eos>,5.9062,2.3026,3.6036,8,0
clark2026,128,0,The,3.9742,2.9243,1.0498,8,0
clark2026,128,1,chekcs,26.2398,18.4207,7.8191,8,0
clark2026,128,2,were,4.7358,6.1239,-1.3880,8,0
clark2026,128,3,unexpectedly,10.3440,12.1804,-1.8364,8,0
clark2026,128,4,cashed,10.7398,13.5844,-2.8446,8,0
clark2026,128,5,on,3.1813,4.8122,-1.6309,8,0
clark2026,128,6,Monday,4.6402,9.6708,-5.0306,8,0
clark2026,128,7,.,2.6643,2.3026,0.3617,8,0
clark2026,128,8,<eos>,6.7270,2.3026,4.4245,8,0
clark2026,129,0,The,3.9742,2.9243,1.0498,8,0
clark2026,129,1,chikcs,25.8361,18.4207,7.4154,8,0
clark2026,129,2,were,4.0950,6.1239,-2.0289,8,0
clark2026,129,3,unexpectedly,10.5764,12.1804,-1.6041,8,0
clark2026,129,4,hatched,10.8521,13.2167,-2.3646,8,0
clark2026,129,5,on,2.9640,4.8122,-1.8482,8,0
clark2026,129,6,Monday,5.5051,9.6708,-4.1657,8,0
clark2026,129,7,.,2.4473,2.3026,0.1447,8,0
clark2026,129,8,<eos>,6.1891,2.3026,3.8865,8,0
clark2026,130,0,I,5.1530,4.3982,0.7548,13,0
clark2026,130,1,watched,7.6760,9.8547,-2.1787,13,0
clark2026,130,2,as,3.9511,5.1345,-1.1834,13,0
clark2026,130,3,a,1.7143,3.7766,-2.0623,13,0
clark2026,130,4,tune,10.1866,10.8923,-0.7057,13,0
clark2026,130,5,was,4.0343,5.0192,-0.9848,13,0
clark2026,130,6,quite,7.4250,8.5425,-1.1175,13,0
clark2026,130,7,masterfully,10.9526,14.8044,-3.8518,13,0
clark2026,130,8,played,4.0149,8.6797,-4.6648,13,0
clark2026,130,9,by,1.5277,5.3882,-3.8606,13,0
clark2026,130,10,the,1.6652,2.9243,-1.2592,13,0
clark2026,130,11,pianist,6.1369,12.7103,-6.5733,13,0
clark2026,130,12,.,2.6875,2.3026,0.3849,13,0
clark2026,130,13,<eos>,5.2659,2.3026,2.9634,13,0
clark2026,131,0,I,5.1530,4.3982,0.7548,13,0
clark2026,131,1,watched,7.6760,9.8547,-2.1787,13,0
clark2026,131,2,as,3.9511,5.1345,-1.1834,13,0
clark2026,131,3,a,1.7143,3.7766,-2.0623,13,0
clark2026,131,4,tune,10.1866,10.8923,-0.7057,13,0
clark2026,131,5,was,4.0343,5.0192,-0.9848,13,0
clark2026,131,6,quite,7.4250,8.5425,-1.1175,13,0
clark2026,131,7,masterfully,10.9526,14.8044,-3.8518,13,0
clark2026,131,8,installed,6.8738,10.5926,-3.7189,13,0
clark2026,131,9,by,2.7466,5.3882,-2.6416,13,0
clark2026,131,10,the,1.4133,2.9243,-1.5111,13,0
clark2026,131,11,plumber,9.0813,12.9870,-3.9057,13,0
clark2026,131,12,.,1.5140,2.3026,-0.7886,13,0
clark2026,131,13,<eos>,5.2940,2.3026,2.9914,13,0
clark2026,132,0,I,5.1530,4.3982,0.7548,13,0
clark2026,132,1,watched,7.6760,9.8547,-2.1787,13,0
clark2026,132,2,as,3.9511,5.1345,-1.1834,13,0
clark2026,132,3,a,1.7143,3.7766,-2.0623,13,0
clark2026,132,4,tune,10.1866,10.8923,-0.7057,13,0
clark2026,132,5,was,4.0343,5.0192,-0.9848,13,0
clark2026,132,6,quite,7.4250,8.5425,-1.1175,13,0
clark2026,132,7,masterfully,10.9526,14.8044,-3.8518,13,0
clark2026,132,8,humored,13.5043,15.7465,-2.2422,13,0
clark2026,132,9,by,0.9641,5.3882,-4.4242,13,0
clark2026,132,10,my,2.9955,5.5940,-2.5986,13,0
clark2026,132,11,mother,4.3817,8.6565,-4.2747,13,0
clark2026,132,12,.,1.5108,2.3026,-0.7917,13,0
clark2026,132,13,<eos>,5.5261,2.3026,3.2235,13,0
clark2026,133,0,I,5.1530,4.3982,0.7548,13,0
clark2026,133,1,watched,7.6760,9.8547,-2.1787,13,0
clark2026,133,2,as,3.9511,5.1345,-1.1834,13,0
clark2026,133,3,a,1.7143,3.7766,-2.0623,13,0
clark2026,133,4,tube,9.8519,10.6844,-0.8325,13,0
clark2026,133,5,was,2.7637,5.0192,-2.2555,13,0
clark2026,133,6,quite,7.8444,8.5425,-0.6981,13,0
clark2026,133,7,masterfully,13.8702,14.8044,-0.9342,13,0
clark2026,133,8,played,6.0487,8.6797,-2.6310,13,0
clark2026,133,9,by,2.0422,5.3882,-3.3461,13,0
clark2026,133,10,the,1.7123,2.9243,-1.2121,13,0
clark2026,133,11,pianist,8.2185,12.7103,-4.4918,13,0
clark2026,133,12,.,2.7204,2.3026,0.4178,13,0
clark2026,133,13,<eos>,5.5448,2.3026,3.2423,13,0
clark2026,134,0,I,5.1530,4.3982,0.7548,13,0
clark2026,134,1,watched,7.6760,9.8547,-2.1787,13,0
clark2026,134,2,as,3.9511,5.1345,-1.1834,13,0
clark2026,134,3,a,1.7143,3.7766,-2.0623,13,0
clark2026,134,4,tube,9.8519,10.6844,-0.8325,13,0
clark2026,134,5,was,2.7637,5.0192,-2.2555,13,0
clark2026,134,6,quite,7.8444,8.5425,-0.6981,13,0
clark2026,134,7,masterfully,13.8702,14.8044,-0.9342,13,0
clark2026,134,8,installed,5.8208,10.5926,-4.7719,13,0
clark2026,134,9,by,3.4554,5.3882,-1.9329,13,0
clark2026,134,10,the,1.4480,2.9243,-1.4763,13,0
clark2026,134,11,plumber,8.7014,12.9870,-4.2856,13,0
clark2026,134,12,.,1.4659,2.3026,-0.8367,13,0
clark2026,134,13,<eos>,5.5979,2.3026,3.2953,13,0
clark2026,135,0,I,5.1530,4.3982,0.7548,13,0
clark2026,135,1,watched,7.6760,9.8547,-2.1787,13,0
clark2026,135,2,as,3.9511,5.1345,-1.1834,13,0
clark2026,135,3,a,1.7143,3.7766,-2.0623,13,0
clark2026,135,4,tube,9.8519,10.6844,-0.8325,13,0
clark2026,135,5,was,2.7637,5.0192,-2.2555,13,0
clark2026,135,6,quite,7.8444,8.5425,-0.6981,13,0
clark2026,135,7,masterfully,13.8702,14.8044,-0.9342,13,0
clark2026,135,8,humored,14.1148,15.7465,-1.6317,13,0
clark2026,135,9,by,1.0166,5.3882,-4.3717,13,0
clark2026,135,10,my,2.9558,5.5940,-2.6383,13,0
clark2026,135,11,mother,3.7562,8.6565,-4.9002,13,0
clark2026,135,12,.,1.4968,2.3026,-0.8058,13,0
clark2026,135,13,<eos>,5.8601,2.3026,3.5575,13,0
clark2026,136,0,I,5.1530,4.3982,0.7548,13,0
clark2026,136,1,watched,7.6760,9.8547,-2.1787,13,0
clark2026,136,2,as,3.9511,5.1345,-1.1834,13,0
clark2026,136,3,a,1.7143,3.7766,-2.0623,13,0
clark2026,136,4,food,9.3507,8.2901,1.0606,13,0
clark2026,136,5,was,5.3634,5.0192,0.3442,13,0
clark2026,136,6,quite,7.1984,8.5425,-1.3441,13,0
clark2026,136,7,masterfully,14.3008,14.8044,-0.5036,13,0
clark2026,136,8,played,7.3001,8.6797,-1.3796,13,0
clark2026,136,9,by,1.7537,5.3882,-3.6346,13,0
clark2026,136,10,the,1.7643,2.9243,-1.1601,13,0
clark2026,136,11,pianist,9.0654,12.7103,-3.6449,13,0
clark2026,136,12,.,2.6568,2.3026,0.3542,13,0
clark2026,136,13,<eos>,5.5812,2.3026,3.2786,13,0
clark2026,137,0,I,5.1530,4.3982,0.7548,13,0
clark2026,137,1,watched,7.6760,9.8547,-2.1787,13,0
clark2026,137,2,as,3.9511,5.1345,-1.1834,13,0
clark2026,137,3,a,1.7143,3.7766,-2.0623,13,0
clark2026,137,4,food,9.3507,8.2901,1.0606,13,0
clark2026,137,5,was,5.3634,5.0192,0.3442,13,0
clark2026,137,6,quite,7.1984,8.5425,-1.3441,13,0
clark2026,137,7,masterfully,14.3008,14.8044,-0.5036,13,0
clark2026,137,8,installed,7.8692,10.5926,-2.7235,13,0
clark2026,137,9,by,3.0378,5.3882,-2.3504,13,0
clark2026,137,10,the,1.3276,2.9243,-1.5967,13,0
clark2026,137,11,plumber,8.6098,12.9870,-4.3772,13,0
clark2026,137,12,.,1.5272,2.3026,-0.7753,13,0
clark2026,137,13,<eos>,5.7010,2.3026,3.3984,13,0
clark2026,138,0,I,5.1530,4.3982,0.7548,13,0
clark2026,138,1,watched,7.6760,9.8547,-2.1787,13,0
clark2026,138,2,as,3.9511,5.1345,-1.1834,13,0
clark2026,138,3,a,1.7143,3.7766,-2.0623,13,0
clark2026,138,4,tiune,18.5567,18.4207,0.1360,13,0
clark2026,138,5,was,3.8678,5.0192,-1.1513,13,0
clark2026,138,6,quite,6.8385,8.5425,-1.7040,13,0
clark2026,138,7,masterfully,11.9391,14.8044,-2.8653,13,0
clark2026,138,8,played,5.8456,8.6797,-2.8341,13,0
clark2026,138,9,by,1.6180,5.3882,-3.7703,13,0
clark2026,138,10,the,1.7929,2.9243,-1.1314,13,0
clark2026,138,11,pianist,7.4361,12.7103,-5.2741,13,0
clark2026,138,12,.,2.8686,2.3026,0.5660,13,0
clark2026,138,13,<eos>,5.3762,2.3026,3.0737,13,0
clark2026,139,0,I,5.1530,4.3982,0.7548,13,0
clark2026,139,1,watched,7.6760,9.8547,-2.1787,13,0
clark2026,139,2,as,3.9511,5.1345,-1.1834,13,0
clark2026,139,3,a,1.7143,3.7766,-2.0623,13,0
clark2026,139,4,tiube,21.8129,18.4207,3.3922,13,0
clark2026,139,5,was,5.5424,5.0192,0.5232,13,0
clark2026,139,6,quite,7.3477,8.5425,-1.1948,13,0
clark2026,139,7,masterfully,12.2226,14.8044,-2.5817,13,0
clark2026,139,8,installed,5.7902,10.5926,-4.8024,13,0
clark2026,139,9,by,3.1048,5.3882,-2.2834,13,0
clark2026,139,10,the,1.5514,2.9243,-1.3729,13,0
clark2026,139,11,plumber,9.1746,12.9870,-3.8123,13,0
clark2026,139,12,.,1.5242,2.3026,-0.7784,13,0
clark2026,139,13,<eos>,5.3081,2.3026,3.0055,13,0
clark2026,140,0,The,3.9734,2.9243,1.0490,14,0
clark2026,140,1,doctor,9.0335,9.4410,-0.4075,14,0
clark2026,140,2,sees,6.9058,10.1545,-3.2487,14,0
clark2026,140,3,patients,5.7290,9.4174,-3.6884,14,0
clark2026,140,4,with,1.7492,4.9505,-3.2013,14,0
clark2026,140,5,mental,5.2227,9.6019,-4.3792,14,0
clark2026,140,6,or,5.0921,5.6636,-0.5715,14,0
clark2026,140,7,other,4.9742,6.5362,-1.5619,14,0
clark2026,140,8,kinds,7.6208,10.3374,-2.7166,14,0
clark2026,140,9,of,0.0161,3.6849,-3.6688,14,0
clark2026,140,10,illnesses,2.3772,12.2722,-9.8950,14,0
clark2026,140,11,affecting,7.0689,11.3559,-4.2871,14,0
clark2026,140,12,them,2.4392,6.4695,-4.0303,14,0
clark2026,140,13,.,1.2749,2.3026,-1.0277,14,0
clark2026,140,14,<eos>,5.5965,2.3026,3.2939,14,0
clark2026,141,0,The,3.9745,2.9243,1.0501,15,0
clark2026,141,1,doctor,9.0336,9.4410,-0.4075,15,0
clark2026,141,2,sees,6.9059,10.1545,-3.2486,15,0
clark2026,141,3,patients,5.7295,9.4174,-3.6878,15,0
clark2026,141,4,with,1.7492,4.9505,-3.2013,15,0
clark2026,141,5,mental,5.2228,9.6019,-4.3791,15,0
clark2026,141,6,or,5.0921,5.6636,-0.5715,15,0
clark2026,141,7,other,4.9747,6.5362,-1.5615,15,0
clark2026,141,8,kinds,7.6208,10.3374,-2.7165,15,0
clark2026,141,9,of,0.0161,3.6849,-3.6688,15,0
clark2026,141,10,fragments,14.7468,11.9269,2.8198,15,0
clark2026,141,11,in,3.1185,3.9846,-0.8661,15,0
clark2026,141,12,their,2.2461,6.1469,-3.9009,15,0
clark2026,141,13,bodies,2.1710,9.9237,-7.7527,15,0
clark2026,141,14,.,1.2339,2.3026,-1.0687,15,0
clark2026,141,15,<eos>,5.5752,2.3026,3.2726,15,0
clark2026,142,0,The,3.9745,2.9243,1.0501,15,0
clark2026,142,1,doctor,9.0336,9.4410,-0.4075,15,0
clark2026,142,2,sees,6.9059,10.1545,-3.2486,15,0
clark2026,142,3,patients,5.7295,9.4174,-3.6878,15,0
clark2026,142,4,with,1.7492,4.9505,-3.2013,15,0
clark2026,142,5,mental,5.2228,9.6019,-4.3791,15,0
clark2026,142,6,or,5.0921,5.6636,-0.5715,15,0
clark2026,142,7,other,4.9747,6.5362,-1.5615,15,0
clark2026,142,8,kinds,7.6208,10.3374,-2.7165,15,0
clark2026,142,9,of,0.0161,3.6849,-3.6688,15,0
clark2026,142,10,carpets,18.4431,12.9654,5.4777,15,0
clark2026,142,11,on,3.8523,4.8122,-0.9599,15,0
clark2026,142,12,the,1.3546,2.9243,-1.5697,15,0
clark2026,142,13,floor,1.0529,9.3485,-8.2956,15,0
clark2026,142,14,.,1.5969,2.3026,-0.7057,15,0
clark2026,142,15,<eos>,5.6537,2.3026,3.3511,15,0
clark2026,143,0,The,3.9734,2.9243,1.0490,14,0
clark2026,143,1,doctor,9.0335,9.4410,-0.4075,14,0
clark2026,143,2,sees,6.9058,10.1545,-3.2487,14,0
clark2026,143,3,patients,5.7290,9.4174,-3.6884,14,0
clark2026,143,4,with,1.7492,4.9505,-3.2013,14,0
clark2026,143,5,metal,9.5559,9.6243,-0.0685,14,0
clark2026,143,6,or,4.4741,5.6636,-1.1895,14,0
clark2026,143,7,other,2.7609,6.5362,-3.7753,14,0
clark2026,143,8,kinds,6.7179,10.3374,-3.6195,14,0
clark2026,143,9,of,0.0432,3.6849,-3.6417,14,0
clark2026,143,10,illnesses,2.9837,12.2722,-9.2885,14,0
clark2026,143,11,affecting,7.0113,11.3559,-4.3446,14,0
clark2026,143,12,them,2.7820,6.4695,-3.6875,14,0
clark2026,143,13,.,1.1890,2.3026,-1.1136,14,0
clark2026,143,14,<eos>,5.6703,2.3026,3.3677,14,0
clark2026,144,0,The,3.9745,2.9243,1.0501,15,0
clark2026,144,1,doctor,9.0336,9.4410,-0.4075,15,0
clark2026,144,2,sees,6.9059,10.1545,-3.2486,15,0
clark2026,144,3,patients,5.7295,9.4174,-3.6878,15,0
clark2026,144,4,with,1.7492,4.9505,-3.2013,15,0
clark2026,144,5,metal,9.5555,9.6243,-0.0688,15,0
clark2026,144,6,or,4.4743,5.6636,-1.1893,15,0
clark2026,144,7,other,2.7609,6.5362,-3.7753,15,0
clark2026,144,8,kinds,6.7176,10.3374,-3.6197,15,0
clark2026,144,9,of,0.0432,3.6849,-3.6417,15,0
clark2026,144,10,fragments,11.7086,11.9269,-0.2184,15,0
clark2026,144,11,in,2.5909,3.9846,-1.3937,15,0
clark2026,144,12,their,2.2812,6.1469,-3.8658,15,0
clark2026,144,13,bodies,1.8860,9.9237,-8.0377,15,0
clark2026,144,14,.,1.2916,2.3026,-1.0110,15,0
clark2026,144,15,<eos>,5.5995,2.3026,3.2969,15,0
clark2026,145,0,The,3.9745,2.9243,1.0501,15,0
clark2026,145,1,doctor,9.0336,9.4410,-0.4075,15,0
clark2026,145,2,sees,6.9059,10.1545,-3.2486,15,0
clark2026,145,3,patients,5.7295,9.4174,-3.6878,15,0
clark2026,145,4,with,1.7492,4.9505,-3.2013,15,0
clark2026,145,5,metal,9.5555,9.6243,-0.0688,15,0
clark2026,145,6,or,4.4743,5.6636,-1.1893,15,0
clark2026,145,7,other,2.7609,6.5362,-3.7753,15,0
clark2026,145,8,kinds,6.7176,10.3374,-3.6197,15,0
clark2026,145,9,of,0.0432,3.6849,-3.6417,15,0
clark2026,145,10,carpets,13.4362,12.9654,0.4708,15,0
clark2026,145,11,on,3.7372,4.8122,-1.0749,15,0
clark2026,145,12,the,1.3167,2.9243,-1.6077,15,0
clark2026,145,13,floor,1.1855,9.3485,-8.1630,15,0
clark2026,145,14,.,1.5703,2.3026,-0.7323,15,0
clark2026,145,15,<eos>,5.6840,2.3026,3.3814,15,0
clark2026,146,0,The,3.9734,2.9243,1.0490,14,0
clark2026,146,1,doctor,9.0335,9.4410,-0.4075,14,0
clark2026,146,2,sees,6.9058,10.1545,-3.2487,14,0
clark2026,146,3,patients,5.7290,9.4174,-3.6884,14,0
clark2026,146,4,with,1.7492,4.9505,-3.2013,14,0
clark2026,146,5,insurance,10.1422,9.3485,0.7937,14,0
clark2026,146,6,or,4.0993,5.6636,-1.5643,14,0
clark2026,146,7,other,2.4661,6.5362,-4.0700,14,0
clark2026,146,8,kinds,5.9175,10.3374,-4.4199,14,0
clark2026,146,9,of,0.0237,3.6849,-3.6612,14,0
clark2026,146,10,illnesses,3.6428,12.2722,-8.6295,14,0
clark2026,146,11,affecting,6.8629,11.3559,-4.4930,14,0
clark2026,146,12,them,2.2817,6.4695,-4.1878,14,0
clark2026,146,13,.,1.1431,2.3026,-1.1595,14,0
clark2026,146,14,<eos>,5.5540,2.3026,3.2514,14,0
clark2026,147,0,The,3.9745,2.9243,1.0501,15,0
clark2026,147,1,doctor,9.0336,9.4410,-0.4075,15,0
clark2026,147,2,sees,6.9059,10.1545,-3.2486,15,0
clark2026,147,3,patients,5.7295,9.4174,-3.6878,15,0
clark2026,147,4,with,1.7492,4.9505,-3.2013,15,0
clark2026,147,5,insurance,10.1423,9.3485,0.7939,15,0
clark2026,147,6,or,4.0988,5.6636,-1.5648,15,0
clark2026,147,7,other,2.4660,6.5362,-4.0702,15,0
clark2026,147,8,kinds,5.9179,10.3374,-4.4195,15,0
clark2026,147,9,of,0.0237,3.6849,-3.6612,15,0
clark2026,147,10,fragments,14.2057,11.9269,2.2788,15,0
clark2026,147,11,in,3.1147,3.9846,-0.8699,15,0
clark2026,147,12,their,2.3806,6.1469,-3.7664,15,0
clark2026,147,13,bodies,2.9176,9.9237,-7.0061,15,0
clark2026,147,14,.,1.0828,2.3026,-1.2198,15,0
clark2026,147,15,<eos>,5.5502,2.3026,3.2476,15,0
clark2026,148,0,The,3.9745,2.9243,1.0501,14,0
clark2026,148,1,doctor,9.0336,9.4410,-0.4075,14,0
clark2026,148,2,sees,6.9059,10.1545,-3.2486,14,0
clark2026,148,3,patients,5.7295,9.4174,-3.6878,14,0
clark2026,148,4,with,1.7492,4.9505,-3.2013,14,0
clark2026,148,5,metnal,20.8648,18.4207,2.4441,14,0
clark2026,148,6,or,5.3141,5.6636,-0.3495,14,0
clark2026,148,7,other,3.2397,6.5362,-3.2965,14,0
clark2026,148,8,kinds,7.8679,10.3374,-2.4694,14,0
clark2026,148,9,of,0.0779,3.6849,-3.6070,14,0
clark2026,148,10,illnesses,3.2213,12.2722,-9.0509,14,0
clark2026,148,11,affecting,7.1116,11.3559,-4.2443,14,0
clark2026,148,12,them,2.3711,6.4695,-4.0984,14,0
clark2026,148,13,.,1.0563,2.3026,-1.2463,14,0
clark2026,148,14,<eos>,5.3806,2.3026,3.0781,14,0
clark2026,149,0,The,3.9745,2.9243,1.0501,15,0
clark2026,149,1,doctor,9.0336,9.4410,-0.4075,15,0
clark2026,149,2,sees,6.9059,10.1545,-3.2486,15,0
clark2026,149,3,patients,5.7295,9.4174,-3.6878,15,0
clark2026,149,4,with,1.7492,4.9505,-3.2013,15,0
clark2026,149,5,meatl,20.5014,18.4207,2.0807,15,0
clark2026,149,6,or,9.4817,5.6636,3.8180,15,0
clark2026,149,7,other,2.7435,6.5362,-3.7927,15,0
clark2026,149,8,kinds,5.0540,10.3374,-5.2833,15,0
clark2026,149,9,of,0.0480,3.6849,-3.6369,15,0
clark2026,149,10,fragments,11.4426,11.9269,-0.4843,15,0
clark2026,149,11,in,3.0391,3.9846,-0.9455,15,0
clark2026,149,12,their,2.2891,6.1469,-3.8579,15,0
clark2026,149,13,bodies,2.1240,9.9237,-7.7997,15,0
clark2026,149,14,.,1.1832,2.3026,-1.1194,15,0
clark2026,149,15,<eos>,5.6414,2.3026,3.3388,15,0
clark2026,150,0,With,6.4274,4.9505,1.4769,13,0
clark2026,150,1,two,6.0553,6.6766,-0.6214,13,0
clark2026,150,2,strong,7.3074,8.7035,-1.3962,13,0
clark2026,150,3,wings,7.2232,10.5013,-3.2781,13,0
clark2026,150,4,this,4.8287,5.0192,-0.1905,13,0
clark2026,150,5,very,6.8826,6.9078,-0.0252,13,0
clark2026,150,6,powerful,5.6163,9.5557,-3.9394,13,0
clark2026,150,7,bird,5.6110,10.0613,-4.4503,13,0
clark2026,150,8,can,3.8719,5.8500,-1.9781,13,0
clark2026,150,9,fly,4.0085,9.7866,-5.7781,13,0
clark2026,150,10,for,4.0194,4.5854,-0.5660,13,0
clark2026,150,11,hours,5.1940,8.2901,-3.0961,13,0
clark2026,150,12,.,2.7822,2.3026,0.4796,13,0
clark2026,150,13,<eos>,4.4104,2.3026,2.1078,13,0
clark2026,151,0,With,6.4268,4.9505,1.4763,14,0
clark2026,151,1,two,6.0552,6.6766,-0.6215,14,0
clark2026,151,2,strong,7.3074,8.7035,-1.3961,14,0
clark2026,151,3,wings,7.2244,10.5013,-3.2770,14,0
clark2026,151,4,this,4.8286,5.0192,-0.1906,14,0
clark2026,151,5,very,6.8826,6.9078,-0.0252,14,0
clark2026,151,6,powerful,5.6160,9.5557,-3.9397,14,0
clark2026,151,7,team,5.8462,7.6670,-1.8209,14,0
clark2026,151,8,can,4.6296,5.8500,-1.2204,14,0
clark2026,151,9,qualify,8.5960,11.0747,-2.4786,14,0
clark2026,151,10,for,0.8878,4.5854,-3.6975,14,0
clark2026,151,11,the,1.1840,2.9243,-1.7403,14,0
clark2026,151,12,finals,6.8358,10.4762,-3.6404,14,0
clark2026,151,13,.,2.3997,2.3026,0.0971,14,0
clark2026,151,14,<eos>,4.2557,2.3026,1.9531,14,0
clark2026,152,0,With,6.4273,4.9505,1.4768,11,0
clark2026,152,1,two,6.0552,6.6766,-0.6215,11,0
clark2026,152,2,strong,7.3077,8.7035,-1.3958,11,0
clark2026,152,3,wings,7.2246,10.5013,-3.2767,11,0
clark2026,152,4,this,4.8282,5.0192,-0.1910,11,0
clark2026,152,5,very,6.8832,6.9078,-0.0245,11,0
clark2026,152,6,powerful,5.6163,9.5557,-3.9393,11,0
clark2026,152,7,leaf,9.0307,11.0061,-1.9754,11,0
clark2026,152,8,is,2.5163,4.4482,-1.9318,11,0
clark2026,152,9,green,8.7875,8.9102,-0.1228,11,0
clark2026,152,10,.,2.2732,2.3026,-0.0294,11,0
clark2026,152,11,<eos>,4.0697,2.3026,1.7671,11,0
clark2026,153,0,With,6.4274,4.9505,1.4769,13,0
clark2026,153,1,two,6.0553,6.6766,-0.6214,13,0
clark2026,153,2,strong,7.3074,8.7035,-1.3962,13,0
clark2026,153,3,wins,4.4686,9.9015,-5.4329,13,0
clark2026,153,4,this,3.8822,5.0192,-1.1370,13,0
clark2026,153,5,very,8.8932,6.9078,1.9854,13,0
clark2026,153,6,powerful,8.6428,9.5557,-0.9128,13,0
clark2026,153,7,bird,9.4761,10.0613,-0.5852,13,0
clark2026,153,8,can,4.9353,5.8500,-0.9147,13,0
clark2026,153,9,fly,6.3311,9.7866,-3.4555,13,0
clark2026,153,10,for,3.9163,4.5854,-0.6691,13,0
clark2026,153,11,hours,6.1510,8.2901,-2.1391,13,0
clark2026,153,12,.,2.9779,2.3026,0.6753,13,0
clark2026,153,13,<eos>,4.6608,2.3026,2.3582,13,0
clark2026,154,0,With,6.4268,4.9505,1.4763,14,0
clark2026,154,1,two,6.0552,6.6766,-0.6215,14,0
clark2026,154,2,strong,7.3074,8.7035,-1.3961,14,0
clark2026,154,3,wins,4.4677,9.9015,-5.4338,14,0
clark2026,154,4,this,3.8828,5.0192,-1.1364,14,0
clark2026,154,5,very,8.8942,6.9078,1.9864,14,0
clark2026,154,6,powerful,8.6428,9.5557,-0.9128,14,0
clark2026,154,7,team,4.2783,7.6670,-3.3888,14,0
clark2026,154,8,can,4.8915,5.8500,-0.9584,14,0
clark2026,154,9,qualify,7.6530,11.0747,-3.4217,14,0
clark2026,154,10,for,0.7252,4.5854,-3.8602,14,0
clark2026,154,11,the,0.9873,2.9243,-1.9370,14,0
clark2026,154,12,finals,6.6687,10.4762,-3.8075,14,0
clark2026,154,13,.,2.2798,2.3026,-0.0228,14,0
clark2026,154,14,<eos>,4.4505,2.3026,2.1479,14,0
clark2026,155,0,With,6.4273,4.9505,1.4768,11,0
clark2026,155,1,two,6.0552,6.6766,-0.6215,11,0
clark2026,155,2,strong,7.3077,8.7035,-1.3958,11,0
clark2026,155,3,wins,4.4672,9.9015,-5.4343,11,0
clark2026,155,4,this,3.8826,5.0192,-1.1366,11,0
clark2026,155,5,very,8.8932,6.9078,1.9854,11,0
clark2026,155,6,powerful,8.6428,9.5557,-0.9128,11,0
clark2026,155,7,leaf,11.8207,11.0061,0.8146,11,0
clark2026,155,8,is,4.1733,4.4482,-0.2748,11,0
clark2026,155,9,green,9.4438,8.9102,0.5336,11,0
clark2026,155,10,.,2.3113,2.3026,0.0087,11,0
clark2026,155,11,<eos>,4.3455,2.3026,2.0429,11,0
clark2026,156,0,With,6.4274,4.9505,1.4769,13,0
clark2026,156,1,two,6.0553,6.6766,-0.6214,13,0
clark2026,156,2,strong,7.3074,8.7035,-1.3962,13,0
clark2026,156,3,arms,4.1549,9.6243,-5.4695,13,0
clark2026,156,4,this,5.6784,5.0192,0.6592,13,0
clark2026,156,5,very,6.7803,6.9078,-0.1275,13,0
clark2026,156,6,powerful,5.6594,9.5557,-3.8962,13,0
clark2026,156,7,bird,9.2351,10.0613,-0.8262,13,0
clark2026,156,8,can,3.8589,5.8500,-1.9910,13,0
clark2026,156,9,fly,4.7215,9.7866,-5.0651,13,0
clark2026,156,10,for,4.0876,4.5854,-0.4978,13,0
clark2026,156,11,hours,4.9549,8.2901,-3.3351,13,0
clark2026,156,12,.,2.9411,2.3026,0.6385,13,0
clark2026,156,13,<eos>,4.6989,2.3026,2.3963,13,0
clark2026,157,0,With,6.4268,4.9505,1.4763,14,0
clark2026,157,1,two,6.0552,6.6766,-0.6215,14,0
clark2026,157,2,strong,7.3074,8.7035,-1.3961,14,0
clark2026,157,3,arms,4.1555,9.6243,-5.4688,14,0
clark2026,157,4,this,5.6779,5.0192,0.6587,14,0
clark2026,157,5,very,6.7800,6.9078,-0.1278,14,0
clark2026,157,6,powerful,5.6590,9.5557,-3.8966,14,0
clark2026,157,7,team,5.5467,7.6670,-2.1204,14,0
clark2026,157,8,can,4.6007,5.8500,-1.2493,14,0
clark2026,157,9,qualify,8.7609,11.0747,-2.3138,14,0
clark2026,157,10,for,0.8413,4.5854,-3.7440,14,0
clark2026,157,11,the,1.2003,2.9243,-1.7241,14,0
clark2026,157,12,finals,7.2538,10.4762,-3.2224,14,0
clark2026,157,13,.,2.3873,2.3026,0.0847,14,0
clark2026,157,14,<eos>,4.4167,2.3026,2.1141,14,0
clark2026,158,0,With,6.4280,4.9505,1.4775,13,0
clark2026,158,1,two,6.0552,6.6766,-0.6214,13,0
clark2026,158,2,strong,7.3054,8.7035,-1.3981,13,0
clark2026,158,3,wjngs,31.0587,18.4207,12.6381,13,0
clark2026,158,4,this,5.1345,5.0192,0.1153,13,0
clark2026,158,5,very,6.9275,6.9078,0.0197,13,0
clark2026,158,6,powerful,7.0636,9.5557,-2.4920,13,0
clark2026,158,7,bird,9.0280,10.0613,-1.0333,13,0
clark2026,158,8,can,3.7638,5.8500,-2.0862,13,0
clark2026,158,9,fly,4.9810,9.7866,-4.8056,13,0
clark2026,158,10,for,3.7615,4.5854,-0.8239,13,0
clark2026,158,11,hours,4.6126,8.2901,-3.6774,13,0
clark2026,158,12,.,3.0426,2.3026,0.7400,13,0
clark2026,158,13,<eos>,4.5256,2.3026,2.2230,13,0
clark2026,159,0,With,6.4280,4.9505,1.4775,14,0
clark2026,159,1,two,6.0552,6.6766,-0.6214,14,0
clark2026,159,2,strong,7.3054,8.7035,-1.3981,14,0
clark2026,159,3,wjns,30.4607,18.4207,12.0400,14,0
clark2026,159,4,this,7.6772,5.0192,2.6580,14,0
clark2026,159,5,very,6.7414,6.9078,-0.1664,14,0
clark2026,159,6,powerful,6.9179,9.5557,-2.6378,14,0
clark2026,159,7,team,5.0869,7.6670,-2.5801,14,0
clark2026,159,8,can,4.6220,5.8500,-1.2279,14,0
clark2026,159,9,qualify,8.8750,11.0747,-2.1997,14,0
clark2026,159,10,for,0.8792,4.5854,-3.7062,14,0
clark2026,159,11,the,1.1399,2.9243,-1.7844,14,0
clark2026,159,12,finals,7.0121,10.4762,-3.4641,14,0
clark2026,159,13,.,2.4187,2.3026,0.1161,14,0
clark2026,159,14,<eos>,4.3803,2.3026,2.0777,14,0
clark2026,160,0,These,6.7166,6.8124,-0.0959,10,0
clark2026,160,1,bills,8.8058,10.3160,-1.5101,10,0
clark2026,160,2,definitely,10.1241,9.3025,0.8217,10,0
clark2026,160,3,appear,5.2657,9.5557,-4.2900,10,0
clark2026,160,4,to,0.7103,3.6156,-2.9053,10,0
clark2026,160,5,be,0.3715,5.0881,-4.7165,10,0
clark2026,160,6,counterfeit,10.3280,12.9194,-2.5914,10,0
clark2026,160,7,",",2.1687,2.3026,-0.1339,10,0
clark2026,160,8,unfortunately,8.9879,10.0850,-1.0971,10,0
clark2026,160,9,.,1.8682,2.3026,-0.4344,10,0
clark2026,160,10,<eos>,5.3764,2.3026,3.0738,10,0
clark2026,161,0,These,6.7166,6.8124,-0.0959,10,0
clark2026,161,1,bills,8.8058,10.3160,-1.5101,10,0
clark2026,161,2,definitely,10.1241,9.3025,0.8217,10,0
clark2026,161,3,appear,5.2657,9.5557,-4.2900,10,0
clark2026,161,4,to,0.7103,3.6156,-2.9053,10,0
clark2026,161,5,be,0.3715,5.0881,-4.7165,10,0
clark2026,161,6,steep,10.0162,11.5362,-1.5200,10,0
clark2026,161,7,",",1.9978,2.3026,-0.3048,10,0
clark2026,161,8,unfortunately,8.4047,10.0850,-1.6803,10,0
clark2026,161,9,.,1.5153,2.3026,-0.7873,10,0
clark2026,161,10,<eos>,6.1811,2.3026,3.8785,10,0
clark2026,162,0,These,6.7166,6.8124,-0.0959,10,0
clark2026,162,1,bills,8.8058,10.3160,-1.5101,10,0
clark2026,162,2,definitely,10.1241,9.3025,0.8217,10,0
clark2026,162,3,appear,5.2657,9.5557,-4.2900,10,0
clark2026,162,4,to,0.7103,3.6156,-2.9053,10,0
clark2026,162,5,be,0.3715,5.0881,-4.7165,10,0
clark2026,162,6,spicy,14.5541,11.9734,2.5808,10,0
clark2026,162,7,",",1.5718,2.3026,-0.7308,10,0
clark2026,162,8,unfortunately,10.1242,10.0850,0.0392,10,0
clark2026,162,9,.,1.6558,2.3026,-0.6468,10,0
clark2026,162,10,<eos>,6.0218,2.3026,3.7192,10,0
clark2026,163,0,These,6.7166,6.8124,-0.0959,10,0
clark2026,163,1,hills,9.4516,10.4551,-1.0036,10,0
clark2026,163,2,definitely,10.4998,9.3025,1.1973,10,0
clark2026,163,3,appear,5.4313,9.5557,-4.1244,10,0
clark2026,163,4,to,0.5458,3.6156,-3.0698,10,0
clark2026,163,5,be,0.3015,5.0881,-4.7866,10,0
clark2026,163,6,counterfeit,13.4168,12.9194,0.4974,10,0
clark2026,163,7,",",2.1881,2.3026,-0.1145,10,0
clark2026,163,8,unfortunately,9.1881,10.0850,-0.8969,10,0
clark2026,163,9,.,2.0817,2.3026,-0.2208,10,0
clark2026,163,10,<eos>,5.4079,2.3026,3.1053,10,0
clark2026,164,0,These,6.7166,6.8124,-0.0959,10,0
clark2026,164,1,hills,9.4516,10.4551,-1.0036,10,0
clark2026,164,2,definitely,10.4998,9.3025,1.1973,10,0
clark2026,164,3,appear,5.4313,9.5557,-4.1244,10,0
clark2026,164,4,to,0.5458,3.6156,-3.0698,10,0
clark2026,164,5,be,0.3015,5.0881,-4.7866,10,0
clark2026,164,6,steep,7.6570,11.5362,-3.8792,10,0
clark2026,164,7,",",1.9844,2.3026,-0.3182,10,0
clark2026,164,8,unfortunately,10.3622,10.0850,0.2772,10,0
clark2026,164,9,.,1.8872,2.3026,-0.4154,10,0
clark2026,164,10,<eos>,6.1696,2.3026,3.8670,10,0
clark2026,165,0,These,6.7166,6.8124,-0.0959,10,0
clark2026,165,1,hills,9.4516,10.4551,-1.0036,10,0
clark2026,165,2,definitely,10.4998,9.3025,1.1973,10,0
clark2026,165,3,appear,5.4313,9.5557,-4.1244,10,0
clark2026,165,4,to,0.5458,3.6156,-3.0698,10,0
clark2026,165,5,be,0.3015,5.0881,-4.7866,10,0
clark2026,165,6,spicy,13.4349,11.9734,1.4615,10,0
clark2026,165,7,",",1.5795,2.3026,-0.7231,10,0
clark2026,165,8,unfortunately,10.9386,10.0850,0.8535,10,0
clark2026,165,9,.,1.9471,2.3026,-0.3555,10,0
clark2026,165,10,<eos>,5.9556,2.3026,3.6530,10,0
clark2026,166,0,These,6.7166,6.8124,-0.0959,10,0
clark2026,166,1,dogs,9.3455,9.7397,-0.3942,10,0
clark2026,166,2,definitely,9.4250,9.3025,0.1226,10,0
clark2026,166,3,appear,6.2034,9.5557,-3.3523,10,0
clark2026,166,4,to,0.7524,3.6156,-2.8632,10,0
clark2026,166,5,be,0.3725,5.0881,-4.7155,10,0
clark2026,166,6,counterfeit,13.4330,12.9194,0.5136,10,0
clark2026,166,7,",",2.6293,2.3026,0.3267,10,0
clark2026,166,8,unfortunately,8.9339,10.0850,-1.1511,10,0
clark2026,166,9,.,2.1182,2.3026,-0.1844,10,0
clark2026,166,10,<eos>,4.9878,2.3026,2.6852,10,0
clark2026,167,0,These,6.7166,6.8124,-0.0959,10,0
clark2026,167,1,dogs,9.3455,9.7397,-0.3942,10,0
clark2026,167,2,definitely,9.4250,9.3025,0.1226,10,0
clark2026,167,3,appear,6.2034,9.5557,-3.3523,10,0
clark2026,167,4,to,0.7524,3.6156,-2.8632,10,0
clark2026,167,5,be,0.3725,5.0881,-4.7155,10,0
clark2026,167,6,steep,11.3099,11.5362,-0.2263,10,0
clark2026,167,7,",",3.3146,2.3026,1.0120,10,0
clark2026,167,8,unfortunately,9.6656,10.0850,-0.4195,10,0
clark2026,167,9,.,1.7443,2.3026,-0.5583,10,0
clark2026,167,10,<eos>,5.7230,2.3026,3.4204,10,0
clark2026,168,0,These,6.7154,6.8124,-0.0970,10,0
clark2026,168,1,bklls,23.6966,18.4207,5.2759,10,0
clark2026,168,2,definitely,9.5884,9.3025,0.2859,10,0
clark2026,168,3,appear,6.0675,9.5557,-3.4881,10,0
clark2026,168,4,to,1.4620,3.6156,-2.1536,10,0
clark2026,168,5,be,0.4025,5.0881,-4.6855,10,0
clark2026,168,6,counterfeit,11.9751,12.9194,-0.9443,10,0
clark2026,168,7,",",2.5304,2.3026,0.2279,10,0
clark2026,168,8,unfortunately,8.0781,10.0850,-2.0069,10,0
clark2026,168,9,.,2.1403,2.3026,-0.1623,10,0
clark2026,168,10,<eos>,4.6796,2.3026,2.3770,10,0
clark2026,169,0,These,6.7162,6.8124,-0.0962,10,0
clark2026,169,1,hklls,26.1396,18.4207,7.7189,10,0
clark2026,169,2,definitely,9.6323,9.3025,0.3298,10,0
clark2026,169,3,appear,6.0827,9.5557,-3.4730,10,0
clark2026,169,4,to,1.3373,3.6156,-2.2783,10,0
clark2026,169,5,be,0.3960,5.0881,-4.6921,10,0
clark2026,169,6,steep,10.9534,11.5362,-0.5828,10,0
clark2026,169,7,",",2.2760,2.3026,-0.0266,10,0
clark2026,169,8,unfortunately,8.9678,10.0850,-1.1172,10,0
clark2026,169,9,.,1.9703,2.3026,-0.3323,10,0
clark2026,169,10,<eos>,5.3610,2.3026,3.0584,10,0
clark2026,170,0,The,3.9742,2.9243,1.0498,11,0
clark2026,170,1,facts,7.6364,9.8547,-2.2183,11,0
clark2026,170,2,and,2.7164,3.6613,-0.9449,11,0
clark2026,170,3,other,6.4939,6.5362,-0.0423,11,0
clark2026,170,4,details,2.8438,9.4174,-6.5735,11,0
clark2026,170,5,of,0.8846,3.6849,-2.8002,11,0
clark2026,170,6,the,0.9851,2.9243,-1.9393,11,0
clark2026,170,7,case,3.4466,7.9434,-4.4968,11,0
clark2026,170,8,were,3.6636,6.1239,-2.4602,11,0
clark2026,170,9,published,3.9519,9.0533,-5.1015,11,0
clark2026,170,10,.,4.5845,2.3026,2.2819,11,0
clark2026,170,11,<eos>,4.6002,2.3026,2.2976,11,0
clark2026,171,0,The,3.9742,2.9243,1.0498,11,0
clark2026,171,1,facts,7.6364,9.8547,-2.2183,11,0
clark2026,171,2,and,2.7164,3.6613,-0.9449,11,0
clark2026,171,3,other,6.4939,6.5362,-0.0423,11,0
clark2026,171,4,details,2.8438,9.4174,-6.5735,11,0
clark2026,171,5,of,0.8846,3.6849,-2.8002,11,0
clark2026,171,6,the,0.9851,2.9243,-1.9393,11,0
clark2026,171,7,people,8.5938,6.3311,2.2627,11,0
clark2026,171,8,were,7.1906,6.1239,1.0668,11,0
clark2026,171,9,blurred,10.5484,12.7337,-2.1853,11,0
clark2026,171,10,.,1.8954,2.3026,-0.4072,11,0
clark2026,171,11,<eos>,5.8788,2.3026,3.5762,11,0
clark2026,172,0,The,3.9742,2.9243,1.0498,11,0
clark2026,172,1,facts,7.6364,9.8547,-2.2183,11,0
clark2026,172,2,and,2.7164,3.6613,-0.9449,11,0
clark2026,172,3,other,6.4939,6.5362,-0.0423,11,0
clark2026,172,4,details,2.8438,9.4174,-6.5735,11,0
clark2026,172,5,of,0.8846,3.6849,-2.8002,11,0
clark2026,172,6,the,0.9851,2.9243,-1.9393,11,0
clark2026,172,7,flutes,18.2827,14.2295,4.0532,11,0
clark2026,172,8,were,3.9890,6.1239,-2.1349,11,0
clark2026,172,9,loud,11.3710,10.2921,1.0789,11,0
clark2026,172,10,.,3.1227,2.3026,0.8201,11,0
clark2026,172,11,<eos>,5.9252,2.3026,3.6226,11,0
clark2026,173,0,The,3.9742,2.9243,1.0498,11,0
clark2026,173,1,faces,11.4374,10.1545,1.2829,11,0
clark2026,173,2,and,3.2180,3.6613,-0.4432,11,0
clark2026,173,3,other,5.9422,6.5362,-0.5940,11,0
clark2026,173,4,details,3.5895,9.4174,-5.8279,11,0
clark2026,173,5,of,0.4843,3.6849,-3.2005,11,0
clark2026,173,6,the,1.1705,2.9243,-1.7538,11,0
clark2026,173,7,case,4.8071,7.9434,-3.1363,11,0
clark2026,173,8,were,3.4167,6.1239,-2.7071,11,0
clark2026,173,9,published,5.5290,9.0533,-3.5244,11,0
clark2026,173,10,.,4.0033,2.3026,1.7007,11,0
clark2026,173,11,<eos>,3.5093,2.3026,1.2068,11,0
clark2026,174,0,The,3.9742,2.9243,1.0498,11,0
clark2026,174,1,faces,11.4374,10.1545,1.2829,11,0
clark2026,174,2,and,3.2180,3.6613,-0.4432,11,0
clark2026,174,3,other,5.9422,6.5362,-0.5940,11,0
clark2026,174,4,details,3.5895,9.4174,-5.8279,11,0
clark2026,174,5,of,0.4843,3.6849,-3.2005,11,0
clark2026,174,6,the,1.1705,2.9243,-1.7538,11,0
clark2026,174,7,people,7.3325,6.3311,1.0013,11,0
clark2026,174,8,were,5.9456,6.1239,-0.1782,11,0
clark2026,174,9,blurred,7.6973,12.7337,-5.0364,11,0
clark2026,174,10,.,1.9960,2.3026,-0.3066,11,0
clark2026,174,11,<eos>,5.0825,2.3026,2.7799,11,0
clark2026,175,0,The,3.9742,2.9243,1.0498,11,0
clark2026,175,1,faces,11.4374,10.1545,1.2829,11,0
clark2026,175,2,and,3.2180,3.6613,-0.4432,11,0
clark2026,175,3,other,5.9422,6.5362,-0.5940,11,0
clark2026,175,4,details,3.5895,9.4174,-5.8279,11,0
clark2026,175,5,of,0.4843,3.6849,-3.2005,11,0
clark2026,175,6,the,1.1705,2.9243,-1.7538,11,0
clark2026,175,7,flutes,17.0430,14.2295,2.8135,11,0
clark2026,175,8,were,3.4891,6.1239,-2.6347,11,0
clark2026,175,9,loud,10.4744,10.2921,0.1823,11,0
clark2026,175,10,.,2.8325,2.3026,0.5299,11,0
clark2026,175,11,<eos>,5.2416,2.3026,2.9390,11,0
clark2026,176,0,The,3.9742,2.9243,1.0498,11,0
clark2026,176,1,clouds,11.3501,11.1414,0.2087,11,0
clark2026,176,2,and,3.4667,3.6613,-0.1945,11,0
clark2026,176,3,other,5.2003,6.5362,-1.3359,11,0
clark2026,176,4,details,3.9888,9.4174,-5.4286,11,0
clark2026,176,5,of,1.2956,3.6849,-2.3893,11,0
clark2026,176,6,the,0.7655,2.9243,-2.1589,11,0
clark2026,176,7,case,6.8941,7.9434,-1.0493,11,0
clark2026,176,8,were,3.6310,6.1239,-2.4928,11,0
clark2026,176,9,published,4.2397,9.0533,-4.8136,11,0
clark2026,176,10,.,3.9674,2.3026,1.6648,11,0
clark2026,176,11,<eos>,3.4777,2.3026,1.1751,11,0
clark2026,177,0,The,3.9742,2.9243,1.0498,11,0
clark2026,177,1,clouds,11.3501,11.1414,0.2087,11,0
clark2026,177,2,and,3.4667,3.6613,-0.1945,11,0
clark2026,177,3,other,5.2003,6.5362,-1.3359,11,0
clark2026,177,4,details,3.9888,9.4174,-5.4286,11,0
clark2026,177,5,of,1.2956,3.6849,-2.3893,11,0
clark2026,177,6,the,0.7655,2.9243,-2.1589,11,0
clark2026,177,7,people,8.9217,6.3311,2.5906,11,0
clark2026,177,8,were,5.9711,6.1239,-0.1528,11,0
clark2026,177,9,blurred,8.1674,12.7337,-4.5663,11,0
clark2026,177,10,.,1.9145,2.3026,-0.3880,11,0
clark2026,177,11,<eos>,5.1116,2.3026,2.8090,11,0
clark2026,178,0,The,3.9738,2.9243,1.0495,11,0
clark2026,178,1,fscts,24.2917,18.4207,5.8710,11,0
clark2026,178,2,and,3.3052,3.6613,-0.3561,11,0
clark2026,178,3,other,4.9663,6.5362,-1.5699,11,0
clark2026,178,4,details,5.6201,9.4174,-3.7973,11,0
clark2026,178,5,of,1.2918,3.6849,-2.3931,11,0
clark2026,178,6,the,0.9258,2.9243,-1.9986,11,0
clark2026,178,7,case,5.6702,7.9434,-2.2732,11,0
clark2026,178,8,were,3.5435,6.1239,-2.5803,11,0
clark2026,178,9,published,3.9814,9.0533,-5.0719,11,0
clark2026,178,10,.,3.4970,2.3026,1.1945,11,0
clark2026,178,11,<eos>,3.6976,2.3026,1.3950,11,0
clark2026,179,0,The,3.9742,2.9243,1.0498,11,0
clark2026,179,1,fsces,23.2388,18.4207,4.8181,11,0
clark2026,179,2,and,3.6579,3.6613,-0.0033,11,0
clark2026,179,3,other,4.8631,6.5362,-1.6731,11,0
clark2026,179,4,details,6.0241,9.4174,-3.3933,11,0
clark2026,179,5,of,1.3304,3.6849,-2.3545,11,0
clark2026,179,6,the,1.0019,2.9243,-1.9225,11,0
clark2026,179,7,people,9.9156,6.3311,3.5845,11,0
clark2026,179,8,were,7.2310,6.1239,1.1072,11,0
clark2026,179,9,blurred,9.6721,12.7337,-3.0616,11,0
clark2026,179,10,.,1.6636,2.3026,-0.6390,11,0
clark2026,179,11,<eos>,5.1643,2.3026,2.8617,11,0
clark2026,180,0,The,3.9745,2.9243,1.0501,15,0
clark2026,180,1,rules,8.1113,9.0706,-0.9593,15,0
clark2026,180,2,state,6.5672,7.4136,-0.8464,15,0
clark2026,180,3,that,0.5707,4.5854,-4.0147,15,0
clark2026,180,4,the,1.6314,2.9243,-1.2929,15,0
clark2026,180,5,loser,11.3943,11.4931,-0.0988,15,0
clark2026,180,6,of,2.5012,3.6849,-1.1837,15,0
clark2026,180,7,the,1.1722,2.9243,-1.7521,15,0
clark2026,180,8,two,6.3628,6.6766,-0.3138,15,0
clark2026,180,9,relevant,8.7577,10.1093,-1.3516,15,0
clark2026,180,10,matches,6.2787,10.1545,-3.8758,15,0
clark2026,180,11,would,4.1922,6.2872,-2.0950,15,0
clark2026,180,12,be,0.8417,5.0881,-4.2463,15,0
clark2026,180,13,eliminated,5.7135,11.3996,-5.6861,15,0
clark2026,180,14,.,2.8336,2.3026,0.5311,15,0
clark2026,180,15,<eos>,4.8213,2.3026,2.5187,15,0
clark2026,181,0,The,3.9745,2.9243,1.0501,15,0
clark2026,181,1,rules,8.1113,9.0706,-0.9593,15,0
clark2026,181,2,state,6.5672,7.4136,-0.8464,15,0
clark2026,181,3,that,0.5707,4.5854,-4.0147,15,0
clark2026,181,4,the,1.6314,2.9243,-1.2929,15,0
clark2026,181,5,loser,11.3943,11.4931,-0.0988,15,0
clark2026,181,6,of,2.5012,3.6849,-1.1837,15,0
clark2026,181,7,the,1.1722,2.9243,-1.7521,15,0
clark2026,181,8,two,6.3628,6.6766,-0.3138,15,0
clark2026,181,9,relevant,8.7577,10.1093,-1.3516,15,0
clark2026,181,10,amounts,7.3456,10.5690,-3.2234,15,0
clark2026,181,11,would,5.1945,6.2872,-1.0927,15,0
clark2026,181,12,be,0.8831,5.0881,-4.2050,15,0
clark2026,181,13,considered,5.4025,9.0280,-3.6255,15,0
clark2026,181,14,.,6.5868,2.3026,4.2842,15,0
clark2026,181,15,<eos>,4.7662,2.3026,2.4636,15,0
clark2026,182,0,The,3.9745,2.9243,1.0501,15,0
clark2026,182,1,rules,8.1113,9.0706,-0.9593,15,0
clark2026,182,2,state,6.5672,7.4136,-0.8464,15,0
clark2026,182,3,that,0.5707,4.5854,-4.0147,15,0
clark2026,182,4,the,1.6314,2.9243,-1.2929,15,0
clark2026,182,5,loser,11.3943,11.4931,-0.0988,15,0
clark2026,182,6,of,2.5012,3.6849,-1.1837,15,0
clark2026,182,7,the,1.1722,2.9243,-1.7521,15,0
clark2026,182,8,two,6.3628,6.6766,-0.3138,15,0
clark2026,182,9,relevant,8.7577,10.1093,-1.3516,15,0
clark2026,182,10,synonyms,11.0605,13.3331,-2.2726,15,0
clark2026,182,11,would,4.4217,6.2872,-1.8654,15,0
clark2026,182,12,be,0.9772,5.0881,-4.1109,15,0
clark2026,182,13,chosen,7.1465,10.1093,-2.9628,15,0
clark2026,182,14,.,4.4631,2.3026,2.1605,15,0
clark2026,182,15,<eos>,4.5821,2.3026,2.2795,15,0
clark2026,183,0,The,3.9745,2.9243,1.0501,15,0
clark2026,183,1,rules,8.1113,9.0706,-0.9593,15,0
clark2026,183,2,state,6.5672,7.4136,-0.8464,15,0
clark2026,183,3,that,0.5707,4.5854,-4.0147,15,0
clark2026,183,4,the,1.6314,2.9243,-1.2929,15,0
clark2026,183,5,lower,8.9372,8.9557,-0.0185,15,0
clark2026,183,6,of,5.4332,3.6849,1.7483,15,0
clark2026,183,7,the,0.7731,2.9243,-2.1513,15,0
clark2026,183,8,two,3.5555,6.6766,-3.1211,15,0
clark2026,183,9,relevant,8.3469,10.1093,-1.7624,15,0
clark2026,183,10,matches,9.2479,10.1545,-0.9066,15,0
clark2026,183,11,would,4.1817,6.2872,-2.1055,15,0
clark2026,183,12,be,0.7497,5.0881,-4.3383,15,0
clark2026,183,13,eliminated,6.8402,11.3996,-4.5594,15,0
clark2026,183,14,.,2.7761,2.3026,0.4736,15,0
clark2026,183,15,<eos>,4.9234,2.3026,2.6208,15,0
clark2026,184,0,The,3.9745,2.9243,1.0501,15,0
clark2026,184,1,rules,8.1113,9.0706,-0.9593,15,0
clark2026,184,2,state,6.5672,7.4136,-0.8464,15,0
clark2026,184,3,that,0.5707,4.5854,-4.0147,15,0
clark2026,184,4,the,1.6314,2.9243,-1.2929,15,0
clark2026,184,5,lower,8.9372,8.9557,-0.0185,15,0
clark2026,184,6,of,5.4332,3.6849,1.7483,15,0
clark2026,184,7,the,0.7731,2.9243,-2.1513,15,0
clark2026,184,8,two,3.5555,6.6766,-3.1211,15,0
clark2026,184,9,relevant,8.3469,10.1093,-1.7624,15,0
clark2026,184,10,amounts,7.3423,10.5690,-3.2268,15,0
clark2026,184,11,would,5.3067,6.2872,-0.9805,15,0
clark2026,184,12,be,0.6963,5.0881,-4.3918,15,0
clark2026,184,13,considered,5.1313,9.0280,-3.8967,15,0
clark2026,184,14,.,5.3405,2.3026,3.0379,15,0
clark2026,184,15,<eos>,4.9198,2.3026,2.6172,15,0
clark2026,185,0,The,3.9745,2.9243,1.0501,15,0
clark2026,185,1,rules,8.1113,9.0706,-0.9593,15,0
clark2026,185,2,state,6.5672,7.4136,-0.8464,15,0
clark2026,185,3,that,0.5707,4.5854,-4.0147,15,0
clark2026,185,4,the,1.6314,2.9243,-1.2929,15,0
clark2026,185,5,lower,8.9372,8.9557,-0.0185,15,0
clark2026,185,6,of,5.4332,3.6849,1.7483,15,0
clark2026,185,7,the,0.7731,2.9243,-2.1513,15,0
clark2026,185,8,two,3.5555,6.6766,-3.1211,15,0
clark2026,185,9,relevant,8.3469,10.1093,-1.7624,15,0
clark2026,185,10,synonyms,10.4318,13.3331,-2.9013,15,0
clark2026,185,11,would,5.1639,6.2872,-1.1233,15,0
clark2026,185,12,be,0.9873,5.0881,-4.1007,15,0
clark2026,185,13,chosen,8.4027,10.1093,-1.7065,15,0
clark2026,185,14,.,4.0868,2.3026,1.7842,15,0
clark2026,185,15,<eos>,4.7456,2.3026,2.4430,15,0
clark2026,186,0,The,3.9745,2.9243,1.0501,15,0
clark2026,186,1,rules,8.1113,9.0706,-0.9593,15,0
clark2026,186,2,state,6.5672,7.4136,-0.8464,15,0
clark2026,186,3,that,0.5707,4.5854,-4.0147,15,0
clark2026,186,4,the,1.6314,2.9243,-1.2929,15,0
clark2026,186,5,child,7.4223,8.5172,-1.0949,15,0
clark2026,186,6,of,4.3991,3.6849,0.7142,15,0
clark2026,186,7,the,1.8127,2.9243,-1.1116,15,0
clark2026,186,8,two,5.3656,6.6766,-1.3110,15,0
clark2026,186,9,relevant,8.7506,10.1093,-1.3587,15,0
clark2026,186,10,matches,9.3943,10.1545,-0.7602,15,0
clark2026,186,11,would,4.0631,6.2872,-2.2241,15,0
clark2026,186,12,be,0.5833,5.0881,-4.5047,15,0
clark2026,186,13,eliminated,7.4560,11.3996,-3.9435,15,0
clark2026,186,14,.,3.2294,2.3026,0.9268,15,0
clark2026,186,15,<eos>,4.7224,2.3026,2.4199,15,0
clark2026,187,0,The,3.9745,2.9243,1.0501,15,0
clark2026,187,1,rules,8.1113,9.0706,-0.9593,15,0
clark2026,187,2,state,6.5672,7.4136,-0.8464,15,0
clark2026,187,3,that,0.5707,4.5854,-4.0147,15,0
clark2026,187,4,the,1.6314,2.9243,-1.2929,15,0
clark2026,187,5,child,7.4223,8.5172,-1.0949,15,0
clark2026,187,6,of,4.3991,3.6849,0.7142,15,0
clark2026,187,7,the,1.8127,2.9243,-1.1116,15,0
clark2026,187,8,two,5.3656,6.6766,-1.3110,15,0
clark2026,187,9,relevant,8.7506,10.1093,-1.3587,15,0
clark2026,187,10,amounts,8.7863,10.5690,-1.7827,15,0
clark2026,187,11,would,4.6686,6.2872,-1.6186,15,0
clark2026,187,12,be,0.5659,5.0881,-4.5222,15,0
clark2026,187,13,considered,4.9381,9.0280,-4.0899,15,0
clark2026,187,14,.,6.3301,2.3026,4.0276,15,0
clark2026,187,15,<eos>,4.8297,2.3026,2.5271,15,0
clark2026,188,0,The,3.9745,2.9243,1.0501,15,0
clark2026,188,1,rules,8.1113,9.0706,-0.9593,15,0
clark2026,188,2,state,6.5672,7.4136,-0.8464,15,0
clark2026,188,3,that,0.5707,4.5854,-4.0147,15,0
clark2026,188,4,the,1.6314,2.9243,-1.2929,15,0
clark2026,188,5,loseer,20.0473,18.4207,1.6266,15,0
clark2026,188,6,of,2.1412,3.6849,-1.5437,15,0
clark2026,188,7,the,1.6214,2.9243,-1.3029,15,0
clark2026,188,8,two,6.1453,6.6766,-0.5313,15,0
clark2026,188,9,relevant,8.5320,10.1093,-1.5773,15,0
clark2026,188,10,matches,7.1032,10.1545,-3.0513,15,0
clark2026,188,11,would,3.9903,6.2872,-2.2968,15,0
clark2026,188,12,be,0.8905,5.0881,-4.1976,15,0
clark2026,188,13,eliminated,6.2731,11.3996,-5.1265,15,0
clark2026,188,14,.,2.2798,2.3026,-0.0228,15,0
clark2026,188,15,<eos>,4.6933,2.3026,2.3907,15,0
clark2026,189,0,The,3.9745,2.9243,1.0501,15,0
clark2026,189,1,rules,8.1113,9.0706,-0.9593,15,0
clark2026,189,2,state,6.5672,7.4136,-0.8464,15,0
clark2026,189,3,that,0.5707,4.5854,-4.0147,15,0
clark2026,189,4,the,1.6314,2.9243,-1.2929,15,0
clark2026,189,5,loweer,26.0222,18.4207,7.6015,15,0
clark2026,189,6,of,3.1423,3.6849,-0.5426,15,0
clark2026,189,7,the,1.4186,2.9243,-1.5057,15,0
clark2026,189,8,two,5.9521,6.6766,-0.7245,15,0
clark2026,189,9,relevant,8.4216,10.1093,-1.6877,15,0
clark2026,189,10,amounts,7.9414,10.5690,-2.6276,15,0
clark2026,189,11,would,4.7989,6.2872,-1.4883,15,0
clark2026,189,12,be,1.0272,5.0881,-4.0609,15,0
clark2026,189,13,considered,5.3601,9.0280,-3.6680,15,0
clark2026,189,14,.,5.7485,2.3026,3.4460,15,0
clark2026,189,15,<eos>,4.9042,2.3026,2.6016,15,0
clark2026,190,0,The,3.9738,2.9243,1.0495,13,0
clark2026,190,1,garbage,11.2114,11.1008,0.1106,13,0
clark2026,190,2,definitely,9.5440,9.3025,0.2416,13,0
clark2026,190,3,needs,4.0521,8.3602,-4.3081,13,0
clark2026,190,4,to,0.5569,3.6156,-3.0588,13,0
clark2026,190,5,be,0.3106,5.0881,-4.7774,13,0
clark2026,190,6,tossed,6.6388,12.0892,-5.4503,13,0
clark2026,190,7,out,2.5144,6.0323,-3.5179,13,0
clark2026,190,8,due,7.9687,8.4039,-0.4351,13,0
clark2026,190,9,to,0.0229,3.6156,-3.5927,13,0
clark2026,190,10,its,3.9708,6.5857,-2.6149,13,0
clark2026,190,11,smell,7.0544,10.3848,-3.3303,13,0
clark2026,190,12,.,0.8945,2.3026,-1.4081,13,0
clark2026,190,13,<eos>,5.3196,2.3026,3.0170,13,0
clark2026,191,0,The,3.9738,2.9243,1.0495,12,0
clark2026,191,1,garbage,11.2114,11.1008,0.1106,12,0
clark2026,191,2,definitely,9.5440,9.3025,0.2416,12,0
clark2026,191,3,needs,4.0521,8.3602,-4.3081,12,0
clark2026,191,4,to,0.5569,3.6156,-3.0588,12,0
clark2026,191,5,be,0.3106,5.0881,-4.7774,12,0
clark2026,191,6,renovated,8.1748,12.5263,-4.3514,12,0
clark2026,191,7,due,6.6512,8.4039,-1.7526,12,0
clark2026,191,8,to,0.0138,3.6156,-3.6019,12,0
clark2026,191,9,its,2.9886,6.5857,-3.5971,12,0
clark2026,191,10,leaks,8.5863,11.7887,-3.2024,12,0
clark2026,191,11,.,0.9678,2.3026,-1.3348,12,0
clark2026,191,12,<eos>,5.4048,2.3026,3.1022,12,0
clark2026,192,0,The,3.9742,2.9243,1.0498,11,0
clark2026,192,1,garbage,11.2117,11.1008,0.1109,11,0
clark2026,192,2,definitely,9.5441,9.3025,0.2416,11,0
clark2026,192,3,needs,4.0519,8.3602,-4.3083,11,0
clark2026,192,4,to,0.5568,3.6156,-3.0588,11,0
clark2026,192,5,be,0.3106,5.0881,-4.7774,11,0
clark2026,192,6,bankrupted,14.5421,14.8289,-0.2868,11,0
clark2026,192,7,by,2.8381,5.3882,-2.5501,11,0
clark2026,192,8,the,0.9275,2.9243,-1.9969,11,0
clark2026,192,9,lawsuit,7.0205,11.3059,-4.2854,11,0
clark2026,192,10,.,1.5296,2.3026,-0.7730,11,0
clark2026,192,11,<eos>,5.1725,2.3026,2.8699,11,0
clark2026,193,0,The,3.9738,2.9243,1.0495,13,0
clark2026,193,1,garage,10.6549,10.9363,-0.2814,13,0
clark2026,193,2,definitely,10.6090,9.3025,1.3066,13,0
clark2026,193,3,needs,3.0281,8.3602,-5.3321,13,0
clark2026,193,4,to,1.3976,3.6156,-2.2180,13,0
clark2026,193,5,be,1.0368,5.0881,-4.0513,13,0
clark2026,193,6,tossed,10.9656,12.0892,-1.1236,13,0
clark2026,193,7,out,2.5787,6.0323,-3.4536,13,0
clark2026,193,8,due,7.1840,8.4039,-1.2198,13,0
clark2026,193,9,to,0.0345,3.6156,-3.5811,13,0
clark2026,193,10,its,3.5473,6.5857,-3.0384,13,0
clark2026,193,11,smell,8.4512,10.3848,-1.9335,13,0
clark2026,193,12,.,1.1251,2.3026,-1.1775,13,0
clark2026,193,13,<eos>,5.5748,2.3026,3.2722,13,0
clark2026,194,0,The,3.9738,2.9243,1.0495,12,0
clark2026,194,1,garage,10.6549,10.9363,-0.2814,12,0
clark2026,194,2,definitely,10.6090,9.3025,1.3066,12,0
clark2026,194,3,needs,3.0281,8.3602,-5.3321,12,0
clark2026,194,4,to,1.3976,3.6156,-2.2180,12,0
clark2026,194,5,be,1.0368,5.0881,-4.0513,12,0
clark2026,194,6,renovated,4.4269,12.5263,-8.0994,12,0
clark2026,194,7,due,6.1661,8.4039,-2.2378,12,0
clark2026,194,8,to,0.0180,3.6156,-3.5977,12,0
clark2026,194,9,its,2.6179,6.5857,-3.9678,12,0
clark2026,194,10,leaks,10.0551,11.7887,-1.7336,12,0
clark2026,194,11,.,1.1058,2.3026,-1.1968,12,0
clark2026,194,12,<eos>,5.6599,2.3026,3.3573,12,0
clark2026,195,0,The,3.9742,2.9243,1.0498,11,0
clark2026,195,1,garage,10.6548,10.9363,-0.2815,11,0
clark2026,195,2,definitely,10.6089,9.3025,1.3064,11,0
clark2026,195,3,needs,3.0282,8.3602,-5.3319,11,0
clark2026,195,4,to,1.3976,3.6156,-2.2180,11,0
clark2026,195,5,be,1.0369,5.0881,-4.0512,11,0
clark2026,195,6,bankrupted,14.9251,14.8289,0.0962,11,0
clark2026,195,7,by,2.3936,5.3882,-2.9947,11,0
clark2026,195,8,the,0.9381,2.9243,-1.9862,11,0
clark2026,195,9,lawsuit,6.3830,11.3059,-4.9229,11,0
clark2026,195,10,.,1.6735,2.3026,-0.6291,11,0
clark2026,195,11,<eos>,5.4399,2.3026,3.1373,11,0
clark2026,196,0,The,3.9738,2.9243,1.0495,13,0
clark2026,196,1,lesson,9.2718,10.4311,-1.1593,13,0
clark2026,196,2,definitely,11.4705,9.3025,2.1681,13,0
clark2026,196,3,needs,2.8403,8.3602,-5.5199,13,0
clark2026,196,4,to,0.1815,3.6156,-3.4342,13,0
clark2026,196,5,be,0.2266,5.0881,-4.8614,13,0
clark2026,196,6,tossed,10.8881,12.0892,-1.2011,13,0
clark2026,196,7,out,2.1798,6.0323,-3.8525,13,0
clark2026,196,8,due,8.4912,8.4039,0.0873,13,0
clark2026,196,9,to,0.0390,3.6156,-3.5766,13,0
clark2026,196,10,its,4.4238,6.5857,-2.1619,13,0
clark2026,196,11,smell,9.8461,10.3848,-0.5387,13,0
clark2026,196,12,.,1.2960,2.3026,-1.0066,13,0
clark2026,196,13,<eos>,5.3536,2.3026,3.0510,13,0
clark2026,197,0,The,3.9738,2.9243,1.0495,12,0
clark2026,197,1,lesson,9.2718,10.4311,-1.1593,12,0
clark2026,197,2,definitely,11.4705,9.3025,2.1681,12,0
clark2026,197,3,needs,2.8403,8.3602,-5.5199,12,0
clark2026,197,4,to,0.1815,3.6156,-3.4342,12,0
clark2026,197,5,be,0.2266,5.0881,-4.8614,12,0
clark2026,197,6,renovated,11.5630,12.5263,-0.9633,12,0
clark2026,197,7,due,7.4799,8.4039,-0.9239,12,0
clark2026,197,8,to,0.0201,3.6156,-3.5955,12,0
clark2026,197,9,its,3.3641,6.5857,-3.2216,12,0
clark2026,197,10,leaks,11.1266,11.7887,-0.6621,12,0
clark2026,197,11,.,1.1332,2.3026,-1.1694,12,0
clark2026,197,12,<eos>,5.2714,2.3026,2.9688,12,0
clark2026,198,0,The,3.9745,2.9243,1.0501,13,0
clark2026,198,1,garbge,24.3218,18.4207,5.9011,13,0
clark2026,198,2,definitely,11.9196,9.3025,2.6172,13,0
clark2026,198,3,needs,4.7204,8.3602,-3.6398,13,0
clark2026,198,4,to,0.8296,3.6156,-2.7860,13,0
clark2026,198,5,be,0.7716,5.0881,-4.3165,13,0
clark2026,198,6,tossed,9.9934,12.0892,-2.0958,13,0
clark2026,198,7,out,2.2915,6.0323,-3.7407,13,0
clark2026,198,8,due,7.6804,8.4039,-0.7235,13,0
clark2026,198,9,to,0.0263,3.6156,-3.5893,13,0
clark2026,198,10,its,3.2502,6.5857,-3.3355,13,0
clark2026,198,11,smell,9.8498,10.3848,-0.5349,13,0
clark2026,198,12,.,1.1197,2.3026,-1.1829,13,0
clark2026,198,13,<eos>,5.6129,2.3026,3.3103,13,0
clark2026,199,0,The,3.9734,2.9243,1.0490,12,0
clark2026,199,1,garge,20.4886,18.4207,2.0679,12,0
clark2026,199,2,definitely,11.8181,9.3025,2.5156,12,0
clark2026,199,3,needs,4.4098,8.3602,-3.9504,12,0
clark2026,199,4,to,0.8904,3.6156,-2.7253,12,0
clark2026,199,5,be,0.5178,5.0881,-4.5702,12,0
clark2026,199,6,renovated,7.0676,12.5263,-5.4587,12,0
clark2026,199,7,due,6.6324,8.4039,-1.7714,12,0
clark2026,199,8,to,0.0165,3.6156,-3.5991,12,0
clark2026,199,9,its,2.5926,6.5857,-3.9931,12,0
clark2026,199,10,leaks,10.4386,11.7887,-1.3500,12,0
clark2026,199,11,.,1.1965,2.3026,-1.1060,12,0
clark2026,199,12,<eos>,5.4748,2.3026,3.1722,12,0
clark2026,200,0,This,3.9233,5.0192,-1.0959,10,0
clark2026,200,1,wind,12.2324,9.5785,2.6539,10,0
clark2026,200,2,is,3.7832,4.4482,-0.6650,10,0
clark2026,200,3,most,5.7606,6.9078,-1.1471,10,0
clark2026,200,4,definitely,3.7037,9.3025,-5.5987,10,0
clark2026,200,5,blowing,4.7032,11.0555,-6.3523,10,0
clark2026,200,6,from,2.9413,5.4561,-2.5149,10,0
clark2026,200,7,the,1.1398,2.9243,-1.7845,10,0
clark2026,200,8,west,3.4993,8.5425,-5.0432,10,0
clark2026,200,9,.,1.4279,2.3026,-0.8747,10,0
clark2026,200,10,<eos>,6.0156,2.3026,3.7130,10,0
clark2026,201,0,This,3.9233,5.0192,-1.0959,9,0
clark2026,201,1,wind,12.2324,9.5785,2.6539,9,0
clark2026,201,2,is,3.7832,4.4482,-0.6650,9,0
clark2026,201,3,most,5.7606,6.9078,-1.1471,9,0
clark2026,201,4,definitely,3.7037,9.3025,-5.5987,9,0
clark2026,201,5,delicious,10.0064,10.7290,-0.7226,9,0
clark2026,201,6,with,4.6481,4.9505,-0.3024,9,0
clark2026,201,7,steak,9.7193,11.5823,-1.8629,9,0
clark2026,201,8,.,2.3239,2.3026,0.0213,9,0
clark2026,201,9,<eos>,5.2782,2.3026,2.9756,9,0
clark2026,202,0,This,3.9233,5.0192,-1.0959,9,0
clark2026,202,1,wind,12.2324,9.5785,2.6539,9,0
clark2026,202,2,is,3.7832,4.4482,-0.6650,9,0
clark2026,202,3,most,5.7606,6.9078,-1.1471,9,0
clark2026,202,4,definitely,3.7037,9.3025,-5.5987,9,0
clark2026,202,5,emotional,10.3097,9.9934,0.3163,9,0
clark2026,202,6,towards,6.9019,9.0706,-2.1687,9,0
clark2026,202,7,him,6.2178,6.6531,-0.4353,9,0
clark2026,202,8,.,0.9434,2.3026,-1.3591,9,0
clark2026,202,9,<eos>,6.0415,2.3026,3.7389,9,0
clark2026,203,0,This,3.9233,5.0192,-1.0959,10,0
clark2026,203,1,wine,10.8692,9.8082,1.0610,10,0
clark2026,203,2,is,1.1096,4.4482,-3.3386,10,0
clark2026,203,3,most,5.7163,6.9078,-1.1914,10,0
clark2026,203,4,definitely,2.9563,9.3025,-6.3461,10,0
clark2026,203,5,blowing,11.0724,11.0555,0.0169,10,0
clark2026,203,6,from,4.3320,5.4561,-1.1241,10,0
clark2026,203,7,the,1.2552,2.9243,-1.6692,10,0
clark2026,203,8,west,5.5942,8.5425,-2.9483,10,0
clark2026,203,9,.,1.2588,2.3026,-1.0438,10,0
clark2026,203,10,<eos>,5.3923,2.3026,3.0897,10,0
clark2026,204,0,This,3.9233,5.0192,-1.0959,9,0
clark2026,204,1,wine,10.8692,9.8082,1.0610,9,0
clark2026,204,2,is,1.1096,4.4482,-3.3386,9,0
clark2026,204,3,most,5.7163,6.9078,-1.1914,9,0
clark2026,204,4,definitely,2.9563,9.3025,-6.3461,9,0
clark2026,204,5,delicious,5.3293,10.7290,-5.3998,9,0
clark2026,204,6,with,3.9754,4.9505,-0.9750,9,0
clark2026,204,7,steak,9.0527,11.5823,-2.5296,9,0
clark2026,204,8,.,2.3205,2.3026,0.0179,9,0
clark2026,204,9,<eos>,5.1974,2.3026,2.8949,9,0
clark2026,205,0,This,3.9233,5.0192,-1.0959,9,0
clark2026,205,1,wine,10.8692,9.8082,1.0610,9,0
clark2026,205,2,is,1.1096,4.4482,-3.3386,9,0
clark2026,205,3,most,5.7163,6.9078,-1.1914,9,0
clark2026,205,4,definitely,2.9563,9.3025,-6.3461,9,0
clark2026,205,5,emotional,11.4395,9.9934,1.4461,9,0
clark2026,205,6,towards,7.3420,9.0706,-1.7286,9,0
clark2026,205,7,him,6.5775,6.6531,-0.0756,9,0
clark2026,205,8,.,0.9893,2.3026,-1.3132,9,0
clark2026,205,9,<eos>,5.4822,2.3026,3.1796,9,0
clark2026,206,0,This,3.9233,5.0192,-1.0959,10,0
clark2026,206,1,desk,10.6888,10.5234,0.1654,10,0
clark2026,206,2,is,1.2766,4.4482,-3.1716,10,0
clark2026,206,3,most,7.4003,6.9078,0.4926,10,0
clark2026,206,4,definitely,2.9219,9.3025,-6.3806,10,0
clark2026,206,5,blowing,11.7732,11.0555,0.7177,10,0
clark2026,206,6,from,4.2868,5.4561,-1.1693,10,0
clark2026,206,7,the,1.3704,2.9243,-1.5539,10,0
clark2026,206,8,west,5.7724,8.5425,-2.7701,10,0
clark2026,206,9,.,1.3887,2.3026,-0.9138,10,0
clark2026,206,10,<eos>,5.4119,2.3026,3.1094,10,0
clark2026,207,0,This,3.9233,5.0192,-1.0959,9,0
clark2026,207,1,desk,10.6888,10.5234,0.1654,9,0
clark2026,207,2,is,1.2766,4.4482,-3.1716,9,0
clark2026,207,3,most,7.4003,6.9078,0.4926,9,0
clark2026,207,4,definitely,2.9219,9.3025,-6.3806,9,0
clark2026,207,5,delicious,10.6290,10.7290,-0.1000,9,0
clark2026,207,6,with,4.1727,4.9505,-0.7778,9,0
clark2026,207,7,steak,9.3701,11.5823,-2.2122,9,0
clark2026,207,8,.,2.3751,2.3026,0.0725,9,0
clark2026,207,9,<eos>,4.9175,2.3026,2.6149,9,0
clark2026,208,0,This,3.9233,5.0192,-1.0959,10,0
clark2026,208,1,wjnd,23.3605,18.4207,4.9398,10,0
clark2026,208,2,is,2.2143,4.4482,-2.2339,10,0
clark2026,208,3,most,6.7938,6.9078,-0.1139,10,0
clark2026,208,4,definitely,3.1245,9.3025,-6.1780,10,0
clark2026,208,5,blowing,10.3668,11.0555,-0.6887,10,0
clark2026,208,6,from,4.5707,5.4561,-0.8854,10,0
clark2026,208,7,the,1.1955,2.9243,-1.7288,10,0
clark2026,208,8,west,5.3267,8.5425,-3.2158,10,0
clark2026,208,9,.,1.2738,2.3026,-1.0288,10,0
clark2026,208,10,<eos>,5.4952,2.3026,3.1926,10,0
clark2026,209,0,This,3.9233,5.0192,-1.0959,9,0
clark2026,209,1,wjne,25.9030,18.4207,7.4823,9,0
clark2026,209,2,is,1.9329,4.4482,-2.5152,9,0
clark2026,209,3,most,6.7609,6.9078,-0.1468,9,0
clark2026,209,4,definitely,2.6052,9.3025,-6.6972,9,0
clark2026,209,5,delicious,9.1956,10.7290,-1.5335,9,0
clark2026,209,6,with,4.4259,4.9505,-0.5246,9,0
clark2026,209,7,steak,8.6705,11.5823,-2.9118,9,0
clark2026,209,8,.,2.1582,2.3026,-0.1444,9,0
clark2026,209,9,<eos>,4.8921,2.3026,2.5895,9,0
clark2026,210,0,Thank,7.9128,8.1051,-0.1923,11,0
clark2026,210,1,you,0.0383,4.6512,-4.6129,11,0
clark2026,210,2,for,1.3155,4.5854,-3.2699,11,0
clark2026,210,3,taking,3.7521,8.3143,-4.5622,11,0
clark2026,210,4,such,5.2795,7.2759,-1.9965,11,0
clark2026,210,5,good,5.1147,6.6301,-1.5154,11,0
clark2026,210,6,care,2.3711,7.9211,-5.5501,11,0
clark2026,210,7,of,4.0805,3.6849,0.3956,11,0
clark2026,210,8,her,5.9794,6.2146,-0.2352,11,0
clark2026,210,9,yesterday,9.1429,9.4174,-0.2745,11,0
clark2026,210,10,.,0.6901,2.3026,-1.6125,11,0
clark2026,210,11,<eos>,4.1807,2.3026,1.8781,11,0
clark2026,211,0,Thank,7.9128,8.1051,-0.1923,10,0
clark2026,211,1,you,0.0383,4.6512,-4.6129,10,0
clark2026,211,2,for,1.3155,4.5854,-3.2699,10,0
clark2026,211,3,taking,3.7521,8.3143,-4.5622,10,0
clark2026,211,4,such,5.2795,7.2759,-1.9965,10,0
clark2026,211,5,good,5.1147,6.6301,-1.5154,10,0
clark2026,211,6,pancakes,15.0288,12.4571,2.5717,10,0
clark2026,211,7,for,2.9269,4.5854,-1.6584,10,0
clark2026,211,8,breakfast,4.3665,10.1093,-5.7428,10,0
clark2026,211,9,.,1.1252,2.3026,-1.1774,10,0
clark2026,211,10,<eos>,3.9512,2.3026,1.6486,10,0
clark2026,212,0,Thank,7.9128,8.1051,-0.1923,11,0
clark2026,212,1,you,0.0383,4.6512,-4.6129,11,0
clark2026,212,2,for,1.3155,4.5854,-3.2699,11,0
clark2026,212,3,taking,3.7521,8.3143,-4.5622,11,0
clark2026,212,4,such,5.2795,7.2759,-1.9965,11,0
clark2026,212,5,good,5.1147,6.6301,-1.5154,11,0
clark2026,212,6,monkeys,13.9024,11.8359,2.0665,11,0
clark2026,212,7,in,4.3751,3.9846,0.3905,11,0
clark2026,212,8,the,1.2887,2.9243,-1.6357,11,0
clark2026,212,9,jungle,7.1687,11.2353,-4.0666,11,0
clark2026,212,10,.,1.1116,2.3026,-1.1910,11,0
clark2026,212,11,<eos>,3.4788,2.3026,1.1762,11,0
clark2026,213,0,Thank,7.9128,8.1051,-0.1923,11,0
clark2026,213,1,you,0.0383,4.6512,-4.6129,11,0
clark2026,213,2,for,1.3155,4.5854,-3.2699,11,0
clark2026,213,3,making,4.7242,7.9662,-3.2419,11,0
clark2026,213,4,such,4.2377,7.2759,-3.0382,11,0
clark2026,213,5,good,5.7127,6.6301,-0.9174,11,0
clark2026,213,6,care,9.2430,7.9211,1.3219,11,0
clark2026,213,7,of,3.6887,3.6849,0.0038,11,0
clark2026,213,8,her,6.4443,6.2146,0.2297,11,0
clark2026,213,9,yesterday,9.2972,9.4174,-0.1201,11,0
clark2026,213,10,.,0.6435,2.3026,-1.6591,11,0
clark2026,213,11,<eos>,3.9193,2.3026,1.6167,11,0
clark2026,214,0,Thank,7.9128,8.1051,-0.1923,10,0
clark2026,214,1,you,0.0383,4.6512,-4.6129,10,0
clark2026,214,2,for,1.3155,4.5854,-3.2699,10,0
clark2026,214,3,making,4.7242,7.9662,-3.2419,10,0
clark2026,214,4,such,4.2377,7.2759,-3.0382,10,0
clark2026,214,5,good,5.7127,6.6301,-0.9174,10,0
clark2026,214,6,pancakes,11.0069,12.4571,-1.4502,10,0
clark2026,214,7,for,2.9091,4.5854,-1.6763,10,0
clark2026,214,8,breakfast,4.1125,10.1093,-5.9968,10,0
clark2026,214,9,.,1.0419,2.3026,-1.2607,10,0
clark2026,214,10,<eos>,3.6792,2.3026,1.3766,10,0
clark2026,215,0,Thank,7.9128,8.1051,-0.1923,11,0
clark2026,215,1,you,0.0383,4.6512,-4.6129,11,0
clark2026,215,2,for,1.3155,4.5854,-3.2699,11,0
clark2026,215,3,making,4.7242,7.9662,-3.2419,11,0
clark2026,215,4,such,4.2377,7.2759,-3.0382,11,0
clark2026,215,5,good,5.7127,6.6301,-0.9174,11,0
clark2026,215,6,monkeys,11.8601,11.8359,0.0242,11,0
clark2026,215,7,in,4.2008,3.9846,0.2162,11,0
clark2026,215,8,the,1.3393,2.9243,-1.5850,11,0
clark2026,215,9,jungle,6.5423,11.2353,-4.6929,11,0
clark2026,215,10,.,1.0280,2.3026,-1.2746,11,0
clark2026,215,11,<eos>,3.3454,2.3026,1.0428,11,0
clark2026,216,0,Thank,7.9128,8.1051,-0.1923,11,0
clark2026,216,1,you,0.0383,4.6512,-4.6129,11,0
clark2026,216,2,for,1.3155,4.5854,-3.2699,11,0
clark2026,216,3,being,4.5350,7.0232,-2.4881,11,0
clark2026,216,4,such,2.2258,7.2759,-5.0501,11,0
clark2026,216,5,good,7.4452,6.6301,0.8151,11,0
clark2026,216,6,care,7.7480,7.9211,-0.1731,11,0
clark2026,216,7,of,5.5946,3.6849,1.9097,11,0
clark2026,216,8,her,6.6722,6.2146,0.4576,11,0
clark2026,216,9,yesterday,9.4514,9.4174,0.0340,11,0
clark2026,216,10,.,0.7880,2.3026,-1.5146,11,0
clark2026,216,11,<eos>,4.2086,2.3026,1.9060,11,0
clark2026,217,0,Thank,7.9128,8.1051,-0.1923,10,0
clark2026,217,1,you,0.0383,4.6512,-4.6129,10,0
clark2026,217,2,for,1.3155,4.5854,-3.2699,10,0
clark2026,217,3,being,4.5350,7.0232,-2.4881,10,0
clark2026,217,4,such,2.2258,7.2759,-5.0501,10,0
clark2026,217,5,good,7.4452,6.6301,0.8151,10,0
clark2026,217,6,pancakes,13.4249,12.4571,0.9678,10,0
clark2026,217,7,for,3.4743,4.5854,-1.1111,10,0
clark2026,217,8,breakfast,4.2040,10.1093,-5.9053,10,0
clark2026,217,9,.,1.0635,2.3026,-1.2391,10,0
clark2026,217,10,<eos>,4.0296,2.3026,1.7270,10,0
clark2026,218,0,Thank,7.9128,8.1051,-0.1923,11,0
clark2026,218,1,you,0.0383,4.6512,-4.6129,11,0
clark2026,218,2,for,1.3155,4.5854,-3.2699,11,0
clark2026,218,3,trking,21.6422,18.4207,3.2215,11,0
clark2026,218,4,such,8.7878,7.2759,1.5119,11,0
clark2026,218,5,good,5.4381,6.6301,-1.1920,11,0
clark2026,218,6,care,5.8744,7.9211,-2.0467,11,0
clark2026,218,7,of,4.4542,3.6849,0.7694,11,0
clark2026,218,8,her,6.6276,6.2146,0.4130,11,0
clark2026,218,9,yesterday,9.2208,9.4174,-0.1966,11,0
clark2026,218,10,.,0.8262,2.3026,-1.4763,11,0
clark2026,218,11,<eos>,3.9860,2.3026,1.6834,11,0
clark2026,219,0,Thank,7.9128,8.1051,-0.1923,10,0
clark2026,219,1,you,0.0383,4.6512,-4.6129,10,0
clark2026,219,2,for,1.3153,4.5854,-3.2700,10,0
clark2026,219,3,mrking,17.0297,18.4207,-1.3910,10,0
clark2026,219,4,such,7.4454,7.2759,0.1695,10,0
clark2026,219,5,good,5.0392,6.6301,-1.5909,10,0
clark2026,219,6,pancakes,13.9537,12.4571,1.4966,10,0
clark2026,219,7,for,3.0028,4.5854,-1.5826,10,0
clark2026,219,8,breakfast,4.8966,10.1093,-5.2127,10,0
clark2026,219,9,.,1.0885,2.3026,-1.2141,10,0
clark2026,219,10,<eos>,3.7209,2.3026,1.4183,10,0
clark2026,220,0,After,6.4077,6.6531,-0.2454,14,0
clark2026,220,1,being,4.3044,7.0232,-2.7187,14,0
clark2026,220,2,seated,7.8927,11.7665,-3.8738,14,0
clark2026,220,3,carefully,10.5252,10.4551,0.0701,14,0
clark2026,220,4,in,1.8647,3.9846,-2.1199,14,0
clark2026,220,5,the,1.1491,2.9243,-1.7753,14,0
clark2026,220,6,small,6.4517,8.0348,-1.5831,14,0
clark2026,220,7,theater,6.2637,10.7064,-4.4428,14,0
clark2026,220,8,",",1.1711,2.3026,-1.1314,14,0
clark2026,220,9,the,2.4097,2.9243,-0.5147,14,0
clark2026,220,10,audience,4.0494,9.8321,-5.7827,14,0
clark2026,220,11,fell,6.8715,9.5557,-2.6841,14,0
clark2026,220,12,silent,1.8791,10.4762,-8.5971,14,0
clark2026,220,13,.,1.1888,2.3026,-1.1138,14,0
clark2026,220,14,<eos>,6.1969,2.3026,3.8943,14,0
clark2026,221,0,After,6.4077,6.6531,-0.2454,14,0
clark2026,221,1,being,4.3044,7.0232,-2.7187,14,0
clark2026,221,2,seated,7.8927,11.7665,-3.8738,14,0
clark2026,221,3,carefully,10.5252,10.4551,0.0701,14,0
clark2026,221,4,in,1.8647,3.9846,-2.1199,14,0
clark2026,221,5,the,1.1491,2.9243,-1.7753,14,0
clark2026,221,6,small,6.4517,8.0348,-1.5831,14,0
clark2026,221,7,jar,8.4017,11.6743,-3.2725,14,0
clark2026,221,8,",",1.5554,2.3026,-0.7472,14,0
clark2026,221,9,the,2.1614,2.9243,-0.7629,14,0
clark2026,221,10,jam,10.1173,11.1209,-1.0035,14,0
clark2026,221,11,was,2.3556,5.0192,-2.6636,14,0
clark2026,221,12,sold,7.0331,9.2797,-2.2465,14,0
clark2026,221,13,.,2.1637,2.3026,-0.1389,14,0
clark2026,221,14,<eos>,5.7861,2.3026,3.4835,14,0
clark2026,222,0,After,6.4085,6.6531,-0.2446,13,0
clark2026,222,1,being,4.3044,7.0232,-2.7187,13,0
clark2026,222,2,seated,7.8931,11.7665,-3.8735,13,0
clark2026,222,3,carefully,10.5253,10.4551,0.0702,13,0
clark2026,222,4,in,1.8648,3.9846,-2.1198,13,0
clark2026,222,5,the,1.1490,2.9243,-1.7753,13,0
clark2026,222,6,small,6.4517,8.0348,-1.5830,13,0
clark2026,222,7,illness,13.7265,10.5690,3.1575,13,0
clark2026,222,8,",",2.3044,2.3026,0.0018,13,0
clark2026,222,9,the,2.4537,2.9243,-0.4706,13,0
clark2026,222,10,patient,3.5945,9.7397,-6.1452,13,0
clark2026,222,11,recovered,7.1392,10.9363,-3.7971,13,0
clark2026,222,12,.,2.5575,2.3026,0.2549,13,0
clark2026,222,13,<eos>,5.5217,2.3026,3.2191,13,0
clark2026,223,0,After,6.4077,6.6531,-0.2454,14,0
clark2026,223,1,being,4.3044,7.0232,-2.7187,14,0
clark2026,223,2,sealed,10.0098,11.2353,-1.2255,14,0
clark2026,223,3,carefully,9.7493,10.4551,-0.7058,14,0
clark2026,223,4,in,2.8827,3.9846,-1.1019,14,0
clark2026,223,5,the,1.5046,2.9243,-1.4198,14,0
clark2026,223,6,small,6.9555,8.0348,-1.0793,14,0
clark2026,223,7,theater,8.2027,10.7064,-2.5038,14,0
clark2026,223,8,",",1.1749,2.3026,-1.1277,14,0
clark2026,223,9,the,2.1483,2.9243,-0.7760,14,0
clark2026,223,10,audience,5.0757,9.8321,-4.7564,14,0
clark2026,223,11,fell,6.6699,9.5557,-2.8857,14,0
clark2026,223,12,silent,2.3061,10.4762,-8.1700,14,0
clark2026,223,13,.,1.1051,2.3026,-1.1975,14,0
clark2026,223,14,<eos>,5.8575,2.3026,3.5549,14,0
clark2026,224,0,After,6.4077,6.6531,-0.2454,14,0
clark2026,224,1,being,4.3044,7.0232,-2.7187,14,0
clark2026,224,2,sealed,10.0098,11.2353,-1.2255,14,0
clark2026,224,3,carefully,9.7493,10.4551,-0.7058,14,0
clark2026,224,4,in,2.8827,3.9846,-1.1019,14,0
clark2026,224,5,the,1.5046,2.9243,-1.4198,14,0
clark2026,224,6,small,6.9555,8.0348,-1.0793,14,0
clark2026,224,7,jar,5.5480,11.6743,-6.1262,14,0
clark2026,224,8,",",1.3225,2.3026,-0.9801,14,0
clark2026,224,9,the,1.8898,2.9243,-1.0345,14,0
clark2026,224,10,jam,10.1201,11.1209,-1.0008,14,0
clark2026,224,11,was,2.3895,5.0192,-2.6297,14,0
clark2026,224,12,sold,6.3782,9.2797,-2.9015,14,0
clark2026,224,13,.,2.2723,2.3026,-0.0303,14,0
clark2026,224,14,<eos>,5.3594,2.3026,3.0568,14,0
clark2026,225,0,After,6.4085,6.6531,-0.2446,13,0
clark2026,225,1,being,4.3044,7.0232,-2.7187,13,0
clark2026,225,2,sealed,10.0100,11.2353,-1.2253,13,0
clark2026,225,3,carefully,9.7496,10.4551,-0.7056,13,0
clark2026,225,4,in,2.8828,3.9846,-1.1018,13,0
clark2026,225,5,the,1.5047,2.9243,-1.4196,13,0
clark2026,225,6,small,6.9551,8.0348,-1.0797,13,0
clark2026,225,7,illness,12.5462,10.5690,1.9771,13,0
clark2026,225,8,",",1.7897,2.3026,-0.5128,13,0
clark2026,225,9,the,2.2141,2.9243,-0.7102,13,0
clark2026,225,10,patient,3.9703,9.7397,-5.7694,13,0
clark2026,225,11,recovered,7.0299,10.9363,-3.9064,13,0
clark2026,225,12,.,2.5588,2.3026,0.2562,13,0
clark2026,225,13,<eos>,5.1321,2.3026,2.8295,13,0
clark2026,226,0,After,6.4077,6.6531,-0.2454,14,0
clark2026,226,1,being,4.3044,7.0232,-2.7187,14,0
clark2026,226,2,drawn,7.5359,10.2921,-2.7562,14,0
clark2026,226,3,carefully,10.2481,10.4551,-0.2070,14,0
clark2026,226,4,in,3.2966,3.9846,-0.6880,14,0
clark2026,226,5,the,1.5407,2.9243,-1.3837,14,0
clark2026,226,6,small,7.1869,8.0348,-0.8479,14,0
clark2026,226,7,theater,7.2848,10.7064,-3.4217,14,0
clark2026,226,8,",",1.2487,2.3026,-1.0539,14,0
clark2026,226,9,the,2.1235,2.9243,-0.8008,14,0
clark2026,226,10,audience,4.5201,9.8321,-5.3120,14,0
clark2026,226,11,fell,6.7121,9.5557,-2.8436,14,0
clark2026,226,12,silent,2.4129,10.4762,-8.0633,14,0
clark2026,226,13,.,1.0822,2.3026,-1.2204,14,0
clark2026,226,14,<eos>,6.0966,2.3026,3.7940,14,0
clark2026,227,0,After,6.4077,6.6531,-0.2454,14,0
clark2026,227,1,being,4.3044,7.0232,-2.7187,14,0
clark2026,227,2,drawn,7.5359,10.2921,-2.7562,14,0
clark2026,227,3,carefully,10.2481,10.4551,-0.2070,14,0
clark2026,227,4,in,3.2966,3.9846,-0.6880,14,0
clark2026,227,5,the,1.5407,2.9243,-1.3837,14,0
clark2026,227,6,small,7.1869,8.0348,-0.8479,14,0
clark2026,227,7,jar,7.6509,11.6743,-4.0234,14,0
clark2026,227,8,",",1.3843,2.3026,-0.9183,14,0
clark2026,227,9,the,1.9023,2.9243,-1.0220,14,0
clark2026,227,10,jam,10.1771,11.1209,-0.9438,14,0
clark2026,227,11,was,2.4093,5.0192,-2.6099,14,0
clark2026,227,12,sold,6.4984,9.2797,-2.7813,14,0
clark2026,227,13,.,2.2257,2.3026,-0.0769,14,0
clark2026,227,14,<eos>,5.5601,2.3026,3.2575,14,0
clark2026,228,0,After,6.4088,6.6531,-0.2443,14,0
clark2026,228,1,being,4.3048,7.0232,-2.7184,14,0
clark2026,228,2,seateed,25.7201,18.4207,7.2994,14,0
clark2026,228,3,carefully,9.3617,10.4551,-1.0934,14,0
clark2026,228,4,in,2.7994,3.9846,-1.1852,14,0
clark2026,228,5,the,1.5799,2.9243,-1.3445,14,0
clark2026,228,6,small,7.1864,8.0348,-0.8484,14,0
clark2026,228,7,theater,7.3921,10.7064,-3.3144,14,0
clark2026,228,8,",",1.1138,2.3026,-1.1887,14,0
clark2026,228,9,the,2.3677,2.9243,-0.5566,14,0
clark2026,228,10,audience,4.9175,9.8321,-4.9146,14,0
clark2026,228,11,fell,6.3587,9.5557,-3.1969,14,0
clark2026,228,12,silent,2.2982,10.4762,-8.1780,14,0
clark2026,228,13,.,1.1638,2.3026,-1.1388,14,0
clark2026,228,14,<eos>,5.8635,2.3026,3.5609,14,0
clark2026,229,0,After,6.4088,6.6531,-0.2443,14,0
clark2026,229,1,being,4.3048,7.0232,-2.7184,14,0
clark2026,229,2,sealeed,26.4581,18.4207,8.0375,14,0
clark2026,229,3,carefully,9.1767,10.4551,-1.2784,14,0
clark2026,229,4,in,2.6480,3.9846,-1.3366,14,0
clark2026,229,5,the,1.6348,2.9243,-1.2896,14,0
clark2026,229,6,small,6.9447,8.0348,-1.0901,14,0
clark2026,229,7,jar,6.6428,11.6743,-5.0315,14,0
clark2026,229,8,",",1.4970,2.3026,-0.8056,14,0
clark2026,229,9,the,2.1766,2.9243,-0.7477,14,0
clark2026,229,10,jam,9.8703,11.1209,-1.2506,14,0
clark2026,229,11,was,2.1099,5.0192,-2.9093,14,0
clark2026,229,12,sold,6.6521,9.2797,-2.6276,14,0
clark2026,229,13,.,2.4184,2.3026,0.1159,14,0
clark2026,229,14,<eos>,5.4180,2.3026,3.1155,14,0
clark2026,230,0,Because,7.4900,6.8401,0.6499,14,0
clark2026,230,1,of,1.6411,3.6849,-2.0438,14,0
clark2026,230,2,all,5.1019,5.7108,-0.6089,14,0
clark2026,230,3,the,0.5841,2.9243,-2.3402,14,0
clark2026,230,4,treats,11.8703,11.3732,0.4971,14,0
clark2026,230,5,my,8.5239,5.5940,2.9298,14,0
clark2026,230,6,dog,6.1627,8.9792,-2.8165,14,0
clark2026,230,7,has,1.9036,6.0576,-4.1540,14,0
clark2026,230,8,become,5.4180,8.2901,-2.8721,14,0
clark2026,230,9,very,4.0149,6.9078,-2.8929,14,0
clark2026,230,10,overweight,7.1541,12.1108,-4.9567,14,0
clark2026,230,11,and,1.2934,3.6613,-2.3679,14,0
clark2026,230,12,unhealthy,3.9293,12.1573,-8.2280,14,0
clark2026,230,13,.,1.7016,2.3026,-0.6010,14,0
clark2026,230,14,<eos>,5.6062,2.3026,3.3037,14,0
clark2026,231,0,Because,7.4904,6.8401,0.6503,14,0
clark2026,231,1,of,1.6414,3.6849,-2.0434,14,0
clark2026,231,2,all,5.1017,5.7108,-0.6091,14,0
clark2026,231,3,the,0.5841,2.9243,-2.3403,14,0
clark2026,231,4,treats,11.8702,11.3732,0.4970,14,0
clark2026,231,5,my,8.5241,5.5940,2.9301,14,0
clark2026,231,6,dog,6.1623,8.9792,-2.8169,14,0
clark2026,231,7,has,1.9035,6.0576,-4.1541,14,0
clark2026,231,8,become,5.4182,8.2901,-2.8719,14,0
clark2026,231,9,very,4.0148,6.9078,-2.8930,14,0
clark2026,231,10,scared,7.6275,10.1316,-2.5042,14,0
clark2026,231,11,and,2.5297,3.6613,-1.1315,14,0
clark2026,231,12,timid,9.7174,13.2389,-3.5215,14,0
clark2026,231,13,.,1.9281,2.3026,-0.3745,14,0
clark2026,231,14,<eos>,5.4386,2.3026,3.1360,14,0
clark2026,232,0,Because,7.4904,6.8401,0.6503,14,0
clark2026,232,1,of,1.6414,3.6849,-2.0434,14,0
clark2026,232,2,all,5.1017,5.7108,-0.6091,14,0
clark2026,232,3,the,0.5841,2.9243,-2.3403,14,0
clark2026,232,4,treats,11.8702,11.3732,0.4970,14,0
clark2026,232,5,my,8.5241,5.5940,2.9301,14,0
clark2026,232,6,dog,6.1623,8.9792,-2.8169,14,0
clark2026,232,7,has,1.9035,6.0576,-4.1541,14,0
clark2026,232,8,become,5.4182,8.2901,-2.8719,14,0
clark2026,232,9,very,4.0148,6.9078,-2.8930,14,0
clark2026,232,10,translucent,11.6451,13.3331,-1.6880,14,0
clark2026,232,11,and,1.6880,3.6613,-1.9733,14,0
clark2026,232,12,aligned,11.5678,11.9734,-0.4056,14,0
clark2026,232,13,.,2.9909,2.3026,0.6883,14,0
clark2026,232,14,<eos>,5.2151,2.3026,2.9125,14,0
clark2026,233,0,Because,7.4900,6.8401,0.6499,14,0
clark2026,233,1,of,1.6411,3.6849,-2.0438,14,0
clark2026,233,2,all,5.1019,5.7108,-0.6089,14,0
clark2026,233,3,the,0.5841,2.9243,-2.3402,14,0
clark2026,233,4,threats,6.5084,10.8658,-4.3575,14,0
clark2026,233,5,my,7.6450,5.5940,2.0510,14,0
clark2026,233,6,dog,7.0927,8.9792,-1.8865,14,0
clark2026,233,7,has,1.4722,6.0576,-4.5854,14,0
clark2026,233,8,become,5.5651,8.2901,-2.7250,14,0
clark2026,233,9,very,4.8706,6.9078,-2.0372,14,0
clark2026,233,10,overweight,7.7307,12.1108,-4.3801,14,0
clark2026,233,11,and,1.3697,3.6613,-2.2916,14,0
clark2026,233,12,unhealthy,3.9666,12.1573,-8.1907,14,0
clark2026,233,13,.,1.4064,2.3026,-0.8962,14,0
clark2026,233,14,<eos>,5.7885,2.3026,3.4859,14,0
clark2026,234,0,Because,7.4904,6.8401,0.6503,14,0
clark2026,234,1,of,1.6414,3.6849,-2.0434,14,0
clark2026,234,2,all,5.1017,5.7108,-0.6091,14,0
clark2026,234,3,the,0.5841,2.9243,-2.3403,14,0
clark2026,234,4,threats,6.5085,10.8658,-4.3573,14,0
clark2026,234,5,my,7.6448,5.5940,2.0508,14,0
clark2026,234,6,dog,7.0926,8.9792,-1.8867,14,0
clark2026,234,7,has,1.4721,6.0576,-4.5855,14,0
clark2026,234,8,become,5.5652,8.2901,-2.7249,14,0
clark2026,234,9,very,4.8702,6.9078,-2.0376,14,0
clark2026,234,10,scared,5.7929,10.1316,-4.3388,14,0
clark2026,234,11,and,2.7567,3.6613,-0.9045,14,0
clark2026,234,12,timid,9.6798,13.2389,-3.5591,14,0
clark2026,234,13,.,1.7756,2.3026,-0.5270,14,0
clark2026,234,14,<eos>,5.5876,2.3026,3.2850,14,0
clark2026,235,0,Because,7.4904,6.8401,0.6503,14,0
clark2026,235,1,of,1.6414,3.6849,-2.0434,14,0
clark2026,235,2,all,5.1017,5.7108,-0.6091,14,0
clark2026,235,3,the,0.5841,2.9243,-2.3403,14,0
clark2026,235,4,threats,6.5085,10.8658,-4.3573,14,0
clark2026,235,5,my,7.6448,5.5940,2.0508,14,0
clark2026,235,6,dog,7.0926,8.9792,-1.8867,14,0
clark2026,235,7,has,1.4721,6.0576,-4.5855,14,0
clark2026,235,8,become,5.5652,8.2901,-2.7249,14,0
clark2026,235,9,very,4.8702,6.9078,-2.0376,14,0
clark2026,235,10,translucent,12.8756,13.3331,-0.4574,14,0
clark2026,235,11,and,1.9146,3.6613,-1.7466,14,0
clark2026,235,12,aligned,11.8692,11.9734,-0.1042,14,0
clark2026,235,13,.,2.7060,2.3026,0.4034,14,0
clark2026,235,14,<eos>,5.4506,2.3026,3.1481,14,0
clark2026,236,0,Because,7.4900,6.8401,0.6499,14,0
clark2026,236,1,of,1.6411,3.6849,-2.0438,14,0
clark2026,236,2,all,5.1019,5.7108,-0.6089,14,0
clark2026,236,3,the,0.5841,2.9243,-2.3402,14,0
clark2026,236,4,exercise,10.3033,9.9464,0.3569,14,0
clark2026,236,5,my,7.6035,5.5940,2.0095,14,0
clark2026,236,6,dog,6.0774,8.9792,-2.9019,14,0
clark2026,236,7,has,2.0256,6.0576,-4.0320,14,0
clark2026,236,8,become,5.0768,8.2901,-3.2133,14,0
clark2026,236,9,very,3.8451,6.9078,-3.0626,14,0
clark2026,236,10,overweight,6.9922,12.1108,-5.1186,14,0
clark2026,236,11,and,1.3013,3.6613,-2.3600,14,0
clark2026,236,12,unhealthy,4.1188,12.1573,-8.0385,14,0
clark2026,236,13,.,1.0514,2.3026,-1.2511,14,0
clark2026,236,14,<eos>,5.8815,2.3026,3.5789,14,0
clark2026,237,0,Because,7.4904,6.8401,0.6503,14,0
clark2026,237,1,of,1.6414,3.6849,-2.0434,14,0
clark2026,237,2,all,5.1017,5.7108,-0.6091,14,0
clark2026,237,3,the,0.5841,2.9243,-2.3403,14,0
clark2026,237,4,exercise,10.3033,9.9464,0.3569,14,0
clark2026,237,5,my,7.6027,5.5940,2.0087,14,0
clark2026,237,6,dog,6.0781,8.9792,-2.9011,14,0
clark2026,237,7,has,2.0257,6.0576,-4.0319,14,0
clark2026,237,8,become,5.0767,8.2901,-3.2133,14,0
clark2026,237,9,very,3.8449,6.9078,-3.0628,14,0
clark2026,237,10,scared,7.6553,10.1316,-2.4764,14,0
clark2026,237,11,and,2.6717,3.6613,-0.9896,14,0
clark2026,237,12,timid,9.6515,13.2389,-3.5874,14,0
clark2026,237,13,.,1.4703,2.3026,-0.8323,14,0
clark2026,237,14,<eos>,5.8399,2.3026,3.5373,14,0
clark2026,238,0,Because,7.4904,6.8401,0.6503,14,0
clark2026,238,1,of,1.6414,3.6849,-2.0434,14,0
clark2026,238,2,all,5.1017,5.7108,-0.6091,14,0
clark2026,238,3,the,0.5841,2.9243,-2.3403,14,0
clark2026,238,4,traets,18.5806,18.4207,0.1599,14,0
clark2026,238,5,my,8.3450,5.5940,2.7510,14,0
clark2026,238,6,dog,6.6732,8.9792,-2.3060,14,0
clark2026,238,7,has,1.8539,6.0576,-4.2037,14,0
clark2026,238,8,become,5.7449,8.2901,-2.5452,14,0
clark2026,238,9,very,4.3438,6.9078,-2.5639,14,0
clark2026,238,10,overweight,7.5235,12.1108,-4.5873,14,0
clark2026,238,11,and,1.3120,3.6613,-2.3493,14,0
clark2026,238,12,unhealthy,4.3909,12.1573,-7.7664,14,0
clark2026,238,13,.,1.0163,2.3026,-1.2863,14,0
clark2026,238,14,<eos>,5.8292,2.3026,3.5266,14,0
clark2026,239,0,Because,7.4904,6.8401,0.6503,14,0
clark2026,239,1,of,1.6414,3.6849,-2.0434,14,0
clark2026,239,2,all,5.1017,5.7108,-0.6091,14,0
clark2026,239,3,the,0.5841,2.9243,-2.3403,14,0
clark2026,239,4,thraets,27.2413,18.4207,8.8206,14,0
clark2026,239,5,my,7.7954,5.5940,2.2013,14,0
clark2026,239,6,dog,6.0942,8.9792,-2.8850,14,0
clark2026,239,7,has,2.0091,6.0576,-4.0485,14,0
clark2026,239,8,become,5.7000,8.2901,-2.5901,14,0
clark2026,239,9,very,4.0657,6.9078,-2.8421,14,0
clark2026,239,10,scared,6.7527,10.1316,-3.3789,14,0
clark2026,239,11,and,2.7929,3.6613,-0.8684,14,0
clark2026,239,12,timid,9.5844,13.2389,-3.6545,14,0
clark2026,239,13,.,1.5333,2.3026,-0.7693,14,0
clark2026,239,14,<eos>,5.5575,2.3026,3.2549,14,0
clark2026,240,0,The,3.9742,2.9243,1.0498,9,0
clark2026,240,1,chart,9.2939,10.4311,-1.1372,9,0
clark2026,240,2,contained,8.2290,10.4762,-2.2472,9,0
clark2026,240,3,lots,7.9120,9.4861,-1.5741,9,0
clark2026,240,4,of,0.0653,3.6849,-3.6196,9,0
clark2026,240,5,data,3.2149,8.4264,-5.2116,9,0
clark2026,240,6,and,2.1218,3.6613,-1.5394,9,0
clark2026,240,7,statistics,5.0483,10.1316,-5.0833,9,0
clark2026,240,8,.,1.6362,2.3026,-0.6664,9,0
clark2026,240,9,<eos>,4.9180,2.3026,2.6154,9,0
clark2026,241,0,The,3.9742,2.9243,1.0498,9,0
clark2026,241,1,chart,9.2939,10.4311,-1.1372,9,0
clark2026,241,2,contained,8.2290,10.4762,-2.2472,9,0
clark2026,241,3,lots,7.9120,9.4861,-1.5741,9,0
clark2026,241,4,of,0.0653,3.6849,-3.6196,9,0
clark2026,241,5,fruits,8.5054,11.3559,-2.8505,9,0
clark2026,241,6,and,0.7039,3.6613,-2.9573,9,0
clark2026,241,7,vegetables,0.1403,11.1693,-11.0291,9,0
clark2026,241,8,.,1.7868,2.3026,-0.5158,9,0
clark2026,241,9,<eos>,5.3150,2.3026,3.0124,9,0
clark2026,242,0,The,3.9742,2.9243,1.0498,10,0
clark2026,242,1,chart,9.2939,10.4311,-1.1372,10,0
clark2026,242,2,contained,8.2290,10.4762,-2.2472,10,0
clark2026,242,3,lots,7.9120,9.4861,-1.5741,10,0
clark2026,242,4,of,0.0653,3.6849,-3.6196,10,0
clark2026,242,5,promises,8.9163,10.9363,-2.0200,10,0
clark2026,242,6,from,3.5715,5.4561,-1.8846,10,0
clark2026,242,7,my,4.2243,5.5940,-1.3697,10,0
clark2026,242,8,father,4.4183,8.6115,-4.1932,10,0
clark2026,242,9,.,2.5398,2.3026,0.2372,10,0
clark2026,242,10,<eos>,6.3534,2.3026,4.0508,10,0
clark2026,243,0,The,3.9742,2.9243,1.0498,9,0
clark2026,243,1,cart,10.4045,11.5590,-1.1544,9,0
clark2026,243,2,contained,11.1434,10.4762,0.6672,9,0
clark2026,243,3,lots,6.6260,9.4861,-2.8601,9,0
clark2026,243,4,of,0.0542,3.6849,-3.6307,9,0
clark2026,243,5,data,4.1558,8.4264,-4.2706,9,0
clark2026,243,6,and,1.8836,3.6613,-1.7777,9,0
clark2026,243,7,statistics,6.6489,10.1316,-3.4827,9,0
clark2026,243,8,.,1.5979,2.3026,-0.7047,9,0
clark2026,243,9,<eos>,5.5821,2.3026,3.2795,9,0
clark2026,244,0,The,3.9742,2.9243,1.0498,9,0
clark2026,244,1,cart,10.4045,11.5590,-1.1544,9,0
clark2026,244,2,contained,11.1434,10.4762,0.6672,9,0
clark2026,244,3,lots,6.6260,9.4861,-2.8601,9,0
clark2026,244,4,of,0.0542,3.6849,-3.6307,9,0
clark2026,244,5,fruits,7.3692,11.3559,-3.9867,9,0
clark2026,244,6,and,0.6676,3.6613,-2.9937,9,0
clark2026,244,7,vegetables,0.2139,11.1693,-10.9555,9,0
clark2026,244,8,.,1.6097,2.3026,-0.6929,9,0
clark2026,244,9,<eos>,6.3424,2.3026,4.0398,9,0
clark2026,245,0,The,3.9742,2.9243,1.0498,10,0
clark2026,245,1,cart,10.4045,11.5590,-1.1544,10,0
clark2026,245,2,contained,11.1434,10.4762,0.6672,10,0
clark2026,245,3,lots,6.6260,9.4861,-2.8601,10,0
clark2026,245,4,of,0.0542,3.6849,-3.6307,10,0
clark2026,245,5,promises,8.5689,10.9363,-2.3674,10,0
clark2026,245,6,from,3.7302,5.4561,-1.7259,10,0
clark2026,245,7,my,4.4424,5.5940,-1.1516,10,0
clark2026,245,8,father,3.9206,8.6115,-4.6909,10,0
clark2026,245,9,.,2.3636,2.3026,0.0610,10,0
clark2026,245,10,<eos>,6.6533,2.3026,4.3507,10,0
clark2026,246,0,The,3.9742,2.9243,1.0498,9,0
clark2026,246,1,sky,9.3688,9.8547,-0.4859,9,0
clark2026,246,2,contained,9.2402,10.4762,-1.2360,9,0
clark2026,246,3,lots,6.7880,9.4861,-2.6981,9,0
clark2026,246,4,of,0.0374,3.6849,-3.6474,9,0
clark2026,246,5,data,5.0866,8.4264,-3.3399,9,0
clark2026,246,6,and,2.0642,3.6613,-1.5971,9,0
clark2026,246,7,statistics,6.5127,10.1316,-3.6190,9,0
clark2026,246,8,.,1.3021,2.3026,-1.0005,9,0
clark2026,246,9,<eos>,5.7626,2.3026,3.4601,9,0
clark2026,247,0,The,3.9742,2.9243,1.0498,9,0
clark2026,247,1,sky,9.3688,9.8547,-0.4859,9,0
clark2026,247,2,contained,9.2402,10.4762,-1.2360,9,0
clark2026,247,3,lots,6.7880,9.4861,-2.6981,9,0
clark2026,247,4,of,0.0374,3.6849,-3.6474,9,0
clark2026,247,5,fruits,7.7639,11.3559,-3.5920,9,0
clark2026,247,6,and,0.7544,3.6613,-2.9069,9,0
clark2026,247,7,vegetables,0.2549,11.1693,-10.9145,9,0
clark2026,247,8,.,1.4763,2.3026,-0.8263,9,0
clark2026,247,9,<eos>,6.4442,2.3026,4.1416,9,0
clark2026,248,0,The,3.9742,2.9243,1.0498,9,0
clark2026,248,1,chatr,18.6691,18.4207,0.2484,9,0
clark2026,248,2,contained,10.4517,10.4762,-0.0245,9,0
clark2026,248,3,lots,6.4341,9.4861,-3.0519,9,0
clark2026,248,4,of,0.0489,3.6849,-3.6360,9,0
clark2026,248,5,data,5.4518,8.4264,-2.9746,9,0
clark2026,248,6,and,2.0472,3.6613,-1.6141,9,0
clark2026,248,7,statistics,6.6674,10.1316,-3.4643,9,0
clark2026,248,8,.,1.6233,2.3026,-0.6792,9,0
clark2026,248,9,<eos>,5.2692,2.3026,2.9666,9,0
clark2026,249,0,The,3.9742,2.9243,1.0498,9,0
clark2026,249,1,catr,18.4488,18.4207,0.0281,9,0
clark2026,249,2,contained,13.4236,10.4762,2.9475,9,0
clark2026,249,3,lots,7.6093,9.4861,-1.8768,9,0
clark2026,249,4,of,0.0446,3.6849,-3.6402,9,0
clark2026,249,5,fruits,7.1425,11.3559,-4.2134,9,0
clark2026,249,6,and,0.6880,3.6613,-2.9733,9,0
clark2026,249,7,vegetables,0.2208,11.1693,-10.9485,9,0
clark2026,249,8,.,1.5105,2.3026,-0.7921,9,0
clark2026,249,9,<eos>,6.0189,2.3026,3.7163,9,0
clark2026,250,0,These,6.7154,6.8124,-0.0970,12,0
clark2026,250,1,saints,12.3901,11.1414,1.2488,12,0
clark2026,250,2,had,4.8352,6.1469,-1.3117,12,0
clark2026,250,3,been,2.1935,6.2872,-4.0937,12,0
clark2026,250,4,talked,8.9811,10.0850,-1.1039,12,0
clark2026,250,5,about,0.7105,5.9875,-5.2770,12,0
clark2026,250,6,and,3.4811,3.6613,-0.1801,12,0
clark2026,250,7,venerated,10.0789,14.4830,-4.4041,12,0
clark2026,250,8,by,1.2915,5.3882,-4.0967,12,0
clark2026,250,9,the,1.0713,2.9243,-1.8530,12,0
clark2026,250,10,worshippers,10.2758,13.6757,-3.3999,12,0
clark2026,250,11,.,3.1483,2.3026,0.8457,12,0
clark2026,250,12,<eos>,5.7686,2.3026,3.4661,12,0
clark2026,251,0,These,6.7162,6.8124,-0.0962,12,0
clark2026,251,1,saints,12.3904,11.1414,1.2491,12,0
clark2026,251,2,had,4.8350,6.1469,-1.3120,12,0
clark2026,251,3,been,2.1938,6.2872,-4.0933,12,0
clark2026,251,4,talked,8.9810,10.0850,-1.1040,12,0
clark2026,251,5,about,0.7104,5.9875,-5.2771,12,0
clark2026,251,6,and,3.4811,3.6613,-0.1802,12,0
clark2026,251,7,removed,8.2642,9.6932,-1.4290,12,0
clark2026,251,8,by,2.3755,5.3882,-3.0128,12,0
clark2026,251,9,the,1.2020,2.9243,-1.7224,12,0
clark2026,251,10,cleaners,12.4199,12.7577,-0.3378,12,0
clark2026,251,11,.,1.9578,2.3026,-0.3448,12,0
clark2026,251,12,<eos>,5.5759,2.3026,3.2733,12,0
clark2026,252,0,These,6.7166,6.8124,-0.0959,12,0
clark2026,252,1,saints,12.3898,11.1414,1.2485,12,0
clark2026,252,2,had,4.8351,6.1469,-1.3119,12,0
clark2026,252,3,been,2.1933,6.2872,-4.0939,12,0
clark2026,252,4,talked,8.9821,10.0850,-1.1029,12,0
clark2026,252,5,about,0.7106,5.9875,-5.2769,12,0
clark2026,252,6,and,3.4812,3.6613,-0.1800,12,0
clark2026,252,7,toasted,10.1511,13.2167,-3.0656,12,0
clark2026,252,8,at,4.0709,5.2963,-1.2254,12,0
clark2026,252,9,the,1.2793,2.9243,-1.6450,12,0
clark2026,252,10,wedding,4.7123,9.6019,-4.8896,12,0
clark2026,252,11,.,1.7265,2.3026,-0.5761,12,0
clark2026,252,12,<eos>,5.7067,2.3026,3.4041,12,0
clark2026,253,0,These,6.7154,6.8124,-0.0970,12,0
clark2026,253,1,stains,11.1777,12.7577,-1.5800,12,0
clark2026,253,2,had,6.6748,6.1469,0.5278,12,0
clark2026,253,3,been,1.6957,6.2872,-4.5914,12,0
clark2026,253,4,talked,9.8064,10.0850,-0.2786,12,0
clark2026,253,5,about,0.8986,5.9875,-5.0888,12,0
clark2026,253,6,and,3.5505,3.6613,-0.1108,12,0
clark2026,253,7,venerated,13.2892,14.4830,-1.1938,12,0
clark2026,253,8,by,1.3831,5.3882,-4.0051,12,0
clark2026,253,9,the,1.1378,2.9243,-1.7865,12,0
clark2026,253,10,worshippers,11.8352,13.6757,-1.8405,12,0
clark2026,253,11,.,3.1441,2.3026,0.8415,12,0
clark2026,253,12,<eos>,4.8887,2.3026,2.5861,12,0
clark2026,254,0,These,6.7162,6.8124,-0.0962,12,0
clark2026,254,1,stains,11.1778,12.7577,-1.5799,12,0
clark2026,254,2,had,6.6746,6.1469,0.5276,12,0
clark2026,254,3,been,1.6951,6.2872,-4.5921,12,0
clark2026,254,4,talked,9.8062,10.0850,-0.2789,12,0
clark2026,254,5,about,0.8987,5.9875,-5.0888,12,0
clark2026,254,6,and,3.5504,3.6613,-0.1108,12,0
clark2026,254,7,removed,6.3562,9.6932,-3.3371,12,0
clark2026,254,8,by,2.3595,5.3882,-3.0288,12,0
clark2026,254,9,the,1.5306,2.9243,-1.3937,12,0
clark2026,254,10,cleaners,10.1685,12.7577,-2.5892,12,0
clark2026,254,11,.,1.6103,2.3026,-0.6923,12,0
clark2026,254,12,<eos>,4.3517,2.3026,2.0491,12,0
clark2026,255,0,These,6.7166,6.8124,-0.0959,12,0
clark2026,255,1,stains,11.1777,12.7577,-1.5801,12,0
clark2026,255,2,had,6.6746,6.1469,0.5276,12,0
clark2026,255,3,been,1.6954,6.2872,-4.5918,12,0
clark2026,255,4,talked,9.8065,10.0850,-0.2785,12,0
clark2026,255,5,about,0.8986,5.9875,-5.0889,12,0
clark2026,255,6,and,3.5504,3.6613,-0.1108,12,0
clark2026,255,7,toasted,11.8804,13.2167,-1.3363,12,0
clark2026,255,8,at,4.4818,5.2963,-0.8145,12,0
clark2026,255,9,the,1.3365,2.9243,-1.5879,12,0
clark2026,255,10,wedding,5.5772,9.6019,-4.0247,12,0
clark2026,255,11,.,1.3570,2.3026,-0.9456,12,0
clark2026,255,12,<eos>,4.8339,2.3026,2.5313,12,0
clark2026,256,0,These,6.7154,6.8124,-0.0970,12,0
clark2026,256,1,emails,7.9985,10.9590,-2.9605,12,0
clark2026,256,2,had,6.5335,6.1469,0.3865,12,0
clark2026,256,3,been,1.4432,6.2872,-4.8440,12,0
clark2026,256,4,talked,9.8385,10.0850,-0.2465,12,0
clark2026,256,5,about,0.5388,5.9875,-5.4487,12,0
clark2026,256,6,and,3.1519,3.6613,-0.5094,12,0
clark2026,256,7,venerated,14.4894,14.4830,0.0064,12,0
clark2026,256,8,by,1.2269,5.3882,-4.1614,12,0
clark2026,256,9,the,1.1251,2.9243,-1.7992,12,0
clark2026,256,10,worshippers,11.9960,13.6757,-1.6797,12,0
clark2026,256,11,.,3.1126,2.3026,0.8100,12,0
clark2026,256,12,<eos>,5.3518,2.3026,3.0492,12,0
clark2026,257,0,These,6.7162,6.8124,-0.0962,12,0
clark2026,257,1,emails,7.9990,10.9590,-2.9601,12,0
clark2026,257,2,had,6.5335,6.1469,0.3866,12,0
clark2026,257,3,been,1.4424,6.2872,-4.8447,12,0
clark2026,257,4,talked,9.8389,10.0850,-0.2462,12,0
clark2026,257,5,about,0.5389,5.9875,-5.4486,12,0
clark2026,257,6,and,3.1520,3.6613,-0.5093,12,0
clark2026,257,7,removed,7.0971,9.6932,-2.5961,12,0
clark2026,257,8,by,2.0522,5.3882,-3.3360,12,0
clark2026,257,9,the,1.3391,2.9243,-1.5853,12,0
clark2026,257,10,cleaners,11.7185,12.7577,-1.0392,12,0
clark2026,257,11,.,1.5413,2.3026,-0.7613,12,0
clark2026,257,12,<eos>,4.8731,2.3026,2.5705,12,0
clark2026,258,0,These,6.7169,6.8124,-0.0955,12,0
clark2026,258,1,siants,18.6003,18.4207,0.1796,12,0
clark2026,258,2,had,4.7816,6.1469,-1.3654,12,0
clark2026,258,3,been,1.9915,6.2872,-4.2957,12,0
clark2026,258,4,talked,8.2081,10.0850,-1.8769,12,0
clark2026,258,5,about,0.6565,5.9875,-5.3310,12,0
clark2026,258,6,and,3.6689,3.6613,0.0076,12,0
clark2026,258,7,venerated,13.0830,14.4830,-1.4000,12,0
clark2026,258,8,by,1.4329,5.3882,-3.9553,12,0
clark2026,258,9,the,1.0557,2.9243,-1.8686,12,0
clark2026,258,10,worshippers,11.6853,13.6757,-1.9904,12,0
clark2026,258,11,.,3.4682,2.3026,1.1656,12,0
clark2026,258,12,<eos>,5.5700,2.3026,3.2674,12,0
clark2026,259,0,These,6.7154,6.8124,-0.0970,12,0
clark2026,259,1,stians,20.7060,18.4207,2.2853,12,0
clark2026,259,2,had,5.8193,6.1469,-0.3276,12,0
clark2026,259,3,been,2.7498,6.2872,-3.5374,12,0
clark2026,259,4,talked,8.4906,10.0850,-1.5944,12,0
clark2026,259,5,about,0.6319,5.9875,-5.3556,12,0
clark2026,259,6,and,3.5544,3.6613,-0.1068,12,0
clark2026,259,7,removed,7.7978,9.6932,-1.8955,12,0
clark2026,259,8,by,2.4200,5.3882,-2.9683,12,0
clark2026,259,9,the,1.2017,2.9243,-1.7226,12,0
clark2026,259,10,cleaners,11.4873,12.7577,-1.2705,12,0
clark2026,259,11,.,1.6248,2.3026,-0.6778,12,0
clark2026,259,12,<eos>,5.5011,2.3026,3.1985,12,0
clark2026,260,0,She,7.2426,6.3089,0.9336,15,0
clark2026,260,1,knew,6.4943,8.7529,-2.2586,15,0
clark2026,260,2,how,3.9858,6.3539,-2.3681,15,0
clark2026,260,3,to,0.6746,3.6156,-2.9410,15,0
clark2026,260,4,untie,11.1156,14.9425,-3.8269,15,0
clark2026,260,5,every,5.9162,7.3906,-1.4744,15,0
clark2026,260,6,single,3.0379,8.2664,-5.2285,15,0
clark2026,260,7,one,2.2166,5.8260,-3.6094,15,0
clark2026,260,8,of,0.3634,3.6849,-3.3214,15,0
clark2026,260,9,the,1.5048,2.9243,-1.4196,15,0
clark2026,260,10,knots,8.9081,12.3639,-3.4558,15,0
clark2026,260,11,for,4.6889,4.5854,0.1035,15,0
clark2026,260,12,the,1.7394,2.9243,-1.1850,15,0
clark2026,260,13,sailboat,9.3696,13.9309,-4.5613,15,0
clark2026,260,14,.,1.3377,2.3026,-0.9649,15,0
clark2026,260,15,<eos>,5.0541,2.3026,2.7515,15,0
clark2026,261,0,She,7.2417,6.3089,0.9328,13,0
clark2026,261,1,knew,6.4933,8.7529,-2.2596,13,0
clark2026,261,2,how,3.9857,6.3539,-2.3682,13,0
clark2026,261,3,to,0.6746,3.6156,-2.9410,13,0
clark2026,261,4,untie,11.1151,14.9425,-3.8274,13,0
clark2026,261,5,every,5.9164,7.3906,-1.4742,13,0
clark2026,261,6,single,3.0379,8.2664,-5.2286,13,0
clark2026,261,7,one,2.2164,5.8260,-3.6096,13,0
clark2026,261,8,of,0.3635,3.6849,-3.3214,13,0
clark2026,261,9,the,1.5051,2.9243,-1.4192,13,0
clark2026,261,10,community,8.0550,8.4264,-0.3714,13,0
clark2026,261,11,members,3.0060,8.4039,-5.3978,13,0
clark2026,261,12,.,2.1682,2.3026,-0.1343,13,0
clark2026,261,13,<eos>,5.6964,2.3026,3.3938,13,0
clark2026,262,0,She,7.2426,6.3089,0.9336,15,0
clark2026,262,1,knew,6.4943,8.7529,-2.2586,15,0
clark2026,262,2,how,3.9858,6.3539,-2.3681,15,0
clark2026,262,3,to,0.6746,3.6156,-2.9410,15,0
clark2026,262,4,untie,11.1156,14.9425,-3.8269,15,0
clark2026,262,5,every,5.9162,7.3906,-1.4744,15,0
clark2026,262,6,single,3.0379,8.2664,-5.2285,15,0
clark2026,262,7,one,2.2166,5.8260,-3.6094,15,0
clark2026,262,8,of,0.3634,3.6849,-3.3214,15,0
clark2026,262,9,the,1.5048,2.9243,-1.4196,15,0
clark2026,262,10,viruses,8.9596,12.1347,-3.1751,15,0
clark2026,262,11,in,2.2001,3.9846,-1.7845,15,0
clark2026,262,12,the,1.3197,2.9243,-1.6046,15,0
clark2026,262,13,winter,8.3461,9.4639,-1.1178,15,0
clark2026,262,14,.,1.2337,2.3026,-1.0689,15,0
clark2026,262,15,<eos>,5.2993,2.3026,2.9967,15,0
clark2026,263,0,She,7.2426,6.3089,0.9336,15,0
clark2026,263,1,knew,6.4943,8.7529,-2.2586,15,0
clark2026,263,2,how,3.9858,6.3539,-2.3681,15,0
clark2026,263,3,to,0.6746,3.6156,-2.9410,15,0
clark2026,263,4,unite,9.9238,11.7436,-1.8198,15,0
clark2026,263,5,every,6.6191,7.3906,-0.7715,15,0
clark2026,263,6,single,3.2728,8.2664,-4.9937,15,0
clark2026,263,7,one,3.1752,5.8260,-2.6507,15,0
clark2026,263,8,of,0.5901,3.6849,-3.0947,15,0
clark2026,263,9,the,1.8087,2.9243,-1.1157,15,0
clark2026,263,10,knots,10.3371,12.3639,-2.0268,15,0
clark2026,263,11,for,4.4995,4.5854,-0.0859,15,0
clark2026,263,12,the,1.6333,2.9243,-1.2910,15,0
clark2026,263,13,sailboat,9.8977,13.9309,-4.0332,15,0
clark2026,263,14,.,1.4365,2.3026,-0.8661,15,0
clark2026,263,15,<eos>,4.9705,2.3026,2.6679,15,0
clark2026,264,0,She,7.2421,6.3089,0.9332,13,0
clark2026,264,1,knew,6.4938,8.7529,-2.2591,13,0
clark2026,264,2,how,3.9856,6.3539,-2.3682,13,0
clark2026,264,3,to,0.6747,3.6156,-2.9409,13,0
clark2026,264,4,unite,9.9240,11.7436,-1.8196,13,0
clark2026,264,5,every,6.6190,7.3906,-0.7716,13,0
clark2026,264,6,single,3.2728,8.2664,-4.9936,13,0
clark2026,264,7,one,3.1747,5.8260,-2.6513,13,0
clark2026,264,8,of,0.5902,3.6849,-3.0947,13,0
clark2026,264,9,the,1.8089,2.9243,-1.1155,13,0
clark2026,264,10,community,5.9301,8.4264,-2.4963,13,0
clark2026,264,11,members,3.2670,8.4039,-5.1368,13,0
clark2026,264,12,.,2.0261,2.3026,-0.2765,13,0
clark2026,264,13,<eos>,5.3078,2.3026,3.0053,13,0
clark2026,265,0,She,7.2426,6.3089,0.9336,15,0
clark2026,265,1,knew,6.4943,8.7529,-2.2586,15,0
clark2026,265,2,how,3.9858,6.3539,-2.3681,15,0
clark2026,265,3,to,0.6746,3.6156,-2.9410,15,0
clark2026,265,4,unite,9.9238,11.7436,-1.8198,15,0
clark2026,265,5,every,6.6191,7.3906,-0.7715,15,0
clark2026,265,6,single,3.2728,8.2664,-4.9937,15,0
clark2026,265,7,one,3.1752,5.8260,-2.6507,15,0
clark2026,265,8,of,0.5901,3.6849,-3.0947,15,0
clark2026,265,9,the,1.8087,2.9243,-1.1157,15,0
clark2026,265,10,viruses,9.4800,12.1347,-2.6547,15,0
clark2026,265,11,in,1.8116,3.9846,-2.1729,15,0
clark2026,265,12,the,1.5850,2.9243,-1.3394,15,0
clark2026,265,13,winter,8.8370,9.4639,-0.6270,15,0
clark2026,265,14,.,1.2948,2.3026,-1.0078,15,0
clark2026,265,15,<eos>,5.0885,2.3026,2.7859,15,0
clark2026,266,0,She,7.2426,6.3089,0.9336,15,0
clark2026,266,1,knew,6.4943,8.7529,-2.2586,15,0
clark2026,266,2,how,3.9858,6.3539,-2.3681,15,0
clark2026,266,3,to,0.6746,3.6156,-2.9410,15,0
clark2026,266,4,sing,8.6571,10.2688,-1.6117,15,0
clark2026,266,5,every,5.6972,7.3906,-1.6934,15,0
clark2026,266,6,single,3.3523,8.2664,-4.9141,15,0
clark2026,266,7,one,3.3308,5.8260,-2.4951,15,0
clark2026,266,8,of,0.3752,3.6849,-3.3097,15,0
clark2026,266,9,the,1.6086,2.9243,-1.3157,15,0
clark2026,266,10,knots,10.3412,12.3639,-2.0227,15,0
clark2026,266,11,for,4.3761,4.5854,-0.2093,15,0
clark2026,266,12,the,1.7383,2.9243,-1.1860,15,0
clark2026,266,13,sailboat,9.7188,13.9309,-4.2121,15,0
clark2026,266,14,.,1.3012,2.3026,-1.0014,15,0
clark2026,266,15,<eos>,5.1554,2.3026,2.8528,15,0
clark2026,267,0,She,7.2421,6.3089,0.9332,13,0
clark2026,267,1,knew,6.4938,8.7529,-2.2591,13,0
clark2026,267,2,how,3.9856,6.3539,-2.3682,13,0
clark2026,267,3,to,0.6747,3.6156,-2.9409,13,0
clark2026,267,4,sing,8.6571,10.2688,-1.6117,13,0
clark2026,267,5,every,5.6973,7.3906,-1.6934,13,0
clark2026,267,6,single,3.3522,8.2664,-4.9142,13,0
clark2026,267,7,one,3.3309,5.8260,-2.4950,13,0
clark2026,267,8,of,0.3752,3.6849,-3.3097,13,0
clark2026,267,9,the,1.6087,2.9243,-1.3156,13,0
clark2026,267,10,community,8.5755,8.4264,0.1490,13,0
clark2026,267,11,members,4.1542,8.4039,-4.2497,13,0
clark2026,267,12,.,2.5160,2.3026,0.2134,13,0
clark2026,267,13,<eos>,5.6897,2.3026,3.3871,13,0
clark2026,268,0,She,7.2426,6.3089,0.9336,15,0
clark2026,268,1,knew,6.4943,8.7529,-2.2586,15,0
clark2026,268,2,how,3.9858,6.3539,-2.3681,15,0
clark2026,268,3,to,0.6746,3.6156,-2.9410,15,0
clark2026,268,4,unntie,26.4847,18.4207,8.0640,15,0
clark2026,268,5,every,7.8954,7.3906,0.5048,15,0
clark2026,268,6,single,3.1509,8.2664,-5.1156,15,0
clark2026,268,7,one,2.4098,5.8260,-3.4162,15,0
clark2026,268,8,of,0.6289,3.6849,-3.0559,15,0
clark2026,268,9,the,1.5505,2.9243,-1.3739,15,0
clark2026,268,10,knots,10.6077,12.3639,-1.7562,15,0
clark2026,268,11,for,4.9176,4.5854,0.3323,15,0
clark2026,268,12,the,1.7588,2.9243,-1.1656,15,0
clark2026,268,13,sailboat,9.5529,13.9309,-4.3781,15,0
clark2026,268,14,.,1.3984,2.3026,-0.9042,15,0
clark2026,268,15,<eos>,4.9428,2.3026,2.6403,15,0
clark2026,269,0,She,7.2426,6.3089,0.9336,13,0
clark2026,269,1,knew,6.4943,8.7529,-2.2586,13,0
clark2026,269,2,how,3.9858,6.3539,-2.3681,13,0
clark2026,269,3,to,0.6746,3.6156,-2.9410,13,0
clark2026,269,4,unnite,19.9580,18.4207,1.5373,13,0
clark2026,269,5,every,6.0813,7.3906,-1.3093,13,0
clark2026,269,6,single,2.6846,8.2664,-5.5819,13,0
clark2026,269,7,one,2.3210,5.8260,-3.5050,13,0
clark2026,269,8,of,0.4050,3.6849,-3.2799,13,0
clark2026,269,9,the,1.6027,2.9243,-1.3217,13,0
clark2026,269,10,community,7.1137,8.4264,-1.3128,13,0
clark2026,269,11,members,2.9608,8.4039,-5.4431,13,0
clark2026,269,12,.,1.8238,2.3026,-0.4787,13,0
clark2026,269,13,<eos>,5.6174,2.3026,3.3148,13,0
clark2026,270,0,Are,8.8765,5.2030,3.6735,13,0
clark2026,270,1,you,1.1692,4.6512,-3.4820,13,0
clark2026,270,2,able,6.9579,8.2208,-1.2629,13,0
clark2026,270,3,to,0.0124,3.6156,-3.6033,13,0
clark2026,270,4,reverse,8.3157,10.6628,-2.3470,13,0
clark2026,270,5,both,6.9186,7.3906,-0.4720,13,0
clark2026,270,6,of,1.6191,3.6849,-2.0658,13,0
clark2026,270,7,these,1.0261,6.8124,-5.7864,13,0
clark2026,270,8,transactions,7.2079,11.0061,-3.7982,13,0
clark2026,270,9,over,5.4410,6.7254,-1.2845,13,0
clark2026,270,10,the,0.7228,2.9243,-2.2016,13,0
clark2026,270,11,phone,4.8605,8.5172,-3.6567,13,0
clark2026,270,12,?,0.4657,2.3026,-1.8368,13,0
clark2026,270,13,<eos>,3.9560,2.3026,1.6534,13,0
clark2026,271,0,Are,8.8765,5.2030,3.6735,13,0
clark2026,271,1,you,1.1692,4.6512,-3.4820,13,0
clark2026,271,2,able,6.9579,8.2208,-1.2629,13,0
clark2026,271,3,to,0.0124,3.6156,-3.6033,13,0
clark2026,271,4,reverse,8.3157,10.6628,-2.3470,13,0
clark2026,271,5,both,6.9186,7.3906,-0.4720,13,0
clark2026,271,6,of,1.6191,3.6849,-2.0658,13,0
clark2026,271,7,these,1.0261,6.8124,-5.7864,13,0
clark2026,271,8,rooms,11.0144,10.2237,0.7907,13,0
clark2026,271,9,in,2.6058,3.9846,-1.3788,13,0
clark2026,271,10,the,1.5373,2.9243,-1.3871,13,0
clark2026,271,11,hotel,5.7735,9.3258,-3.5523,13,0
clark2026,271,12,?,0.7883,2.3026,-1.5143,13,0
clark2026,271,13,<eos>,3.7000,2.3026,1.3975,13,0
clark2026,272,0,Are,8.8771,5.2030,3.6741,13,0
clark2026,272,1,you,1.1691,4.6512,-3.4822,13,0
clark2026,272,2,able,6.9576,8.2208,-1.2632,13,0
clark2026,272,3,to,0.0124,3.6156,-3.6033,13,0
clark2026,272,4,reverse,8.3165,10.6628,-2.3463,13,0
clark2026,272,5,both,6.9190,7.3906,-0.4716,13,0
clark2026,272,6,of,1.6192,3.6849,-2.0657,13,0
clark2026,272,7,these,1.0262,6.8124,-5.7863,13,0
clark2026,272,8,pigeons,12.7231,12.9870,-0.2639,13,0
clark2026,272,9,on,4.2893,4.8122,-0.5229,13,0
clark2026,272,10,the,1.2385,2.9243,-1.6858,13,0
clark2026,272,11,sidewalk,5.7408,12.2490,-6.5081,13,0
clark2026,272,12,?,0.7077,2.3026,-1.5949,13,0
clark2026,272,13,<eos>,3.9460,2.3026,1.6434,13,0
clark2026,273,0,Are,8.8765,5.2030,3.6735,13,0
clark2026,273,1,you,1.1692,4.6512,-3.4820,13,0
clark2026,273,2,able,6.9579,8.2208,-1.2629,13,0
clark2026,273,3,to,0.0124,3.6156,-3.6033,13,0
clark2026,273,4,reserve,10.7682,10.1316,0.6366,13,0
clark2026,273,5,both,6.9705,7.3906,-0.4201,13,0
clark2026,273,6,of,2.8081,3.6849,-0.8768,13,0
clark2026,273,7,these,1.4761,6.8124,-5.3363,13,0
clark2026,273,8,transactions,8.4662,11.0061,-2.5399,13,0
clark2026,273,9,over,5.1407,6.7254,-1.5847,13,0
clark2026,273,10,the,0.8044,2.9243,-2.1199,13,0
clark2026,273,11,phone,5.1064,8.5172,-3.4108,13,0
clark2026,273,12,?,0.5543,2.3026,-1.7483,13,0
clark2026,273,13,<eos>,3.9378,2.3026,1.6352,13,0
clark2026,274,0,Are,8.8765,5.2030,3.6735,13,0
clark2026,274,1,you,1.1692,4.6512,-3.4820,13,0
clark2026,274,2,able,6.9579,8.2208,-1.2629,13,0
clark2026,274,3,to,0.0124,3.6156,-3.6033,13,0
clark2026,274,4,reserve,10.7682,10.1316,0.6366,13,0
clark2026,274,5,both,6.9705,7.3906,-0.4201,13,0
clark2026,274,6,of,2.8081,3.6849,-0.8768,13,0
clark2026,274,7,these,1.4761,6.8124,-5.3363,13,0
clark2026,274,8,rooms,6.6080,10.2237,-3.6157,13,0
clark2026,274,9,in,2.5706,3.9846,-1.4139,13,0
clark2026,274,10,the,1.3229,2.9243,-1.6015,13,0
clark2026,274,11,hotel,5.1595,9.3258,-4.1662,13,0
clark2026,274,12,?,0.8105,2.3026,-1.4920,13,0
clark2026,274,13,<eos>,3.6876,2.3026,1.3850,13,0
clark2026,275,0,Are,8.8771,5.2030,3.6741,13,0
clark2026,275,1,you,1.1691,4.6512,-3.4822,13,0
clark2026,275,2,able,6.9576,8.2208,-1.2632,13,0
clark2026,275,3,to,0.0124,3.6156,-3.6033,13,0
clark2026,275,4,reserve,10.7685,10.1316,0.6369,13,0
clark2026,275,5,both,6.9706,7.3906,-0.4201,13,0
clark2026,275,6,of,2.8082,3.6849,-0.8767,13,0
clark2026,275,7,these,1.4761,6.8124,-5.3364,13,0
clark2026,275,8,pigeons,14.4959,12.9870,1.5089,13,0
clark2026,275,9,on,4.6068,4.8122,-0.2054,13,0
clark2026,275,10,the,1.2088,2.9243,-1.7155,13,0
clark2026,275,11,sidewalk,6.0502,12.2490,-6.1988,13,0
clark2026,275,12,?,0.8924,2.3026,-1.4102,13,0
clark2026,275,13,<eos>,4.0054,2.3026,1.7029,13,0
clark2026,276,0,Are,8.8765,5.2030,3.6735,13,0
clark2026,276,1,you,1.1692,4.6512,-3.4820,13,0
clark2026,276,2,able,6.9579,8.2208,-1.2629,13,0
clark2026,276,3,to,0.0124,3.6156,-3.6033,13,0
clark2026,276,4,swim,9.6014,11.0305,-1.4291,13,0
clark2026,276,5,both,7.7887,7.3906,0.3980,13,0
clark2026,276,6,of,3.4483,3.6849,-0.2366,13,0
clark2026,276,7,these,1.3015,6.8124,-5.5110,13,0
clark2026,276,8,transactions,10.8629,11.0061,-0.1432,13,0
clark2026,276,9,over,3.6254,6.7254,-3.1001,13,0
clark2026,276,10,the,0.6391,2.9243,-2.2852,13,0
clark2026,276,11,phone,4.9475,8.5172,-3.5697,13,0
clark2026,276,12,?,0.5131,2.3026,-1.7895,13,0
clark2026,276,13,<eos>,3.8793,2.3026,1.5767,13,0
clark2026,277,0,Are,8.8765,5.2030,3.6735,13,0
clark2026,277,1,you,1.1692,4.6512,-3.4820,13,0
clark2026,277,2,able,6.9579,8.2208,-1.2629,13,0
clark2026,277,3,to,0.0124,3.6156,-3.6033,13,0
clark2026,277,4,swim,9.6014,11.0305,-1.4291,13,0
clark2026,277,5,both,7.7887,7.3906,0.3980,13,0
clark2026,277,6,of,3.4483,3.6849,-0.2366,13,0
clark2026,277,7,these,1.3015,6.8124,-5.5110,13,0
clark2026,277,8,rooms,6.4569,10.2237,-3.7668,13,0
clark2026,277,9,in,2.2725,3.9846,-1.7121,13,0
clark2026,277,10,the,1.2361,2.9243,-1.6882,13,0
clark2026,277,11,hotel,5.6949,9.3258,-3.6308,13,0
clark2026,277,12,?,0.9367,2.3026,-1.3659,13,0
clark2026,277,13,<eos>,3.7256,2.3026,1.4230,13,0
clark2026,278,0,Are,8.8758,5.2030,3.6728,13,0
clark2026,278,1,you,1.1691,4.6512,-3.4821,13,0
clark2026,278,2,able,6.9575,8.2208,-1.2633,13,0
clark2026,278,3,to,0.0124,3.6156,-3.6033,13,0
clark2026,278,4,revverse,23.8357,18.4207,5.4150,13,0
clark2026,278,5,both,6.3230,7.3906,-1.0676,13,0
clark2026,278,6,of,2.1650,3.6849,-1.5199,13,0
clark2026,278,7,these,2.4075,6.8124,-4.4049,13,0
clark2026,278,8,transactions,7.1252,11.0061,-3.8809,13,0
clark2026,278,9,over,5.5400,6.7254,-1.1854,13,0
clark2026,278,10,the,0.7716,2.9243,-2.1528,13,0
clark2026,278,11,phone,5.2666,8.5172,-3.2506,13,0
clark2026,278,12,?,0.4515,2.3026,-1.8511,13,0
clark2026,278,13,<eos>,3.7733,2.3026,1.4707,13,0
clark2026,279,0,Are,8.8758,5.2030,3.6728,13,0
clark2026,279,1,you,1.1691,4.6512,-3.4821,13,0
clark2026,279,2,able,6.9575,8.2208,-1.2633,13,0
clark2026,279,3,to,0.0124,3.6156,-3.6033,13,0
clark2026,279,4,resserve,21.0478,18.4207,2.6271,13,0
clark2026,279,5,both,7.6351,7.3906,0.2444,13,0
clark2026,279,6,of,3.1018,3.6849,-0.5831,13,0
clark2026,279,7,these,1.2357,6.8124,-5.5767,13,0
clark2026,279,8,rooms,7.5871,10.2237,-2.6366,13,0
clark2026,279,9,in,2.6544,3.9846,-1.3302,13,0
clark2026,279,10,the,1.3977,2.9243,-1.5267,13,0
clark2026,279,11,hotel,5.5860,9.3258,-3.7397,13,0
clark2026,279,12,?,0.6891,2.3026,-1.6135,13,0
clark2026,279,13,<eos>,3.6319,2.3026,1.3293,13,0
clark2026,280,0,The,3.9742,2.9243,1.0498,11,0
clark2026,280,1,documents,8.8167,10.0382,-1.2215,11,0
clark2026,280,2,were,4.1385,6.1239,-1.9854,11,0
clark2026,280,3,stored,5.7336,11.1008,-5.3672,11,0
clark2026,280,4,by,4.6713,5.3882,-0.7170,11,0
clark2026,280,5,the,1.2558,2.9243,-1.6685,11,0
clark2026,280,6,intern,9.7982,12.2722,-2.4740,11,0
clark2026,280,7,in,4.2582,3.9846,0.2736,11,0
clark2026,280,8,filing,10.0334,11.3996,-1.3662,11,0
clark2026,280,9,cabinets,4.7856,12.7577,-7.9722,11,0
clark2026,280,10,.,1.9258,2.3026,-0.3768,11,0
clark2026,280,11,<eos>,5.6008,2.3026,3.2982,11,0
clark2026,281,0,The,3.9742,2.9243,1.0498,11,0
clark2026,281,1,documents,8.8167,10.0382,-1.2215,11,0
clark2026,281,2,were,4.1385,6.1239,-1.9854,11,0
clark2026,281,3,stored,5.7336,11.1008,-5.3672,11,0
clark2026,281,4,by,4.6713,5.3882,-0.7170,11,0
clark2026,281,5,the,1.2558,2.9243,-1.6685,11,0
clark2026,281,6,intern,9.7982,12.2722,-2.4740,11,0
clark2026,281,7,in,4.2582,3.9846,0.2736,11,0
clark2026,281,8,alphabetical,8.5813,13.3087,-4.7274,11,0
clark2026,281,9,order,0.0016,8.0822,-8.0806,11,0
clark2026,281,10,.,1.1326,2.3026,-1.1700,11,0
clark2026,281,11,<eos>,4.6638,2.3026,2.3612,11,0
clark2026,282,0,The,3.9742,2.9243,1.0498,12,0
clark2026,282,1,documents,8.8167,10.0382,-1.2215,12,0
clark2026,282,2,were,4.1385,6.1239,-1.9854,12,0
clark2026,282,3,stored,5.7336,11.1008,-5.3672,12,0
clark2026,282,4,by,4.6713,5.3882,-0.7170,12,0
clark2026,282,5,the,1.2558,2.9243,-1.6685,12,0
clark2026,282,6,intern,9.7982,12.2722,-2.4740,12,0
clark2026,282,7,in,4.2582,3.9846,0.2736,12,0
clark2026,282,8,friendship,12.3459,10.6168,1.7291,12,0
clark2026,282,9,and,2.3691,3.6613,-1.2921,12,0
clark2026,282,10,romance,7.3692,10.7758,-3.4066,12,0
clark2026,282,11,.,1.4014,2.3026,-0.9012,12,0
clark2026,282,12,<eos>,4.4183,2.3026,2.1157,12,0
clark2026,283,0,The,3.9742,2.9243,1.0498,11,0
clark2026,283,1,documents,8.8167,10.0382,-1.2215,11,0
clark2026,283,2,were,4.1385,6.1239,-1.9854,11,0
clark2026,283,3,sorted,7.5088,11.9045,-4.3957,11,0
clark2026,283,4,by,1.2288,5.3882,-4.1594,11,0
clark2026,283,5,the,2.0392,2.9243,-0.8852,11,0
clark2026,283,6,intern,9.8675,12.2722,-2.4048,11,0
clark2026,283,7,in,5.4405,3.9846,1.4559,11,0
clark2026,283,8,filing,9.7102,11.3996,-1.6894,11,0
clark2026,283,9,cabinets,7.1075,12.7577,-5.6503,11,0
clark2026,283,10,.,1.5619,2.3026,-0.7407,11,0
clark2026,283,11,<eos>,5.8165,2.3026,3.5140,11,0
clark2026,284,0,The,3.9742,2.9243,1.0498,11,0
clark2026,284,1,documents,8.8167,10.0382,-1.2215,11,0
clark2026,284,2,were,4.1385,6.1239,-1.9854,11,0
clark2026,284,3,sorted,7.5088,11.9045,-4.3957,11,0
clark2026,284,4,by,1.2288,5.3882,-4.1594,11,0
clark2026,284,5,the,2.0392,2.9243,-0.8852,11,0
clark2026,284,6,intern,9.8675,12.2722,-2.4048,11,0
clark2026,284,7,in,5.4405,3.9846,1.4559,11,0
clark2026,284,8,alphabetical,6.1338,13.3087,-7.1749,11,0
clark2026,284,9,order,0.0036,8.0822,-8.0786,11,0
clark2026,284,10,.,1.1566,2.3026,-1.1459,11,0
clark2026,284,11,<eos>,5.1239,2.3026,2.8213,11,0
clark2026,285,0,The,3.9742,2.9243,1.0498,12,0
clark2026,285,1,documents,8.8167,10.0382,-1.2215,12,0
clark2026,285,2,were,4.1385,6.1239,-1.9854,12,0
clark2026,285,3,sorted,7.5088,11.9045,-4.3957,12,0
clark2026,285,4,by,1.2288,5.3882,-4.1594,12,0
clark2026,285,5,the,2.0392,2.9243,-0.8852,12,0
clark2026,285,6,intern,9.8675,12.2722,-2.4048,12,0
clark2026,285,7,in,5.4405,3.9846,1.4559,12,0
clark2026,285,8,friendship,12.9631,10.6168,2.3462,12,0
clark2026,285,9,and,2.0945,3.6613,-1.5668,12,0
clark2026,285,10,romance,6.6556,10.7758,-4.1201,12,0
clark2026,285,11,.,1.1812,2.3026,-1.1214,12,0
clark2026,285,12,<eos>,4.7425,2.3026,2.4399,12,0
clark2026,286,0,The,3.9742,2.9243,1.0498,11,0
clark2026,286,1,documents,8.8167,10.0382,-1.2215,11,0
clark2026,286,2,were,4.1385,6.1239,-1.9854,11,0
clark2026,286,3,skipped,11.7673,12.2960,-0.5287,11,0
clark2026,286,4,by,2.0977,5.3882,-3.2905,11,0
clark2026,286,5,the,1.3928,2.9243,-1.5315,11,0
clark2026,286,6,intern,8.7952,12.2722,-3.4770,11,0
clark2026,286,7,in,4.1296,3.9846,0.1450,11,0
clark2026,286,8,filing,9.4594,11.3996,-1.9402,11,0
clark2026,286,9,cabinets,8.2136,12.7577,-4.5441,11,0
clark2026,286,10,.,1.3898,2.3026,-0.9128,11,0
clark2026,286,11,<eos>,5.2430,2.3026,2.9404,11,0
clark2026,287,0,The,3.9742,2.9243,1.0498,11,0
clark2026,287,1,documents,8.8167,10.0382,-1.2215,11,0
clark2026,287,2,were,4.1385,6.1239,-1.9854,11,0
clark2026,287,3,skipped,11.7673,12.2960,-0.5287,11,0
clark2026,287,4,by,2.0977,5.3882,-3.2905,11,0
clark2026,287,5,the,1.3928,2.9243,-1.5315,11,0
clark2026,287,6,intern,8.7952,12.2722,-3.4770,11,0
clark2026,287,7,in,4.1296,3.9846,0.1450,11,0
clark2026,287,8,alphabetical,9.6216,13.3087,-3.6871,11,0
clark2026,287,9,order,0.0042,8.0822,-8.0780,11,0
clark2026,287,10,.,0.9638,2.3026,-1.3388,11,0
clark2026,287,11,<eos>,4.7872,2.3026,2.4846,11,0
clark2026,288,0,The,3.9738,2.9243,1.0495,11,0
clark2026,288,1,documents,8.8165,10.0382,-1.2217,11,0
clark2026,288,2,were,4.1383,6.1239,-1.9855,11,0
clark2026,288,3,stjred,25.7166,18.4207,7.2959,11,0
clark2026,288,4,by,2.4660,5.3882,-2.9223,11,0
clark2026,288,5,the,1.2693,2.9243,-1.6550,11,0
clark2026,288,6,intern,9.7633,12.2722,-2.5089,11,0
clark2026,288,7,in,4.6211,3.9846,0.6365,11,0
clark2026,288,8,filing,9.6319,11.3996,-1.7677,11,0
clark2026,288,9,cabinets,7.4991,12.7577,-5.2586,11,0
clark2026,288,10,.,1.5081,2.3026,-0.7945,11,0
clark2026,288,11,<eos>,5.4595,2.3026,3.1570,11,0
clark2026,289,0,The,3.9734,2.9243,1.0490,11,0
clark2026,289,1,documents,8.8167,10.0382,-1.2214,11,0
clark2026,289,2,were,4.1388,6.1239,-1.9851,11,0
clark2026,289,3,sjrted,23.4685,18.4207,5.0478,11,0
clark2026,289,4,by,3.5503,5.3882,-1.8379,11,0
clark2026,289,5,the,1.6439,2.9243,-1.2804,11,0
clark2026,289,6,intern,9.0289,12.2722,-3.2434,11,0
clark2026,289,7,in,3.8951,3.9846,-0.0895,11,0
clark2026,289,8,alphabetical,9.8057,13.3087,-3.5030,11,0
clark2026,289,9,order,0.0067,8.0822,-8.0755,11,0
clark2026,289,10,.,1.2449,2.3026,-1.0577,11,0
clark2026,289,11,<eos>,4.9586,2.3026,2.6560,11,0
clark2026,290,0,He,7.1394,5.3185,1.8209,11,0
clark2026,290,1,was,2.6477,5.0192,-2.3715,11,0
clark2026,290,2,tired,9.2930,9.8778,-0.5849,11,0
clark2026,290,3,a,5.5616,3.7766,1.7850,11,0
clark2026,290,4,long,3.8737,7.3447,-3.4710,11,0
clark2026,290,5,while,5.1119,7.2307,-2.1188,11,0
clark2026,290,6,after,3.8767,6.6531,-2.7764,11,0
clark2026,290,7,his,2.9704,5.7322,-2.7618,11,0
clark2026,290,8,shift,6.1625,10.1992,-4.0367,11,0
clark2026,290,9,ended,5.7180,9.3943,-3.6762,11,0
clark2026,290,10,.,1.4862,2.3026,-0.8164,11,0
clark2026,290,11,<eos>,5.9945,2.3026,3.6919,11,0
clark2026,291,0,He,7.1394,5.3185,1.8209,12,0
clark2026,291,1,was,2.6477,5.0192,-2.3715,12,0
clark2026,291,2,tired,9.2930,9.8778,-0.5849,12,0
clark2026,291,3,a,5.5616,3.7766,1.7850,12,0
clark2026,291,4,long,3.8737,7.3447,-3.4710,12,0
clark2026,291,5,while,5.1119,7.2307,-2.1188,12,0
clark2026,291,6,after,3.8767,6.6531,-2.7764,12,0
clark2026,291,7,his,2.9704,5.7322,-2.7618,12,0
clark2026,291,8,arrest,5.7372,10.2460,-4.5087,12,0
clark2026,291,9,and,3.1093,3.6613,-0.5520,12,0
clark2026,291,10,indictment,8.7866,12.2041,-3.4175,12,0
clark2026,291,11,.,3.1284,2.3026,0.8258,12,0
clark2026,291,12,<eos>,5.9925,2.3026,3.6899,12,0
clark2026,292,0,He,7.1394,5.3185,1.8209,12,0
clark2026,292,1,was,2.6477,5.0192,-2.3715,12,0
clark2026,292,2,tired,9.2930,9.8778,-0.5849,12,0
clark2026,292,3,a,5.5616,3.7766,1.7850,12,0
clark2026,292,4,long,3.8737,7.3447,-3.4710,12,0
clark2026,292,5,while,5.1119,7.2307,-2.1188,12,0
clark2026,292,6,after,3.8767,6.6531,-2.7764,12,0
clark2026,292,7,his,2.9704,5.7322,-2.7618,12,0
clark2026,292,8,steel,10.5883,9.8778,0.7105,12,0
clark2026,292,9,was,3.8273,5.0192,-1.1919,12,0
clark2026,292,10,forged,7.8959,12.1573,-4.2613,12,0
clark2026,292,11,.,1.7078,2.3026,-0.5948,12,0
clark2026,292,12,<eos>,6.0191,2.3026,3.7165,12,0
clark2026,293,0,He,7.1394,5.3185,1.8209,11,0
clark2026,293,1,was,2.6477,5.0192,-2.3715,11,0
clark2026,293,2,tried,8.3855,8.8388,-0.4533,11,0
clark2026,293,3,a,4.6671,3.7766,0.8904,11,0
clark2026,293,4,long,4.3481,7.3447,-2.9966,11,0
clark2026,293,5,while,6.7921,7.2307,-0.4386,11,0
clark2026,293,6,after,3.8187,6.6531,-2.8344,11,0
clark2026,293,7,his,2.8572,5.7322,-2.8750,11,0
clark2026,293,8,shift,8.4373,10.1992,-1.7619,11,0
clark2026,293,9,ended,5.9504,9.3943,-3.4439,11,0
clark2026,293,10,.,1.4821,2.3026,-0.8205,11,0
clark2026,293,11,<eos>,5.7535,2.3026,3.4510,11,0
clark2026,294,0,He,7.1394,5.3185,1.8209,12,0
clark2026,294,1,was,2.6477,5.0192,-2.3715,12,0
clark2026,294,2,tried,8.3855,8.8388,-0.4533,12,0
clark2026,294,3,a,4.6671,3.7766,0.8904,12,0
clark2026,294,4,long,4.3481,7.3447,-2.9966,12,0
clark2026,294,5,while,6.7921,7.2307,-0.4386,12,0
clark2026,294,6,after,3.8187,6.6531,-2.8344,12,0
clark2026,294,7,his,2.8572,5.7322,-2.8750,12,0
clark2026,294,8,arrest,4.1413,10.2460,-6.1047,12,0
clark2026,294,9,and,2.9392,3.6613,-0.7221,12,0
clark2026,294,10,indictment,7.7390,12.2041,-4.4651,12,0
clark2026,294,11,.,2.4983,2.3026,0.1957,12,0
clark2026,294,12,<eos>,5.7302,2.3026,3.4276,12,0
clark2026,295,0,He,7.1394,5.3185,1.8209,12,0
clark2026,295,1,was,2.6477,5.0192,-2.3715,12,0
clark2026,295,2,tried,8.3855,8.8388,-0.4533,12,0
clark2026,295,3,a,4.6671,3.7766,0.8904,12,0
clark2026,295,4,long,4.3481,7.3447,-2.9966,12,0
clark2026,295,5,while,6.7921,7.2307,-0.4386,12,0
clark2026,295,6,after,3.8187,6.6531,-2.8344,12,0
clark2026,295,7,his,2.8572,5.7322,-2.8750,12,0
clark2026,295,8,steel,10.6268,9.8778,0.7490,12,0
clark2026,295,9,was,4.2470,5.0192,-0.7722,12,0
clark2026,295,10,forged,6.9209,12.1573,-5.2364,12,0
clark2026,295,11,.,1.6910,2.3026,-0.6116,12,0
clark2026,295,12,<eos>,5.7600,2.3026,3.4574,12,0
clark2026,296,0,He,7.1394,5.3185,1.8209,11,0
clark2026,296,1,was,2.6477,5.0192,-2.3715,11,0
clark2026,296,2,born,4.0964,9.0033,-4.9069,11,0
clark2026,296,3,a,4.6184,3.7766,0.8417,11,0
clark2026,296,4,long,5.4164,7.3447,-1.9283,11,0
clark2026,296,5,while,6.5549,7.2307,-0.6758,11,0
clark2026,296,6,after,4.5115,6.6531,-2.1416,11,0
clark2026,296,7,his,2.4936,5.7322,-3.2386,11,0
clark2026,296,8,shift,7.4119,10.1992,-2.7873,11,0
clark2026,296,9,ended,6.4552,9.3943,-2.9390,11,0
clark2026,296,10,.,1.6411,2.3026,-0.6615,11,0
clark2026,296,11,<eos>,6.5128,2.3026,4.2102,11,0
clark2026,297,0,He,7.1394,5.3185,1.8209,12,0
clark2026,297,1,was,2.6477,5.0192,-2.3715,12,0
clark2026,297,2,born,4.0964,9.0033,-4.9069,12,0
clark2026,297,3,a,4.6184,3.7766,0.8417,12,0
clark2026,297,4,long,5.4164,7.3447,-1.9283,12,0
clark2026,297,5,while,6.5549,7.2307,-0.6758,12,0
clark2026,297,6,after,4.5115,6.6531,-2.1416,12,0
clark2026,297,7,his,2.4936,5.7322,-3.2386,12,0
clark2026,297,8,arrest,5.1106,10.2460,-5.1354,12,0
clark2026,297,9,and,3.1861,3.6613,-0.4751,12,0
clark2026,297,10,indictment,8.3596,12.2041,-3.8445,12,0
clark2026,297,11,.,2.9774,2.3026,0.6748,12,0
clark2026,297,12,<eos>,6.4893,2.3026,4.1867,12,0
clark2026,298,0,He,7.1394,5.3185,1.8209,11,0
clark2026,298,1,was,2.6477,5.0192,-2.3715,11,0
clark2026,298,2,tirxd,24.6160,18.4207,6.1953,11,0
clark2026,298,3,a,5.2069,3.7766,1.4302,11,0
clark2026,298,4,long,4.8992,7.3447,-2.4455,11,0
clark2026,298,5,while,5.9956,7.2307,-1.2352,11,0
clark2026,298,6,after,4.0752,6.6531,-2.5779,11,0
clark2026,298,7,his,2.8449,5.7322,-2.8873,11,0
clark2026,298,8,shift,7.5077,10.1992,-2.6915,11,0
clark2026,298,9,ended,5.8387,9.3943,-3.5556,11,0
clark2026,298,10,.,1.5015,2.3026,-0.8011,11,0
clark2026,298,11,<eos>,5.9123,2.3026,3.6098,11,0
clark2026,299,0,He,7.1396,5.3185,1.8211,12,0
clark2026,299,1,was,2.6476,5.0192,-2.3716,12,0
clark2026,299,2,trixd,24.4415,18.4207,6.0208,12,0
clark2026,299,3,a,5.0625,3.7766,1.2859,12,0
clark2026,299,4,long,4.4561,7.3447,-2.8886,12,0
clark2026,299,5,while,6.0915,7.2307,-1.1393,12,0
clark2026,299,6,after,3.8988,6.6531,-2.7543,12,0
clark2026,299,7,his,2.8398,5.7322,-2.8923,12,0
clark2026,299,8,arrest,4.7464,10.2460,-5.4996,12,0
clark2026,299,9,and,3.1785,3.6613,-0.4828,12,0
clark2026,299,10,indictment,6.7750,12.2041,-5.4290,12,0
clark2026,299,11,.,2.7450,2.3026,0.4425,12,0
clark2026,299,12,<eos>,5.7913,2.3026,3.4887,12,0
clark2026,300,0,My,6.3777,5.5940,0.7837,9,0
clark2026,300,1,friend,5.2145,8.3602,-3.1456,9,0
clark2026,300,2,is,2.9813,4.4482,-1.4669,9,0
clark2026,300,3,carving,10.8345,12.6399,-1.8055,9,0
clark2026,300,4,a,1.5652,3.7766,-2.2114,9,0
clark2026,300,5,massive,6.5512,9.8547,-3.3035,9,0
clark2026,300,6,marble,6.6050,11.6050,-5.0000,9,0
clark2026,300,7,statue,2.1517,11.3059,-9.1542,9,0
clark2026,300,8,.,2.8256,2.3026,0.5230,9,0
clark2026,300,9,<eos>,6.2792,2.3026,3.9767,9,0
clark2026,301,0,My,6.3774,5.5940,0.7834,10,0
clark2026,301,1,friend,5.2144,8.3602,-3.1458,10,0
clark2026,301,2,is,2.9813,4.4482,-1.4669,10,0
clark2026,301,3,carving,10.8340,12.6399,-1.8059,10,0
clark2026,301,4,a,1.5651,3.7766,-2.2115,10,0
clark2026,301,5,massive,6.5513,9.8547,-3.3034,10,0
clark2026,301,6,cheeseburger,10.9079,13.5379,-2.6300,10,0
clark2026,301,7,and,2.4616,3.6613,-1.1996,10,0
clark2026,301,8,fries,4.9216,11.9499,-7.0282,10,0
clark2026,301,9,.,1.8084,2.3026,-0.4942,10,0
clark2026,301,10,<eos>,6.2331,2.3026,3.9305,10,0
clark2026,302,0,My,6.3777,5.5940,0.7837,10,0
clark2026,302,1,friend,5.2145,8.3602,-3.1456,10,0
clark2026,302,2,is,2.9813,4.4482,-1.4669,10,0
clark2026,302,3,carving,10.8345,12.6399,-1.8055,10,0
clark2026,302,4,a,1.5652,3.7766,-2.2114,10,0
clark2026,302,5,massive,6.5512,9.8547,-3.3035,10,0
clark2026,302,6,dread,9.8403,12.3407,-2.5004,10,0
clark2026,302,7,and,4.8949,3.6613,1.2336,10,0
clark2026,302,8,anxiety,7.4201,10.4762,-3.0561,10,0
clark2026,302,9,.,2.2321,2.3026,-0.0705,10,0
clark2026,302,10,<eos>,6.4632,2.3026,4.1606,10,0
clark2026,303,0,My,6.3777,5.5940,0.7837,9,0
clark2026,303,1,friend,5.2145,8.3602,-3.1456,9,0
clark2026,303,2,is,2.9813,4.4482,-1.4669,9,0
clark2026,303,3,craving,11.2698,12.5263,-1.2565,9,0
clark2026,303,4,a,1.6814,3.7766,-2.0953,9,0
clark2026,303,5,massive,7.5374,9.8547,-2.3173,9,0
clark2026,303,6,marble,10.5088,11.6050,-1.0962,9,0
clark2026,303,7,statue,2.3338,11.3059,-8.9721,9,0
clark2026,303,8,.,2.3109,2.3026,0.0083,9,0
clark2026,303,9,<eos>,6.5318,2.3026,4.2292,9,0
clark2026,304,0,My,6.3779,5.5940,0.7838,10,0
clark2026,304,1,friend,5.2144,8.3602,-3.1458,10,0
clark2026,304,2,is,2.9813,4.4482,-1.4668,10,0
clark2026,304,3,craving,11.2698,12.5263,-1.2564,10,0
clark2026,304,4,a,1.6813,3.7766,-2.0953,10,0
clark2026,304,5,massive,7.5372,9.8547,-2.3175,10,0
clark2026,304,6,cheeseburger,10.3178,13.5379,-3.2200,10,0
clark2026,304,7,and,2.1141,3.6613,-1.5472,10,0
clark2026,304,8,fries,4.5415,11.9499,-7.4084,10,0
clark2026,304,9,.,1.4690,2.3026,-0.8336,10,0
clark2026,304,10,<eos>,6.4102,2.3026,4.1076,10,0
clark2026,305,0,My,6.3777,5.5940,0.7837,10,0
clark2026,305,1,friend,5.2145,8.3602,-3.1456,10,0
clark2026,305,2,is,2.9813,4.4482,-1.4669,10,0
clark2026,305,3,craving,11.2698,12.5263,-1.2565,10,0
clark2026,305,4,a,1.6814,3.7766,-2.0953,10,0
clark2026,305,5,massive,7.5374,9.8547,-2.3173,10,0
clark2026,305,6,dread,9.0938,12.3407,-3.2470,10,0
clark2026,305,7,and,3.9556,3.6613,0.2943,10,0
clark2026,305,8,anxiety,6.0109,10.4762,-4.4653,10,0
clark2026,305,9,.,1.6638,2.3026,-0.6388,10,0
clark2026,305,10,<eos>,6.6713,2.3026,4.3688,10,0
clark2026,306,0,My,6.3777,5.5940,0.7837,9,0
clark2026,306,1,friend,5.2145,8.3602,-3.1456,9,0
clark2026,306,2,is,2.9813,4.4482,-1.4669,9,0
clark2026,306,3,reading,6.6951,8.8883,-2.1932,9,0
clark2026,306,4,a,2.4056,3.7766,-1.3710,9,0
clark2026,306,5,massive,7.7269,9.8547,-2.1278,9,0
clark2026,306,6,marble,9.7251,11.6050,-1.8800,9,0
clark2026,306,7,statue,2.1875,11.3059,-9.1185,9,0
clark2026,306,8,.,2.9842,2.3026,0.6816,9,0
clark2026,306,9,<eos>,6.7917,2.3026,4.4892,9,0
clark2026,307,0,My,6.3779,5.5940,0.7838,10,0
clark2026,307,1,friend,5.2144,8.3602,-3.1458,10,0
clark2026,307,2,is,2.9813,4.4482,-1.4668,10,0
clark2026,307,3,reading,6.6950,8.8883,-2.1932,10,0
clark2026,307,4,a,2.4056,3.7766,-1.3710,10,0
clark2026,307,5,massive,7.7270,9.8547,-2.1277,10,0
clark2026,307,6,cheeseburger,11.5144,13.5379,-2.0235,10,0
clark2026,307,7,and,2.0175,3.6613,-1.6437,10,0
clark2026,307,8,fries,4.9825,11.9499,-6.9673,10,0
clark2026,307,9,.,1.9098,2.3026,-0.3927,10,0
clark2026,307,10,<eos>,6.5672,2.3026,4.2646,10,0
clark2026,308,0,My,6.3777,5.5940,0.7837,9,0
clark2026,308,1,friend,5.2145,8.3602,-3.1456,9,0
clark2026,308,2,is,2.9813,4.4482,-1.4669,9,0
clark2026,308,3,csrving,28.2239,18.4207,9.8032,9,0
clark2026,308,4,a,2.9323,3.7766,-0.8443,9,0
clark2026,308,5,massive,6.5868,9.8547,-3.2679,9,0
clark2026,308,6,marble,8.2838,11.6050,-3.3212,9,0
clark2026,308,7,statue,3.1336,11.3059,-8.1723,9,0
clark2026,308,8,.,2.5844,2.3026,0.2818,9,0
clark2026,308,9,<eos>,6.2566,2.3026,3.9541,9,0
clark2026,309,0,My,6.3785,5.5940,0.7845,10,0
clark2026,309,1,friend,5.2145,8.3602,-3.1457,10,0
clark2026,309,2,is,2.9813,4.4482,-1.4668,10,0
clark2026,309,3,crsving,23.4836,18.4207,5.0630,10,0
clark2026,309,4,a,3.1087,3.7766,-0.6679,10,0
clark2026,309,5,massive,5.8029,9.8547,-4.0518,10,0
clark2026,309,6,cheeseburger,11.1393,13.5379,-2.3986,10,0
clark2026,309,7,and,2.4353,3.6613,-1.2259,10,0
clark2026,309,8,fries,4.5991,11.9499,-7.3508,10,0
clark2026,309,9,.,2.2595,2.3026,-0.0431,10,0
clark2026,309,10,<eos>,6.4278,2.3026,4.1252,10,0
clark2026,310,0,She,7.2417,6.3089,0.9328,10,0
clark2026,310,1,fried,12.3214,11.3732,0.9483,10,0
clark2026,310,2,every,6.7194,7.3906,-0.6713,10,0
clark2026,310,3,single,2.8593,8.2664,-5.4071,10,0
clark2026,310,4,one,2.6099,5.8260,-3.2160,10,0
clark2026,310,5,of,0.7080,3.6849,-2.9769,10,0
clark2026,310,6,the,1.5855,2.9243,-1.3389,10,0
clark2026,310,7,chicken,6.1508,10.0613,-3.9105,10,0
clark2026,310,8,nuggets,6.4654,12.6649,-6.1996,10,0
clark2026,310,9,.,1.9269,2.3026,-0.3757,10,0
clark2026,310,10,<eos>,5.2143,2.3026,2.9117,10,0
clark2026,311,0,She,7.2417,6.3089,0.9328,11,0
clark2026,311,1,fried,12.3214,11.3732,0.9483,11,0
clark2026,311,2,every,6.7194,7.3906,-0.6713,11,0
clark2026,311,3,single,2.8593,8.2664,-5.4071,11,0
clark2026,311,4,one,2.6099,5.8260,-3.2160,11,0
clark2026,311,5,of,0.7080,3.6849,-2.9769,11,0
clark2026,311,6,the,1.5855,2.9243,-1.3389,11,0
clark2026,311,7,employees,8.5964,9.6473,-1.0509,11,0
clark2026,311,8,and,2.9408,3.6613,-0.7205,11,0
clark2026,311,9,consultants,11.0530,12.1108,-1.0578,11,0
clark2026,311,10,.,2.6348,2.3026,0.3323,11,0
clark2026,311,11,<eos>,5.6224,2.3026,3.3198,11,0
clark2026,312,0,She,7.2417,6.3089,0.9328,11,0
clark2026,312,1,fried,12.3214,11.3732,0.9483,11,0
clark2026,312,2,every,6.7194,7.3906,-0.6713,11,0
clark2026,312,3,single,2.8593,8.2664,-5.4071,11,0
clark2026,312,4,one,2.6099,5.8260,-3.2160,11,0
clark2026,312,5,of,0.7080,3.6849,-2.9769,11,0
clark2026,312,6,the,1.5855,2.9243,-1.3389,11,0
clark2026,312,7,mathematics,12.6347,11.1693,1.4654,11,0
clark2026,312,8,and,2.6679,3.6613,-0.9934,11,0
clark2026,312,9,physics,3.0283,10.6168,-7.5885,11,0
clark2026,312,10,.,3.5826,2.3026,1.2800,11,0
clark2026,312,11,<eos>,5.3543,2.3026,3.0518,11,0
clark2026,313,0,She,7.2417,6.3089,0.9328,10,0
clark2026,313,1,fired,10.2371,10.0613,0.1758,10,0
clark2026,313,2,every,6.7488,7.3906,-0.6418,10,0
clark2026,313,3,single,2.9561,8.2664,-5.3103,10,0
clark2026,313,4,one,3.2225,5.8260,-2.6034,10,0
clark2026,313,5,of,0.6959,3.6849,-2.9890,10,0
clark2026,313,6,the,1.4266,2.9243,-1.4977,10,0
clark2026,313,7,chicken,9.6604,10.0613,-0.4009,10,0
clark2026,313,8,nuggets,6.7193,12.6649,-5.9456,10,0
clark2026,313,9,.,2.0002,2.3026,-0.3024,10,0
clark2026,313,10,<eos>,5.6166,2.3026,3.3140,10,0
clark2026,314,0,She,7.2417,6.3089,0.9328,11,0
clark2026,314,1,fired,10.2371,10.0613,0.1758,11,0
clark2026,314,2,every,6.7488,7.3906,-0.6418,11,0
clark2026,314,3,single,2.9561,8.2664,-5.3103,11,0
clark2026,314,4,one,3.2225,5.8260,-2.6034,11,0
clark2026,314,5,of,0.6959,3.6849,-2.9890,11,0
clark2026,314,6,the,1.4266,2.9243,-1.4977,11,0
clark2026,314,7,employees,6.8832,9.6473,-2.7641,11,0
clark2026,314,8,and,3.4062,3.6613,-0.2551,11,0
clark2026,314,9,consultants,9.3378,12.1108,-2.7730,11,0
clark2026,314,10,.,2.8408,2.3026,0.5382,11,0
clark2026,314,11,<eos>,5.9846,2.3026,3.6820,11,0
clark2026,315,0,She,7.2417,6.3089,0.9328,11,0
clark2026,315,1,fired,10.2371,10.0613,0.1758,11,0
clark2026,315,2,every,6.7488,7.3906,-0.6418,11,0
clark2026,315,3,single,2.9561,8.2664,-5.3103,11,0
clark2026,315,4,one,3.2225,5.8260,-2.6034,11,0
clark2026,315,5,of,0.6959,3.6849,-2.9890,11,0
clark2026,315,6,the,1.4266,2.9243,-1.4977,11,0
clark2026,315,7,mathematics,12.6892,11.1693,1.5199,11,0
clark2026,315,8,and,2.5047,3.6613,-1.1566,11,0
clark2026,315,9,physics,2.6786,10.6168,-7.9383,11,0
clark2026,315,10,.,4.0683,2.3026,1.7657,11,0
clark2026,315,11,<eos>,5.8601,2.3026,3.5575,11,0
clark2026,316,0,She,7.2417,6.3089,0.9328,10,0
clark2026,316,1,sang,9.4766,11.2818,-1.8052,10,0
clark2026,316,2,every,6.4998,7.3906,-0.8909,10,0
clark2026,316,3,single,2.4793,8.2664,-5.7871,10,0
clark2026,316,4,one,3.4860,5.8260,-2.3399,10,0
clark2026,316,5,of,0.5568,3.6849,-3.1281,10,0
clark2026,316,6,the,1.5238,2.9243,-1.4005,10,0
clark2026,316,7,chicken,9.6515,10.0613,-0.4099,10,0
clark2026,316,8,nuggets,6.5703,12.6649,-6.0946,10,0
clark2026,316,9,.,2.1277,2.3026,-0.1749,10,0
clark2026,316,10,<eos>,5.2158,2.3026,2.9132,10,0
clark2026,317,0,She,7.2417,6.3089,0.9328,11,0
clark2026,317,1,sang,9.4766,11.2818,-1.8052,11,0
clark2026,317,2,every,6.4998,7.3906,-0.8909,11,0
clark2026,317,3,single,2.4793,8.2664,-5.7871,11,0
clark2026,317,4,one,3.4860,5.8260,-2.3399,11,0
clark2026,317,5,of,0.5568,3.6849,-3.1281,11,0
clark2026,317,6,the,1.5238,2.9243,-1.4005,11,0
clark2026,317,7,employees,9.4542,9.6473,-0.1931,11,0
clark2026,317,8,and,3.6605,3.6613,-0.0007,11,0
clark2026,317,9,consultants,10.5185,12.1108,-1.5922,11,0
clark2026,317,10,.,3.6557,2.3026,1.3531,11,0
clark2026,317,11,<eos>,5.7586,2.3026,3.4560,11,0
clark2026,318,0,She,7.2421,6.3089,0.9332,10,0
clark2026,318,1,ffried,18.5431,18.4207,0.1225,10,0
clark2026,318,2,every,5.9116,7.3906,-1.4790,10,0
clark2026,318,3,single,2.7122,8.2664,-5.5542,10,0
clark2026,318,4,one,2.5050,5.8260,-3.3209,10,0
clark2026,318,5,of,0.3836,3.6849,-3.3013,10,0
clark2026,318,6,the,1.4448,2.9243,-1.4795,10,0
clark2026,318,7,chicken,9.6666,10.0613,-0.3947,10,0
clark2026,318,8,nuggets,6.6602,12.6649,-6.0047,10,0
clark2026,318,9,.,2.1190,2.3026,-0.1835,10,0
clark2026,318,10,<eos>,5.5635,2.3026,3.2609,10,0
clark2026,319,0,She,7.2417,6.3089,0.9328,11,0
clark2026,319,1,ffired,20.0543,18.4207,1.6336,11,0
clark2026,319,2,every,6.7301,7.3906,-0.6605,11,0
clark2026,319,3,single,2.9615,8.2664,-5.3050,11,0
clark2026,319,4,one,2.9710,5.8260,-2.8550,11,0
clark2026,319,5,of,0.3436,3.6849,-3.3413,11,0
clark2026,319,6,the,1.7409,2.9243,-1.1835,11,0
clark2026,319,7,employees,8.3463,9.6473,-1.3010,11,0
clark2026,319,8,and,3.5172,3.6613,-0.1440,11,0
clark2026,319,9,consultants,9.2638,12.1108,-2.8470,11,0
clark2026,319,10,.,2.8788,2.3026,0.5762,11,0
clark2026,319,11,<eos>,5.7059,2.3026,3.4033,11,0
clark2026,320,0,The,3.9738,2.9243,1.0495,12,0
clark2026,320,1,trial,8.2811,9.5101,-1.2290,12,0
clark2026,320,2,that,5.4284,4.5854,0.8431,12,0
clark2026,320,3,was,2.8400,5.0192,-2.1792,12,0
clark2026,320,4,located,9.6249,9.5333,0.0916,12,0
clark2026,320,5,in,0.8422,3.9846,-3.1424,12,0
clark2026,320,6,the,1.1295,2.9243,-1.7948,12,0
clark2026,320,7,courthouse,9.0953,12.4119,-3.3165,12,0
clark2026,320,8,attracted,11.4689,10.8000,0.6689,12,0
clark2026,320,9,media,5.7724,8.5172,-2.7447,12,0
clark2026,320,10,attention,0.5129,8.9557,-8.4428,12,0
clark2026,320,11,.,1.7589,2.3026,-0.5436,12,0
clark2026,320,12,<eos>,6.2834,2.3026,3.9808,12,0
clark2026,321,0,The,3.9745,2.9243,1.0501,13,0
clark2026,321,1,trial,8.2811,9.5101,-1.2290,13,0
clark2026,321,2,that,5.4283,4.5854,0.8430,13,0
clark2026,321,3,was,2.8397,5.0192,-2.1795,13,0
clark2026,321,4,located,9.6248,9.5333,0.0915,13,0
clark2026,321,5,in,0.8421,3.9846,-3.1425,13,0
clark2026,321,6,the,1.1295,2.9243,-1.7948,13,0
clark2026,321,7,woods,7.4680,10.4762,-3.0082,13,0
clark2026,321,8,attracted,9.7435,10.8000,-1.0565,13,0
clark2026,321,9,hikers,10.6507,13.5609,-2.9102,13,0
clark2026,321,10,and,1.8262,3.6613,-1.8350,13,0
clark2026,321,11,campers,6.3493,13.2389,-6.8896,13,0
clark2026,321,12,.,2.1055,2.3026,-0.1971,13,0
clark2026,321,13,<eos>,5.7726,2.3026,3.4700,13,0
clark2026,322,0,The,3.9742,2.9243,1.0498,11,0
clark2026,322,1,trial,8.2811,9.5101,-1.2290,11,0
clark2026,322,2,that,5.4280,4.5854,0.8426,11,0
clark2026,322,3,was,2.8399,5.0192,-2.1793,11,0
clark2026,322,4,located,9.6251,9.5333,0.0917,11,0
clark2026,322,5,in,0.8422,3.9846,-3.1424,11,0
clark2026,322,6,the,1.1296,2.9243,-1.7948,11,0
clark2026,322,7,conversation,8.8933,9.7866,-0.8933,11,0
clark2026,322,8,was,3.7414,5.0192,-1.2778,11,0
clark2026,322,9,friendly,12.0695,10.0382,2.0314,11,0
clark2026,322,10,.,2.2486,2.3026,-0.0540,11,0
clark2026,322,11,<eos>,5.3259,2.3026,3.0234,11,0
clark2026,323,0,The,3.9738,2.9243,1.0495,12,0
clark2026,323,1,trail,10.2767,10.4762,-0.1995,12,0
clark2026,323,2,that,5.1408,4.5854,0.5554,12,0
clark2026,323,3,was,3.0566,5.0192,-1.9626,12,0
clark2026,323,4,located,6.5221,9.5333,-3.0112,12,0
clark2026,323,5,in,1.1300,3.9846,-2.8546,12,0
clark2026,323,6,the,1.0034,2.9243,-1.9210,12,0
clark2026,323,7,courthouse,9.4971,12.4119,-2.9147,12,0
clark2026,323,8,attracted,11.2054,10.8000,0.4054,12,0
clark2026,323,9,media,6.2702,8.5172,-2.2470,12,0
clark2026,323,10,attention,0.6559,8.9557,-8.2998,12,0
clark2026,323,11,.,1.7375,2.3026,-0.5651,12,0
clark2026,323,12,<eos>,6.6083,2.3026,4.3057,12,0
clark2026,324,0,The,3.9745,2.9243,1.0501,13,0
clark2026,324,1,trail,10.2767,10.4762,-0.1995,13,0
clark2026,324,2,that,5.1413,4.5854,0.5559,13,0
clark2026,324,3,was,3.0568,5.0192,-1.9624,13,0
clark2026,324,4,located,6.5235,9.5333,-3.0098,13,0
clark2026,324,5,in,1.1302,3.9846,-2.8544,13,0
clark2026,324,6,the,1.0033,2.9243,-1.9210,13,0
clark2026,324,7,woods,4.9659,10.4762,-5.5103,13,0
clark2026,324,8,attracted,9.8729,10.8000,-0.9270,13,0
clark2026,324,9,hikers,9.0312,13.5609,-4.5297,13,0
clark2026,324,10,and,1.9235,3.6613,-1.7377,13,0
clark2026,324,11,campers,5.9033,13.2389,-7.3356,13,0
clark2026,324,12,.,2.0007,2.3026,-0.3018,13,0
clark2026,324,13,<eos>,6.0137,2.3026,3.7112,13,0
clark2026,325,0,The,3.9742,2.9243,1.0498,11,0
clark2026,325,1,trail,10.2769,10.4762,-0.1993,11,0
clark2026,325,2,that,5.1407,4.5854,0.5553,11,0
clark2026,325,3,was,3.0567,5.0192,-1.9624,11,0
clark2026,325,4,located,6.5233,9.5333,-3.0100,11,0
clark2026,325,5,in,1.1300,3.9846,-2.8546,11,0
clark2026,325,6,the,1.0031,2.9243,-1.9212,11,0
clark2026,325,7,conversation,10.1463,9.7866,0.3597,11,0
clark2026,325,8,was,2.9641,5.0192,-2.0551,11,0
clark2026,325,9,friendly,10.1606,10.0382,0.1225,11,0
clark2026,325,10,.,2.3042,2.3026,0.0016,11,0
clark2026,325,11,<eos>,5.9146,2.3026,3.6121,11,0
clark2026,326,0,The,3.9738,2.9243,1.0495,12,0
clark2026,326,1,cake,11.2395,10.2921,0.9474,12,0
clark2026,326,2,that,4.9472,4.5854,0.3618,12,0
clark2026,326,3,was,2.2726,5.0192,-2.7466,12,0
clark2026,326,4,located,8.4437,9.5333,-1.0896,12,0
clark2026,326,5,in,0.8715,3.9846,-3.1131,12,0
clark2026,326,6,the,1.1222,2.9243,-1.8021,12,0
clark2026,326,7,courthouse,9.7784,12.4119,-2.6334,12,0
clark2026,326,8,attracted,11.2816,10.8000,0.4816,12,0
clark2026,326,9,media,6.4050,8.5172,-2.1122,12,0
clark2026,326,10,attention,0.7401,8.9557,-8.2156,12,0
clark2026,326,11,.,1.7622,2.3026,-0.5403,12,0
clark2026,326,12,<eos>,6.3778,2.3026,4.0752,12,0
clark2026,327,0,The,3.9745,2.9243,1.0501,13,0
clark2026,327,1,cake,11.2397,10.2921,0.9476,13,0
clark2026,327,2,that,4.9469,4.5854,0.3615,13,0
clark2026,327,3,was,2.2725,5.0192,-2.7467,13,0
clark2026,327,4,located,8.4438,9.5333,-1.0895,13,0
clark2026,327,5,in,0.8716,3.9846,-3.1130,13,0
clark2026,327,6,the,1.1224,2.9243,-1.8020,13,0
clark2026,327,7,woods,6.1510,10.4762,-4.3251,13,0
clark2026,327,8,attracted,9.8804,10.8000,-0.9196,13,0
clark2026,327,9,hikers,10.3007,13.5609,-3.2602,13,0
clark2026,327,10,and,1.8384,3.6613,-1.8228,13,0
clark2026,327,11,campers,6.0563,13.2389,-7.1825,13,0
clark2026,327,12,.,2.0170,2.3026,-0.2856,13,0
clark2026,327,13,<eos>,6.0021,2.3026,3.6995,13,0
clark2026,328,0,The,3.9745,2.9243,1.0501,12,0
clark2026,328,1,trjal,22.9463,18.4207,4.5256,12,0
clark2026,328,2,that,7.0778,4.5854,2.4924,12,0
clark2026,328,3,was,3.0547,5.0192,-1.9645,12,0
clark2026,328,4,located,8.9177,9.5333,-0.6156,12,0
clark2026,328,5,in,0.8279,3.9846,-3.1567,12,0
clark2026,328,6,the,1.1485,2.9243,-1.7759,12,0
clark2026,328,7,courthouse,9.7782,12.4119,-2.6337,12,0
clark2026,328,8,attracted,12.0525,10.8000,1.2525,12,0
clark2026,328,9,media,6.1775,8.5172,-2.3397,12,0
clark2026,328,10,attention,0.4892,8.9557,-8.4665,12,0
clark2026,328,11,.,1.8524,2.3026,-0.4502,12,0
clark2026,328,12,<eos>,6.4536,2.3026,4.1511,12,0
clark2026,329,0,The,3.9745,2.9243,1.0501,13,0
clark2026,329,1,trajl,21.9222,18.4207,3.5015,13,0
clark2026,329,2,that,7.8254,4.5854,3.2401,13,0
clark2026,329,3,was,2.8156,5.0192,-2.2036,13,0
clark2026,329,4,located,9.0295,9.5333,-0.5038,13,0
clark2026,329,5,in,0.8611,3.9846,-3.1235,13,0
clark2026,329,6,the,1.1917,2.9243,-1.7327,13,0
clark2026,329,7,woods,6.5323,10.4762,-3.9439,13,0
clark2026,329,8,attracted,10.5329,10.8000,-0.2671,13,0
clark2026,329,9,hikers,10.4333,13.5609,-3.1276,13,0
clark2026,329,10,and,1.8766,3.6613,-1.7847,13,0
clark2026,329,11,campers,5.9300,13.2389,-7.3089,13,0
clark2026,329,12,.,1.8444,2.3026,-0.4582,13,0
clark2026,329,13,<eos>,6.2528,2.3026,3.9502,13,0
clark2026,330,0,Unlike,9.8494,10.1992,-0.3498,12,0
clark2026,330,1,the,1.6074,2.9243,-1.3170,12,0
clark2026,330,2,males,11.8927,11.0305,0.8622,12,0
clark2026,330,3,we,5.1503,5.6636,-0.5133,12,0
clark2026,330,4,discovered,7.6091,9.8082,-2.1991,12,0
clark2026,330,5,that,3.7888,4.5854,-0.7965,12,0
clark2026,330,6,the,1.9396,2.9243,-0.9847,12,0
clark2026,330,7,females,4.3975,10.6375,-6.2399,12,0
clark2026,330,8,have,3.4649,5.2726,-1.8077,12,0
clark2026,330,9,dull,10.9180,11.6510,-0.7331,12,0
clark2026,330,10,feathers,7.6320,11.9958,-4.3638,12,0
clark2026,330,11,.,2.4316,2.3026,0.1290,12,0
clark2026,330,12,<eos>,6.0036,2.3026,3.7010,12,0
clark2026,331,0,Unlike,9.8495,10.1992,-0.3497,12,0
clark2026,331,1,the,1.6073,2.9243,-1.3171,12,0
clark2026,331,2,males,11.8924,11.0305,0.8619,12,0
clark2026,331,3,we,5.1498,5.6636,-0.5138,12,0
clark2026,331,4,discovered,7.6093,9.8082,-2.1989,12,0
clark2026,331,5,that,3.7890,4.5854,-0.7963,12,0
clark2026,331,6,the,1.9394,2.9243,-0.9849,12,0
clark2026,331,7,transportation,10.3878,10.1992,0.1886,12,0
clark2026,331,8,was,4.8756,5.0192,-0.1436,12,0
clark2026,331,9,not,2.8105,5.3185,-2.5080,12,0
clark2026,331,10,reimbursed,10.0744,13.7022,-3.6278,12,0
clark2026,331,11,.,2.8650,2.3026,0.5624,12,0
clark2026,331,12,<eos>,5.5918,2.3026,3.2892,12,0
clark2026,332,0,Unlike,9.8494,10.1992,-0.3498,11,0
clark2026,332,1,the,1.6074,2.9243,-1.3170,11,0
clark2026,332,2,males,11.8927,11.0305,0.8622,11,0
clark2026,332,3,we,5.1503,5.6636,-0.5133,11,0
clark2026,332,4,discovered,7.6091,9.8082,-2.1991,11,0
clark2026,332,5,that,3.7888,4.5854,-0.7965,11,0
clark2026,332,6,the,1.9396,2.9243,-0.9847,11,0
clark2026,332,7,jokes,10.0326,10.7521,-0.7196,11,0
clark2026,332,8,were,2.0680,6.1239,-4.0558,11,0
clark2026,332,9,funny,2.8613,9.1616,-6.3002,11,0
clark2026,332,10,.,2.8224,2.3026,0.5198,11,0
clark2026,332,11,<eos>,5.6748,2.3026,3.3723,11,0
clark2026,333,0,Unlike,9.8494,10.1992,-0.3498,12,0
clark2026,333,1,the,1.6074,2.9243,-1.3170,12,0
clark2026,333,2,meals,11.4726,11.0747,0.3980,12,0
clark2026,333,3,we,2.9937,5.6636,-2.6699,12,0
clark2026,333,4,discovered,8.7613,9.8082,-1.0469,12,0
clark2026,333,5,that,4.1051,4.5854,-0.4803,12,0
clark2026,333,6,the,2.2706,2.9243,-0.6537,12,0
clark2026,333,7,females,10.0039,10.6375,-0.6336,12,0
clark2026,333,8,have,3.6172,5.2726,-1.6554,12,0
clark2026,333,9,dull,11.0578,11.6510,-0.5932,12,0
clark2026,333,10,feathers,8.2689,11.9958,-3.7269,12,0
clark2026,333,11,.,3.1500,2.3026,0.8474,12,0
clark2026,333,12,<eos>,5.6774,2.3026,3.3748,12,0
clark2026,334,0,Unlike,9.8495,10.1992,-0.3497,12,0
clark2026,334,1,the,1.6073,2.9243,-1.3171,12,0
clark2026,334,2,meals,11.4728,11.0747,0.3982,12,0
clark2026,334,3,we,2.9938,5.6636,-2.6698,12,0
clark2026,334,4,discovered,8.7616,9.8082,-1.0466,12,0
clark2026,334,5,that,4.1045,4.5854,-0.4809,12,0
clark2026,334,6,the,2.2710,2.9243,-0.6534,12,0
clark2026,334,7,transportation,10.3350,10.1992,0.1358,12,0
clark2026,334,8,was,5.2235,5.0192,0.2043,12,0
clark2026,334,9,not,2.7283,5.3185,-2.5902,12,0
clark2026,334,10,reimbursed,9.6019,13.7022,-4.1003,12,0
clark2026,334,11,.,2.9257,2.3026,0.6231,12,0
clark2026,334,12,<eos>,5.4949,2.3026,3.1923,12,0
clark2026,335,0,Unlike,9.8494,10.1992,-0.3498,11,0
clark2026,335,1,the,1.6074,2.9243,-1.3170,11,0
clark2026,335,2,meals,11.4726,11.0747,0.3980,11,0
clark2026,335,3,we,2.9937,5.6636,-2.6699,11,0
clark2026,335,4,discovered,8.7613,9.8082,-1.0469,11,0
clark2026,335,5,that,4.1051,4.5854,-0.4803,11,0
clark2026,335,6,the,2.2706,2.9243,-0.6537,11,0
clark2026,335,7,jokes,9.9157,10.7521,-0.8364,11,0
clark2026,335,8,were,2.1601,6.1239,-3.9638,11,0
clark2026,335,9,funny,3.0121,9.1616,-6.1495,11,0
clark2026,335,10,.,3.0102,2.3026,0.7076,11,0
clark2026,335,11,<eos>,5.5486,2.3026,3.2460,11,0
clark2026,336,0,Unlike,9.8494,10.1992,-0.3498,12,0
clark2026,336,1,the,1.6074,2.9243,-1.3170,12,0
clark2026,336,2,people,7.0977,6.3311,0.7666,12,0
clark2026,336,3,we,3.8040,5.6636,-1.8596,12,0
clark2026,336,4,discovered,8.2426,9.8082,-1.5656,12,0
clark2026,336,5,that,3.4145,4.5854,-1.1709,12,0
clark2026,336,6,the,2.0795,2.9243,-0.8449,12,0
clark2026,336,7,females,10.4183,10.6375,-0.2192,12,0
clark2026,336,8,have,3.4889,5.2726,-1.7837,12,0
clark2026,336,9,dull,10.8911,11.6510,-0.7600,12,0
clark2026,336,10,feathers,7.7981,11.9958,-4.1977,12,0
clark2026,336,11,.,2.8057,2.3026,0.5031,12,0
clark2026,336,12,<eos>,5.7652,2.3026,3.4626,12,0
clark2026,337,0,Unlike,9.8495,10.1992,-0.3497,12,0
clark2026,337,1,the,1.6073,2.9243,-1.3171,12,0
clark2026,337,2,people,7.0978,6.3311,0.7667,12,0
clark2026,337,3,we,3.8038,5.6636,-1.8598,12,0
clark2026,337,4,discovered,8.2421,9.8082,-1.5661,12,0
clark2026,337,5,that,3.4142,4.5854,-1.1712,12,0
clark2026,337,6,the,2.0795,2.9243,-0.8448,12,0
clark2026,337,7,transportation,9.9105,10.1992,-0.2887,12,0
clark2026,337,8,was,4.9406,5.0192,-0.0786,12,0
clark2026,337,9,not,2.6156,5.3185,-2.7029,12,0
clark2026,337,10,reimbursed,10.3459,13.7022,-3.3563,12,0
clark2026,337,11,.,3.0117,2.3026,0.7092,12,0
clark2026,337,12,<eos>,5.4574,2.3026,3.1548,12,0
clark2026,338,0,Unlike,9.8495,10.1992,-0.3497,12,0
clark2026,338,1,the,1.6073,2.9243,-1.3171,12,0
clark2026,338,2,mmales,23.1497,18.4207,4.7291,12,0
clark2026,338,3,we,5.6694,5.6636,0.0058,12,0
clark2026,338,4,discovered,6.4325,9.8082,-3.3757,12,0
clark2026,338,5,that,3.9448,4.5854,-0.6406,12,0
clark2026,338,6,the,1.5992,2.9243,-1.3251,12,0
clark2026,338,7,females,7.8361,10.6375,-2.8013,12,0
clark2026,338,8,have,3.4170,5.2726,-1.8557,12,0
clark2026,338,9,dull,10.3912,11.6510,-1.2598,12,0
clark2026,338,10,feathers,7.1387,11.9958,-4.8572,12,0
clark2026,338,11,.,2.7074,2.3026,0.4048,12,0
clark2026,338,12,<eos>,5.5207,2.3026,3.2181,12,0
clark2026,339,0,Unlike,9.8500,10.1992,-0.3492,12,0
clark2026,339,1,the,1.6072,2.9243,-1.3171,12,0
clark2026,339,2,mmeals,22.7442,18.4207,4.3235,12,0
clark2026,339,3,we,6.3163,5.6636,0.6527,12,0
clark2026,339,4,discovered,7.1068,9.8082,-2.7014,12,0
clark2026,339,5,that,4.1378,4.5854,-0.4476,12,0
clark2026,339,6,the,1.8344,2.9243,-1.0899,12,0
clark2026,339,7,transportation,10.6325,10.1992,0.4333,12,0
clark2026,339,8,was,5.0182,5.0192,-0.0010,12,0
clark2026,339,9,not,2.9602,5.3185,-2.3583,12,0
clark2026,339,10,reimbursed,9.8892,13.7022,-3.8129,12,0
clark2026,339,11,.,2.7520,2.3026,0.4494,12,0
clark2026,339,12,<eos>,5.1793,2.3026,2.8767,12,0
clark2026,340,0,The,3.9745,2.9243,1.0501,17,0
clark2026,340,1,chef,12.1311,10.9823,1.1488,17,0
clark2026,340,2,'s,2.5375,2.3026,0.2349,17,0
clark2026,340,3,boss,7.4552,9.7637,-2.3085,17,0
clark2026,340,4,said,3.7663,6.8880,-3.1216,17,0
clark2026,340,5,his,3.9340,5.7322,-1.7981,17,0
clark2026,340,6,bread,8.8836,10.3624,-1.4787,17,0
clark2026,340,7,definitely,10.4178,9.3025,1.1154,17,0
clark2026,340,8,needs,3.4297,8.3602,-4.9305,17,0
clark2026,340,9,to,0.7189,3.6156,-2.8967,17,0
clark2026,340,10,be,0.2323,5.0881,-4.8557,17,0
clark2026,340,11,baked,5.0127,11.6968,-6.6842,17,0
clark2026,340,12,at,4.1606,5.2963,-1.1357,17,0
clark2026,340,13,four,7.5348,7.9895,-0.4547,17,0
clark2026,340,14,hundred,5.1270,9.8778,-4.7508,17,0
clark2026,340,15,degrees,5.5074,10.2688,-4.7613,17,0
clark2026,340,16,.,1.1977,2.3026,-1.1049,17,0
clark2026,340,17,<eos>,4.6075,2.3026,2.3049,17,0
clark2026,341,0,The,3.9745,2.9243,1.0501,15,0
clark2026,341,1,chef,12.1311,10.9823,1.1488,15,0
clark2026,341,2,'s,2.5375,2.3026,0.2349,15,0
clark2026,341,3,boss,7.4552,9.7637,-2.3085,15,0
clark2026,341,4,said,3.7663,6.8880,-3.1216,15,0
clark2026,341,5,his,3.9340,5.7322,-1.7981,15,0
clark2026,341,6,bread,8.8836,10.3624,-1.4787,15,0
clark2026,341,7,definitely,10.4178,9.3025,1.1154,15,0
clark2026,341,8,needs,3.4297,8.3602,-4.9305,15,0
clark2026,341,9,to,0.7189,3.6156,-2.8967,15,0
clark2026,341,10,be,0.2323,5.0881,-4.8557,15,0
clark2026,341,11,shaved,7.0892,12.2960,-5.2068,15,0
clark2026,341,12,off,3.2944,7.0691,-3.7747,15,0
clark2026,341,13,completely,6.5290,9.2103,-2.6813,15,0
clark2026,341,14,.,0.9333,2.3026,-1.3693,15,0
clark2026,341,15,<eos>,4.7272,2.3026,2.4246,15,0
clark2026,342,0,The,3.9745,2.9243,1.0501,15,0
clark2026,342,1,chef,12.1311,10.9823,1.1488,15,0
clark2026,342,2,'s,2.5375,2.3026,0.2349,15,0
clark2026,342,3,boss,7.4552,9.7637,-2.3085,15,0
clark2026,342,4,said,3.7663,6.8880,-3.1216,15,0
clark2026,342,5,his,3.9340,5.7322,-1.7981,15,0
clark2026,342,6,bread,8.8836,10.3624,-1.4787,15,0
clark2026,342,7,definitely,10.4178,9.3025,1.1154,15,0
clark2026,342,8,needs,3.4297,8.3602,-4.9305,15,0
clark2026,342,9,to,0.7189,3.6156,-2.8967,15,0
clark2026,342,10,be,0.2323,5.0881,-4.8557,15,0
clark2026,342,11,proofread,13.2209,14.7597,-1.5388,15,0
clark2026,342,12,very,8.2501,6.9078,1.3424,15,0
clark2026,342,13,carefully,1.9482,10.4551,-8.5069,15,0
clark2026,342,14,.,0.7147,2.3026,-1.5879,15,0
clark2026,342,15,<eos>,4.8926,2.3026,2.5900,15,0
clark2026,343,0,The,3.9745,2.9243,1.0501,17,0
clark2026,343,1,chef,12.1311,10.9823,1.1488,17,0
clark2026,343,2,'s,2.5375,2.3026,0.2349,17,0
clark2026,343,3,boss,7.4552,9.7637,-2.3085,17,0
clark2026,343,4,said,3.7663,6.8880,-3.1216,17,0
clark2026,343,5,his,3.9340,5.7322,-1.7981,17,0
clark2026,343,6,beard,8.7805,11.3559,-2.5754,17,0
clark2026,343,7,definitely,8.4225,9.3025,-0.8800,17,0
clark2026,343,8,needs,3.5911,8.3602,-4.7691,17,0
clark2026,343,9,to,0.9018,3.6156,-2.7138,17,0
clark2026,343,10,be,0.2565,5.0881,-4.8316,17,0
clark2026,343,11,baked,9.5716,11.6968,-2.1252,17,0
clark2026,343,12,at,5.0246,5.2963,-0.2717,17,0
clark2026,343,13,four,7.6631,7.9895,-0.3265,17,0
clark2026,343,14,hundred,5.1516,9.8778,-4.7263,17,0
clark2026,343,15,degrees,4.7165,10.2688,-5.5522,17,0
clark2026,343,16,.,1.2136,2.3026,-1.0890,17,0
clark2026,343,17,<eos>,4.5281,2.3026,2.2255,17,0
clark2026,344,0,The,3.9745,2.9243,1.0501,15,0
clark2026,344,1,chef,12.1311,10.9823,1.1488,15,0
clark2026,344,2,'s,2.5375,2.3026,0.2349,15,0
clark2026,344,3,boss,7.4552,9.7637,-2.3085,15,0
clark2026,344,4,said,3.7663,6.8880,-3.1216,15,0
clark2026,344,5,his,3.9340,5.7322,-1.7981,15,0
clark2026,344,6,beard,8.7805,11.3559,-2.5754,15,0
clark2026,344,7,definitely,8.4225,9.3025,-0.8800,15,0
clark2026,344,8,needs,3.5911,8.3602,-4.7691,15,0
clark2026,344,9,to,0.9018,3.6156,-2.7138,15,0
clark2026,344,10,be,0.2565,5.0881,-4.8316,15,0
clark2026,344,11,shaved,5.0756,12.2960,-7.2204,15,0
clark2026,344,12,off,3.3699,7.0691,-3.6992,15,0
clark2026,344,13,completely,7.1032,9.2103,-2.1071,15,0
clark2026,344,14,.,0.8443,2.3026,-1.4583,15,0
clark2026,344,15,<eos>,4.7276,2.3026,2.4250,15,0
clark2026,345,0,The,3.9745,2.9243,1.0501,15,0
clark2026,345,1,chef,12.1311,10.9823,1.1488,15,0
clark2026,345,2,'s,2.5375,2.3026,0.2349,15,0
clark2026,345,3,boss,7.4552,9.7637,-2.3085,15,0
clark2026,345,4,said,3.7663,6.8880,-3.1216,15,0
clark2026,345,5,his,3.9340,5.7322,-1.7981,15,0
clark2026,345,6,beard,8.7805,11.3559,-2.5754,15,0
clark2026,345,7,definitely,8.4225,9.3025,-0.8800,15,0
clark2026,345,8,needs,3.5911,8.3602,-4.7691,15,0
clark2026,345,9,to,0.9018,3.6156,-2.7138,15,0
clark2026,345,10,be,0.2565,5.0881,-4.8316,15,0
clark2026,345,11,proofread,13.9183,14.7597,-0.8414,15,0
clark2026,345,12,very,8.3545,6.9078,1.4468,15,0
clark2026,345,13,carefully,1.4957,10.4551,-8.9594,15,0
clark2026,345,14,.,0.7254,2.3026,-1.5772,15,0
clark2026,345,15,<eos>,4.8777,2.3026,2.5752,15,0
clark2026,346,0,The,3.9745,2.9243,1.0501,17,0
clark2026,346,1,chef,12.1311,10.9823,1.1488,17,0
clark2026,346,2,'s,2.5375,2.3026,0.2349,17,0
clark2026,346,3,boss,7.4552,9.7637,-2.3085,17,0
clark2026,346,4,said,3.7663,6.8880,-3.1216,17,0
clark2026,346,5,his,3.9340,5.7322,-1.7981,17,0
clark2026,346,6,apartment,7.2942,10.0155,-2.7214,17,0
clark2026,346,7,definitely,10.3365,9.3025,1.0340,17,0
clark2026,346,8,needs,2.6413,8.3602,-5.7189,17,0
clark2026,346,9,to,1.0738,3.6156,-2.5418,17,0
clark2026,346,10,be,0.9187,5.0881,-4.1693,17,0
clark2026,346,11,baked,10.7439,11.6968,-0.9530,17,0
clark2026,346,12,at,4.4647,5.2963,-0.8316,17,0
clark2026,346,13,four,6.8386,7.9895,-1.1509,17,0
clark2026,346,14,hundred,4.6684,9.8778,-5.2095,17,0
clark2026,346,15,degrees,5.1214,10.2688,-5.1473,17,0
clark2026,346,16,.,1.3532,2.3026,-0.9494,17,0
clark2026,346,17,<eos>,4.8414,2.3026,2.5388,17,0
clark2026,347,0,The,3.9745,2.9243,1.0501,15,0
clark2026,347,1,chef,12.1311,10.9823,1.1488,15,0
clark2026,347,2,'s,2.5375,2.3026,0.2349,15,0
clark2026,347,3,boss,7.4552,9.7637,-2.3085,15,0
clark2026,347,4,said,3.7663,6.8880,-3.1216,15,0
clark2026,347,5,his,3.9340,5.7322,-1.7981,15,0
clark2026,347,6,apartment,7.2942,10.0155,-2.7214,15,0
clark2026,347,7,definitely,10.3365,9.3025,1.0340,15,0
clark2026,347,8,needs,2.6413,8.3602,-5.7189,15,0
clark2026,347,9,to,1.0738,3.6156,-2.5418,15,0
clark2026,347,10,be,0.9187,5.0881,-4.1693,15,0
clark2026,347,11,shaved,10.1311,12.2960,-2.1649,15,0
clark2026,347,12,off,2.9215,7.0691,-4.1476,15,0
clark2026,347,13,completely,7.4250,9.2103,-1.7854,15,0
clark2026,347,14,.,0.9241,2.3026,-1.3785,15,0
clark2026,347,15,<eos>,4.8827,2.3026,2.5801,15,0
clark2026,348,0,The,3.9745,2.9243,1.0501,17,0
clark2026,348,1,chef,12.1311,10.9823,1.1488,17,0
clark2026,348,2,'s,2.5375,2.3026,0.2349,17,0
clark2026,348,3,boss,7.4552,9.7637,-2.3085,17,0
clark2026,348,4,said,3.7663,6.8880,-3.1216,17,0
clark2026,348,5,his,3.9340,5.7322,-1.7981,17,0
clark2026,348,6,vread,19.4242,18.4207,1.0035,17,0
clark2026,348,7,definitely,11.2309,9.3025,1.9284,17,0
clark2026,348,8,needs,3.8402,8.3602,-4.5200,17,0
clark2026,348,9,to,0.6279,3.6156,-2.9877,17,0
clark2026,348,10,be,0.6462,5.0881,-4.4418,17,0
clark2026,348,11,baked,8.5850,11.6968,-3.1118,17,0
clark2026,348,12,at,4.4892,5.2963,-0.8071,17,0
clark2026,348,13,four,7.2687,7.9895,-0.7208,17,0
clark2026,348,14,hundred,4.8270,9.8778,-5.0509,17,0
clark2026,348,15,degrees,5.3017,10.2688,-4.9671,17,0
clark2026,348,16,.,1.2697,2.3026,-1.0329,17,0
clark2026,348,17,<eos>,4.7733,2.3026,2.4707,17,0
clark2026,349,0,The,3.9745,2.9243,1.0501,15,0
clark2026,349,1,chef,12.1311,10.9823,1.1488,15,0
clark2026,349,2,'s,2.5375,2.3026,0.2349,15,0
clark2026,349,3,boss,7.4552,9.7637,-2.3085,15,0
clark2026,349,4,said,3.7663,6.8880,-3.1216,15,0
clark2026,349,5,his,3.9340,5.7322,-1.7981,15,0
clark2026,349,6,veard,18.5032,18.4207,0.0826,15,0
clark2026,349,7,definitely,10.2517,9.3025,0.9492,15,0
clark2026,349,8,needs,3.8640,8.3602,-4.4962,15,0
clark2026,349,9,to,0.9673,3.6156,-2.6484,15,0
clark2026,349,10,be,1.2273,5.0881,-3.8607,15,0
clark2026,349,11,shaved,8.6976,12.2960,-3.5984,15,0
clark2026,349,12,off,2.9872,7.0691,-4.0819,15,0
clark2026,349,13,completely,7.7393,9.2103,-1.4710,15,0
clark2026,349,14,.,1.0067,2.3026,-1.2959,15,0
clark2026,349,15,<eos>,4.6752,2.3026,2.3726,15,0
clark2026,350,0,These,6.7162,6.8124,-0.0962,12,0
clark2026,350,1,genes,9.4678,11.1908,-1.7230,12,0
clark2026,350,2,can,4.0182,5.8500,-1.8318,12,0
clark2026,350,3,be,0.2506,5.0881,-4.8374,12,0
clark2026,350,4,quickly,7.8438,9.2103,-1.3666,12,0
clark2026,350,5,and,2.9227,3.6613,-0.7385,12,0
clark2026,350,6,cheaply,5.1429,13.1684,-8.0255,12,0
clark2026,350,7,sequenced,5.6758,14.1153,-8.4395,12,0
clark2026,350,8,by,2.9523,5.3882,-2.4360,12,0
clark2026,350,9,a,3.1518,3.7766,-0.6248,12,0
clark2026,350,10,lab,5.5818,10.5459,-4.9642,12,0
clark2026,350,11,.,1.6672,2.3026,-0.6354,12,0
clark2026,350,12,<eos>,5.3545,2.3026,3.0520,12,0
clark2026,351,0,These,6.7169,6.8124,-0.0955,12,0
clark2026,351,1,genes,9.4678,11.1908,-1.7230,12,0
clark2026,351,2,can,4.0179,5.8500,-1.8321,12,0
clark2026,351,3,be,0.2506,5.0881,-4.8374,12,0
clark2026,351,4,quickly,7.8440,9.2103,-1.3664,12,0
clark2026,351,5,and,2.9222,3.6613,-0.7390,12,0
clark2026,351,6,cheaply,5.1427,13.1684,-8.0257,12,0
clark2026,351,7,washed,8.0319,11.2818,-3.2499,12,0
clark2026,351,8,at,7.0494,5.2963,1.7531,12,0
clark2026,351,9,the,2.0923,2.9243,-0.8320,12,0
clark2026,351,10,laundromat,15.7151,14.5986,1.1165,12,0
clark2026,351,11,.,1.8622,2.3026,-0.4404,12,0
clark2026,351,12,<eos>,5.9886,2.3026,3.6860,12,0
clark2026,352,0,These,6.7154,6.8124,-0.0970,12,0
clark2026,352,1,genes,9.4677,11.1908,-1.7232,12,0
clark2026,352,2,can,4.0181,5.8500,-1.8318,12,0
clark2026,352,3,be,0.2507,5.0881,-4.8374,12,0
clark2026,352,4,quickly,7.8432,9.2103,-1.3671,12,0
clark2026,352,5,and,2.9224,3.6613,-0.7389,12,0
clark2026,352,6,cheaply,5.1427,13.1684,-8.0258,12,0
clark2026,352,7,seared,14.3499,14.0913,0.2586,12,0
clark2026,352,8,on,4.2010,4.8122,-0.6112,12,0
clark2026,352,9,a,2.2934,3.7766,-1.4832,12,0
clark2026,352,10,pan,9.0578,10.6168,-1.5591,12,0
clark2026,352,11,.,5.1416,2.3026,2.8390,12,0
clark2026,352,12,<eos>,5.8746,2.3026,3.5720,12,0
clark2026,353,0,These,6.7162,6.8124,-0.0962,12,0
clark2026,353,1,jeans,9.3707,11.3059,-1.9352,12,0
clark2026,353,2,can,4.1203,5.8500,-1.7297,12,0
clark2026,353,3,be,0.5366,5.0881,-4.5515,12,0
clark2026,353,4,quickly,7.9993,9.2103,-1.2110,12,0
clark2026,353,5,and,2.8357,3.6613,-0.8256,12,0
clark2026,353,6,cheaply,4.8851,13.1684,-8.2834,12,0
clark2026,353,7,sequenced,10.4429,14.1153,-3.6723,12,0
clark2026,353,8,by,3.3573,5.3882,-2.0309,12,0
clark2026,353,9,a,2.6725,3.7766,-1.1042,12,0
clark2026,353,10,lab,5.6257,10.5459,-4.9203,12,0
clark2026,353,11,.,1.7702,2.3026,-0.5323,12,0
clark2026,353,12,<eos>,5.2447,2.3026,2.9421,12,0
clark2026,354,0,These,6.7169,6.8124,-0.0955,12,0
clark2026,354,1,jeans,9.3708,11.3059,-1.9351,12,0
clark2026,354,2,can,4.1210,5.8500,-1.7290,12,0
clark2026,354,3,be,0.5366,5.0881,-4.5515,12,0
clark2026,354,4,quickly,7.9991,9.2103,-1.2112,12,0
clark2026,354,5,and,2.8359,3.6613,-0.8254,12,0
clark2026,354,6,cheaply,4.8853,13.1684,-8.2831,12,0
clark2026,354,7,washed,5.0709,11.2818,-6.2109,12,0
clark2026,354,8,at,6.6535,5.2963,1.3572,12,0
clark2026,354,9,the,2.0241,2.9243,-0.9003,12,0
clark2026,354,10,laundromat,14.7828,14.5986,0.1842,12,0
clark2026,354,11,.,1.7692,2.3026,-0.5334,12,0
clark2026,354,12,<eos>,5.4708,2.3026,3.1682,12,0
clark2026,355,0,These,6.7154,6.8124,-0.0970,12,0
clark2026,355,1,jeans,9.3704,11.3059,-1.9355,12,0
clark2026,355,2,can,4.1187,5.8500,-1.7313,12,0
clark2026,355,3,be,0.5365,5.0881,-4.5515,12,0
clark2026,355,4,quickly,7.9998,9.2103,-1.2105,12,0
clark2026,355,5,and,2.8358,3.6613,-0.8254,12,0
clark2026,355,6,cheaply,4.8863,13.1684,-8.2821,12,0
clark2026,355,7,seared,13.0327,14.0913,-1.0586,12,0
clark2026,355,8,on,4.1770,4.8122,-0.6352,12,0
clark2026,355,9,a,2.0016,3.7766,-1.7750,12,0
clark2026,355,10,pan,10.1795,10.6168,-0.4373,12,0
clark2026,355,11,.,4.6308,2.3026,2.3282,12,0
clark2026,355,12,<eos>,5.3134,2.3026,3.0108,12,0
clark2026,356,0,These,6.7162,6.8124,-0.0962,12,0
clark2026,356,1,prayers,10.4289,11.2353,-0.8064,12,0
clark2026,356,2,can,4.9618,5.8500,-0.8882,12,0
clark2026,356,3,be,0.2029,5.0881,-4.8852,12,0
clark2026,356,4,quickly,8.1459,9.2103,-1.0644,12,0
clark2026,356,5,and,2.2429,3.6613,-1.4184,12,0
clark2026,356,6,cheaply,5.7199,13.1684,-7.4485,12,0
clark2026,356,7,sequenced,11.1144,14.1153,-3.0008,12,0
clark2026,356,8,by,3.1422,5.3882,-2.2460,12,0
clark2026,356,9,a,2.8156,3.7766,-0.9610,12,0
clark2026,356,10,lab,5.7907,10.5459,-4.7552,12,0
clark2026,356,11,.,2.0610,2.3026,-0.2416,12,0
clark2026,356,12,<eos>,5.0453,2.3026,2.7427,12,0
clark2026,357,0,These,6.7169,6.8124,-0.0955,12,0
clark2026,357,1,prayers,10.4290,11.2353,-0.8063,12,0
clark2026,357,2,can,4.9620,5.8500,-0.8880,12,0
clark2026,357,3,be,0.2029,5.0881,-4.8851,12,0
clark2026,357,4,quickly,8.1453,9.2103,-1.0650,12,0
clark2026,357,5,and,2.2430,3.6613,-1.4183,12,0
clark2026,357,6,cheaply,5.7198,13.1684,-7.4486,12,0
clark2026,357,7,washed,6.6747,11.2818,-4.6072,12,0
clark2026,357,8,at,6.3921,5.2963,1.0958,12,0
clark2026,357,9,the,1.6859,2.9243,-1.2384,12,0
clark2026,357,10,laundromat,14.0264,14.5986,-0.5722,12,0
clark2026,357,11,.,1.9107,2.3026,-0.3919,12,0
clark2026,357,12,<eos>,5.3436,2.3026,3.0410,12,0
clark2026,358,0,These,6.7154,6.8124,-0.0970,12,0
clark2026,358,1,geenes,21.7604,18.4207,3.3397,12,0
clark2026,358,2,can,4.6525,5.8500,-1.1975,12,0
clark2026,358,3,be,0.4020,5.0881,-4.6860,12,0
clark2026,358,4,quickly,6.9592,9.2103,-2.2511,12,0
clark2026,358,5,and,2.0344,3.6613,-1.6269,12,0
clark2026,358,6,cheaply,4.2639,13.1684,-8.9045,12,0
clark2026,358,7,sequenced,8.8553,14.1153,-5.2599,12,0
clark2026,358,8,by,3.3044,5.3882,-2.0838,12,0
clark2026,358,9,a,2.9304,3.7766,-0.8462,12,0
clark2026,358,10,lab,5.8687,10.5459,-4.6772,12,0
clark2026,358,11,.,1.9015,2.3026,-0.4011,12,0
clark2026,358,12,<eos>,4.8446,2.3026,2.5420,12,0
clark2026,359,0,These,6.7169,6.8124,-0.0955,12,0
clark2026,359,1,jeens,15.6147,18.4207,-2.8060,12,0
clark2026,359,2,can,4.2442,5.8500,-1.6057,12,0
clark2026,359,3,be,0.9067,5.0881,-4.1814,12,0
clark2026,359,4,quickly,7.4093,9.2103,-1.8010,12,0
clark2026,359,5,and,3.3283,3.6613,-0.3330,12,0
clark2026,359,6,cheaply,5.2168,13.1684,-7.9516,12,0
clark2026,359,7,washed,5.4837,11.2818,-5.7981,12,0
clark2026,359,8,at,6.2813,5.2963,0.9849,12,0
clark2026,359,9,the,1.9546,2.9243,-0.9697,12,0
clark2026,359,10,laundromat,13.5331,14.5986,-1.0655,12,0
clark2026,359,11,.,1.9841,2.3026,-0.3185,12,0
clark2026,359,12,<eos>,5.5232,2.3026,3.2206,12,0
