dataset,sentence_id,unit_idx,unit,s_lm,s_uni,rel,n_units,has_context
gibson2013,0,0,The,3.9742,2.9243,1.0498,8,0
gibson2013,0,1,sister,11.4341,9.3258,2.1083,8,0
gibson2013,0,2,mailed,12.0525,12.6649,-0.6124,8,0
gibson2013,0,3,the,1.9671,2.9243,-0.9573,8,0
gibson2013,0,4,letter,3.0847,9.3258,-6.2410,8,0
gibson2013,0,5,the,6.1282,2.9243,3.2038,8,0
gibson2013,0,6,niece,10.6803,11.9269,-1.2467,8,0
gibson2013,0,7,.,4.2498,2.3026,1.9472,8,0
gibson2013,0,8,<eos>,6.0711,2.3026,3.7685,8,0
gibson2013,1,0,The,3.9742,2.9243,1.0498,8,0
gibson2013,1,1,sister,11.4341,9.3258,2.1083,8,0
gibson2013,1,2,mailed,12.0525,12.6649,-0.6124,8,0
gibson2013,1,3,the,1.9671,2.9243,-0.9573,8,0
gibson2013,1,4,niece,11.1598,11.9269,-0.7671,8,0
gibson2013,1,5,the,4.2098,2.9243,1.2855,8,0
gibson2013,1,6,letter,2.6710,9.3258,-6.6548,8,0
gibson2013,1,7,.,3.0093,2.3026,0.7067,8,0
gibson2013,1,8,<eos>,5.7202,2.3026,3.4176,8,0
gibson2013,2,0,The,3.9742,2.9243,1.0498,9,0
gibson2013,2,1,sister,11.4341,9.3258,2.1083,9,0
gibson2013,2,2,mailed,12.0525,12.6649,-0.6124,9,0
gibson2013,2,3,the,1.9671,2.9243,-0.9573,9,0
gibson2013,2,4,niece,11.1598,11.9269,-0.7671,9,0
gibson2013,2,5,to,1.1097,3.6156,-2.5059,9,0
gibson2013,2,6,the,1.4818,2.9243,-1.4426,9,0
gibson2013,2,7,letter,6.0985,9.3258,-3.2273,9,0
gibson2013,2,8,.,2.3937,2.3026,0.0911,9,0
gibson2013,2,9,<eos>,5.6250,2.3026,3.3224,9,0
gibson2013,3,0,The,3.9742,2.9243,1.0498,9,0
gibson2013,3,1,sister,11.4341,9.3258,2.1083,9,0
gibson2013,3,2,mailed,12.0525,12.6649,-0.6124,9,0
gibson2013,3,3,the,1.9671,2.9243,-0.9573,9,0
gibson2013,3,4,letter,3.0847,9.3258,-6.2410,9,0
gibson2013,3,5,to,0.6290,3.6156,-2.9866,9,0
gibson2013,3,6,the,1.4742,2.9243,-1.4502,9,0
gibson2013,3,7,niece,10.3753,11.9269,-1.5516,9,0
gibson2013,3,8,.,3.0120,2.3026,0.7094,9,0
gibson2013,3,9,<eos>,5.9320,2.3026,3.6294,9,0
gibson2013,4,0,The,3.9742,2.9243,1.0498,8,0
gibson2013,4,1,mother,8.5891,8.6565,-0.0673,8,0
gibson2013,4,2,gave,6.1418,8.6337,-2.4919,8,0
gibson2013,4,3,the,2.4375,2.9243,-0.4869,8,0
gibson2013,4,4,candle,9.9698,11.7887,-1.8189,8,0
gibson2013,4,5,the,2.9794,2.9243,0.0551,8,0
gibson2013,4,6,daughter,8.6644,9.0533,-0.3890,8,0
gibson2013,4,7,.,4.1463,2.3026,1.8437,8,0
gibson2013,4,8,<eos>,6.1017,2.3026,3.7991,8,0
gibson2013,5,0,The,3.9742,2.9243,1.0498,8,0
gibson2013,5,1,mother,8.5891,8.6565,-0.0673,8,0
gibson2013,5,2,gave,6.1418,8.6337,-2.4919,8,0
gibson2013,5,3,the,2.4375,2.9243,-0.4869,8,0
gibson2013,5,4,daughter,4.0948,9.0533,-4.9585,8,0
gibson2013,5,5,the,1.9809,2.9243,-0.9434,8,0
gibson2013,5,6,candle,10.1130,11.7887,-1.6757,8,0
gibson2013,5,7,.,2.6943,2.3026,0.3918,8,0
gibson2013,5,8,<eos>,5.6813,2.3026,3.3787,8,0
gibson2013,6,0,The,3.9742,2.9243,1.0498,9,0
gibson2013,6,1,mother,8.5891,8.6565,-0.0673,9,0
gibson2013,6,2,gave,6.1418,8.6337,-2.4919,9,0
gibson2013,6,3,the,2.4375,2.9243,-0.4869,9,0
gibson2013,6,4,daughter,4.0948,9.0533,-4.9585,9,0
gibson2013,6,5,to,3.6264,3.6156,0.0108,9,0
gibson2013,6,6,the,1.5957,2.9243,-1.3287,9,0
gibson2013,6,7,candle,10.5314,11.7887,-1.2573,9,0
gibson2013,6,8,.,2.2613,2.3026,-0.0413,9,0
gibson2013,6,9,<eos>,5.7896,2.3026,3.4870,9,0
gibson2013,7,0,The,3.9742,2.9243,1.0498,9,0
gibson2013,7,1,mother,8.5891,8.6565,-0.0673,9,0
gibson2013,7,2,gave,6.1418,8.6337,-2.4919,9,0
gibson2013,7,3,the,2.4375,2.9243,-0.4869,9,0
gibson2013,7,4,candle,9.9698,11.7887,-1.8189,9,0
gibson2013,7,5,to,1.3123,3.6156,-2.3033,9,0
gibson2013,7,6,the,1.0734,2.9243,-1.8510,9,0
gibson2013,7,7,daughter,5.9220,9.0533,-3.1313,9,0
gibson2013,7,8,.,2.7936,2.3026,0.4910,9,0
gibson2013,7,9,<eos>,6.1426,2.3026,3.8400,9,0
gibson2013,8,0,The,3.9742,2.9243,1.0498,8,0
gibson2013,8,1,uncle,12.8707,10.4762,2.3945,8,0
gibson2013,8,2,sold,9.7559,9.2797,0.4762,8,0
gibson2013,8,3,the,2.0118,2.9243,-0.9126,8,0
gibson2013,8,4,truck,6.6428,10.0382,-3.3954,8,0
gibson2013,8,5,the,5.6942,2.9243,2.7698,8,0
gibson2013,8,6,father,6.9718,8.6115,-1.6397,8,0
gibson2013,8,7,.,5.1684,2.3026,2.8658,8,0
gibson2013,8,8,<eos>,7.1645,2.3026,4.8620,8,0
gibson2013,9,0,The,3.9742,2.9243,1.0498,8,0
gibson2013,9,1,uncle,12.8707,10.4762,2.3945,8,0
gibson2013,9,2,sold,9.7559,9.2797,0.4762,8,0
gibson2013,9,3,the,2.0118,2.9243,-0.9126,8,0
gibson2013,9,4,father,7.1723,8.6115,-1.4392,8,0
gibson2013,9,5,the,5.4443,2.9243,2.5200,8,0
gibson2013,9,6,truck,6.9230,10.0382,-3.1152,8,0
gibson2013,9,7,.,2.6867,2.3026,0.3841,8,0
gibson2013,9,8,<eos>,6.8756,2.3026,4.5730,8,0
gibson2013,10,0,The,3.9742,2.9243,1.0498,9,0
gibson2013,10,1,uncle,12.8707,10.4762,2.3945,9,0
gibson2013,10,2,sold,9.7559,9.2797,0.4762,9,0
gibson2013,10,3,the,2.0118,2.9243,-0.9126,9,0
gibson2013,10,4,father,7.1723,8.6115,-1.4392,9,0
gibson2013,10,5,to,1.9074,3.6156,-1.7082,9,0
gibson2013,10,6,the,1.4553,2.9243,-1.4690,9,0
gibson2013,10,7,truck,8.2626,10.0382,-1.7756,9,0
gibson2013,10,8,.,3.2116,2.3026,0.9091,9,0
gibson2013,10,9,<eos>,6.8104,2.3026,4.5079,9,0
gibson2013,11,0,The,3.9742,2.9243,1.0498,9,0
gibson2013,11,1,uncle,12.8707,10.4762,2.3945,9,0
gibson2013,11,2,sold,9.7559,9.2797,0.4762,9,0
gibson2013,11,3,the,2.0118,2.9243,-0.9126,9,0
gibson2013,11,4,truck,6.6428,10.0382,-3.3954,9,0
gibson2013,11,5,to,1.2891,3.6156,-2.3265,9,0
gibson2013,11,6,the,1.5905,2.9243,-1.3339,9,0
gibson2013,11,7,father,5.9912,8.6115,-2.6203,9,0
gibson2013,11,8,.,2.5328,2.3026,0.2303,9,0
gibson2013,11,9,<eos>,6.7566,2.3026,4.4540,9,0
gibson2013,12,0,The,3.9742,2.9243,1.0498,8,0
gibson2013,12,1,contractor,10.3508,11.3306,-0.9798,8,0
gibson2013,12,2,lent,11.5745,12.0892,-0.5147,8,0
gibson2013,12,3,the,2.6153,2.9243,-0.3090,8,0
gibson2013,12,4,saw,11.7043,8.4264,3.2778,8,0
gibson2013,12,5,the,4.1775,2.9243,1.2532,8,0
gibson2013,12,6,homeowner,10.6377,13.3581,-2.7204,8,0
gibson2013,12,7,.,4.5649,2.3026,2.2623,8,0
gibson2013,12,8,<eos>,6.3889,2.3026,4.0863,8,0
gibson2013,13,0,The,3.9742,2.9243,1.0498,8,0
gibson2013,13,1,contractor,10.3508,11.3306,-0.9798,8,0
gibson2013,13,2,lent,11.5745,12.0892,-0.5147,8,0
gibson2013,13,3,the,2.6153,2.9243,-0.3090,8,0
gibson2013,13,4,homeowner,9.0448,13.3581,-4.3132,8,0
gibson2013,13,5,the,2.8535,2.9243,-0.0709,8,0
gibson2013,13,6,saw,11.5689,8.4264,3.1425,8,0
gibson2013,13,7,.,4.6836,2.3026,2.3810,8,0
gibson2013,13,8,<eos>,5.6612,2.3026,3.3586,8,0
gibson2013,14,0,The,3.9742,2.9243,1.0498,9,0
gibson2013,14,1,contractor,10.3508,11.3306,-0.9798,9,0
gibson2013,14,2,lent,11.5745,12.0892,-0.5147,9,0
gibson2013,14,3,the,2.6153,2.9243,-0.3090,9,0
gibson2013,14,4,homeowner,9.0448,13.3581,-4.3132,9,0
gibson2013,14,5,to,1.5232,3.6156,-2.0925,9,0
gibson2013,14,6,the,2.0403,2.9243,-0.8841,9,0
gibson2013,14,7,saw,11.7478,8.4264,3.3213,9,0
gibson2013,14,8,.,3.5938,2.3026,1.2912,9,0
gibson2013,14,9,<eos>,5.5823,2.3026,3.2797,9,0
gibson2013,15,0,The,3.9742,2.9243,1.0498,9,0
gibson2013,15,1,contractor,10.3508,11.3306,-0.9798,9,0
gibson2013,15,2,lent,11.5745,12.0892,-0.5147,9,0
gibson2013,15,3,the,2.6153,2.9243,-0.3090,9,0
gibson2013,15,4,saw,11.7043,8.4264,3.2778,9,0
gibson2013,15,5,to,1.0667,3.6156,-2.5490,9,0
gibson2013,15,6,the,1.1703,2.9243,-1.7541,9,0
gibson2013,15,7,homeowner,10.8343,13.3581,-2.5238,9,0
gibson2013,15,8,.,3.1828,2.3026,0.8802,9,0
gibson2013,15,9,<eos>,5.9584,2.3026,3.6559,9,0
gibson2013,16,0,The,3.9742,2.9243,1.0498,9,0
gibson2013,16,1,sailing,13.8698,11.5362,2.3336,9,0
gibson2013,16,2,club,5.1968,8.7529,-3.5561,9,0
gibson2013,16,3,leased,11.9588,12.3876,-0.4287,9,0
gibson2013,16,4,the,1.7708,2.9243,-1.1535,9,0
gibson2013,16,5,boat,4.1616,9.8778,-5.7162,9,0
gibson2013,16,6,the,4.8662,2.9243,1.9419,9,0
gibson2013,16,7,man,7.2911,7.3218,-0.0307,9,0
gibson2013,16,8,.,5.0379,2.3026,2.7354,9,0
gibson2013,16,9,<eos>,6.8044,2.3026,4.5018,9,0
gibson2013,17,0,The,3.9742,2.9243,1.0498,9,0
gibson2013,17,1,sailing,13.8698,11.5362,2.3336,9,0
gibson2013,17,2,club,5.1968,8.7529,-3.5561,9,0
gibson2013,17,3,leased,11.9588,12.3876,-0.4287,9,0
gibson2013,17,4,the,1.7708,2.9243,-1.1535,9,0
gibson2013,17,5,man,8.0440,7.3218,0.7223,9,0
gibson2013,17,6,the,5.7960,2.9243,2.8717,9,0
gibson2013,17,7,boat,4.1315,9.8778,-5.7463,9,0
gibson2013,17,8,.,3.3318,2.3026,1.0292,9,0
gibson2013,17,9,<eos>,6.7619,2.3026,4.4593,9,0
gibson2013,18,0,The,3.9742,2.9243,1.0498,10,0
gibson2013,18,1,sailing,13.8698,11.5362,2.3336,10,0
gibson2013,18,2,club,5.1968,8.7529,-3.5561,10,0
gibson2013,18,3,leased,11.9588,12.3876,-0.4287,10,0
gibson2013,18,4,the,1.7708,2.9243,-1.1535,10,0
gibson2013,18,5,man,8.0440,7.3218,0.7223,10,0
gibson2013,18,6,to,3.3362,3.6156,-0.2794,10,0
gibson2013,18,7,the,1.4500,2.9243,-1.4743,10,0
gibson2013,18,8,boat,6.4574,9.8778,-3.4205,10,0
gibson2013,18,9,.,3.3572,2.3026,1.0546,10,0
gibson2013,18,10,<eos>,6.6599,2.3026,4.3573,10,0
gibson2013,19,0,The,3.9742,2.9243,1.0498,10,0
gibson2013,19,1,sailing,13.8698,11.5362,2.3336,10,0
gibson2013,19,2,club,5.1968,8.7529,-3.5561,10,0
gibson2013,19,3,leased,11.9588,12.3876,-0.4287,10,0
gibson2013,19,4,the,1.7708,2.9243,-1.1535,10,0
gibson2013,19,5,boat,4.1616,9.8778,-5.7162,10,0
gibson2013,19,6,to,1.4278,3.6156,-2.1879,10,0
gibson2013,19,7,the,1.0781,2.9243,-1.8463,10,0
gibson2013,19,8,man,6.9491,7.3218,-0.3727,10,0
gibson2013,19,9,.,3.9369,2.3026,1.6343,10,0
gibson2013,19,10,<eos>,6.5423,2.3026,4.2398,10,0
gibson2013,20,0,The,3.9742,2.9243,1.0498,8,0
gibson2013,20,1,girl,9.3940,8.3349,1.0592,8,0
gibson2013,20,2,tossed,11.3060,12.0892,-0.7832,8,0
gibson2013,20,3,the,2.0867,2.9243,-0.8377,8,0
gibson2013,20,4,apple,8.1954,9.7637,-1.5683,8,0
gibson2013,20,5,the,5.6538,2.9243,2.7295,8,0
gibson2013,20,6,boy,6.8155,8.8183,-2.0028,8,0
gibson2013,20,7,.,3.6999,2.3026,1.3973,8,0
gibson2013,20,8,<eos>,6.1953,2.3026,3.8927,8,0
gibson2013,21,0,The,3.9742,2.9243,1.0498,8,0
gibson2013,21,1,girl,9.3940,8.3349,1.0592,8,0
gibson2013,21,2,tossed,11.3060,12.0892,-0.7832,8,0
gibson2013,21,3,the,2.0867,2.9243,-0.8377,8,0
gibson2013,21,4,boy,5.7530,8.8183,-3.0653,8,0
gibson2013,21,5,the,5.4346,2.9243,2.5103,8,0
gibson2013,21,6,apple,8.8219,9.7637,-0.9418,8,0
gibson2013,21,7,.,2.3279,2.3026,0.0253,8,0
gibson2013,21,8,<eos>,6.3410,2.3026,4.0384,8,0
gibson2013,22,0,The,3.9742,2.9243,1.0498,9,0
gibson2013,22,1,girl,9.3940,8.3349,1.0592,9,0
gibson2013,22,2,tossed,11.3060,12.0892,-0.7832,9,0
gibson2013,22,3,the,2.0867,2.9243,-0.8377,9,0
gibson2013,22,4,boy,5.7530,8.8183,-3.0653,9,0
gibson2013,22,5,to,2.7372,3.6156,-0.8784,9,0
gibson2013,22,6,the,0.4942,2.9243,-2.4302,9,0
gibson2013,22,7,apple,9.7417,9.7637,-0.0220,9,0
gibson2013,22,8,.,2.1358,2.3026,-0.1668,9,0
gibson2013,22,9,<eos>,6.3022,2.3026,3.9996,9,0
gibson2013,23,0,The,3.9742,2.9243,1.0498,9,0
gibson2013,23,1,girl,9.3940,8.3349,1.0592,9,0
gibson2013,23,2,tossed,11.3060,12.0892,-0.7832,9,0
gibson2013,23,3,the,2.0867,2.9243,-0.8377,9,0
gibson2013,23,4,apple,8.1954,9.7637,-1.5683,9,0
gibson2013,23,5,to,2.8717,3.6156,-0.7439,9,0
gibson2013,23,6,the,0.7075,2.9243,-2.2169,9,0
gibson2013,23,7,boy,6.3602,8.8183,-2.4581,9,0
gibson2013,23,8,.,1.9421,2.3026,-0.3605,9,0
gibson2013,23,9,<eos>,6.3330,2.3026,4.0304,9,0
gibson2013,24,0,The,3.9742,2.9243,1.0498,8,0
gibson2013,24,1,daughter,10.7208,9.0533,1.6675,8,0
gibson2013,24,2,passed,10.2755,9.3943,0.8812,8,0
gibson2013,24,3,the,2.4651,2.9243,-0.4592,8,0
gibson2013,24,4,bowl,12.2518,10.0613,2.1905,8,0
gibson2013,24,5,the,6.2063,2.9243,3.2819,8,0
gibson2013,24,6,mother,7.7654,8.6565,-0.8910,8,0
gibson2013,24,7,.,5.1175,2.3026,2.8149,8,0
gibson2013,24,8,<eos>,6.4831,2.3026,4.1805,8,0
gibson2013,25,0,The,3.9742,2.9243,1.0498,8,0
gibson2013,25,1,daughter,10.7208,9.0533,1.6675,8,0
gibson2013,25,2,passed,10.2755,9.3943,0.8812,8,0
gibson2013,25,3,the,2.4651,2.9243,-0.4592,8,0
gibson2013,25,4,mother,7.3436,8.6565,-1.3128,8,0
gibson2013,25,5,the,6.0732,2.9243,3.1488,8,0
gibson2013,25,6,bowl,11.1644,10.0613,1.1031,8,0
gibson2013,25,7,.,3.1125,2.3026,0.8100,8,0
gibson2013,25,8,<eos>,6.1621,2.3026,3.8595,8,0
gibson2013,26,0,The,3.9742,2.9243,1.0498,9,0
gibson2013,26,1,daughter,10.7208,9.0533,1.6675,9,0
gibson2013,26,2,passed,10.2755,9.3943,0.8812,9,0
gibson2013,26,3,the,2.4651,2.9243,-0.4592,9,0
gibson2013,26,4,mother,7.3436,8.6565,-1.3128,9,0
gibson2013,26,5,to,3.3769,3.6156,-0.2388,9,0
gibson2013,26,6,the,1.3351,2.9243,-1.5892,9,0
gibson2013,26,7,bowl,12.4151,10.0613,2.3538,9,0
gibson2013,26,8,.,2.7000,2.3026,0.3974,9,0
gibson2013,26,9,<eos>,6.1414,2.3026,3.8388,9,0
gibson2013,27,0,The,3.9742,2.9243,1.0498,9,0
gibson2013,27,1,daughter,10.7208,9.0533,1.6675,9,0
gibson2013,27,2,passed,10.2755,9.3943,0.8812,9,0
gibson2013,27,3,the,2.4651,2.9243,-0.4592,9,0
gibson2013,27,4,bowl,12.2518,10.0613,2.1905,9,0
gibson2013,27,5,to,3.6955,3.6156,0.0799,9,0
gibson2013,27,6,the,0.9334,2.9243,-1.9910,9,0
gibson2013,27,7,mother,4.4697,8.6565,-4.1868,9,0
gibson2013,27,8,.,2.1286,2.3026,-0.1739,9,0
gibson2013,27,9,<eos>,6.2833,2.3026,3.9807,9,0
gibson2013,28,0,The,3.9742,2.9243,1.0498,9,0
gibson2013,28,1,scuba,14.2910,13.1026,1.1885,9,0
gibson2013,28,2,instructor,5.9182,11.4641,-5.5460,9,0
gibson2013,28,3,rented,11.0926,11.7887,-0.6961,9,0
gibson2013,28,4,the,2.1447,2.9243,-0.7797,9,0
gibson2013,28,5,equipment,6.9153,9.4861,-2.5708,9,0
gibson2013,28,6,the,5.6575,2.9243,2.7332,9,0
gibson2013,28,7,tourist,10.3070,11.0555,-0.7485,9,0
gibson2013,28,8,.,5.0020,2.3026,2.6995,9,0
gibson2013,28,9,<eos>,6.2307,2.3026,3.9282,9,0
gibson2013,29,0,The,3.9742,2.9243,1.0498,9,0
gibson2013,29,1,scuba,14.2910,13.1026,1.1885,9,0
gibson2013,29,2,instructor,5.9182,11.4641,-5.5460,9,0
gibson2013,29,3,rented,11.0926,11.7887,-0.6961,9,0
gibson2013,29,4,the,2.1447,2.9243,-0.7797,9,0
gibson2013,29,5,tourist,8.6770,11.0555,-2.3785,9,0
gibson2013,29,6,the,7.8602,2.9243,4.9359,9,0
gibson2013,29,7,equipment,10.0454,9.4861,0.5593,9,0
gibson2013,29,8,.,3.3619,2.3026,1.0593,9,0
gibson2013,29,9,<eos>,6.4511,2.3026,4.1486,9,0
gibson2013,30,0,The,3.9742,2.9243,1.0498,10,0
gibson2013,30,1,scuba,14.2910,13.1026,1.1885,10,0
gibson2013,30,2,instructor,5.9182,11.4641,-5.5460,10,0
gibson2013,30,3,rented,11.0926,11.7887,-0.6961,10,0
gibson2013,30,4,the,2.1447,2.9243,-0.7797,10,0
gibson2013,30,5,tourist,8.6770,11.0555,-2.3785,10,0
gibson2013,30,6,to,6.1771,3.6156,2.5615,10,0
gibson2013,30,7,the,1.3111,2.9243,-1.6132,10,0
gibson2013,30,8,equipment,10.5868,9.4861,1.1007,10,0
gibson2013,30,9,.,2.3890,2.3026,0.0864,10,0
gibson2013,30,10,<eos>,6.2382,2.3026,3.9356,10,0
gibson2013,31,0,The,3.9742,2.9243,1.0498,10,0
gibson2013,31,1,scuba,14.2910,13.1026,1.1885,10,0
gibson2013,31,2,instructor,5.9182,11.4641,-5.5460,10,0
gibson2013,31,3,rented,11.0926,11.7887,-0.6961,10,0
gibson2013,31,4,the,2.1447,2.9243,-0.7797,10,0
gibson2013,31,5,equipment,6.9153,9.4861,-2.5708,10,0
gibson2013,31,6,to,2.1123,3.6156,-1.5033,10,0
gibson2013,31,7,the,1.3759,2.9243,-1.5485,10,0
gibson2013,31,8,tourist,6.9532,11.0555,-4.1023,10,0
gibson2013,31,9,.,3.2393,2.3026,0.9367,10,0
gibson2013,31,10,<eos>,6.1068,2.3026,3.8042,10,0
gibson2013,32,0,The,3.9742,2.9243,1.0498,8,0
gibson2013,32,1,boy,9.7210,8.8183,0.9027,8,0
gibson2013,32,2,handed,8.1241,10.5459,-2.4218,8,0
gibson2013,32,3,the,1.7855,2.9243,-1.1388,8,0
gibson2013,32,4,pencil,8.7726,11.6283,-2.8557,8,0
gibson2013,32,5,the,4.6647,2.9243,1.7404,8,0
gibson2013,32,6,girl,6.0319,8.3349,-2.3030,8,0
gibson2013,32,7,.,3.3468,2.3026,1.0442,8,0
gibson2013,32,8,<eos>,6.7031,2.3026,4.4005,8,0
gibson2013,33,0,The,3.9742,2.9243,1.0498,8,0
gibson2013,33,1,boy,9.7210,8.8183,0.9027,8,0
gibson2013,33,2,handed,8.1241,10.5459,-2.4218,8,0
gibson2013,33,3,the,1.7855,2.9243,-1.1388,8,0
gibson2013,33,4,girl,4.4514,8.3349,-3.8834,8,0
gibson2013,33,5,the,3.0335,2.9243,0.1091,8,0
gibson2013,33,6,pencil,7.9471,11.6283,-3.6812,8,0
gibson2013,33,7,.,2.3052,2.3026,0.0026,8,0
gibson2013,33,8,<eos>,6.9693,2.3026,4.6668,8,0
gibson2013,34,0,The,3.9742,2.9243,1.0498,9,0
gibson2013,34,1,boy,9.7210,8.8183,0.9027,9,0
gibson2013,34,2,handed,8.1241,10.5459,-2.4218,9,0
gibson2013,34,3,the,1.7855,2.9243,-1.1388,9,0
gibson2013,34,4,girl,4.4514,8.3349,-3.8834,9,0
gibson2013,34,5,to,1.4172,3.6156,-2.1984,9,0
gibson2013,34,6,the,1.2372,2.9243,-1.6871,9,0
gibson2013,34,7,pencil,11.1386,11.6283,-0.4898,9,0
gibson2013,34,8,.,1.9195,2.3026,-0.3831,9,0
gibson2013,34,9,<eos>,6.9807,2.3026,4.6782,9,0
gibson2013,35,0,The,3.9742,2.9243,1.0498,9,0
gibson2013,35,1,boy,9.7210,8.8183,0.9027,9,0
gibson2013,35,2,handed,8.1241,10.5459,-2.4218,9,0
gibson2013,35,3,the,1.7855,2.9243,-1.1388,9,0
gibson2013,35,4,pencil,8.7726,11.6283,-2.8557,9,0
gibson2013,35,5,to,1.0653,3.6156,-2.5503,9,0
gibson2013,35,6,the,1.2346,2.9243,-1.6898,9,0
gibson2013,35,7,girl,3.8748,8.3349,-4.4601,9,0
gibson2013,35,8,.,2.1652,2.3026,-0.1373,9,0
gibson2013,35,9,<eos>,6.8413,2.3026,4.5387,9,0
gibson2013,36,0,The,3.9742,2.9243,1.0498,8,0
gibson2013,36,1,nanny,14.6546,12.4571,2.1975,8,0
gibson2013,36,2,threw,9.9765,10.4551,-0.4787,8,0
gibson2013,36,3,the,2.4569,2.9243,-0.4675,8,0
gibson2013,36,4,toy,7.6614,10.8198,-3.1583,8,0
gibson2013,36,5,the,6.2256,2.9243,3.3012,8,0
gibson2013,36,6,child,6.0754,8.5172,-2.4418,8,0
gibson2013,36,7,.,3.5434,2.3026,1.2408,8,0
gibson2013,36,8,<eos>,5.7922,2.3026,3.4896,8,0
gibson2013,37,0,The,3.9742,2.9243,1.0498,8,0
gibson2013,37,1,nanny,14.6546,12.4571,2.1975,8,0
gibson2013,37,2,threw,9.9765,10.4551,-0.4787,8,0
gibson2013,37,3,the,2.4569,2.9243,-0.4675,8,0
gibson2013,37,4,child,6.7346,8.5172,-1.7826,8,0
gibson2013,37,5,the,5.1921,2.9243,2.2677,8,0
gibson2013,37,6,toy,6.2599,10.8198,-4.5598,8,0
gibson2013,37,7,.,3.4796,2.3026,1.1770,8,0
gibson2013,37,8,<eos>,6.1367,2.3026,3.8341,8,0
gibson2013,38,0,The,3.9742,2.9243,1.0498,9,0
gibson2013,38,1,nanny,14.6546,12.4571,2.1975,9,0
gibson2013,38,2,threw,9.9765,10.4551,-0.4787,9,0
gibson2013,38,3,the,2.4569,2.9243,-0.4675,9,0
gibson2013,38,4,child,6.7346,8.5172,-1.7826,9,0
gibson2013,38,5,to,2.8762,3.6156,-0.7395,9,0
gibson2013,38,6,the,0.5411,2.9243,-2.3832,9,0
gibson2013,38,7,toy,10.0533,10.8198,-0.7664,9,0
gibson2013,38,8,.,3.0292,2.3026,0.7266,9,0
gibson2013,38,9,<eos>,6.1555,2.3026,3.8529,9,0
gibson2013,39,0,The,3.9742,2.9243,1.0498,9,0
gibson2013,39,1,nanny,14.6546,12.4571,2.1975,9,0
gibson2013,39,2,threw,9.9765,10.4551,-0.4787,9,0
gibson2013,39,3,the,2.4569,2.9243,-0.4675,9,0
gibson2013,39,4,toy,7.6614,10.8198,-3.1583,9,0
gibson2013,39,5,to,3.7551,3.6156,0.1395,9,0
gibson2013,39,6,the,0.8873,2.9243,-2.0371,9,0
gibson2013,39,7,child,6.7371,8.5172,-1.7801,9,0
gibson2013,39,8,.,1.8228,2.3026,-0.4798,9,0
gibson2013,39,9,<eos>,5.7927,2.3026,3.4901,9,0
gibson2013,40,0,The,3.9742,2.9243,1.0498,8,0
gibson2013,40,1,nephew,13.2438,11.4931,1.7507,8,0
gibson2013,40,2,mailed,12.4118,12.6649,-0.2532,8,0
gibson2013,40,3,the,1.8982,2.9243,-1.0261,8,0
gibson2013,40,4,postcard,10.1937,12.8039,-2.6102,8,0
gibson2013,40,5,the,6.3719,2.9243,3.4476,8,0
gibson2013,40,6,aunt,11.6954,11.1414,0.5540,8,0
gibson2013,40,7,.,3.5454,2.3026,1.2429,8,0
gibson2013,40,8,<eos>,5.7053,2.3026,3.4027,8,0
gibson2013,41,0,The,3.9742,2.9243,1.0498,8,0
gibson2013,41,1,nephew,13.2438,11.4931,1.7507,8,0
gibson2013,41,2,mailed,12.4118,12.6649,-0.2532,8,0
gibson2013,41,3,the,1.8982,2.9243,-1.0261,8,0
gibson2013,41,4,aunt,11.4645,11.1414,0.3231,8,0
gibson2013,41,5,the,4.5913,2.9243,1.6670,8,0
gibson2013,41,6,postcard,9.4861,12.8039,-3.3178,8,0
gibson2013,41,7,.,2.6093,2.3026,0.3067,8,0
gibson2013,41,8,<eos>,5.3293,2.3026,3.0267,8,0
gibson2013,42,0,The,3.9742,2.9243,1.0498,9,0
gibson2013,42,1,nephew,13.2438,11.4931,1.7507,9,0
gibson2013,42,2,mailed,12.4118,12.6649,-0.2532,9,0
gibson2013,42,3,the,1.8982,2.9243,-1.0261,9,0
gibson2013,42,4,aunt,11.4645,11.1414,0.3231,9,0
gibson2013,42,5,to,1.2689,3.6156,-2.3467,9,0
gibson2013,42,6,the,1.6120,2.9243,-1.3124,9,0
gibson2013,42,7,postcard,11.2141,12.8039,-1.5898,9,0
gibson2013,42,8,.,2.3206,2.3026,0.0180,9,0
gibson2013,42,9,<eos>,5.2976,2.3026,2.9950,9,0
gibson2013,43,0,The,3.9742,2.9243,1.0498,9,0
gibson2013,43,1,nephew,13.2438,11.4931,1.7507,9,0
gibson2013,43,2,mailed,12.4118,12.6649,-0.2532,9,0
gibson2013,43,3,the,1.8982,2.9243,-1.0261,9,0
gibson2013,43,4,postcard,10.1937,12.8039,-2.6102,9,0
gibson2013,43,5,to,0.8541,3.6156,-2.7615,9,0
gibson2013,43,6,the,1.7260,2.9243,-1.1984,9,0
gibson2013,43,7,aunt,8.2912,11.1414,-2.8501,9,0
gibson2013,43,8,.,2.3636,2.3026,0.0610,9,0
gibson2013,43,9,<eos>,5.5057,2.3026,3.2031,9,0
gibson2013,44,0,The,3.9742,2.9243,1.0498,8,0
gibson2013,44,1,father,8.7784,8.6115,0.1669,8,0
gibson2013,44,2,gave,6.4918,8.6337,-2.1420,8,0
gibson2013,44,3,the,1.8602,2.9243,-1.0642,8,0
gibson2013,44,4,car,6.3784,8.1736,-1.7952,8,0
gibson2013,44,5,the,2.3251,2.9243,-0.5992,8,0
gibson2013,44,6,son,7.7158,8.5632,-0.8474,8,0
gibson2013,44,7,.,3.2856,2.3026,0.9830,8,0
gibson2013,44,8,<eos>,5.9709,2.3026,3.6683,8,0
gibson2013,45,0,The,3.9742,2.9243,1.0498,8,0
gibson2013,45,1,father,8.7784,8.6115,0.1669,8,0
gibson2013,45,2,gave,6.4918,8.6337,-2.1420,8,0
gibson2013,45,3,the,1.8602,2.9243,-1.0642,8,0
gibson2013,45,4,son,4.4067,8.5632,-4.1565,8,0
gibson2013,45,5,the,1.7441,2.9243,-1.1803,8,0
gibson2013,45,6,car,6.2042,8.1736,-1.9694,8,0
gibson2013,45,7,.,2.3253,2.3026,0.0227,8,0
gibson2013,45,8,<eos>,6.0979,2.3026,3.7953,8,0
gibson2013,46,0,The,3.9742,2.9243,1.0498,9,0
gibson2013,46,1,father,8.7784,8.6115,0.1669,9,0
gibson2013,46,2,gave,6.4918,8.6337,-2.1420,9,0
gibson2013,46,3,the,1.8602,2.9243,-1.0642,9,0
gibson2013,46,4,son,4.4067,8.5632,-4.1565,9,0
gibson2013,46,5,to,4.0658,3.6156,0.4502,9,0
gibson2013,46,6,the,1.3100,2.9243,-1.6143,9,0
gibson2013,46,7,car,6.7416,8.1736,-1.4320,9,0
gibson2013,46,8,.,2.1310,2.3026,-0.1716,9,0
gibson2013,46,9,<eos>,6.1094,2.3026,3.8068,9,0
gibson2013,47,0,The,3.9742,2.9243,1.0498,9,0
gibson2013,47,1,father,8.7784,8.6115,0.1669,9,0
gibson2013,47,2,gave,6.4918,8.6337,-2.1420,9,0
gibson2013,47,3,the,1.8602,2.9243,-1.0642,9,0
gibson2013,47,4,car,6.3784,8.1736,-1.7952,9,0
gibson2013,47,5,to,2.0253,3.6156,-1.5903,9,0
gibson2013,47,6,the,1.1543,2.9243,-1.7700,9,0
gibson2013,47,7,son,6.3429,8.5632,-2.2204,9,0
gibson2013,47,8,.,2.2652,2.3026,-0.0374,9,0
gibson2013,47,9,<eos>,6.0665,2.3026,3.7639,9,0
gibson2013,48,0,The,3.9742,2.9243,1.0498,8,0
gibson2013,48,1,shop,11.1567,9.4861,1.6706,8,0
gibson2013,48,2,sold,8.3853,9.2797,-0.8944,8,0
gibson2013,48,3,the,2.5801,2.9243,-0.3443,8,0
gibson2013,48,4,bike,7.0765,10.2921,-3.2156,8,0
gibson2013,48,5,the,5.3327,2.9243,2.4084,8,0
gibson2013,48,6,student,8.8786,9.1616,-0.2830,8,0
gibson2013,48,7,.,5.0644,2.3026,2.7618,8,0
gibson2013,48,8,<eos>,7.1172,2.3026,4.8146,8,0
gibson2013,49,0,The,3.9742,2.9243,1.0498,8,0
gibson2013,49,1,shop,11.1567,9.4861,1.6706,8,0
gibson2013,49,2,sold,8.3853,9.2797,-0.8944,8,0
gibson2013,49,3,the,2.5801,2.9243,-0.3443,8,0
gibson2013,49,4,student,8.7584,9.1616,-0.4032,8,0
gibson2013,49,5,the,6.2640,2.9243,3.3397,8,0
gibson2013,49,6,bike,7.0157,10.2921,-3.2764,8,0
gibson2013,49,7,.,2.8869,2.3026,0.5844,8,0
gibson2013,49,8,<eos>,7.1088,2.3026,4.8063,8,0
gibson2013,50,0,The,3.9742,2.9243,1.0498,9,0
gibson2013,50,1,shop,11.1567,9.4861,1.6706,9,0
gibson2013,50,2,sold,8.3853,9.2797,-0.8944,9,0
gibson2013,50,3,the,2.5801,2.9243,-0.3443,9,0
gibson2013,50,4,student,8.7584,9.1616,-0.4032,9,0
gibson2013,50,5,to,3.6440,3.6156,0.0284,9,0
gibson2013,50,6,the,1.5760,2.9243,-1.3483,9,0
gibson2013,50,7,bike,9.4518,10.2921,-0.8403,9,0
gibson2013,50,8,.,3.2294,2.3026,0.9268,9,0
gibson2013,50,9,<eos>,6.9262,2.3026,4.6236,9,0
gibson2013,51,0,The,3.9742,2.9243,1.0498,9,0
gibson2013,51,1,shop,11.1567,9.4861,1.6706,9,0
gibson2013,51,2,sold,8.3853,9.2797,-0.8944,9,0
gibson2013,51,3,the,2.5801,2.9243,-0.3443,9,0
gibson2013,51,4,bike,7.0765,10.2921,-3.2156,9,0
gibson2013,51,5,to,2.0571,3.6156,-1.5586,9,0
gibson2013,51,6,the,1.7437,2.9243,-1.1806,9,0
gibson2013,51,7,student,7.4953,9.1616,-1.6662,9,0
gibson2013,51,8,.,2.6653,2.3026,0.3627,9,0
gibson2013,51,9,<eos>,7.1372,2.3026,4.8346,9,0
gibson2013,52,0,The,3.9742,2.9243,1.0498,8,0
gibson2013,52,1,janitor,12.8077,13.3581,-0.5504,8,0
gibson2013,52,2,lent,11.0560,12.0892,-1.0331,8,0
gibson2013,52,3,the,2.8720,2.9243,-0.0523,8,0
gibson2013,52,4,mop,11.3758,12.9194,-1.5436,8,0
gibson2013,52,5,the,4.8434,2.9243,1.9191,8,0
gibson2013,52,6,teacher,8.6583,9.4861,-0.8278,8,0
gibson2013,52,7,.,3.3950,2.3026,1.0925,8,0
gibson2013,52,8,<eos>,5.7487,2.3026,3.4461,8,0
gibson2013,53,0,The,3.9742,2.9243,1.0498,8,0
gibson2013,53,1,janitor,12.8077,13.3581,-0.5504,8,0
gibson2013,53,2,lent,11.0560,12.0892,-1.0331,8,0
gibson2013,53,3,the,2.8720,2.9243,-0.0523,8,0
gibson2013,53,4,teacher,8.6049,9.4861,-0.8812,8,0
gibson2013,53,5,the,2.6769,2.9243,-0.2474,8,0
gibson2013,53,6,mop,11.8179,12.9194,-1.1015,8,0
gibson2013,53,7,.,3.9090,2.3026,1.6064,8,0
gibson2013,53,8,<eos>,6.2901,2.3026,3.9875,8,0
gibson2013,54,0,The,3.9742,2.9243,1.0498,9,0
gibson2013,54,1,janitor,12.8077,13.3581,-0.5504,9,0
gibson2013,54,2,lent,11.0560,12.0892,-1.0331,9,0
gibson2013,54,3,the,2.8720,2.9243,-0.0523,9,0
gibson2013,54,4,teacher,8.6049,9.4861,-0.8812,9,0
gibson2013,54,5,to,1.5942,3.6156,-2.0215,9,0
gibson2013,54,6,the,1.2223,2.9243,-1.7020,9,0
gibson2013,54,7,mop,11.1566,12.9194,-1.7629,9,0
gibson2013,54,8,.,3.0757,2.3026,0.7731,9,0
gibson2013,54,9,<eos>,5.6516,2.3026,3.3490,9,0
gibson2013,55,0,The,3.9742,2.9243,1.0498,9,0
gibson2013,55,1,janitor,12.8077,13.3581,-0.5504,9,0
gibson2013,55,2,lent,11.0560,12.0892,-1.0331,9,0
gibson2013,55,3,the,2.8720,2.9243,-0.0523,9,0
gibson2013,55,4,mop,11.3758,12.9194,-1.5436,9,0
gibson2013,55,5,to,2.3831,3.6156,-1.2326,9,0
gibson2013,55,6,the,1.3356,2.9243,-1.5887,9,0
gibson2013,55,7,teacher,7.0374,9.4861,-2.4487,9,0
gibson2013,55,8,.,1.9880,2.3026,-0.3146,9,0
gibson2013,55,9,<eos>,5.8440,2.3026,3.5414,9,0
gibson2013,56,0,The,3.9742,2.9243,1.0498,9,0
gibson2013,56,1,car,8.8007,8.1736,0.6271,9,0
gibson2013,56,2,dealer,6.8695,11.0747,-4.2051,9,0
gibson2013,56,3,leased,10.1343,12.3876,-2.2533,9,0
gibson2013,56,4,the,1.6600,2.9243,-1.2643,9,0
gibson2013,56,5,SUV,6.6374,12.4119,-5.7744,9,0
gibson2013,56,6,the,5.1962,2.9243,2.2718,9,0
gibson2013,56,7,plumber,9.9178,12.9870,-3.0691,9,0
gibson2013,56,8,.,3.8026,2.3026,1.5000,9,0
gibson2013,56,9,<eos>,6.7091,2.3026,4.4066,9,0
gibson2013,57,0,The,3.9742,2.9243,1.0498,9,0
gibson2013,57,1,car,8.8007,8.1736,0.6271,9,0
gibson2013,57,2,dealer,6.8695,11.0747,-4.2051,9,0
gibson2013,57,3,leased,10.1343,12.3876,-2.2533,9,0
gibson2013,57,4,the,1.6600,2.9243,-1.2643,9,0
gibson2013,57,5,plumber,10.4230,12.9870,-2.5640,9,0
gibson2013,57,6,the,4.9249,2.9243,2.0006,9,0
gibson2013,57,7,SUV,7.5758,12.4119,-4.8360,9,0
gibson2013,57,8,.,3.1748,2.3026,0.8722,9,0
gibson2013,57,9,<eos>,6.9593,2.3026,4.6567,9,0
gibson2013,58,0,The,3.9742,2.9243,1.0498,10,0
gibson2013,58,1,car,8.8007,8.1736,0.6271,10,0
gibson2013,58,2,dealer,6.8695,11.0747,-4.2051,10,0
gibson2013,58,3,leased,10.1343,12.3876,-2.2533,10,0
gibson2013,58,4,the,1.6600,2.9243,-1.2643,10,0
gibson2013,58,5,plumber,10.4230,12.9870,-2.5640,10,0
gibson2013,58,6,to,1.9877,3.6156,-1.6280,10,0
gibson2013,58,7,the,1.4151,2.9243,-1.5093,10,0
gibson2013,58,8,SUV,9.7043,12.4119,-2.7076,10,0
gibson2013,58,9,.,2.8015,2.3026,0.4989,10,0
gibson2013,58,10,<eos>,6.7560,2.3026,4.4534,10,0
gibson2013,59,0,The,3.9742,2.9243,1.0498,10,0
gibson2013,59,1,car,8.8007,8.1736,0.6271,10,0
gibson2013,59,2,dealer,6.8695,11.0747,-4.2051,10,0
gibson2013,59,3,leased,10.1343,12.3876,-2.2533,10,0
gibson2013,59,4,the,1.6600,2.9243,-1.2643,10,0
gibson2013,59,5,SUV,6.6374,12.4119,-5.7744,10,0
gibson2013,59,6,to,1.6056,3.6156,-2.0100,10,0
gibson2013,59,7,the,1.4665,2.9243,-1.4578,10,0
gibson2013,59,8,plumber,9.1419,12.9870,-3.8451,10,0
gibson2013,59,9,.,2.3562,2.3026,0.0536,10,0
gibson2013,59,10,<eos>,6.7115,2.3026,4.4089,10,0
gibson2013,60,0,The,3.9742,2.9243,1.0498,8,0
gibson2013,60,1,host,8.7166,9.7397,-1.0231,8,0
gibson2013,60,2,tossed,14.7959,12.0892,2.7068,8,0
gibson2013,60,3,the,2.2207,2.9243,-0.7037,8,0
gibson2013,60,4,microphone,7.5475,12.1573,-4.6098,8,0
gibson2013,60,5,the,6.4751,2.9243,3.5508,8,0
gibson2013,60,6,contestant,10.7810,12.7103,-1.9293,8,0
gibson2013,60,7,.,4.0968,2.3026,1.7942,8,0
gibson2013,60,8,<eos>,5.9407,2.3026,3.6382,8,0
gibson2013,61,0,The,3.9742,2.9243,1.0498,8,0
gibson2013,61,1,host,8.7166,9.7397,-1.0231,8,0
gibson2013,61,2,tossed,14.7959,12.0892,2.7068,8,0
gibson2013,61,3,the,2.2207,2.9243,-0.7037,8,0
gibson2013,61,4,contestant,10.4060,12.7103,-2.3043,8,0
gibson2013,61,5,the,3.9813,2.9243,1.0569,8,0
gibson2013,61,6,microphone,8.5805,12.1573,-3.5767,8,0
gibson2013,61,7,.,2.4098,2.3026,0.1072,8,0
gibson2013,61,8,<eos>,5.7397,2.3026,3.4371,8,0
gibson2013,62,0,The,3.9742,2.9243,1.0498,9,0
gibson2013,62,1,host,8.7166,9.7397,-1.0231,9,0
gibson2013,62,2,tossed,14.7959,12.0892,2.7068,9,0
gibson2013,62,3,the,2.2207,2.9243,-0.7037,9,0
gibson2013,62,4,contestant,10.4060,12.7103,-2.3043,9,0
gibson2013,62,5,to,2.4651,3.6156,-1.1506,9,0
gibson2013,62,6,the,1.0536,2.9243,-1.8708,9,0
gibson2013,62,7,microphone,6.8740,12.1573,-5.2833,9,0
gibson2013,62,8,.,1.9510,2.3026,-0.3515,9,0
gibson2013,62,9,<eos>,5.6138,2.3026,3.3112,9,0
gibson2013,63,0,The,3.9742,2.9243,1.0498,9,0
gibson2013,63,1,host,8.7166,9.7397,-1.0231,9,0
gibson2013,63,2,tossed,14.7959,12.0892,2.7068,9,0
gibson2013,63,3,the,2.2207,2.9243,-0.7037,9,0
gibson2013,63,4,microphone,7.5475,12.1573,-4.6098,9,0
gibson2013,63,5,to,1.8401,3.6156,-1.7755,9,0
gibson2013,63,6,the,0.8819,2.9243,-2.0424,9,0
gibson2013,63,7,contestant,12.0552,12.7103,-0.6551,9,0
gibson2013,63,8,.,1.7730,2.3026,-0.5296,9,0
gibson2013,63,9,<eos>,5.8256,2.3026,3.5230,9,0
gibson2013,64,0,The,3.9742,2.9243,1.0498,8,0
gibson2013,64,1,quarterback,10.5481,11.6283,-1.0802,8,0
gibson2013,64,2,passed,8.0871,9.3943,-1.3071,8,0
gibson2013,64,3,the,1.8751,2.9243,-1.0493,8,0
gibson2013,64,4,ball,3.8874,9.1150,-5.2276,8,0
gibson2013,64,5,the,6.5465,2.9243,3.6222,8,0
gibson2013,64,6,receiver,7.5667,11.3059,-3.7392,8,0
gibson2013,64,7,.,4.4971,2.3026,2.1945,8,0
gibson2013,64,8,<eos>,6.5165,2.3026,4.2139,8,0
gibson2013,65,0,The,3.9742,2.9243,1.0498,8,0
gibson2013,65,1,quarterback,10.5481,11.6283,-1.0802,8,0
gibson2013,65,2,passed,8.0871,9.3943,-1.3071,8,0
gibson2013,65,3,the,1.8751,2.9243,-1.0493,8,0
gibson2013,65,4,receiver,6.4836,11.3059,-4.8223,8,0
gibson2013,65,5,the,6.2659,2.9243,3.3415,8,0
gibson2013,65,6,ball,4.4750,9.1150,-4.6400,8,0
gibson2013,65,7,.,3.7733,2.3026,1.4707,8,0
gibson2013,65,8,<eos>,6.4651,2.3026,4.1626,8,0
gibson2013,66,0,The,3.9742,2.9243,1.0498,9,0
gibson2013,66,1,quarterback,10.5481,11.6283,-1.0802,9,0
gibson2013,66,2,passed,8.0871,9.3943,-1.3071,9,0
gibson2013,66,3,the,1.8751,2.9243,-1.0493,9,0
gibson2013,66,4,receiver,6.4836,11.3059,-4.8223,9,0
gibson2013,66,5,to,2.1600,3.6156,-1.4556,9,0
gibson2013,66,6,the,0.9224,2.9243,-2.0019,9,0
gibson2013,66,7,ball,6.2514,9.1150,-2.8636,9,0
gibson2013,66,8,.,2.5985,2.3026,0.2959,9,0
gibson2013,66,9,<eos>,6.4033,2.3026,4.1007,9,0
gibson2013,67,0,The,3.9742,2.9243,1.0498,9,0
gibson2013,67,1,quarterback,10.5481,11.6283,-1.0802,9,0
gibson2013,67,2,passed,8.0871,9.3943,-1.3071,9,0
gibson2013,67,3,the,1.8751,2.9243,-1.0493,9,0
gibson2013,67,4,ball,3.8874,9.1150,-5.2276,9,0
gibson2013,67,5,to,1.4360,3.6156,-2.1796,9,0
gibson2013,67,6,the,0.8291,2.9243,-2.0952,9,0
gibson2013,67,7,receiver,4.5391,11.3059,-6.7669,9,0
gibson2013,67,8,.,2.5420,2.3026,0.2394,9,0
gibson2013,67,9,<eos>,6.6425,2.3026,4.3399,9,0
gibson2013,68,0,The,3.9742,2.9243,1.0498,8,0
gibson2013,68,1,videostore,22.9505,18.4207,4.5299,8,0
gibson2013,68,2,rented,11.8512,11.7887,0.0625,8,0
gibson2013,68,3,the,3.0469,2.9243,0.1226,8,0
gibson2013,68,4,DVD,6.8659,10.9363,-4.0704,8,0
gibson2013,68,5,the,6.7161,2.9243,3.7917,8,0
gibson2013,68,6,customer,8.7276,10.1093,-1.3816,8,0
gibson2013,68,7,.,4.1233,2.3026,1.8208,8,0
gibson2013,68,8,<eos>,6.2230,2.3026,3.9204,8,0
gibson2013,69,0,The,3.9742,2.9243,1.0498,8,0
gibson2013,69,1,videostore,22.9505,18.4207,4.5299,8,0
gibson2013,69,2,rented,11.8512,11.7887,0.0625,8,0
gibson2013,69,3,the,3.0469,2.9243,0.1226,8,0
gibson2013,69,4,customer,8.7662,10.1093,-1.3431,8,0
gibson2013,69,5,the,4.1209,2.9243,1.1965,8,0
gibson2013,69,6,DVD,7.9357,10.9363,-3.0006,8,0
gibson2013,69,7,.,3.6877,2.3026,1.3851,8,0
gibson2013,69,8,<eos>,6.2004,2.3026,3.8978,8,0
gibson2013,70,0,The,3.9742,2.9243,1.0498,9,0
gibson2013,70,1,videostore,22.9505,18.4207,4.5299,9,0
gibson2013,70,2,rented,11.8512,11.7887,0.0625,9,0
gibson2013,70,3,the,3.0469,2.9243,0.1226,9,0
gibson2013,70,4,customer,8.7662,10.1093,-1.3431,9,0
gibson2013,70,5,to,3.4131,3.6156,-0.2025,9,0
gibson2013,70,6,the,1.5264,2.9243,-1.3980,9,0
gibson2013,70,7,DVD,9.0155,10.9363,-1.9209,9,0
gibson2013,70,8,.,4.5647,2.3026,2.2622,9,0
gibson2013,70,9,<eos>,6.0171,2.3026,3.7145,9,0
gibson2013,71,0,The,3.9742,2.9243,1.0498,9,0
gibson2013,71,1,videostore,22.9505,18.4207,4.5299,9,0
gibson2013,71,2,rented,11.8512,11.7887,0.0625,9,0
gibson2013,71,3,the,3.0469,2.9243,0.1226,9,0
gibson2013,71,4,DVD,6.8659,10.9363,-4.0704,9,0
gibson2013,71,5,to,3.3452,3.6156,-0.2704,9,0
gibson2013,71,6,the,1.7474,2.9243,-1.1769,9,0
gibson2013,71,7,customer,5.4340,10.1093,-4.6753,9,0
gibson2013,71,8,.,1.6961,2.3026,-0.6065,9,0
gibson2013,71,9,<eos>,5.9254,2.3026,3.6228,9,0
gibson2013,72,0,The,3.9742,2.9243,1.0498,8,0
gibson2013,72,1,bartender,11.5491,12.6649,-1.1158,8,0
gibson2013,72,2,handed,7.4171,10.5459,-3.1288,8,0
gibson2013,72,3,the,1.8654,2.9243,-1.0589,8,0
gibson2013,72,4,drink,6.3137,9.4410,-3.1273,8,0
gibson2013,72,5,the,5.0003,2.9243,2.0760,8,0
gibson2013,72,6,lady,7.7626,9.3258,-1.5632,8,0
gibson2013,72,7,.,3.8148,2.3026,1.5122,8,0
gibson2013,72,8,<eos>,6.0262,2.3026,3.7236,8,0
gibson2013,73,0,The,3.9742,2.9243,1.0498,8,0
gibson2013,73,1,bartender,11.5491,12.6649,-1.1158,8,0
gibson2013,73,2,handed,7.4171,10.5459,-3.1288,8,0
gibson2013,73,3,the,1.8654,2.9243,-1.0589,8,0
gibson2013,73,4,lady,7.4951,9.3258,-1.8307,8,0
gibson2013,73,5,the,2.9157,2.9243,-0.0086,8,0
gibson2013,73,6,drink,5.8602,9.4410,-3.5808,8,0
gibson2013,73,7,.,2.1031,2.3026,-0.1995,8,0
gibson2013,73,8,<eos>,5.9802,2.3026,3.6776,8,0
gibson2013,74,0,The,3.9742,2.9243,1.0498,9,0
gibson2013,74,1,bartender,11.5491,12.6649,-1.1158,9,0
gibson2013,74,2,handed,7.4171,10.5459,-3.1288,9,0
gibson2013,74,3,the,1.8654,2.9243,-1.0589,9,0
gibson2013,74,4,lady,7.4951,9.3258,-1.8307,9,0
gibson2013,74,5,to,1.8911,3.6156,-1.7245,9,0
gibson2013,74,6,the,1.1665,2.9243,-1.7579,9,0
gibson2013,74,7,drink,6.8048,9.4410,-2.6362,9,0
gibson2013,74,8,.,2.1454,2.3026,-0.1572,9,0
gibson2013,74,9,<eos>,5.7601,2.3026,3.4575,9,0
gibson2013,75,0,The,3.9742,2.9243,1.0498,9,0
gibson2013,75,1,bartender,11.5491,12.6649,-1.1158,9,0
gibson2013,75,2,handed,7.4171,10.5459,-3.1288,9,0
gibson2013,75,3,the,1.8654,2.9243,-1.0589,9,0
gibson2013,75,4,drink,6.3137,9.4410,-3.1273,9,0
gibson2013,75,5,to,0.9179,3.6156,-2.6977,9,0
gibson2013,75,6,the,1.5026,2.9243,-1.4218,9,0
gibson2013,75,7,lady,5.8880,9.3258,-3.4377,9,0
gibson2013,75,8,.,2.7974,2.3026,0.4948,9,0
gibson2013,75,9,<eos>,5.8776,2.3026,3.5750,9,0
gibson2013,76,0,The,3.9742,2.9243,1.0498,8,0
gibson2013,76,1,magician,15.5331,12.5947,2.9385,8,0
gibson2013,76,2,threw,8.4494,10.4551,-2.0057,8,0
gibson2013,76,3,the,2.4395,2.9243,-0.4849,8,0
gibson2013,76,4,hat,7.2382,10.2921,-3.0539,8,0
gibson2013,76,5,the,7.1384,2.9243,4.2141,8,0
gibson2013,76,6,assistant,11.4282,9.8547,1.5736,8,0
gibson2013,76,7,.,5.2471,2.3026,2.9445,8,0
gibson2013,76,8,<eos>,6.5472,2.3026,4.2446,8,0
gibson2013,77,0,The,3.9742,2.9243,1.0498,8,0
gibson2013,77,1,magician,15.5331,12.5947,2.9385,8,0
gibson2013,77,2,threw,8.4494,10.4551,-2.0057,8,0
gibson2013,77,3,the,2.4395,2.9243,-0.4849,8,0
gibson2013,77,4,assistant,11.4143,9.8547,1.5596,8,0
gibson2013,77,5,the,5.8480,2.9243,2.9237,8,0
gibson2013,77,6,hat,8.1062,10.2921,-2.1859,8,0
gibson2013,77,7,.,2.1995,2.3026,-0.1030,8,0
gibson2013,77,8,<eos>,6.0050,2.3026,3.7024,8,0
gibson2013,78,0,The,3.9742,2.9243,1.0498,9,0
gibson2013,78,1,magician,15.5331,12.5947,2.9385,9,0
gibson2013,78,2,threw,8.4494,10.4551,-2.0057,9,0
gibson2013,78,3,the,2.4395,2.9243,-0.4849,9,0
gibson2013,78,4,assistant,11.4143,9.8547,1.5596,9,0
gibson2013,78,5,to,2.6341,3.6156,-0.9815,9,0
gibson2013,78,6,the,1.0199,2.9243,-1.9044,9,0
gibson2013,78,7,hat,9.5243,10.2921,-0.7678,9,0
gibson2013,78,8,.,2.8116,2.3026,0.5090,9,0
gibson2013,78,9,<eos>,5.9549,2.3026,3.6523,9,0
gibson2013,79,0,The,3.9742,2.9243,1.0498,9,0
gibson2013,79,1,magician,15.5331,12.5947,2.9385,9,0
gibson2013,79,2,threw,8.4494,10.4551,-2.0057,9,0
gibson2013,79,3,the,2.4395,2.9243,-0.4849,9,0
gibson2013,79,4,hat,7.2382,10.2921,-3.0539,9,0
gibson2013,79,5,to,3.0292,3.6156,-0.5865,9,0
gibson2013,79,6,the,1.2469,2.9243,-1.6775,9,0
gibson2013,79,7,assistant,9.7562,9.8547,-0.0985,9,0
gibson2013,79,8,.,4.5378,2.3026,2.2352,9,0
gibson2013,79,9,<eos>,6.1055,2.3026,3.8029,9,0
gibson2013,80,0,The,3.9738,2.9243,1.0495,7,0
gibson2013,80,1,cook,11.6421,10.0155,1.6265,7,0
gibson2013,80,2,baked,11.1136,11.6968,-0.5833,7,0
gibson2013,80,3,a,2.9957,3.7766,-0.7809,7,0
gibson2013,80,4,cake,2.8325,10.2921,-7.4596,7,0
gibson2013,80,5,Lucy,14.6219,11.3559,3.2660,7,0
gibson2013,80,6,.,4.2707,2.3026,1.9681,7,0
gibson2013,80,7,<eos>,6.0953,2.3026,3.7927,7,0
gibson2013,81,0,The,3.9738,2.9243,1.0495,7,0
gibson2013,81,1,cook,11.6421,10.0155,1.6265,7,0
gibson2013,81,2,baked,11.1136,11.6968,-0.5833,7,0
gibson2013,81,3,Lucy,12.4503,11.3559,1.0944,7,0
gibson2013,81,4,a,6.1196,3.7766,2.3430,7,0
gibson2013,81,5,cake,3.5917,10.2921,-6.7004,7,0
gibson2013,81,6,.,2.6604,2.3026,0.3578,7,0
gibson2013,81,7,<eos>,6.0451,2.3026,3.7425,7,0
gibson2013,82,0,The,3.9742,2.9243,1.0498,8,0
gibson2013,82,1,cook,11.6416,10.0155,1.6261,8,0
gibson2013,82,2,baked,11.1125,11.6968,-0.5843,8,0
gibson2013,82,3,Lucy,12.4505,11.3559,1.0945,8,0
gibson2013,82,4,for,5.4058,4.5854,0.8204,8,0
gibson2013,82,5,a,2.6695,3.7766,-1.1071,8,0
gibson2013,82,6,cake,6.1808,10.2921,-4.1113,8,0
gibson2013,82,7,.,2.0261,2.3026,-0.2764,8,0
gibson2013,82,8,<eos>,5.6262,2.3026,3.3236,8,0
gibson2013,83,0,The,3.9742,2.9243,1.0498,8,0
gibson2013,83,1,cook,11.6416,10.0155,1.6261,8,0
gibson2013,83,2,baked,11.1125,11.6968,-0.5843,8,0
gibson2013,83,3,a,2.9956,3.7766,-0.7810,8,0
gibson2013,83,4,cake,2.8336,10.2921,-7.4585,8,0
gibson2013,83,5,for,3.0240,4.5854,-1.5614,8,0
gibson2013,83,6,Lucy,10.6433,11.3559,-0.7126,8,0
gibson2013,83,7,.,2.5911,2.3026,0.2885,8,0
gibson2013,83,8,<eos>,5.8515,2.3026,3.5489,8,0
gibson2013,84,0,The,3.9742,2.9243,1.0498,8,0
gibson2013,84,1,bartender,11.5491,12.6649,-1.1158,8,0
gibson2013,84,2,poured,10.2965,11.9269,-1.6304,8,0
gibson2013,84,3,a,1.5556,3.7766,-2.2210,8,0
gibson2013,84,4,drink,4.1124,9.4410,-5.3286,8,0
gibson2013,84,5,the,7.2913,2.9243,4.3670,8,0
gibson2013,84,6,customer,8.8163,10.1093,-1.2930,8,0
gibson2013,84,7,.,5.5246,2.3026,3.2220,8,0
gibson2013,84,8,<eos>,6.2974,2.3026,3.9949,8,0
gibson2013,85,0,The,3.9742,2.9243,1.0498,8,0
gibson2013,85,1,bartender,11.5491,12.6649,-1.1158,8,0
gibson2013,85,2,poured,10.2965,11.9269,-1.6304,8,0
gibson2013,85,3,the,2.9328,2.9243,0.0084,8,0
gibson2013,85,4,customer,8.2812,10.1093,-1.8281,8,0
gibson2013,85,5,a,2.6279,3.7766,-1.1488,8,0
gibson2013,85,6,drink,2.9225,9.4410,-6.5185,8,0
gibson2013,85,7,.,2.7353,2.3026,0.4327,8,0
gibson2013,85,8,<eos>,6.6116,2.3026,4.3090,8,0
gibson2013,86,0,The,3.9742,2.9243,1.0498,9,0
gibson2013,86,1,bartender,11.5491,12.6649,-1.1158,9,0
gibson2013,86,2,poured,10.2965,11.9269,-1.6304,9,0
gibson2013,86,3,the,2.9328,2.9243,0.0084,9,0
gibson2013,86,4,customer,8.2812,10.1093,-1.8281,9,0
gibson2013,86,5,for,4.7357,4.5854,0.1503,9,0
gibson2013,86,6,a,1.5672,3.7766,-2.2094,9,0
gibson2013,86,7,drink,4.9531,9.4410,-4.4879,9,0
gibson2013,86,8,.,1.8172,2.3026,-0.4854,9,0
gibson2013,86,9,<eos>,6.4322,2.3026,4.1296,9,0
gibson2013,87,0,The,3.9742,2.9243,1.0498,9,0
gibson2013,87,1,bartender,11.5491,12.6649,-1.1158,9,0
gibson2013,87,2,poured,10.2965,11.9269,-1.6304,9,0
gibson2013,87,3,a,1.5556,3.7766,-2.2210,9,0
gibson2013,87,4,drink,4.1124,9.4410,-5.3286,9,0
gibson2013,87,5,for,3.7113,4.5854,-0.8740,9,0
gibson2013,87,6,the,2.0240,2.9243,-0.9004,9,0
gibson2013,87,7,customer,6.8231,10.1093,-3.2862,9,0
gibson2013,87,8,.,1.9224,2.3026,-0.3802,9,0
gibson2013,87,9,<eos>,6.0988,2.3026,3.7962,9,0
gibson2013,88,0,The,3.9742,2.9243,1.0498,8,0
gibson2013,88,1,woman,8.5278,8.4039,0.1240,8,0
gibson2013,88,2,saved,9.3217,9.9696,-0.6479,8,0
gibson2013,88,3,a,2.6950,3.7766,-1.0816,8,0
gibson2013,88,4,seat,7.7473,9.6243,-1.8770,8,0
gibson2013,88,5,her,7.7809,6.2146,1.5663,8,0
gibson2013,88,6,husband,2.3677,9.2103,-6.8427,8,0
gibson2013,88,7,.,2.6927,2.3026,0.3901,8,0
gibson2013,88,8,<eos>,6.2923,2.3026,3.9897,8,0
gibson2013,89,0,The,3.9742,2.9243,1.0498,8,0
gibson2013,89,1,woman,8.5278,8.4039,0.1240,8,0
gibson2013,89,2,saved,9.3217,9.9696,-0.6479,8,0
gibson2013,89,3,her,2.3043,6.2146,-3.9103,8,0
gibson2013,89,4,husband,3.6252,9.2103,-5.5851,8,0
gibson2013,89,5,a,3.6088,3.7766,-0.1678,8,0
gibson2013,89,6,seat,7.6348,9.6243,-1.9895,8,0
gibson2013,89,7,.,2.6772,2.3026,0.3746,8,0
gibson2013,89,8,<eos>,6.3042,2.3026,4.0016,8,0
gibson2013,90,0,The,3.9742,2.9243,1.0498,9,0
gibson2013,90,1,woman,8.5278,8.4039,0.1240,9,0
gibson2013,90,2,saved,9.3217,9.9696,-0.6479,9,0
gibson2013,90,3,her,2.3043,6.2146,-3.9103,9,0
gibson2013,90,4,husband,3.6252,9.2103,-5.5851,9,0
gibson2013,90,5,for,3.3457,4.5854,-1.2397,9,0
gibson2013,90,6,a,2.1813,3.7766,-1.5953,9,0
gibson2013,90,7,seat,9.4774,9.6243,-0.1470,9,0
gibson2013,90,8,.,2.7226,2.3026,0.4200,9,0
gibson2013,90,9,<eos>,5.7246,2.3026,3.4221,9,0
gibson2013,91,0,The,3.9742,2.9243,1.0498,9,0
gibson2013,91,1,woman,8.5278,8.4039,0.1240,9,0
gibson2013,91,2,saved,9.3217,9.9696,-0.6479,9,0
gibson2013,91,3,a,2.6950,3.7766,-1.0816,9,0
gibson2013,91,4,seat,7.7473,9.6243,-1.8770,9,0
gibson2013,91,5,for,2.8256,4.5854,-1.7598,9,0
gibson2013,91,6,her,1.7109,6.2146,-4.5037,9,0
gibson2013,91,7,husband,2.6642,9.2103,-6.5461,9,0
gibson2013,91,8,.,2.0239,2.3026,-0.2787,9,0
gibson2013,91,9,<eos>,5.9343,2.3026,3.6318,9,0
gibson2013,92,0,The,3.9742,2.9243,1.0498,8,0
gibson2013,92,1,grandmother,11.5568,11.1908,0.3659,8,0
gibson2013,92,2,made,5.2040,7.0917,-1.8877,8,0
gibson2013,92,3,a,1.3096,3.7766,-2.4670,8,0
gibson2013,92,4,quilt,7.1599,13.2389,-6.0790,8,0
gibson2013,92,5,her,5.9080,6.2146,-0.3066,8,0
gibson2013,92,6,granddaughter,8.4349,12.4342,-3.9994,8,0
gibson2013,92,7,.,4.0184,2.3026,1.7158,8,0
gibson2013,92,8,<eos>,6.2928,2.3026,3.9902,8,0
gibson2013,93,0,The,3.9742,2.9243,1.0498,8,0
gibson2013,93,1,grandmother,11.5568,11.1908,0.3659,8,0
gibson2013,93,2,made,5.2040,7.0917,-1.8877,8,0
gibson2013,93,3,her,2.6310,6.2146,-3.5836,8,0
gibson2013,93,4,granddaughter,8.2463,12.4342,-4.1879,8,0
gibson2013,93,5,a,2.2970,3.7766,-1.4796,8,0
gibson2013,93,6,quilt,8.1872,13.2389,-5.0517,8,0
gibson2013,93,7,.,2.2489,2.3026,-0.0536,8,0
gibson2013,93,8,<eos>,6.4351,2.3026,4.1325,8,0
gibson2013,94,0,The,3.9742,2.9243,1.0498,9,0
gibson2013,94,1,grandmother,11.5568,11.1908,0.3659,9,0
gibson2013,94,2,made,5.2040,7.0917,-1.8877,9,0
gibson2013,94,3,her,2.6310,6.2146,-3.5836,9,0
gibson2013,94,4,granddaughter,8.2463,12.4342,-4.1879,9,0
gibson2013,94,5,for,5.1351,4.5854,0.5498,9,0
gibson2013,94,6,a,2.3627,3.7766,-1.4139,9,0
gibson2013,94,7,quilt,8.9220,13.2389,-4.3169,9,0
gibson2013,94,8,.,1.8808,2.3026,-0.4218,9,0
gibson2013,94,9,<eos>,5.6790,2.3026,3.3764,9,0
gibson2013,95,0,The,3.9742,2.9243,1.0498,9,0
gibson2013,95,1,grandmother,11.5568,11.1908,0.3659,9,0
gibson2013,95,2,made,5.2040,7.0917,-1.8877,9,0
gibson2013,95,3,a,1.3096,3.7766,-2.4670,9,0
gibson2013,95,4,quilt,7.1599,13.2389,-6.0790,9,0
gibson2013,95,5,for,2.6562,4.5854,-1.9292,9,0
gibson2013,95,6,her,1.8767,6.2146,-4.3379,9,0
gibson2013,95,7,granddaughter,7.2853,12.4342,-5.1490,9,0
gibson2013,95,8,.,1.9589,2.3026,-0.3437,9,0
gibson2013,95,9,<eos>,6.0995,2.3026,3.7969,9,0
gibson2013,96,0,The,3.9742,2.9243,1.0498,8,0
gibson2013,96,1,apprentice,13.4589,12.2041,1.2548,8,0
gibson2013,96,2,fetched,17.1800,13.0090,4.1710,8,0
gibson2013,96,3,a,1.2775,3.7766,-2.4992,8,0
gibson2013,96,4,hammer,7.5327,11.1414,-3.6086,8,0
gibson2013,96,5,the,5.8802,2.9243,2.9558,8,0
gibson2013,96,6,carpenter,10.3902,11.9499,-1.5596,8,0
gibson2013,96,7,.,3.9014,2.3026,1.5988,8,0
gibson2013,96,8,<eos>,6.1712,2.3026,3.8686,8,0
gibson2013,97,0,The,3.9742,2.9243,1.0498,8,0
gibson2013,97,1,apprentice,13.4589,12.2041,1.2548,8,0
gibson2013,97,2,fetched,17.1800,13.0090,4.1710,8,0
gibson2013,97,3,the,2.0364,2.9243,-0.8880,8,0
gibson2013,97,4,carpenter,10.3776,11.9499,-1.5722,8,0
gibson2013,97,5,a,3.5376,3.7766,-0.2390,8,0
gibson2013,97,6,hammer,7.4711,11.1414,-3.6703,8,0
gibson2013,97,7,.,2.7387,2.3026,0.4362,8,0
gibson2013,97,8,<eos>,6.0140,2.3026,3.7114,8,0
gibson2013,98,0,The,3.9742,2.9243,1.0498,9,0
gibson2013,98,1,apprentice,13.4589,12.2041,1.2548,9,0
gibson2013,98,2,fetched,17.1800,13.0090,4.1710,9,0
gibson2013,98,3,the,2.0364,2.9243,-0.8880,9,0
gibson2013,98,4,carpenter,10.3776,11.9499,-1.5722,9,0
gibson2013,98,5,for,3.8119,4.5854,-0.7735,9,0
gibson2013,98,6,a,1.5102,3.7766,-2.2664,9,0
gibson2013,98,7,hammer,9.0925,11.1414,-2.0489,9,0
gibson2013,98,8,.,2.2734,2.3026,-0.0291,9,0
gibson2013,98,9,<eos>,5.6977,2.3026,3.3951,9,0
gibson2013,99,0,The,3.9742,2.9243,1.0498,9,0
gibson2013,99,1,apprentice,13.4589,12.2041,1.2548,9,0
gibson2013,99,2,fetched,17.1800,13.0090,4.1710,9,0
gibson2013,99,3,a,1.2775,3.7766,-2.4992,9,0
gibson2013,99,4,hammer,7.5327,11.1414,-3.6086,9,0
gibson2013,99,5,for,3.2421,4.5854,-1.3433,9,0
gibson2013,99,6,the,1.6195,2.9243,-1.3048,9,0
gibson2013,99,7,carpenter,10.6001,11.9499,-1.3498,9,0
gibson2013,99,8,.,2.0205,2.3026,-0.2821,9,0
gibson2013,99,9,<eos>,5.5601,2.3026,3.2575,9,0
gibson2013,100,0,The,3.9742,2.9243,1.0498,9,0
gibson2013,100,1,secretary,10.6394,9.3258,1.3137,9,0
gibson2013,100,2,ordered,8.3027,9.8082,-1.5055,9,0
gibson2013,100,3,some,5.7502,6.4503,-0.7001,9,0
gibson2013,100,4,office,7.1251,8.2901,-1.1649,9,0
gibson2013,100,5,supplies,3.3651,10.4077,-7.0425,9,0
gibson2013,100,6,the,7.7204,2.9243,4.7960,9,0
gibson2013,100,7,boss,7.5058,9.7637,-2.2579,9,0
gibson2013,100,8,.,4.6957,2.3026,2.3931,9,0
gibson2013,100,9,<eos>,5.7942,2.3026,3.4917,9,0
gibson2013,101,0,The,3.9742,2.9243,1.0498,9,0
gibson2013,101,1,secretary,10.6394,9.3258,1.3137,9,0
gibson2013,101,2,ordered,8.3027,9.8082,-1.5055,9,0
gibson2013,101,3,the,1.4803,2.9243,-1.4440,9,0
gibson2013,101,4,boss,7.6905,9.7637,-2.0732,9,0
gibson2013,101,5,some,7.7193,6.4503,1.2690,9,0
gibson2013,101,6,office,7.3643,8.2901,-0.9257,9,0
gibson2013,101,7,supplies,5.5397,10.4077,-4.8679,9,0
gibson2013,101,8,.,3.1149,2.3026,0.8123,9,0
gibson2013,101,9,<eos>,6.0153,2.3026,3.7127,9,0
gibson2013,102,0,The,3.9742,2.9243,1.0498,10,0
gibson2013,102,1,secretary,10.6394,9.3258,1.3137,10,0
gibson2013,102,2,ordered,8.3027,9.8082,-1.5055,10,0
gibson2013,102,3,the,1.4803,2.9243,-1.4440,10,0
gibson2013,102,4,boss,7.6905,9.7637,-2.0732,10,0
gibson2013,102,5,for,3.9619,4.5854,-0.6235,10,0
gibson2013,102,6,some,6.4954,6.4503,0.0451,10,0
gibson2013,102,7,office,6.3893,8.2901,-1.9007,10,0
gibson2013,102,8,supplies,5.7127,10.4077,-4.6949,10,0
gibson2013,102,9,.,2.0423,2.3026,-0.2603,10,0
gibson2013,102,10,<eos>,5.7405,2.3026,3.4379,10,0
gibson2013,103,0,The,3.9742,2.9243,1.0498,10,0
gibson2013,103,1,secretary,10.6394,9.3258,1.3137,10,0
gibson2013,103,2,ordered,8.3027,9.8082,-1.5055,10,0
gibson2013,103,3,some,5.7502,6.4503,-0.7001,10,0
gibson2013,103,4,office,7.1251,8.2901,-1.1649,10,0
gibson2013,103,5,supplies,3.3651,10.4077,-7.0425,10,0
gibson2013,103,6,for,1.8232,4.5854,-2.7622,10,0
gibson2013,103,7,the,1.3577,2.9243,-1.5666,10,0
gibson2013,103,8,boss,8.4310,9.7637,-1.3328,10,0
gibson2013,103,9,.,2.4290,2.3026,0.1264,10,0
gibson2013,103,10,<eos>,5.4801,2.3026,3.1775,10,0
gibson2013,104,0,The,3.9742,2.9243,1.0498,8,0
gibson2013,104,1,wife,10.0430,8.6797,1.3633,8,0
gibson2013,104,2,reserved,11.5374,11.1008,0.4366,8,0
gibson2013,104,3,a,1.1534,3.7766,-2.6232,8,0
gibson2013,104,4,table,5.8074,9.0970,-3.2896,8,0
gibson2013,104,5,her,8.2884,6.2146,2.0738,8,0
gibson2013,104,6,husband,4.5076,9.2103,-4.7028,8,0
gibson2013,104,7,.,3.6099,2.3026,1.3073,8,0
gibson2013,104,8,<eos>,6.0435,2.3026,3.7409,8,0
gibson2013,105,0,The,3.9742,2.9243,1.0498,8,0
gibson2013,105,1,wife,10.0430,8.6797,1.3633,8,0
gibson2013,105,2,reserved,11.5374,11.1008,0.4366,8,0
gibson2013,105,3,her,2.2350,6.2146,-3.9796,8,0
gibson2013,105,4,husband,5.4587,9.2103,-3.7517,8,0
gibson2013,105,5,a,3.8708,3.7766,0.0942,8,0
gibson2013,105,6,table,6.6540,9.0970,-2.4430,8,0
gibson2013,105,7,.,3.4718,2.3026,1.1692,8,0
gibson2013,105,8,<eos>,6.2382,2.3026,3.9356,8,0
gibson2013,106,0,The,3.9742,2.9243,1.0498,9,0
gibson2013,106,1,wife,10.0430,8.6797,1.3633,9,0
gibson2013,106,2,reserved,11.5374,11.1008,0.4366,9,0
gibson2013,106,3,her,2.2350,6.2146,-3.9796,9,0
gibson2013,106,4,husband,5.4587,9.2103,-3.7517,9,0
gibson2013,106,5,for,2.4979,4.5854,-2.0874,9,0
gibson2013,106,6,a,2.2453,3.7766,-1.5314,9,0
gibson2013,106,7,table,8.5958,9.0970,-0.5012,9,0
gibson2013,106,8,.,3.0905,2.3026,0.7879,9,0
gibson2013,106,9,<eos>,5.9698,2.3026,3.6672,9,0
gibson2013,107,0,The,3.9742,2.9243,1.0498,8,0
gibson2013,107,1,wife,10.0430,8.6797,1.3633,8,0
gibson2013,107,2,reserved,11.5374,11.1008,0.4366,8,0
gibson2013,107,3,table,9.3546,9.0970,0.2576,8,0
gibson2013,107,4,for,1.4510,4.5854,-3.1343,8,0
gibson2013,107,5,her,2.8536,6.2146,-3.3610,8,0
gibson2013,107,6,husband,2.1901,9.2103,-7.0202,8,0
gibson2013,107,7,.,2.0885,2.3026,-0.2141,8,0
gibson2013,107,8,<eos>,6.2243,2.3026,3.9217,8,0
gibson2013,108,0,The,3.9742,2.9243,1.0498,8,0
gibson2013,108,1,father,8.7784,8.6115,0.1669,8,0
gibson2013,108,2,bought,7.9907,9.4174,-1.4267,8,0
gibson2013,108,3,a,1.6507,3.7766,-2.1259,8,0
gibson2013,108,4,bicycle,7.0303,11.5590,-4.5287,8,0
gibson2013,108,5,his,8.3828,5.7322,2.6506,8,0
gibson2013,108,6,son,3.4677,8.5632,-5.0956,8,0
gibson2013,108,7,.,3.7445,2.3026,1.4419,8,0
gibson2013,108,8,<eos>,7.1148,2.3026,4.8122,8,0
gibson2013,109,0,The,3.9742,2.9243,1.0498,8,0
gibson2013,109,1,father,8.7784,8.6115,0.1669,8,0
gibson2013,109,2,bought,7.9907,9.4174,-1.4267,8,0
gibson2013,109,3,his,2.6182,5.7322,-3.1140,8,0
gibson2013,109,4,son,3.1759,8.5632,-5.3873,8,0
gibson2013,109,5,a,1.5033,3.7766,-2.2734,8,0
gibson2013,109,6,bicycle,7.0852,11.5590,-4.4738,8,0
gibson2013,109,7,.,2.7346,2.3026,0.4320,8,0
gibson2013,109,8,<eos>,7.0650,2.3026,4.7624,8,0
gibson2013,110,0,The,3.9742,2.9243,1.0498,9,0
gibson2013,110,1,father,8.7784,8.6115,0.1669,9,0
gibson2013,110,2,bought,7.9907,9.4174,-1.4267,9,0
gibson2013,110,3,his,2.6182,5.7322,-3.1140,9,0
gibson2013,110,4,son,3.1759,8.5632,-5.3873,9,0
gibson2013,110,5,for,3.1806,4.5854,-1.4047,9,0
gibson2013,110,6,a,2.0011,3.7766,-1.7755,9,0
gibson2013,110,7,bicycle,9.2801,11.5590,-2.2788,9,0
gibson2013,110,8,.,1.9448,2.3026,-0.3578,9,0
gibson2013,110,9,<eos>,6.5139,2.3026,4.2114,9,0
gibson2013,111,0,The,3.9742,2.9243,1.0498,9,0
gibson2013,111,1,father,8.7784,8.6115,0.1669,9,0
gibson2013,111,2,bought,7.9907,9.4174,-1.4267,9,0
gibson2013,111,3,a,1.6507,3.7766,-2.1259,9,0
gibson2013,111,4,bicycle,7.0303,11.5590,-4.5287,9,0
gibson2013,111,5,for,2.0159,4.5854,-2.5694,9,0
gibson2013,111,6,his,1.4588,5.7322,-4.2734,9,0
gibson2013,111,7,son,3.0583,8.5632,-5.5049,9,0
gibson2013,111,8,.,2.6741,2.3026,0.3715,9,0
gibson2013,111,9,<eos>,6.8754,2.3026,4.5728,9,0
gibson2013,112,0,The,3.9742,2.9243,1.0498,9,0
gibson2013,112,1,charity,11.2278,10.4762,0.7516,9,0
gibson2013,112,2,built,8.6959,9.0533,-0.3575,9,0
gibson2013,112,3,a,1.5213,3.7766,-2.2553,9,0
gibson2013,112,4,house,5.1162,7.5752,-2.4590,9,0
gibson2013,112,5,the,6.6086,2.9243,3.6843,9,0
gibson2013,112,6,hurricane,10.4922,11.2818,-0.7896,9,0
gibson2013,112,7,victim,9.2470,10.2237,-0.9767,9,0
gibson2013,112,8,.,3.4342,2.3026,1.1316,9,0
gibson2013,112,9,<eos>,6.4973,2.3026,4.1948,9,0
gibson2013,113,0,The,3.9742,2.9243,1.0498,9,0
gibson2013,113,1,charity,11.2278,10.4762,0.7516,9,0
gibson2013,113,2,built,8.6959,9.0533,-0.3575,9,0
gibson2013,113,3,the,2.0667,2.9243,-0.8576,9,0
gibson2013,113,4,hurricane,10.1913,11.2818,-1.0905,9,0
gibson2013,113,5,victim,9.7221,10.2237,-0.5016,9,0
gibson2013,113,6,a,4.5529,3.7766,0.7763,9,0
gibson2013,113,7,house,5.6333,7.5752,-1.9419,9,0
gibson2013,113,8,.,3.2747,2.3026,0.9721,9,0
gibson2013,113,9,<eos>,6.5082,2.3026,4.2056,9,0
gibson2013,114,0,The,3.9742,2.9243,1.0498,10,0
gibson2013,114,1,charity,11.2278,10.4762,0.7516,10,0
gibson2013,114,2,built,8.6959,9.0533,-0.3575,10,0
gibson2013,114,3,the,2.0667,2.9243,-0.8576,10,0
gibson2013,114,4,hurricane,10.1913,11.2818,-1.0905,10,0
gibson2013,114,5,victim,9.7221,10.2237,-0.5016,10,0
gibson2013,114,6,for,3.5524,4.5854,-1.0329,10,0
gibson2013,114,7,a,2.2220,3.7766,-1.5547,10,0
gibson2013,114,8,house,8.0985,7.5752,0.5233,10,0
gibson2013,114,9,.,3.8428,2.3026,1.5402,10,0
gibson2013,114,10,<eos>,6.1418,2.3026,3.8392,10,0
gibson2013,115,0,The,3.9742,2.9243,1.0498,10,0
gibson2013,115,1,charity,11.2278,10.4762,0.7516,10,0
gibson2013,115,2,built,8.6959,9.0533,-0.3575,10,0
gibson2013,115,3,a,1.5213,3.7766,-2.2553,10,0
gibson2013,115,4,house,5.1162,7.5752,-2.4590,10,0
gibson2013,115,5,for,2.2191,4.5854,-2.3663,10,0
gibson2013,115,6,the,1.6130,2.9243,-1.3114,10,0
gibson2013,115,7,hurricane,10.1487,11.2818,-1.1332,10,0
gibson2013,115,8,victim,8.0496,10.2237,-2.1741,10,0
gibson2013,115,9,.,2.2718,2.3026,-0.0308,10,0
gibson2013,115,10,<eos>,6.2362,2.3026,3.9336,10,0
gibson2013,116,0,The,3.9742,2.9243,1.0498,8,0
gibson2013,116,1,waitress,12.5397,12.5263,0.0134,8,0
gibson2013,116,2,fixed,9.9107,9.9015,0.0093,8,0
gibson2013,116,3,a,1.9928,3.7766,-1.7838,8,0
gibson2013,116,4,sandwich,8.5817,11.2128,-2.6311,8,0
gibson2013,116,5,the,6.7349,2.9243,3.8106,8,0
gibson2013,116,6,customer,6.8360,10.1093,-3.2733,8,0
gibson2013,116,7,.,4.8172,2.3026,2.5146,8,0
gibson2013,116,8,<eos>,5.6422,2.3026,3.3396,8,0
gibson2013,117,0,The,3.9742,2.9243,1.0498,8,0
gibson2013,117,1,waitress,12.5397,12.5263,0.0134,8,0
gibson2013,117,2,fixed,9.9107,9.9015,0.0093,8,0
gibson2013,117,3,the,1.4250,2.9243,-1.4993,8,0
gibson2013,117,4,customer,6.9483,10.1093,-3.1610,8,0
gibson2013,117,5,a,6.6751,3.7766,2.8984,8,0
gibson2013,117,6,sandwich,8.6756,11.2128,-2.5372,8,0
gibson2013,117,7,.,2.9905,2.3026,0.6879,8,0
gibson2013,117,8,<eos>,5.7365,2.3026,3.4339,8,0
gibson2013,118,0,The,3.9742,2.9243,1.0498,9,0
gibson2013,118,1,waitress,12.5397,12.5263,0.0134,9,0
gibson2013,118,2,fixed,9.9107,9.9015,0.0093,9,0
gibson2013,118,3,the,1.4250,2.9243,-1.4993,9,0
gibson2013,118,4,customer,6.9483,10.1093,-3.1610,9,0
gibson2013,118,5,for,3.1670,4.5854,-1.4184,9,0
gibson2013,118,6,a,1.9927,3.7766,-1.7839,9,0
gibson2013,118,7,sandwich,8.5779,11.2128,-2.6349,9,0
gibson2013,118,8,.,2.4320,2.3026,0.1294,9,0
gibson2013,118,9,<eos>,5.6719,2.3026,3.3693,9,0
gibson2013,119,0,The,3.9742,2.9243,1.0498,9,0
gibson2013,119,1,waitress,12.5397,12.5263,0.0134,9,0
gibson2013,119,2,fixed,9.9107,9.9015,0.0093,9,0
gibson2013,119,3,a,1.9928,3.7766,-1.7838,9,0
gibson2013,119,4,sandwich,8.5817,11.2128,-2.6311,9,0
gibson2013,119,5,for,3.8011,4.5854,-0.7843,9,0
gibson2013,119,6,the,1.9234,2.9243,-1.0010,9,0
gibson2013,119,7,customer,5.5466,10.1093,-4.5627,9,0
gibson2013,119,8,.,2.0399,2.3026,-0.2627,9,0
gibson2013,119,9,<eos>,5.3958,2.3026,3.0932,9,0
gibson2013,120,0,The,3.9742,2.9243,1.0498,8,0
gibson2013,120,1,grandmother,11.5568,11.1908,0.3659,8,0
gibson2013,120,2,baked,12.5616,11.6968,0.8647,8,0
gibson2013,120,3,some,5.2042,6.4503,-1.2461,8,0
gibson2013,120,4,cookies,3.2597,11.2353,-7.9756,8,0
gibson2013,120,5,the,6.7173,2.9243,3.7930,8,0
gibson2013,120,6,grandson,10.7288,11.8582,-1.1295,8,0
gibson2013,120,7,.,5.1047,2.3026,2.8022,8,0
gibson2013,120,8,<eos>,5.9602,2.3026,3.6576,8,0
gibson2013,121,0,The,3.9742,2.9243,1.0498,8,0
gibson2013,121,1,grandmother,11.5568,11.1908,0.3659,8,0
gibson2013,121,2,baked,12.5616,11.6968,0.8647,8,0
gibson2013,121,3,the,2.5980,2.9243,-0.3264,8,0
gibson2013,121,4,grandson,12.1710,11.8582,0.3127,8,0
gibson2013,121,5,some,6.6686,6.4503,0.2182,8,0
gibson2013,121,6,cookies,4.5878,11.2353,-6.6475,8,0
gibson2013,121,7,.,1.9019,2.3026,-0.4007,8,0
gibson2013,121,8,<eos>,5.6210,2.3026,3.3184,8,0
gibson2013,122,0,The,3.9742,2.9243,1.0498,9,0
gibson2013,122,1,grandmother,11.5568,11.1908,0.3659,9,0
gibson2013,122,2,baked,12.5616,11.6968,0.8647,9,0
gibson2013,122,3,the,2.5980,2.9243,-0.3264,9,0
gibson2013,122,4,grandson,12.1710,11.8582,0.3127,9,0
gibson2013,122,5,for,4.6964,4.5854,0.1110,9,0
gibson2013,122,6,some,5.8532,6.4503,-0.5971,9,0
gibson2013,122,7,cookies,7.6527,11.2353,-3.5825,9,0
gibson2013,122,8,.,1.1541,2.3026,-1.1485,9,0
gibson2013,122,9,<eos>,5.4103,2.3026,3.1078,9,0
gibson2013,123,0,The,3.9742,2.9243,1.0498,9,0
gibson2013,123,1,grandmother,11.5568,11.1908,0.3659,9,0
gibson2013,123,2,baked,12.5616,11.6968,0.8647,9,0
gibson2013,123,3,some,5.2042,6.4503,-1.2461,9,0
gibson2013,123,4,cookies,3.2597,11.2353,-7.9756,9,0
gibson2013,123,5,for,2.7282,4.5854,-1.8572,9,0
gibson2013,123,6,the,1.8745,2.9243,-1.0499,9,0
gibson2013,123,7,grandson,9.8158,11.8582,-2.0425,9,0
gibson2013,123,8,.,1.5194,2.3026,-0.7832,9,0
gibson2013,123,9,<eos>,5.5365,2.3026,3.2339,9,0
gibson2013,124,0,The,3.9742,2.9243,1.0498,9,0
gibson2013,124,1,nurse,10.8280,10.5926,0.2354,9,0
gibson2013,124,2,poured,12.0246,11.9269,0.0976,9,0
gibson2013,124,3,some,3.4976,6.4503,-2.9527,9,0
gibson2013,124,4,water,3.0368,8.0134,-4.9766,9,0
gibson2013,124,5,the,8.3941,2.9243,5.4697,9,0
gibson2013,124,6,old,6.6378,7.4840,-0.8462,9,0
gibson2013,124,7,man,3.9125,7.3218,-3.4093,9,0
gibson2013,124,8,.,3.9004,2.3026,1.5979,9,0
gibson2013,124,9,<eos>,7.0114,2.3026,4.7088,9,0
gibson2013,125,0,The,3.9742,2.9243,1.0498,9,0
gibson2013,125,1,nurse,10.8280,10.5926,0.2354,9,0
gibson2013,125,2,poured,12.0246,11.9269,0.0976,9,0
gibson2013,125,3,the,2.9822,2.9243,0.0579,9,0
gibson2013,125,4,old,8.2683,7.4840,0.7843,9,0
gibson2013,125,5,man,4.4300,7.3218,-2.8917,9,0
gibson2013,125,6,some,5.0062,6.4503,-1.4441,9,0
gibson2013,125,7,water,2.6545,8.0134,-5.3589,9,0
gibson2013,125,8,.,3.3556,2.3026,1.0530,9,0
gibson2013,125,9,<eos>,7.0486,2.3026,4.7460,9,0
gibson2013,126,0,The,3.9742,2.9243,1.0498,10,0
gibson2013,126,1,nurse,10.8280,10.5926,0.2354,10,0
gibson2013,126,2,poured,12.0246,11.9269,0.0976,10,0
gibson2013,126,3,the,2.9822,2.9243,0.0579,10,0
gibson2013,126,4,old,8.2683,7.4840,0.7843,10,0
gibson2013,126,5,man,4.4300,7.3218,-2.8917,10,0
gibson2013,126,6,for,5.9230,4.5854,1.3376,10,0
gibson2013,126,7,some,4.8931,6.4503,-1.5572,10,0
gibson2013,126,8,water,6.3389,8.0134,-1.6744,10,0
gibson2013,126,9,.,1.6922,2.3026,-0.6103,10,0
gibson2013,126,10,<eos>,6.5502,2.3026,4.2476,10,0
gibson2013,127,0,The,3.9742,2.9243,1.0498,10,0
gibson2013,127,1,nurse,10.8280,10.5926,0.2354,10,0
gibson2013,127,2,poured,12.0246,11.9269,0.0976,10,0
gibson2013,127,3,some,3.4976,6.4503,-2.9527,10,0
gibson2013,127,4,water,3.0368,8.0134,-4.9766,10,0
gibson2013,127,5,for,4.0515,4.5854,-0.5338,10,0
gibson2013,127,6,the,1.4007,2.9243,-1.5236,10,0
gibson2013,127,7,old,7.2924,7.4840,-0.1916,10,0
gibson2013,127,8,man,3.5728,7.3218,-3.7490,10,0
gibson2013,127,9,.,1.7242,2.3026,-0.5784,10,0
gibson2013,127,10,<eos>,6.4667,2.3026,4.1641,10,0
gibson2013,128,0,The,3.9742,2.9243,1.0498,10,0
gibson2013,128,1,receptionist,14.8682,13.2167,1.6515,10,0
gibson2013,128,2,saved,10.4441,9.9696,0.4744,10,0
gibson2013,128,3,some,4.7471,6.4503,-1.7032,10,0
gibson2013,128,4,cake,7.6723,10.2921,-2.6198,10,0
gibson2013,128,5,her,8.8040,6.2146,2.5894,10,0
gibson2013,128,6,co,8.7498,8.7279,0.0219,10,0
gibson2013,128,7,-,0.4257,2.3026,-1.8769,10,0
gibson2013,128,8,worker,10.8205,10.5234,0.2971,10,0
gibson2013,128,9,.,3.0756,2.3026,0.7730,10,0
gibson2013,128,10,<eos>,4.8382,2.3026,2.5357,10,0
gibson2013,129,0,The,3.9742,2.9243,1.0498,10,0
gibson2013,129,1,receptionist,14.8682,13.2167,1.6515,10,0
gibson2013,129,2,saved,10.4441,9.9696,0.4744,10,0
gibson2013,129,3,her,2.7944,6.2146,-3.4203,10,0
gibson2013,129,4,co,9.0010,8.7279,0.2731,10,0
gibson2013,129,5,-,0.1949,2.3026,-2.1077,10,0
gibson2013,129,6,worker,12.8299,10.5234,2.3065,10,0
gibson2013,129,7,some,6.9443,6.4503,0.4940,10,0
gibson2013,129,8,cake,7.1196,10.2921,-3.1725,10,0
gibson2013,129,9,.,2.5197,2.3026,0.2171,10,0
gibson2013,129,10,<eos>,5.1631,2.3026,2.8605,10,0
gibson2013,130,0,The,3.9742,2.9243,1.0498,11,0
gibson2013,130,1,receptionist,14.8682,13.2167,1.6515,11,0
gibson2013,130,2,saved,10.4441,9.9696,0.4744,11,0
gibson2013,130,3,her,2.7944,6.2146,-3.4203,11,0
gibson2013,130,4,co,9.0010,8.7279,0.2731,11,0
gibson2013,130,5,-,0.1949,2.3026,-2.1077,11,0
gibson2013,130,6,worker,12.8299,10.5234,2.3065,11,0
gibson2013,130,7,for,3.4343,4.5854,-1.1511,11,0
gibson2013,130,8,some,5.8951,6.4503,-0.5552,11,0
gibson2013,130,9,cake,9.9017,10.2921,-0.3904,11,0
gibson2013,130,10,.,2.6362,2.3026,0.3336,11,0
gibson2013,130,11,<eos>,5.0035,2.3026,2.7009,11,0
gibson2013,131,0,The,3.9742,2.9243,1.0498,11,0
gibson2013,131,1,receptionist,14.8682,13.2167,1.6515,11,0
gibson2013,131,2,saved,10.4441,9.9696,0.4744,11,0
gibson2013,131,3,some,4.7471,6.4503,-1.7032,11,0
gibson2013,131,4,cake,7.6723,10.2921,-2.6198,11,0
gibson2013,131,5,for,2.9589,4.5854,-1.6264,11,0
gibson2013,131,6,her,2.3541,6.2146,-3.8605,11,0
gibson2013,131,7,co,7.9769,8.7279,-0.7510,11,0
gibson2013,131,8,-,0.1015,2.3026,-2.2011,11,0
gibson2013,131,9,worker,12.5118,10.5234,1.9885,11,0
gibson2013,131,10,.,2.1239,2.3026,-0.1787,11,0
gibson2013,131,11,<eos>,4.5900,2.3026,2.2874,11,0
gibson2013,132,0,The,3.9742,2.9243,1.0498,8,0
gibson2013,132,1,seamstress,17.2255,14.3448,2.8807,8,0
gibson2013,132,2,made,7.0841,7.0917,-0.0076,8,0
gibson2013,132,3,a,1.3913,3.7766,-2.3854,8,0
gibson2013,132,4,dress,7.9411,9.7637,-1.8227,8,0
gibson2013,132,5,her,7.7607,6.2146,1.5461,8,0
gibson2013,132,6,client,10.4115,10.2688,0.1427,8,0
gibson2013,132,7,.,4.1854,2.3026,1.8828,8,0
gibson2013,132,8,<eos>,6.0046,2.3026,3.7020,8,0
gibson2013,133,0,The,3.9742,2.9243,1.0498,8,0
gibson2013,133,1,seamstress,17.2255,14.3448,2.8807,8,0
gibson2013,133,2,made,7.0841,7.0917,-0.0076,8,0
gibson2013,133,3,her,3.3225,6.2146,-2.8921,8,0
gibson2013,133,4,client,11.5948,10.2688,1.3260,8,0
gibson2013,133,5,a,4.1695,3.7766,0.3929,8,0
gibson2013,133,6,dress,9.8352,9.7637,0.0715,8,0
gibson2013,133,7,.,5.5785,2.3026,3.2760,8,0
gibson2013,133,8,<eos>,5.9973,2.3026,3.6947,8,0
gibson2013,134,0,The,3.9742,2.9243,1.0498,9,0
gibson2013,134,1,seamstress,17.2255,14.3448,2.8807,9,0
gibson2013,134,2,made,7.0841,7.0917,-0.0076,9,0
gibson2013,134,3,her,3.3225,6.2146,-2.8921,9,0
gibson2013,134,4,client,11.5948,10.2688,1.3260,9,0
gibson2013,134,5,for,7.2075,4.5854,2.6221,9,0
gibson2013,134,6,a,2.3957,3.7766,-1.3809,9,0
gibson2013,134,7,dress,9.1787,9.7637,-0.5850,9,0
gibson2013,134,8,.,3.3047,2.3026,1.0021,9,0
gibson2013,134,9,<eos>,5.4019,2.3026,3.0993,9,0
gibson2013,135,0,The,3.9742,2.9243,1.0498,9,0
gibson2013,135,1,seamstress,17.2255,14.3448,2.8807,9,0
gibson2013,135,2,made,7.0841,7.0917,-0.0076,9,0
gibson2013,135,3,a,1.3913,3.7766,-2.3854,9,0
gibson2013,135,4,dress,7.9411,9.7637,-1.8227,9,0
gibson2013,135,5,for,1.8226,4.5854,-2.7628,9,0
gibson2013,135,6,her,1.8149,6.2146,-4.3997,9,0
gibson2013,135,7,client,9.0225,10.2688,-1.2463,9,0
gibson2013,135,8,.,2.3398,2.3026,0.0372,9,0
gibson2013,135,9,<eos>,5.3727,2.3026,3.0701,9,0
gibson2013,136,0,The,3.9738,2.9243,1.0495,12,0
gibson2013,136,1,lab,8.8043,10.5459,-1.7417,12,0
gibson2013,136,2,-,4.1272,2.3026,1.8246,12,0
gibson2013,136,3,assistant,12.9102,9.8547,3.0556,12,0
gibson2013,136,4,fetched,17.2275,13.0090,4.2185,12,0
gibson2013,136,5,a,1.0755,3.7766,-2.7011,12,0
gibson2013,136,6,test,5.5541,8.7721,-3.2180,12,0
gibson2013,136,7,-,3.3620,2.3026,1.0594,12,0
gibson2013,136,8,tube,11.6605,10.6844,0.9761,12,0
gibson2013,136,9,the,7.0355,2.9243,4.1111,12,0
gibson2013,136,10,scientist,9.4030,11.0305,-1.6275,12,0
gibson2013,136,11,.,4.4253,2.3026,2.1227,12,0
gibson2013,136,12,<eos>,5.8576,2.3026,3.5550,12,0
gibson2013,137,0,The,3.9738,2.9243,1.0495,12,0
gibson2013,137,1,lab,8.8043,10.5459,-1.7417,12,0
gibson2013,137,2,-,4.1272,2.3026,1.8246,12,0
gibson2013,137,3,assistant,12.9102,9.8547,3.0556,12,0
gibson2013,137,4,fetched,17.2275,13.0090,4.2185,12,0
gibson2013,137,5,the,1.8016,2.9243,-1.1228,12,0
gibson2013,137,6,scientist,9.5562,11.0305,-1.4743,12,0
gibson2013,137,7,a,4.2423,3.7766,0.4657,12,0
gibson2013,137,8,test,5.5898,8.7721,-3.1823,12,0
gibson2013,137,9,-,4.1721,2.3026,1.8695,12,0
gibson2013,137,10,tube,10.6460,10.6844,-0.0384,12,0
gibson2013,137,11,.,2.4160,2.3026,0.1134,12,0
gibson2013,137,12,<eos>,5.8955,2.3026,3.5929,12,0
gibson2013,138,0,The,3.9734,2.9243,1.0490,13,0
gibson2013,138,1,lab,8.8038,10.5459,-1.7421,13,0
gibson2013,138,2,-,4.1276,2.3026,1.8250,13,0
gibson2013,138,3,assistant,12.9101,9.8547,3.0554,13,0
gibson2013,138,4,fetched,17.2276,13.0090,4.2186,13,0
gibson2013,138,5,the,1.8013,2.9243,-1.1231,13,0
gibson2013,138,6,scientist,9.5559,11.0305,-1.4746,13,0
gibson2013,138,7,for,3.3894,4.5854,-1.1960,13,0
gibson2013,138,8,a,1.5151,3.7766,-2.2616,13,0
gibson2013,138,9,test,4.5803,8.7721,-4.1917,13,0
gibson2013,138,10,-,4.5178,2.3026,2.2152,13,0
gibson2013,138,11,tube,11.7551,10.6844,1.0708,13,0
gibson2013,138,12,.,2.1063,2.3026,-0.1963,13,0
gibson2013,138,13,<eos>,5.7531,2.3026,3.4505,13,0
gibson2013,139,0,The,3.9734,2.9243,1.0490,13,0
gibson2013,139,1,lab,8.8038,10.5459,-1.7421,13,0
gibson2013,139,2,-,4.1276,2.3026,1.8250,13,0
gibson2013,139,3,assistant,12.9101,9.8547,3.0554,13,0
gibson2013,139,4,fetched,17.2276,13.0090,4.2186,13,0
gibson2013,139,5,a,1.0756,3.7766,-2.7010,13,0
gibson2013,139,6,test,5.5542,8.7721,-3.2179,13,0
gibson2013,139,7,-,3.3623,2.3026,1.0597,13,0
gibson2013,139,8,tube,11.6605,10.6844,0.9762,13,0
gibson2013,139,9,for,2.4309,4.5854,-2.1544,13,0
gibson2013,139,10,the,1.9343,2.9243,-0.9901,13,0
gibson2013,139,11,scientist,10.8175,11.0305,-0.2130,13,0
gibson2013,139,12,.,2.0092,2.3026,-0.2934,13,0
gibson2013,139,13,<eos>,5.5372,2.3026,3.2346,13,0
gibson2013,140,0,The,3.9742,2.9243,1.0498,8,0
gibson2013,140,1,man,7.4150,7.3218,0.0933,8,0
gibson2013,140,2,ordered,9.0577,9.8082,-0.7505,8,0
gibson2013,140,3,some,5.3891,6.4503,-1.0612,8,0
gibson2013,140,4,champagne,7.4679,11.7436,-4.2757,8,0
gibson2013,140,5,his,8.6476,5.7322,2.9154,8,0
gibson2013,140,6,girlfriend,5.4638,9.9464,-4.4826,8,0
gibson2013,140,7,.,3.0989,2.3026,0.7964,8,0
gibson2013,140,8,<eos>,6.1957,2.3026,3.8931,8,0
gibson2013,141,0,The,3.9742,2.9243,1.0498,8,0
gibson2013,141,1,man,7.4150,7.3218,0.0933,8,0
gibson2013,141,2,ordered,9.0577,9.8082,-0.7505,8,0
gibson2013,141,3,his,3.6114,5.7322,-2.1208,8,0
gibson2013,141,4,girlfriend,5.4446,9.9464,-4.5017,8,0
gibson2013,141,5,some,7.8767,6.4503,1.4264,8,0
gibson2013,141,6,champagne,7.1105,11.7436,-4.6331,8,0
gibson2013,141,7,.,2.0146,2.3026,-0.2880,8,0
gibson2013,141,8,<eos>,6.3166,2.3026,4.0141,8,0
gibson2013,142,0,The,3.9742,2.9243,1.0498,9,0
gibson2013,142,1,man,7.4150,7.3218,0.0933,9,0
gibson2013,142,2,ordered,9.0577,9.8082,-0.7505,9,0
gibson2013,142,3,his,3.6114,5.7322,-2.1208,9,0
gibson2013,142,4,girlfriend,5.4446,9.9464,-4.5017,9,0
gibson2013,142,5,for,3.6320,4.5854,-0.9534,9,0
gibson2013,142,6,some,5.7479,6.4503,-0.7025,9,0
gibson2013,142,7,champagne,9.3198,11.7436,-2.4238,9,0
gibson2013,142,8,.,1.4102,2.3026,-0.8924,9,0
gibson2013,142,9,<eos>,5.7815,2.3026,3.4789,9,0
gibson2013,143,0,The,3.9742,2.9243,1.0498,9,0
gibson2013,143,1,man,7.4150,7.3218,0.0933,9,0
gibson2013,143,2,ordered,9.0577,9.8082,-0.7505,9,0
gibson2013,143,3,some,5.3891,6.4503,-1.0612,9,0
gibson2013,143,4,champagne,7.4679,11.7436,-4.2757,9,0
gibson2013,143,5,for,2.4373,4.5854,-2.1481,9,0
gibson2013,143,6,his,3.0303,5.7322,-2.7019,9,0
gibson2013,143,7,girlfriend,4.9505,9.9464,-4.9959,9,0
gibson2013,143,8,.,1.9756,2.3026,-0.3270,9,0
gibson2013,143,9,<eos>,5.7390,2.3026,3.4364,9,0
gibson2013,144,0,The,3.9742,2.9243,1.0498,9,0
gibson2013,144,1,travel,10.8909,9.2103,1.6805,9,0
gibson2013,144,2,agent,4.7723,9.6473,-4.8750,9,0
gibson2013,144,3,reserved,10.8371,11.1008,-0.2638,9,0
gibson2013,144,4,a,3.6215,3.7766,-0.1551,9,0
gibson2013,144,5,flight,8.2104,9.5333,-1.3229,9,0
gibson2013,144,6,the,7.6545,2.9243,4.7301,9,0
gibson2013,144,7,businessman,11.0332,11.6283,-0.5952,9,0
gibson2013,144,8,.,5.1847,2.3026,2.8821,9,0
gibson2013,144,9,<eos>,6.0059,2.3026,3.7033,9,0
gibson2013,145,0,The,3.9742,2.9243,1.0498,9,0
gibson2013,145,1,travel,10.8909,9.2103,1.6805,9,0
gibson2013,145,2,agent,4.7723,9.6473,-4.8750,9,0
gibson2013,145,3,reserved,10.8371,11.1008,-0.2638,9,0
gibson2013,145,4,the,4.0574,2.9243,1.1331,9,0
gibson2013,145,5,businessman,12.9788,11.6283,1.3505,9,0
gibson2013,145,6,a,5.3340,3.7766,1.5574,9,0
gibson2013,145,7,flight,7.4809,9.5333,-2.0524,9,0
gibson2013,145,8,.,4.6199,2.3026,2.3173,9,0
gibson2013,145,9,<eos>,5.8912,2.3026,3.5886,9,0
gibson2013,146,0,The,3.9742,2.9243,1.0498,10,0
gibson2013,146,1,travel,10.8909,9.2103,1.6805,10,0
gibson2013,146,2,agent,4.7723,9.6473,-4.8750,10,0
gibson2013,146,3,reserved,10.8371,11.1008,-0.2638,10,0
gibson2013,146,4,the,4.0574,2.9243,1.1331,10,0
gibson2013,146,5,businessman,12.9788,11.6283,1.3505,10,0
gibson2013,146,6,for,3.3382,4.5854,-1.2472,10,0
gibson2013,146,7,a,2.0062,3.7766,-1.7704,10,0
gibson2013,146,8,flight,6.0234,9.5333,-3.5099,10,0
gibson2013,146,9,.,4.0308,2.3026,1.7282,10,0
gibson2013,146,10,<eos>,5.7430,2.3026,3.4404,10,0
gibson2013,147,0,The,3.9742,2.9243,1.0498,10,0
gibson2013,147,1,travel,10.8909,9.2103,1.6805,10,0
gibson2013,147,2,agent,4.7723,9.6473,-4.8750,10,0
gibson2013,147,3,reserved,10.8371,11.1008,-0.2638,10,0
gibson2013,147,4,a,3.6215,3.7766,-0.1551,10,0
gibson2013,147,5,flight,8.2104,9.5333,-1.3229,10,0
gibson2013,147,6,for,3.9605,4.5854,-0.6249,10,0
gibson2013,147,7,the,1.6503,2.9243,-1.2740,10,0
gibson2013,147,8,businessman,10.3470,11.6283,-1.2813,10,0
gibson2013,147,9,.,3.0832,2.3026,0.7806,10,0
gibson2013,147,10,<eos>,5.9090,2.3026,3.6065,10,0
gibson2013,148,0,The,3.9742,2.9243,1.0498,9,0
gibson2013,148,1,boyfriend,11.8933,10.1545,1.7388,9,0
gibson2013,148,2,obtained,9.9103,10.3848,-0.4744,9,0
gibson2013,148,3,some,4.4949,6.4503,-1.9554,9,0
gibson2013,148,4,concert,11.4079,10.2460,1.1619,9,0
gibson2013,148,5,tickets,0.8798,10.1316,-9.2519,9,0
gibson2013,148,6,his,8.7400,5.7322,3.0078,9,0
gibson2013,148,7,girlfriend,3.5366,9.9464,-6.4098,9,0
gibson2013,148,8,.,5.2156,2.3026,2.9130,9,0
gibson2013,148,9,<eos>,5.6228,2.3026,3.3203,9,0
gibson2013,149,0,The,3.9742,2.9243,1.0498,9,0
gibson2013,149,1,boyfriend,11.8933,10.1545,1.7388,9,0
gibson2013,149,2,obtained,9.9103,10.3848,-0.4744,9,0
gibson2013,149,3,his,3.1691,5.7322,-2.5631,9,0
gibson2013,149,4,girlfriend,4.3035,9.9464,-5.6429,9,0
gibson2013,149,5,some,6.3668,6.4503,-0.0835,9,0
gibson2013,149,6,concert,10.7910,10.2460,0.5450,9,0
gibson2013,149,7,tickets,1.0837,10.1316,-9.0480,9,0
gibson2013,149,8,.,2.4817,2.3026,0.1792,9,0
gibson2013,149,9,<eos>,5.5999,2.3026,3.2974,9,0
gibson2013,150,0,The,3.9742,2.9243,1.0498,10,0
gibson2013,150,1,boyfriend,11.8933,10.1545,1.7388,10,0
gibson2013,150,2,obtained,9.9103,10.3848,-0.4744,10,0
gibson2013,150,3,his,3.1691,5.7322,-2.5631,10,0
gibson2013,150,4,girlfriend,4.3035,9.9464,-5.6429,10,0
gibson2013,150,5,for,3.1856,4.5854,-1.3997,10,0
gibson2013,150,6,some,5.1438,6.4503,-1.3065,10,0
gibson2013,150,7,concert,9.7745,10.2460,-0.4715,10,0
gibson2013,150,8,tickets,3.0306,10.1316,-7.1010,10,0
gibson2013,150,9,.,1.7678,2.3026,-0.5348,10,0
gibson2013,150,10,<eos>,5.1417,2.3026,2.8392,10,0
gibson2013,151,0,The,3.9742,2.9243,1.0498,10,0
gibson2013,151,1,boyfriend,11.8933,10.1545,1.7388,10,0
gibson2013,151,2,obtained,9.9103,10.3848,-0.4744,10,0
gibson2013,151,3,some,4.4949,6.4503,-1.9554,10,0
gibson2013,151,4,concert,11.4079,10.2460,1.1619,10,0
gibson2013,151,5,tickets,0.8798,10.1316,-9.2519,10,0
gibson2013,151,6,for,1.6192,4.5854,-2.9661,10,0
gibson2013,151,7,his,2.8205,5.7322,-2.9117,10,0
gibson2013,151,8,girlfriend,5.1656,9.9464,-4.7808,10,0
gibson2013,151,9,.,2.8798,2.3026,0.5772,10,0
gibson2013,151,10,<eos>,5.4896,2.3026,3.1870,10,0
gibson2013,152,0,The,3.9742,2.9243,1.0498,8,0
gibson2013,152,1,church,8.9702,8.8388,0.1314,8,0
gibson2013,152,2,built,6.0703,9.0533,-2.9830,8,0
gibson2013,152,3,a,1.6039,3.7766,-2.1728,8,0
gibson2013,152,4,shelter,7.4429,10.9363,-3.4935,8,0
gibson2013,152,5,the,7.8400,2.9243,4.9157,8,0
gibson2013,152,6,homeless,6.8764,10.9141,-4.0377,8,0
gibson2013,152,7,.,2.9858,2.3026,0.6832,8,0
gibson2013,152,8,<eos>,6.6897,2.3026,4.3872,8,0
gibson2013,153,0,The,3.9742,2.9243,1.0498,8,0
gibson2013,153,1,church,8.9702,8.8388,0.1314,8,0
gibson2013,153,2,built,6.0703,9.0533,-2.9830,8,0
gibson2013,153,3,the,1.9199,2.9243,-1.0044,8,0
gibson2013,153,4,homeless,9.3763,10.9141,-1.5378,8,0
gibson2013,153,5,a,7.5017,3.7766,3.7250,8,0
gibson2013,153,6,shelter,5.4431,10.9363,-5.4932,8,0
gibson2013,153,7,.,2.5813,2.3026,0.2787,8,0
gibson2013,153,8,<eos>,6.9732,2.3026,4.6706,8,0
gibson2013,154,0,The,3.9742,2.9243,1.0498,9,0
gibson2013,154,1,church,8.9702,8.8388,0.1314,9,0
gibson2013,154,2,built,6.0703,9.0533,-2.9830,9,0
gibson2013,154,3,the,1.9199,2.9243,-1.0044,9,0
gibson2013,154,4,homeless,9.3763,10.9141,-1.5378,9,0
gibson2013,154,5,for,5.2055,4.5854,0.6201,9,0
gibson2013,154,6,a,2.0948,3.7766,-1.6818,9,0
gibson2013,154,7,shelter,7.6429,10.9363,-3.2934,9,0
gibson2013,154,8,.,1.8408,2.3026,-0.4618,9,0
gibson2013,154,9,<eos>,6.4928,2.3026,4.1902,9,0
gibson2013,155,0,The,3.9742,2.9243,1.0498,9,0
gibson2013,155,1,church,8.9702,8.8388,0.1314,9,0
gibson2013,155,2,built,6.0703,9.0533,-2.9830,9,0
gibson2013,155,3,a,1.6039,3.7766,-2.1728,9,0
gibson2013,155,4,shelter,7.4429,10.9363,-3.4935,9,0
gibson2013,155,5,for,1.1859,4.5854,-3.3995,9,0
gibson2013,155,6,the,1.4494,2.9243,-1.4750,9,0
gibson2013,155,7,homeless,3.9478,10.9141,-6.9663,9,0
gibson2013,155,8,.,1.7947,2.3026,-0.5079,9,0
gibson2013,155,9,<eos>,6.2812,2.3026,3.9786,9,0
gibson2013,156,0,The,3.9742,2.9243,1.0498,8,0
gibson2013,156,1,babysitter,15.0764,13.3331,1.7433,8,0
gibson2013,156,2,fixed,10.0301,9.9015,0.1286,8,0
gibson2013,156,3,some,5.2553,6.4503,-1.1950,8,0
gibson2013,156,4,lunch,8.3120,9.9934,-1.6814,8,0
gibson2013,156,5,the,6.1297,2.9243,3.2054,8,0
gibson2013,156,6,child,5.8219,8.5172,-2.6953,8,0
gibson2013,156,7,.,3.8911,2.3026,1.5885,8,0
gibson2013,156,8,<eos>,5.6444,2.3026,3.3418,8,0
gibson2013,157,0,The,3.9742,2.9243,1.0498,8,0
gibson2013,157,1,babysitter,15.0764,13.3331,1.7433,8,0
gibson2013,157,2,fixed,10.0301,9.9015,0.1286,8,0
gibson2013,157,3,the,1.6180,2.9243,-1.3064,8,0
gibson2013,157,4,child,4.9620,8.5172,-3.5552,8,0
gibson2013,157,5,some,9.9775,6.4503,3.5272,8,0
gibson2013,157,6,lunch,7.3717,9.9934,-2.6217,8,0
gibson2013,157,7,.,2.9463,2.3026,0.6437,8,0
gibson2013,157,8,<eos>,5.3234,2.3026,3.0209,8,0
gibson2013,158,0,The,3.9742,2.9243,1.0498,9,0
gibson2013,158,1,babysitter,15.0764,13.3331,1.7433,9,0
gibson2013,158,2,fixed,10.0301,9.9015,0.1286,9,0
gibson2013,158,3,the,1.6180,2.9243,-1.3064,9,0
gibson2013,158,4,child,4.9620,8.5172,-3.5552,9,0
gibson2013,158,5,for,3.7778,4.5854,-0.8075,9,0
gibson2013,158,6,some,5.4094,6.4503,-1.0409,9,0
gibson2013,158,7,lunch,6.7532,9.9934,-3.2402,9,0
gibson2013,158,8,.,1.7426,2.3026,-0.5600,9,0
gibson2013,158,9,<eos>,5.0346,2.3026,2.7320,9,0
gibson2013,159,0,The,3.9742,2.9243,1.0498,9,0
gibson2013,159,1,babysitter,15.0764,13.3331,1.7433,9,0
gibson2013,159,2,fixed,10.0301,9.9015,0.1286,9,0
gibson2013,159,3,some,5.2553,6.4503,-1.1950,9,0
gibson2013,159,4,lunch,8.3120,9.9934,-1.6814,9,0
gibson2013,159,5,for,4.7418,4.5854,0.1564,9,0
gibson2013,159,6,the,2.0067,2.9243,-0.9177,9,0
gibson2013,159,7,child,5.5279,8.5172,-2.9893,9,0
gibson2013,159,8,.,1.7453,2.3026,-0.5572,9,0
gibson2013,159,9,<eos>,5.0688,2.3026,2.7662,9,0
gibson2013,160,0,The,3.9742,2.9243,1.0498,8,0
gibson2013,160,1,tax,8.8552,8.8883,-0.0330,8,0
gibson2013,160,2,law,5.4889,8.1526,-2.6636,8,0
gibson2013,160,3,benefited,11.9213,12.2722,-0.3509,8,0
gibson2013,160,4,from,0.5114,5.4561,-4.9447,8,0
gibson2013,160,5,the,0.7983,2.9243,-2.1260,8,0
gibson2013,160,6,businessman,10.5057,11.6283,-1.1226,8,0
gibson2013,160,7,.,5.7473,2.3026,3.4447,8,0
gibson2013,160,8,<eos>,6.2530,2.3026,3.9504,8,0
gibson2013,161,0,The,3.9742,2.9243,1.0498,8,0
gibson2013,161,1,businessman,11.3771,11.6283,-0.2513,8,0
gibson2013,161,2,benefited,11.6514,12.2722,-0.6208,8,0
gibson2013,161,3,from,0.1281,5.4561,-5.3280,8,0
gibson2013,161,4,the,0.9603,2.9243,-1.9640,8,0
gibson2013,161,5,tax,6.0062,8.8883,-2.8821,8,0
gibson2013,161,6,law,5.5814,8.1526,-2.5712,8,0
gibson2013,161,7,.,2.6602,2.3026,0.3577,8,0
gibson2013,161,8,<eos>,6.3174,2.3026,4.0148,8,0
gibson2013,162,0,The,3.9738,2.9243,1.0495,7,0
gibson2013,162,1,businessman,11.3780,11.6283,-0.2503,7,0
gibson2013,162,2,benefited,11.6514,12.2722,-0.6208,7,0
gibson2013,162,3,the,5.7667,2.9243,2.8424,7,0
gibson2013,162,4,tax,7.0732,8.8883,-1.8150,7,0
gibson2013,162,5,law,6.2425,8.1526,-1.9100,7,0
gibson2013,162,6,.,3.3217,2.3026,1.0191,7,0
gibson2013,162,7,<eos>,6.4537,2.3026,4.1511,7,0
gibson2013,163,0,The,3.9738,2.9243,1.0495,7,0
gibson2013,163,1,tax,8.8557,8.8883,-0.0326,7,0
gibson2013,163,2,law,5.4891,8.1526,-2.6635,7,0
gibson2013,163,3,benefited,11.9219,12.2722,-0.3503,7,0
gibson2013,163,4,the,2.3617,2.9243,-0.5626,7,0
gibson2013,163,5,businessman,8.4115,11.6283,-3.2169,7,0
gibson2013,163,6,.,3.9442,2.3026,1.6417,7,0
gibson2013,163,7,<eos>,6.3514,2.3026,4.0488,7,0
gibson2013,164,0,The,3.9742,2.9243,1.0498,8,0
gibson2013,164,1,intense,10.4896,10.6168,-0.1272,8,0
gibson2013,164,2,practice,7.5646,9.0706,-1.5060,8,0
gibson2013,164,3,benefited,13.7639,12.2722,1.4917,8,0
gibson2013,164,4,from,0.4957,5.4561,-4.9604,8,0
gibson2013,164,5,the,1.0214,2.9243,-1.9029,8,0
gibson2013,164,6,player,10.2065,8.7721,1.4344,8,0
gibson2013,164,7,.,5.6611,2.3026,3.3585,8,0
gibson2013,164,8,<eos>,6.6794,2.3026,4.3768,8,0
gibson2013,165,0,The,3.9742,2.9243,1.0498,8,0
gibson2013,165,1,player,9.0342,8.7721,0.2621,8,0
gibson2013,165,2,benefited,11.5775,12.2722,-0.6947,8,0
gibson2013,165,3,from,0.1526,5.4561,-5.3036,8,0
gibson2013,165,4,the,1.1427,2.9243,-1.7816,8,0
gibson2013,165,5,intense,7.7614,10.6168,-2.8555,8,0
gibson2013,165,6,practice,6.5059,9.0706,-2.5647,8,0
gibson2013,165,7,.,5.2045,2.3026,2.9019,8,0
gibson2013,165,8,<eos>,6.2787,2.3026,3.9761,8,0
gibson2013,166,0,The,3.9738,2.9243,1.0495,7,0
gibson2013,166,1,player,9.0346,8.7721,0.2626,7,0
gibson2013,166,2,benefited,11.5772,12.2722,-0.6950,7,0
gibson2013,166,3,the,5.8361,2.9243,2.9118,7,0
gibson2013,166,4,intense,10.4461,10.6168,-0.1707,7,0
gibson2013,166,5,practice,7.6323,9.0706,-1.4383,7,0
gibson2013,166,6,.,4.5170,2.3026,2.2145,7,0
gibson2013,166,7,<eos>,6.1353,2.3026,3.8327,7,0
gibson2013,167,0,The,3.9738,2.9243,1.0495,7,0
gibson2013,167,1,intense,10.4902,10.6168,-0.1266,7,0
gibson2013,167,2,practice,7.5644,9.0706,-1.5062,7,0
gibson2013,167,3,benefited,13.7638,12.2722,1.4916,7,0
gibson2013,167,4,the,2.4867,2.9243,-0.4377,7,0
gibson2013,167,5,player,6.5899,8.7721,-2.1822,7,0
gibson2013,167,6,.,3.4906,2.3026,1.1880,7,0
gibson2013,167,7,<eos>,6.6760,2.3026,4.3734,7,0
gibson2013,168,0,The,3.9742,2.9243,1.0498,12,0
gibson2013,168,1,extra,10.9135,9.2564,1.6571,12,0
gibson2013,168,2,time,4.6094,6.2399,-1.6305,12,0
gibson2013,168,3,benefited,14.1663,12.2722,1.8941,12,0
gibson2013,168,4,from,0.4587,5.4561,-4.9974,12,0
gibson2013,168,5,the,1.1249,2.9243,-1.7994,12,0
gibson2013,168,6,child,8.5169,8.5172,-0.0003,12,0
gibson2013,168,7,with,6.1375,4.9505,1.1870,12,0
gibson2013,168,8,a,2.4041,3.7766,-1.3725,12,0
gibson2013,168,9,learning,6.9507,9.3943,-2.4435,12,0
gibson2013,168,10,disability,0.2982,11.0305,-10.7323,12,0
gibson2013,168,11,.,1.0625,2.3026,-1.2401,12,0
gibson2013,168,12,<eos>,4.7583,2.3026,2.4557,12,0
gibson2013,169,0,The,3.9742,2.9243,1.0498,12,0
gibson2013,169,1,child,9.2390,8.5172,0.7218,12,0
gibson2013,169,2,with,5.2611,4.9505,0.3106,12,0
gibson2013,169,3,a,2.9522,3.7766,-0.8244,12,0
gibson2013,169,4,learning,7.5415,9.3943,-1.8528,12,0
gibson2013,169,5,disability,0.2445,11.0305,-10.7860,12,0
gibson2013,169,6,benefited,11.2751,12.2722,-0.9971,12,0
gibson2013,169,7,from,0.4505,5.4561,-5.0056,12,0
gibson2013,169,8,the,1.2669,2.9243,-1.6575,12,0
gibson2013,169,9,extra,7.7333,9.2564,-1.5231,12,0
gibson2013,169,10,time,3.0840,6.2399,-3.1560,12,0
gibson2013,169,11,.,4.2569,2.3026,1.9544,12,0
gibson2013,169,12,<eos>,4.7606,2.3026,2.4580,12,0
gibson2013,170,0,The,3.9742,2.9243,1.0498,11,0
gibson2013,170,1,child,9.2390,8.5172,0.7218,11,0
gibson2013,170,2,with,5.2611,4.9505,0.3106,11,0
gibson2013,170,3,a,2.9522,3.7766,-0.8244,11,0
gibson2013,170,4,learning,7.5415,9.3943,-1.8528,11,0
gibson2013,170,5,disability,0.2445,11.0305,-10.7860,11,0
gibson2013,170,6,benefited,11.2751,12.2722,-0.9971,11,0
gibson2013,170,7,the,3.6935,2.9243,0.7692,11,0
gibson2013,170,8,extra,9.5324,9.2564,0.2760,11,0
gibson2013,170,9,time,3.6514,6.2399,-2.5885,11,0
gibson2013,170,10,.,2.9377,2.3026,0.6351,11,0
gibson2013,170,11,<eos>,5.0089,2.3026,2.7064,11,0
gibson2013,171,0,The,3.9742,2.9243,1.0498,11,0
gibson2013,171,1,extra,10.9135,9.2564,1.6571,11,0
gibson2013,171,2,time,4.6094,6.2399,-1.6305,11,0
gibson2013,171,3,benefited,14.1663,12.2722,1.8941,11,0
gibson2013,171,4,the,3.0371,2.9243,0.1128,11,0
gibson2013,171,5,child,6.3511,8.5172,-2.1661,11,0
gibson2013,171,6,with,4.2797,4.9505,-0.6708,11,0
gibson2013,171,7,a,2.2197,3.7766,-1.5569,11,0
gibson2013,171,8,learning,6.8600,9.3943,-2.5343,11,0
gibson2013,171,9,disability,0.3188,11.0305,-10.7117,11,0
gibson2013,171,10,.,1.0161,2.3026,-1.2865,11,0
gibson2013,171,11,<eos>,4.9430,2.3026,2.6405,11,0
gibson2013,172,0,The,3.9742,2.9243,1.0498,8,0
gibson2013,172,1,bribes,13.4001,13.1224,0.2777,8,0
gibson2013,172,2,profited,13.9151,14.0691,-0.1540,8,0
gibson2013,172,3,from,1.0231,5.4561,-4.4330,8,0
gibson2013,172,4,the,1.0681,2.9243,-1.8562,8,0
gibson2013,172,5,corrupt,7.5632,11.1908,-3.6277,8,0
gibson2013,172,6,politicians,5.6188,10.2688,-4.6499,8,0
gibson2013,172,7,.,3.0293,2.3026,0.7267,8,0
gibson2013,172,8,<eos>,6.3380,2.3026,4.0354,8,0
gibson2013,173,0,The,3.9742,2.9243,1.0498,8,0
gibson2013,173,1,corrupt,11.3396,11.1908,0.1488,8,0
gibson2013,173,2,politicians,5.5865,10.2688,-4.6822,8,0
gibson2013,173,3,profited,11.9305,14.0691,-2.1386,8,0
gibson2013,173,4,from,1.2193,5.4561,-4.2368,8,0
gibson2013,173,5,the,0.9679,2.9243,-1.9564,8,0
gibson2013,173,6,bribes,8.8214,13.1224,-4.3010,8,0
gibson2013,173,7,.,3.1645,2.3026,0.8619,8,0
gibson2013,173,8,<eos>,6.4908,2.3026,4.1882,8,0
gibson2013,174,0,The,3.9742,2.9243,1.0498,7,0
gibson2013,174,1,corrupt,11.3396,11.1908,0.1488,7,0
gibson2013,174,2,politicians,5.5865,10.2688,-4.6822,7,0
gibson2013,174,3,profited,11.9305,14.0691,-2.1386,7,0
gibson2013,174,4,the,3.7413,2.9243,0.8170,7,0
gibson2013,174,5,bribes,9.1553,13.1224,-3.9671,7,0
gibson2013,174,6,.,3.0272,2.3026,0.7246,7,0
gibson2013,174,7,<eos>,6.8752,2.3026,4.5726,7,0
gibson2013,175,0,The,3.9742,2.9243,1.0498,7,0
gibson2013,175,1,bribes,13.4001,13.1224,0.2777,7,0
gibson2013,175,2,profited,13.9151,14.0691,-0.1540,7,0
gibson2013,175,3,the,4.6679,2.9243,1.7436,7,0
gibson2013,175,4,corrupt,8.0907,11.1908,-3.1001,7,0
gibson2013,175,5,politicians,4.9247,10.2688,-5.3441,7,0
gibson2013,175,6,.,3.2315,2.3026,0.9289,7,0
gibson2013,175,7,<eos>,6.6238,2.3026,4.3212,7,0
gibson2013,176,0,The,3.9742,2.9243,1.0498,7,0
gibson2013,176,1,contract,8.9305,9.3485,-0.4179,7,0
gibson2013,176,2,profited,16.9445,14.0691,2.8754,7,0
gibson2013,176,3,from,0.5554,5.4561,-4.9007,7,0
gibson2013,176,4,the,1.2041,2.9243,-1.7203,7,0
gibson2013,176,5,business,7.6857,7.9211,-0.2354,7,0
gibson2013,176,6,.,3.7434,2.3026,1.4408,7,0
gibson2013,176,7,<eos>,6.3524,2.3026,4.0498,7,0
gibson2013,177,0,The,3.9742,2.9243,1.0498,7,0
gibson2013,177,1,business,8.4540,7.9211,0.5329,7,0
gibson2013,177,2,profited,16.9186,14.0691,2.8495,7,0
gibson2013,177,3,from,0.7499,5.4561,-4.7062,7,0
gibson2013,177,4,the,1.1435,2.9243,-1.7809,7,0
gibson2013,177,5,contract,8.0419,9.3485,-1.3065,7,0
gibson2013,177,6,.,3.3504,2.3026,1.0479,7,0
gibson2013,177,7,<eos>,6.1139,2.3026,3.8113,7,0
gibson2013,178,0,The,3.9738,2.9243,1.0495,6,0
gibson2013,178,1,business,8.4541,7.9211,0.5330,6,0
gibson2013,178,2,profited,16.9196,14.0691,2.8505,6,0
gibson2013,178,3,the,5.7544,2.9243,2.8301,6,0
gibson2013,178,4,contract,8.3597,9.3485,-0.9887,6,0
gibson2013,178,5,.,3.3521,2.3026,1.0495,6,0
gibson2013,178,6,<eos>,6.4683,2.3026,4.1657,6,0
gibson2013,179,0,The,3.9738,2.9243,1.0495,6,0
gibson2013,179,1,contract,8.9314,9.3485,-0.4171,6,0
gibson2013,179,2,profited,16.9447,14.0691,2.8756,6,0
gibson2013,179,3,the,4.5896,2.9243,1.6652,6,0
gibson2013,179,4,business,7.5632,7.9211,-0.3579,6,0
gibson2013,179,5,.,4.9624,2.3026,2.6598,6,0
gibson2013,179,6,<eos>,6.6665,2.3026,4.3639,6,0
gibson2013,180,0,The,3.9742,2.9243,1.0498,8,0
gibson2013,180,1,tax,8.8552,8.8883,-0.0330,8,0
gibson2013,180,2,reduction,7.7320,10.6168,-2.8849,8,0
gibson2013,180,3,profited,16.3831,14.0691,2.3140,8,0
gibson2013,180,4,from,1.0948,5.4561,-4.3613,8,0
gibson2013,180,5,the,1.1294,2.9243,-1.7949,8,0
gibson2013,180,6,millionaire,11.7930,12.1347,-0.3417,8,0
gibson2013,180,7,.,3.8421,2.3026,1.5395,8,0
gibson2013,180,8,<eos>,6.1693,2.3026,3.8668,8,0
gibson2013,181,0,The,3.9742,2.9243,1.0498,8,0
gibson2013,181,1,millionaire,14.9855,12.1347,2.8508,8,0
gibson2013,181,2,profited,14.8310,14.0691,0.7619,8,0
gibson2013,181,3,from,1.9845,5.4561,-3.4717,8,0
gibson2013,181,4,the,1.0266,2.9243,-1.8977,8,0
gibson2013,181,5,tax,6.6450,8.8883,-2.2432,8,0
gibson2013,181,6,reduction,6.6274,10.6168,-3.9894,8,0
gibson2013,181,7,.,2.9338,2.3026,0.6312,8,0
gibson2013,181,8,<eos>,6.2325,2.3026,3.9299,8,0
gibson2013,182,0,The,3.9742,2.9243,1.0498,7,0
gibson2013,182,1,millionaire,14.9855,12.1347,2.8508,7,0
gibson2013,182,2,profited,14.8310,14.0691,0.7619,7,0
gibson2013,182,3,the,4.0603,2.9243,1.1360,7,0
gibson2013,182,4,tax,6.9517,8.8883,-1.9366,7,0
gibson2013,182,5,reduction,6.2735,10.6168,-4.3433,7,0
gibson2013,182,6,.,2.8657,2.3026,0.5632,7,0
gibson2013,182,7,<eos>,6.6447,2.3026,4.3422,7,0
gibson2013,183,0,The,3.9742,2.9243,1.0498,7,0
gibson2013,183,1,tax,8.8552,8.8883,-0.0330,7,0
gibson2013,183,2,reduction,7.7320,10.6168,-2.8849,7,0
gibson2013,183,3,profited,16.3831,14.0691,2.3140,7,0
gibson2013,183,4,the,4.2105,2.9243,1.2862,7,0
gibson2013,183,5,millionaire,10.7412,12.1347,-1.3934,7,0
gibson2013,183,6,.,4.2609,2.3026,1.9583,7,0
gibson2013,183,7,<eos>,6.5703,2.3026,4.2677,7,0
gibson2013,184,0,The,3.9742,2.9243,1.0498,10,0
gibson2013,184,1,new,5.7405,6.3311,-0.5907,10,0
gibson2013,184,2,medicine,10.3126,9.8321,0.4805,10,0
gibson2013,184,3,deteriorated,15.4239,13.0090,2.4148,10,0
gibson2013,184,4,from,4.0456,5.4561,-1.4105,10,0
gibson2013,184,5,the,1.2745,2.9243,-1.6498,10,0
gibson2013,184,6,patient,7.7767,9.7397,-1.9630,10,0
gibson2013,184,7,'s,1.1964,2.3026,-1.1062,10,0
gibson2013,184,8,condition,4.7953,9.5333,-4.7380,10,0
gibson2013,184,9,.,2.6312,2.3026,0.3287,10,0
gibson2013,184,10,<eos>,6.2184,2.3026,3.9158,10,0
gibson2013,185,0,The,3.9742,2.9243,1.0498,10,0
gibson2013,185,1,patient,8.2916,9.7397,-1.4480,10,0
gibson2013,185,2,'s,2.0325,2.3026,-0.2701,10,0
gibson2013,185,3,condition,4.2657,9.5333,-5.2676,10,0
gibson2013,185,4,deteriorated,6.4087,13.0090,-6.6003,10,0
gibson2013,185,5,from,4.6878,5.4561,-0.7683,10,0
gibson2013,185,6,the,1.7559,2.9243,-1.1685,10,0
gibson2013,185,7,new,7.5066,6.3311,1.1755,10,0
gibson2013,185,8,medicine,7.8645,9.8321,-1.9676,10,0
gibson2013,185,9,.,3.7006,2.3026,1.3980,10,0
gibson2013,185,10,<eos>,5.5648,2.3026,3.2622,10,0
gibson2013,186,0,The,3.9742,2.9243,1.0498,9,0
gibson2013,186,1,patient,8.2916,9.7397,-1.4480,9,0
gibson2013,186,2,'s,2.0325,2.3026,-0.2701,9,0
gibson2013,186,3,condition,4.2657,9.5333,-5.2676,9,0
gibson2013,186,4,deteriorated,6.4087,13.0090,-6.6003,9,0
gibson2013,186,5,the,5.9119,2.9243,2.9876,9,0
gibson2013,186,6,new,7.5813,6.3311,1.2502,9,0
gibson2013,186,7,medicine,6.5849,9.8321,-3.2472,9,0
gibson2013,186,8,.,2.7704,2.3026,0.4678,9,0
gibson2013,186,9,<eos>,5.8743,2.3026,3.5717,9,0
gibson2013,187,0,The,3.9742,2.9243,1.0498,9,0
gibson2013,187,1,new,5.7405,6.3311,-0.5907,9,0
gibson2013,187,2,medicine,10.3126,9.8321,0.4805,9,0
gibson2013,187,3,deteriorated,15.4239,13.0090,2.4148,9,0
gibson2013,187,4,the,2.5203,2.9243,-0.4040,9,0
gibson2013,187,5,patient,4.9928,9.7397,-4.7469,9,0
gibson2013,187,6,'s,0.8751,2.3026,-1.4275,9,0
gibson2013,187,7,condition,3.9366,9.5333,-5.5967,9,0
gibson2013,187,8,.,2.1925,2.3026,-0.1101,9,0
gibson2013,187,9,<eos>,6.1448,2.3026,3.8422,9,0
gibson2013,188,0,The,3.9742,2.9243,1.0498,10,0
gibson2013,188,1,bad,8.9976,7.9895,1.0081,10,0
gibson2013,188,2,lighting,10.8648,10.8451,0.0197,10,0
gibson2013,188,3,deteriorated,13.9907,13.0090,0.9816,10,0
gibson2013,188,4,from,4.3868,5.4561,-1.0694,10,0
gibson2013,188,5,the,1.0901,2.9243,-1.8343,10,0
gibson2013,188,6,woman,10.9501,8.4039,2.5463,10,0
gibson2013,188,7,'s,0.7304,2.3026,-1.5722,10,0
gibson2013,188,8,eyesight,9.5994,13.1684,-3.5690,10,0
gibson2013,188,9,.,1.8703,2.3026,-0.4323,10,0
gibson2013,188,10,<eos>,5.9383,2.3026,3.6357,10,0
gibson2013,189,0,The,3.9742,2.9243,1.0498,10,0
gibson2013,189,1,woman,8.5278,8.4039,0.1240,10,0
gibson2013,189,2,'s,2.1285,2.3026,-0.1741,10,0
gibson2013,189,3,eyesight,10.2392,13.1684,-2.9292,10,0
gibson2013,189,4,deteriorated,9.5575,13.0090,-3.4516,10,0
gibson2013,189,5,from,4.2635,5.4561,-1.1927,10,0
gibson2013,189,6,the,1.3984,2.9243,-1.5260,10,0
gibson2013,189,7,bad,8.0448,7.9895,0.0553,10,0
gibson2013,189,8,lighting,6.9305,10.8451,-3.9146,10,0
gibson2013,189,9,.,2.9668,2.3026,0.6642,10,0
gibson2013,189,10,<eos>,5.8543,2.3026,3.5517,10,0
gibson2013,190,0,The,3.9742,2.9243,1.0498,9,0
gibson2013,190,1,woman,8.5278,8.4039,0.1240,9,0
gibson2013,190,2,'s,2.1285,2.3026,-0.1741,9,0
gibson2013,190,3,eyesight,10.2392,13.1684,-2.9292,9,0
gibson2013,190,4,deteriorated,9.5575,13.0090,-3.4516,9,0
gibson2013,190,5,the,5.5856,2.9243,2.6613,9,0
gibson2013,190,6,bad,8.4612,7.9895,0.4717,9,0
gibson2013,190,7,lighting,7.9577,10.8451,-2.8874,9,0
gibson2013,190,8,.,2.6162,2.3026,0.3136,9,0
gibson2013,190,9,<eos>,6.0475,2.3026,3.7449,9,0
gibson2013,191,0,The,3.9742,2.9243,1.0498,9,0
gibson2013,191,1,bad,8.9976,7.9895,1.0081,9,0
gibson2013,191,2,lighting,10.8648,10.8451,0.0197,9,0
gibson2013,191,3,deteriorated,13.9907,13.0090,0.9816,9,0
gibson2013,191,4,the,2.8742,2.9243,-0.0501,9,0
gibson2013,191,5,woman,9.8605,8.4039,1.4566,9,0
gibson2013,191,6,'s,0.8388,2.3026,-1.4638,9,0
gibson2013,191,7,eyesight,8.1835,13.1684,-4.9849,9,0
gibson2013,191,8,.,1.5820,2.3026,-0.7205,9,0
gibson2013,191,9,<eos>,5.9309,2.3026,3.6283,9,0
gibson2013,192,0,The,3.9742,2.9243,1.0498,8,0
gibson2013,192,1,long,6.3884,7.3447,-0.9563,8,0
gibson2013,192,2,drought,9.7551,11.7436,-1.9885,8,0
gibson2013,192,3,deteriorated,12.2642,13.0090,-0.7448,8,0
gibson2013,192,4,from,4.4699,5.4561,-0.9862,8,0
gibson2013,192,5,the,1.2564,2.9243,-1.6680,8,0
gibson2013,192,6,soil,6.5580,10.5459,-3.9880,8,0
gibson2013,192,7,.,3.7481,2.3026,1.4455,8,0
gibson2013,192,8,<eos>,6.7897,2.3026,4.4871,8,0
gibson2013,193,0,The,3.9742,2.9243,1.0498,8,0
gibson2013,193,1,soil,9.5314,10.5459,-1.0146,8,0
gibson2013,193,2,deteriorated,12.2346,13.0090,-0.7744,8,0
gibson2013,193,3,from,3.7218,5.4561,-1.7344,8,0
gibson2013,193,4,the,1.5065,2.9243,-1.4178,8,0
gibson2013,193,5,long,7.2806,7.3447,-0.0642,8,0
gibson2013,193,6,drought,7.8570,11.7436,-3.8866,8,0
gibson2013,193,7,.,3.2722,2.3026,0.9697,8,0
gibson2013,193,8,<eos>,6.8023,2.3026,4.4998,8,0
gibson2013,194,0,The,3.9738,2.9243,1.0495,7,0
gibson2013,194,1,soil,9.5307,10.5459,-1.0152,7,0
gibson2013,194,2,deteriorated,12.2337,13.0090,-0.7753,7,0
gibson2013,194,3,the,5.2347,2.9243,2.3103,7,0
gibson2013,194,4,long,6.3758,7.3447,-0.9689,7,0
gibson2013,194,5,drought,7.9259,11.7436,-3.8177,7,0
gibson2013,194,6,.,3.1866,2.3026,0.8840,7,0
gibson2013,194,7,<eos>,6.9384,2.3026,4.6358,7,0
gibson2013,195,0,The,3.9738,2.9243,1.0495,7,0
gibson2013,195,1,long,6.3882,7.3447,-0.9565,7,0
gibson2013,195,2,drought,9.7554,11.7436,-1.9882,7,0
gibson2013,195,3,deteriorated,12.2683,13.0090,-0.7408,7,0
gibson2013,195,4,the,2.3657,2.9243,-0.5587,7,0
gibson2013,195,5,soil,4.5679,10.5459,-5.9781,7,0
gibson2013,195,6,.,3.4587,2.3026,1.1561,7,0
gibson2013,195,7,<eos>,6.8222,2.3026,4.5196,7,0
gibson2013,196,0,The,3.9742,2.9243,1.0498,9,0
gibson2013,196,1,washing,11.6023,11.2128,0.3895,9,0
gibson2013,196,2,machine,2.0781,9.4410,-7.3629,9,0
gibson2013,196,3,shrank,13.4936,14.0462,-0.5525,9,0
gibson2013,196,4,inside,7.0769,8.7721,-1.6952,9,0
gibson2013,196,5,the,1.1936,2.9243,-1.7308,9,0
gibson2013,196,6,new,6.3654,6.3311,0.0343,9,0
gibson2013,196,7,sweatshirt,16.0339,13.3773,2.6566,9,0
gibson2013,196,8,.,1.9776,2.3026,-0.3249,9,0
gibson2013,196,9,<eos>,4.9259,2.3026,2.6233,9,0
gibson2013,197,0,The,3.9742,2.9243,1.0498,9,0
gibson2013,197,1,new,5.7405,6.3311,-0.5907,9,0
gibson2013,197,2,sweatshirt,16.4686,13.3773,3.0914,9,0
gibson2013,197,3,shrank,12.7335,14.0462,-1.3127,9,0
gibson2013,197,4,inside,6.4017,8.7721,-2.3704,9,0
gibson2013,197,5,the,1.4355,2.9243,-1.4888,9,0
gibson2013,197,6,washing,8.9899,11.2128,-2.2229,9,0
gibson2013,197,7,machine,0.7173,9.4410,-8.7237,9,0
gibson2013,197,8,.,1.7887,2.3026,-0.5139,9,0
gibson2013,197,9,<eos>,4.9986,2.3026,2.6961,9,0
gibson2013,198,0,The,3.9742,2.9243,1.0498,8,0
gibson2013,198,1,new,5.7405,6.3311,-0.5907,8,0
gibson2013,198,2,sweatshirt,16.4686,13.3773,3.0914,8,0
gibson2013,198,3,shrank,12.7335,14.0462,-1.3127,8,0
gibson2013,198,4,the,3.0655,2.9243,0.1412,8,0
gibson2013,198,5,washing,10.1199,11.2128,-1.0929,8,0
gibson2013,198,6,machine,1.2009,9.4410,-8.2401,8,0
gibson2013,198,7,.,3.0199,2.3026,0.7173,8,0
gibson2013,198,8,<eos>,5.2272,2.3026,2.9246,8,0
gibson2013,199,0,The,3.9742,2.9243,1.0498,8,0
gibson2013,199,1,washing,11.6023,11.2128,0.3895,8,0
gibson2013,199,2,machine,2.0781,9.4410,-7.3629,8,0
gibson2013,199,3,shrank,13.4936,14.0462,-0.5525,8,0
gibson2013,199,4,the,2.6817,2.9243,-0.2427,8,0
gibson2013,199,5,new,6.3183,6.3311,-0.0128,8,0
gibson2013,199,6,sweatshirt,15.5410,13.3773,2.1638,8,0
gibson2013,199,7,.,2.8138,2.3026,0.5112,8,0
gibson2013,199,8,<eos>,5.2070,2.3026,2.9044,8,0
gibson2013,200,0,The,3.9738,2.9243,1.0495,11,0
gibson2013,200,1,dryer,13.7977,12.5714,1.2264,11,0
gibson2013,200,2,shrank,12.4736,14.0462,-1.5726,11,0
gibson2013,200,3,inside,6.3027,8.7721,-2.4694,11,0
gibson2013,200,4,the,0.8704,2.9243,-2.0540,11,0
gibson2013,200,5,new,6.5335,6.3311,0.2024,11,0
gibson2013,200,6,cotton,8.7806,10.7064,-1.9258,11,0
gibson2013,200,7,t,5.7536,8.2208,-2.4672,11,0
gibson2013,200,8,-,2.5242,2.3026,0.2216,11,0
gibson2013,200,9,shirt,11.8598,10.0613,1.7985,11,0
gibson2013,200,10,.,1.9716,2.3026,-0.3310,11,0
gibson2013,200,11,<eos>,4.7588,2.3026,2.4562,11,0
gibson2013,201,0,The,3.9738,2.9243,1.0495,11,0
gibson2013,201,1,new,5.7409,6.3311,-0.5902,11,0
gibson2013,201,2,cotton,10.9548,10.7064,0.2483,11,0
gibson2013,201,3,t,6.2708,8.2208,-1.9500,11,0
gibson2013,201,4,-,2.0919,2.3026,-0.2107,11,0
gibson2013,201,5,shirt,11.3977,10.0613,1.3364,11,0
gibson2013,201,6,shrank,11.1850,14.0462,-2.8612,11,0
gibson2013,201,7,inside,7.2531,8.7721,-1.5190,11,0
gibson2013,201,8,the,1.3973,2.9243,-1.5270,11,0
gibson2013,201,9,dryer,9.5558,12.5714,-3.0156,11,0
gibson2013,201,10,.,2.1446,2.3026,-0.1580,11,0
gibson2013,201,11,<eos>,4.7915,2.3026,2.4889,11,0
gibson2013,202,0,The,3.9742,2.9243,1.0498,10,0
gibson2013,202,1,new,5.7405,6.3311,-0.5907,10,0
gibson2013,202,2,cotton,10.9546,10.7064,0.2482,10,0
gibson2013,202,3,t,6.2706,8.2208,-1.9502,10,0
gibson2013,202,4,-,2.0915,2.3026,-0.2111,10,0
gibson2013,202,5,shirt,11.3980,10.0613,1.3367,10,0
gibson2013,202,6,shrank,11.1867,14.0462,-2.8594,10,0
gibson2013,202,7,the,2.5787,2.9243,-0.3456,10,0
gibson2013,202,8,dryer,11.2073,12.5714,-1.3640,10,0
gibson2013,202,9,.,3.0381,2.3026,0.7355,10,0
gibson2013,202,10,<eos>,4.9565,2.3026,2.6540,10,0
gibson2013,203,0,The,3.9742,2.9243,1.0498,10,0
gibson2013,203,1,dryer,13.7980,12.5714,1.2267,10,0
gibson2013,203,2,shrank,12.4736,14.0462,-1.5726,10,0
gibson2013,203,3,the,2.5908,2.9243,-0.3335,10,0
gibson2013,203,4,new,6.6108,6.3311,0.2796,10,0
gibson2013,203,5,cotton,8.5732,10.7064,-2.1332,10,0
gibson2013,203,6,t,6.3320,8.2208,-1.8888,10,0
gibson2013,203,7,-,2.4865,2.3026,0.1840,10,0
gibson2013,203,8,shirt,11.7144,10.0613,1.6531,10,0
gibson2013,203,9,.,2.6656,2.3026,0.3630,10,0
gibson2013,203,10,<eos>,4.7425,2.3026,2.4399,10,0
gibson2013,204,0,The,3.9742,2.9243,1.0498,7,0
gibson2013,204,1,chemotherapy,12.7620,12.5263,0.2357,7,0
gibson2013,204,2,shrank,14.5443,14.0462,0.4982,7,0
gibson2013,204,3,from,1.9990,5.4561,-3.4571,7,0
gibson2013,204,4,the,2.1783,2.9243,-0.7460,7,0
gibson2013,204,5,tumor,7.4610,11.5823,-4.1213,7,0
gibson2013,204,6,.,3.9339,2.3026,1.6313,7,0
gibson2013,204,7,<eos>,5.6201,2.3026,3.3176,7,0
gibson2013,205,0,The,3.9742,2.9243,1.0498,7,0
gibson2013,205,1,tumor,10.2150,11.5823,-1.3673,7,0
gibson2013,205,2,shrank,9.1353,14.0462,-4.9108,7,0
gibson2013,205,3,from,1.8874,5.4561,-3.5687,7,0
gibson2013,205,4,the,1.4767,2.9243,-1.4476,7,0
gibson2013,205,5,chemotherapy,11.3579,12.5263,-1.1684,7,0
gibson2013,205,6,.,5.7009,2.3026,3.3983,7,0
gibson2013,205,7,<eos>,5.9365,2.3026,3.6339,7,0
gibson2013,206,0,The,3.9738,2.9243,1.0495,6,0
gibson2013,206,1,tumor,10.2147,11.5823,-1.3676,6,0
gibson2013,206,2,shrank,9.1339,14.0462,-4.9123,6,0
gibson2013,206,3,the,4.7249,2.9243,1.8006,6,0
gibson2013,206,4,chemotherapy,10.0021,12.5263,-2.5242,6,0
gibson2013,206,5,.,5.1616,2.3026,2.8590,6,0
gibson2013,206,6,<eos>,6.0719,2.3026,3.7693,6,0
gibson2013,207,0,The,3.9738,2.9243,1.0495,6,0
gibson2013,207,1,chemotherapy,12.7622,12.5263,0.2359,6,0
gibson2013,207,2,shrank,14.5438,14.0462,0.4977,6,0
gibson2013,207,3,the,3.2451,2.9243,0.3207,6,0
gibson2013,207,4,tumor,5.8952,11.5823,-5.6871,6,0
gibson2013,207,5,.,4.4110,2.3026,2.1084,6,0
gibson2013,207,6,<eos>,5.8252,2.3026,3.5226,6,0
gibson2013,208,0,The,3.9742,2.9243,1.0498,9,0
gibson2013,208,1,hot,9.4558,8.8388,0.6170,9,0
gibson2013,208,2,stove,6.4528,12.1804,-5.7276,9,0
gibson2013,208,3,melted,9.2559,12.0188,-2.7628,9,0
gibson2013,208,4,from,4.8550,5.4561,-0.6012,9,0
gibson2013,208,5,the,0.7671,2.9243,-2.1572,9,0
gibson2013,208,6,plastic,7.3967,10.3374,-2.9406,9,0
gibson2013,208,7,handle,6.5907,9.6932,-3.1025,9,0
gibson2013,208,8,.,2.1426,2.3026,-0.1600,9,0
gibson2013,208,9,<eos>,5.3285,2.3026,3.0260,9,0
gibson2013,209,0,The,3.9742,2.9243,1.0498,9,0
gibson2013,209,1,plastic,9.7278,10.3374,-0.6096,9,0
gibson2013,209,2,handled,11.5009,10.9363,0.5646,9,0
gibson2013,209,3,melted,11.3088,12.0188,-0.7100,9,0
gibson2013,209,4,from,5.3251,5.4561,-0.1310,9,0
gibson2013,209,5,the,0.7484,2.9243,-2.1759,9,0
gibson2013,209,6,hot,6.2694,8.8388,-2.5694,9,0
gibson2013,209,7,stove,3.8449,12.1804,-8.3355,9,0
gibson2013,209,8,.,1.7815,2.3026,-0.5211,9,0
gibson2013,209,9,<eos>,5.3436,2.3026,3.0410,9,0
gibson2013,210,0,The,3.9742,2.9243,1.0498,8,0
gibson2013,210,1,plastic,9.7278,10.3374,-0.6096,8,0
gibson2013,210,2,handle,9.0664,9.6932,-0.6268,8,0
gibson2013,210,3,melted,10.3793,12.0188,-1.6395,8,0
gibson2013,210,4,the,4.5649,2.9243,1.6405,8,0
gibson2013,210,5,hot,6.2228,8.8388,-2.6160,8,0
gibson2013,210,6,stove,6.0436,12.1804,-6.1368,8,0
gibson2013,210,7,.,2.3599,2.3026,0.0573,8,0
gibson2013,210,8,<eos>,5.7095,2.3026,3.4069,8,0
gibson2013,211,0,The,3.9742,2.9243,1.0498,8,0
gibson2013,211,1,hot,9.4558,8.8388,0.6170,8,0
gibson2013,211,2,stove,6.4528,12.1804,-5.7276,8,0
gibson2013,211,3,melted,9.2559,12.0188,-2.7628,8,0
gibson2013,211,4,the,2.5820,2.9243,-0.3423,8,0
gibson2013,211,5,plastic,6.2363,10.3374,-4.1011,8,0
gibson2013,211,6,handle,7.7757,9.6932,-1.9175,8,0
gibson2013,211,7,.,2.7284,2.3026,0.4258,8,0
gibson2013,211,8,<eos>,6.0560,2.3026,3.7534,8,0
gibson2013,212,0,The,3.9742,2.9243,1.0498,9,0
gibson2013,212,1,hot,9.4558,8.8388,0.6170,9,0
gibson2013,212,2,coffee,6.8265,9.5333,-2.7068,9,0
gibson2013,212,3,melted,10.2669,12.0188,-1.7518,9,0
gibson2013,212,4,from,4.2598,5.4561,-1.1963,9,0
gibson2013,212,5,the,0.8055,2.9243,-2.1188,9,0
gibson2013,212,6,ice,5.9985,9.2103,-3.2119,9,0
gibson2013,212,7,cream,3.0411,10.0850,-7.0439,9,0
gibson2013,212,8,.,3.0433,2.3026,0.7407,9,0
gibson2013,212,9,<eos>,5.8229,2.3026,3.5203,9,0
gibson2013,213,0,The,3.9742,2.9243,1.0498,9,0
gibson2013,213,1,ice,9.4808,9.2103,0.2705,9,0
gibson2013,213,2,cream,3.9107,10.0850,-6.1743,9,0
gibson2013,213,3,melted,9.3144,12.0188,-2.7043,9,0
gibson2013,213,4,from,4.0722,5.4561,-1.3840,9,0
gibson2013,213,5,the,1.0668,2.9243,-1.8576,9,0
gibson2013,213,6,hot,6.4158,8.8388,-2.4229,9,0
gibson2013,213,7,coffee,4.2794,9.5333,-5.2539,9,0
gibson2013,213,8,.,3.4226,2.3026,1.1200,9,0
gibson2013,213,9,<eos>,5.6897,2.3026,3.3871,9,0
gibson2013,214,0,The,3.9742,2.9243,1.0498,8,0
gibson2013,214,1,ice,9.4808,9.2103,0.2705,8,0
gibson2013,214,2,cream,3.9107,10.0850,-6.1743,8,0
gibson2013,214,3,melted,9.3144,12.0188,-2.7043,8,0
gibson2013,214,4,the,4.3407,2.9243,1.4164,8,0
gibson2013,214,5,hot,6.3054,8.8388,-2.5334,8,0
gibson2013,214,6,coffee,4.6887,9.5333,-4.8446,8,0
gibson2013,214,7,.,2.8758,2.3026,0.5732,8,0
gibson2013,214,8,<eos>,6.1442,2.3026,3.8416,8,0
gibson2013,215,0,The,3.9742,2.9243,1.0498,8,0
gibson2013,215,1,hot,9.4558,8.8388,0.6170,8,0
gibson2013,215,2,coffee,6.8265,9.5333,-2.7068,8,0
gibson2013,215,3,melted,10.2669,12.0188,-1.7518,8,0
gibson2013,215,4,the,2.4688,2.9243,-0.4555,8,0
gibson2013,215,5,ice,4.7964,9.2103,-4.4140,8,0
gibson2013,215,6,cream,3.1048,10.0850,-6.9802,8,0
gibson2013,215,7,.,2.4611,2.3026,0.1585,8,0
gibson2013,215,8,<eos>,6.2503,2.3026,3.9477,8,0
gibson2013,216,0,The,3.9738,2.9243,1.0495,7,0
gibson2013,216,1,microwave,11.1246,11.9734,-0.8488,7,0
gibson2013,216,2,melted,9.2493,12.0188,-2.7694,7,0
gibson2013,216,3,inside,6.9542,8.7721,-1.8179,7,0
gibson2013,216,4,the,1.3837,2.9243,-1.5406,7,0
gibson2013,216,5,butter,8.2616,10.5926,-2.3311,7,0
gibson2013,216,6,.,2.5278,2.3026,0.2252,7,0
gibson2013,216,7,<eos>,5.5013,2.3026,3.1987,7,0
gibson2013,217,0,The,3.9738,2.9243,1.0495,7,0
gibson2013,217,1,butter,11.7678,10.5926,1.1752,7,0
gibson2013,217,2,melted,8.0643,12.0188,-3.9544,7,0
gibson2013,217,3,inside,6.2348,8.7721,-2.5373,7,0
gibson2013,217,4,the,1.5873,2.9243,-1.3370,7,0
gibson2013,217,5,microwave,5.8743,11.9734,-6.0991,7,0
gibson2013,217,6,.,1.8667,2.3026,-0.4359,7,0
gibson2013,217,7,<eos>,5.9135,2.3026,3.6109,7,0
gibson2013,218,0,The,3.9738,2.9243,1.0495,6,0
gibson2013,218,1,butter,11.7678,10.5926,1.1752,6,0
gibson2013,218,2,melted,8.0643,12.0188,-3.9544,6,0
gibson2013,218,3,the,4.1997,2.9243,1.2754,6,0
gibson2013,218,4,microwave,7.6144,11.9734,-4.3590,6,0
gibson2013,218,5,.,2.6853,2.3026,0.3827,6,0
gibson2013,218,6,<eos>,5.9226,2.3026,3.6200,6,0
gibson2013,219,0,The,3.9738,2.9243,1.0495,6,0
gibson2013,219,1,microwave,11.1246,11.9734,-0.8488,6,0
gibson2013,219,2,melted,9.2493,12.0188,-2.7694,6,0
gibson2013,219,3,the,3.5488,2.9243,0.6245,6,0
gibson2013,219,4,butter,6.2218,10.5926,-4.3709,6,0
gibson2013,219,5,.,3.0968,2.3026,0.7942,6,0
gibson2013,219,6,<eos>,5.8725,2.3026,3.5699,6,0
gibson2013,220,0,The,3.9742,2.9243,1.0498,7,0
gibson2013,220,1,humidity,12.0864,11.9045,0.1819,7,0
gibson2013,220,2,worsened,11.3143,13.5154,-2.2011,7,0
gibson2013,220,3,from,4.1921,5.4561,-1.2640,7,0
gibson2013,220,4,the,1.0272,2.9243,-1.8972,7,0
gibson2013,220,5,eczema,15.4928,13.6585,1.8343,7,0
gibson2013,220,6,.,3.0696,2.3026,0.7671,7,0
gibson2013,220,7,<eos>,6.4596,2.3026,4.1570,7,0
gibson2013,221,0,The,3.9742,2.9243,1.0498,7,0
gibson2013,221,1,eczema,17.3769,13.6585,3.7184,7,0
gibson2013,221,2,worsened,11.0451,13.5154,-2.4703,7,0
gibson2013,221,3,from,4.1310,5.4561,-1.3251,7,0
gibson2013,221,4,the,1.3423,2.9243,-1.5820,7,0
gibson2013,221,5,humidity,10.1743,11.9045,-1.7302,7,0
gibson2013,221,6,.,4.6610,2.3026,2.3584,7,0
gibson2013,221,7,<eos>,5.6200,2.3026,3.3174,7,0
gibson2013,222,0,The,3.9742,2.9243,1.0498,6,0
gibson2013,222,1,eczema,17.3769,13.6585,3.7184,6,0
gibson2013,222,2,worsened,11.0451,13.5154,-2.4703,6,0
gibson2013,222,3,the,4.2388,2.9243,1.3145,6,0
gibson2013,222,4,humidity,10.2644,11.9045,-1.6401,6,0
gibson2013,222,5,.,3.7409,2.3026,1.4383,6,0
gibson2013,222,6,<eos>,5.7840,2.3026,3.4814,6,0
gibson2013,223,0,The,3.9742,2.9243,1.0498,6,0
gibson2013,223,1,humidity,12.0864,11.9045,0.1819,6,0
gibson2013,223,2,worsened,11.3143,13.5154,-2.2011,6,0
gibson2013,223,3,the,3.7316,2.9243,0.8072,6,0
gibson2013,223,4,eczema,13.1616,13.6585,-0.4969,6,0
gibson2013,223,5,.,2.4727,2.3026,0.1701,6,0
gibson2013,223,6,<eos>,6.9739,2.3026,4.6713,6,0
gibson2013,224,0,The,3.9742,2.9243,1.0498,10,0
gibson2013,224,1,construction,8.0978,9.2797,-1.1819,10,0
gibson2013,224,2,noise,9.7850,10.2460,-0.4610,10,0
gibson2013,224,3,worsened,12.2406,13.5154,-1.2748,10,0
gibson2013,224,4,from,3.8944,5.4561,-1.5617,10,0
gibson2013,224,5,the,0.8842,2.9243,-2.0402,10,0
gibson2013,224,6,man,8.8621,7.3218,1.5403,10,0
gibson2013,224,7,'s,0.9686,2.3026,-1.3340,10,0
gibson2013,224,8,hearing,5.1842,9.6243,-4.4402,10,0
gibson2013,224,9,.,2.4714,2.3026,0.1688,10,0
gibson2013,224,10,<eos>,5.4758,2.3026,3.1732,10,0
gibson2013,225,0,The,3.9742,2.9243,1.0498,10,0
gibson2013,225,1,man,7.4150,7.3218,0.0933,10,0
gibson2013,225,2,'s,2.8273,2.3026,0.5247,10,0
gibson2013,225,3,hearing,9.7150,9.6243,0.0907,10,0
gibson2013,225,4,worsened,10.3002,13.5154,-3.2152,10,0
gibson2013,225,5,from,4.8508,5.4561,-0.6053,10,0
gibson2013,225,6,the,1.3677,2.9243,-1.5567,10,0
gibson2013,225,7,construction,8.7775,9.2797,-0.5022,10,0
gibson2013,225,8,noise,9.1510,10.2460,-1.0949,10,0
gibson2013,225,9,.,2.4726,2.3026,0.1700,10,0
gibson2013,225,10,<eos>,5.0935,2.3026,2.7909,10,0
gibson2013,226,0,The,3.9742,2.9243,1.0498,9,0
gibson2013,226,1,man,7.4150,7.3218,0.0933,9,0
gibson2013,226,2,'s,2.8273,2.3026,0.5247,9,0
gibson2013,226,3,hearing,9.7150,9.6243,0.0907,9,0
gibson2013,226,4,worsened,10.3002,13.5154,-3.2152,9,0
gibson2013,226,5,the,4.2983,2.9243,1.3740,9,0
gibson2013,226,6,construction,9.8367,9.2797,0.5570,9,0
gibson2013,226,7,noise,8.2942,10.2460,-1.9517,9,0
gibson2013,226,8,.,2.4448,2.3026,0.1422,9,0
gibson2013,226,9,<eos>,5.5479,2.3026,3.2453,9,0
gibson2013,227,0,The,3.9742,2.9243,1.0498,9,0
gibson2013,227,1,construction,8.0978,9.2797,-1.1819,9,0
gibson2013,227,2,noise,9.7850,10.2460,-0.4610,9,0
gibson2013,227,3,worsened,12.2406,13.5154,-1.2748,9,0
gibson2013,227,4,the,3.3222,2.9243,0.3978,9,0
gibson2013,227,5,man,7.6082,7.3218,0.2864,9,0
gibson2013,227,6,'s,0.7826,2.3026,-1.5200,9,0
gibson2013,227,7,hearing,5.3790,9.6243,-4.2454,9,0
gibson2013,227,8,.,1.9913,2.3026,-0.3113,9,0
gibson2013,227,9,<eos>,5.5558,2.3026,3.2532,9,0
gibson2013,228,0,The,3.9738,2.9243,1.0495,7,0
gibson2013,228,1,earthquake,9.8747,11.1693,-1.2946,7,0
gibson2013,228,2,shattered,8.4784,12.0892,-3.6108,7,0
gibson2013,228,3,from,8.0160,5.4561,2.5599,7,0
gibson2013,228,4,the,1.1530,2.9243,-1.7714,7,0
gibson2013,228,5,house,7.1990,7.5752,-0.3762,7,0
gibson2013,228,6,.,2.8496,2.3026,0.5470,7,0
gibson2013,228,7,<eos>,5.7267,2.3026,3.4242,7,0
gibson2013,229,0,The,3.9738,2.9243,1.0495,7,0
gibson2013,229,1,house,8.6501,7.5752,1.0749,7,0
gibson2013,229,2,shattered,10.7989,12.0892,-1.2902,7,0
gibson2013,229,3,from,5.1590,5.4561,-0.2971,7,0
gibson2013,229,4,the,1.2970,2.9243,-1.6273,7,0
gibson2013,229,5,earthquake,5.5561,11.1693,-5.6132,7,0
gibson2013,229,6,.,3.1193,2.3026,0.8167,7,0
gibson2013,229,7,<eos>,5.9396,2.3026,3.6371,7,0
gibson2013,230,0,The,3.9738,2.9243,1.0495,6,0
gibson2013,230,1,house,8.6501,7.5752,1.0749,6,0
gibson2013,230,2,shattered,10.7989,12.0892,-1.2902,6,0
gibson2013,230,3,the,3.6852,2.9243,0.7608,6,0
gibson2013,230,4,earthquake,7.9573,11.1693,-3.2120,6,0
gibson2013,230,5,.,3.4456,2.3026,1.1430,6,0
gibson2013,230,6,<eos>,6.4994,2.3026,4.1968,6,0
gibson2013,231,0,The,3.9738,2.9243,1.0495,6,0
gibson2013,231,1,earthquake,9.8747,11.1693,-1.2946,6,0
gibson2013,231,2,shattered,8.4784,12.0892,-3.6108,6,0
gibson2013,231,3,the,0.9793,2.9243,-1.9451,6,0
gibson2013,231,4,house,5.5800,7.5752,-1.9952,6,0
gibson2013,231,5,.,3.2389,2.3026,0.9363,6,0
gibson2013,231,6,<eos>,6.5648,2.3026,4.2622,6,0
gibson2013,232,0,The,3.9742,2.9243,1.0498,7,0
gibson2013,232,1,oven,12.1073,11.3996,0.7077,7,0
gibson2013,232,2,defrosted,13.9822,15.7960,-1.8139,7,0
gibson2013,232,3,inside,6.0048,8.7721,-2.7673,7,0
gibson2013,232,4,the,1.0602,2.9243,-1.8641,7,0
gibson2013,232,5,lasagna,11.9167,13.5379,-1.6212,7,0
gibson2013,232,6,.,2.5820,2.3026,0.2794,7,0
gibson2013,232,7,<eos>,5.8890,2.3026,3.5864,7,0
gibson2013,233,0,The,3.9742,2.9243,1.0498,7,0
gibson2013,233,1,lasagna,15.4533,13.5379,1.9154,7,0
gibson2013,233,2,defrosted,16.8723,15.7960,1.0763,7,0
gibson2013,233,3,inside,7.1036,8.7721,-1.6685,7,0
gibson2013,233,4,the,1.3658,2.9243,-1.5586,7,0
gibson2013,233,5,oven,4.6451,11.3996,-6.7545,7,0
gibson2013,233,6,.,1.9816,2.3026,-0.3210,7,0
gibson2013,233,7,<eos>,5.5930,2.3026,3.2904,7,0
gibson2013,234,0,The,3.9742,2.9243,1.0498,6,0
gibson2013,234,1,lasagna,15.4533,13.5379,1.9154,6,0
gibson2013,234,2,defrosted,16.8723,15.7960,1.0763,6,0
gibson2013,234,3,the,5.3104,2.9243,2.3860,6,0
gibson2013,234,4,oven,6.6889,11.3996,-4.7107,6,0
gibson2013,234,5,.,2.4475,2.3026,0.1449,6,0
gibson2013,234,6,<eos>,5.8417,2.3026,3.5391,6,0
gibson2013,235,0,The,3.9742,2.9243,1.0498,6,0
gibson2013,235,1,oven,12.1073,11.3996,0.7077,6,0
gibson2013,235,2,defrosted,13.9822,15.7960,-1.8139,6,0
gibson2013,235,3,the,5.3820,2.9243,2.4576,6,0
gibson2013,235,4,lasagna,10.3298,13.5379,-3.2081,6,0
gibson2013,235,5,.,2.8613,2.3026,0.5587,6,0
gibson2013,235,6,<eos>,6.4935,2.3026,4.1909,6,0
gibson2013,236,0,The,3.9742,2.9243,1.0498,7,0
gibson2013,236,1,microwave,11.1244,11.9734,-0.8490,7,0
gibson2013,236,2,defrosted,12.7786,15.7960,-3.0174,7,0
gibson2013,236,3,inside,7.4213,8.7721,-1.3508,7,0
gibson2013,236,4,the,1.2624,2.9243,-1.6620,7,0
gibson2013,236,5,broccoli,10.5674,12.6649,-2.0975,7,0
gibson2013,236,6,.,3.6885,2.3026,1.3859,7,0
gibson2013,236,7,<eos>,6.1453,2.3026,3.8427,7,0
gibson2013,237,0,The,3.9742,2.9243,1.0498,7,0
gibson2013,237,1,broccoli,13.9227,12.6649,1.2577,7,0
gibson2013,237,2,defrosted,11.0109,15.7960,-4.7851,7,0
gibson2013,237,3,inside,7.6282,8.7721,-1.1439,7,0
gibson2013,237,4,the,1.1503,2.9243,-1.7740,7,0
gibson2013,237,5,microwave,7.3170,11.9734,-4.6564,7,0
gibson2013,237,6,.,2.5521,2.3026,0.2495,7,0
gibson2013,237,7,<eos>,5.5134,2.3026,3.2109,7,0
gibson2013,238,0,The,3.9742,2.9243,1.0498,6,0
gibson2013,238,1,broccoli,13.9227,12.6649,1.2577,6,0
gibson2013,238,2,defrosted,11.0109,15.7960,-4.7851,6,0
gibson2013,238,3,the,6.2706,2.9243,3.3462,6,0
gibson2013,238,4,microwave,8.0685,11.9734,-3.9049,6,0
gibson2013,238,5,.,2.9742,2.3026,0.6716,6,0
gibson2013,238,6,<eos>,6.1566,2.3026,3.8540,6,0
gibson2013,239,0,The,3.9742,2.9243,1.0498,6,0
gibson2013,239,1,microwave,11.1244,11.9734,-0.8490,6,0
gibson2013,239,2,defrosted,12.7786,15.7960,-3.0174,6,0
gibson2013,239,3,the,6.1706,2.9243,3.2463,6,0
gibson2013,239,4,broccoli,8.8563,12.6649,-3.8087,6,0
gibson2013,239,5,.,3.7908,2.3026,1.4882,6,0
gibson2013,239,6,<eos>,6.8858,2.3026,4.5833,6,0
