dataset,sentence_id,unit_idx,unit,s_lm,s_uni,rel,n_units,has_context
chen2023,0,0,The,3.9742,2.9243,1.0498,8,0
chen2023,0,1,sister,11.4341,9.3258,2.1083,8,0
chen2023,0,2,mailed,12.0525,12.6649,-0.6124,8,0
chen2023,0,3,the,1.9671,2.9243,-0.9573,8,0
chen2023,0,4,niece,11.1598,11.9269,-0.7671,8,0
chen2023,0,5,the,4.2098,2.9243,1.2855,8,0
chen2023,0,6,letter,2.6710,9.3258,-6.6548,8,0
chen2023,0,7,.,3.0093,2.3026,0.7067,8,0
chen2023,0,8,<eos>,5.7202,2.3026,3.4176,8,0
chen2023,1,0,The,3.9742,2.9243,1.0498,8,0
chen2023,1,1,sister,11.4341,9.3258,2.1083,8,0
chen2023,1,2,mailed,12.0525,12.6649,-0.6124,8,0
chen2023,1,3,the,1.9671,2.9243,-0.9573,8,0
chen2023,1,4,letter,3.0847,9.3258,-6.2410,8,0
chen2023,1,5,the,6.1282,2.9243,3.2038,8,0
chen2023,1,6,niece,10.6803,11.9269,-1.2467,8,0
chen2023,1,7,.,4.2498,2.3026,1.9472,8,0
chen2023,1,8,<eos>,6.0711,2.3026,3.7685,8,0
chen2023,2,0,The,3.9742,2.9243,1.0498,9,0
chen2023,2,1,sister,11.4341,9.3258,2.1083,9,0
chen2023,2,2,mailed,12.0525,12.6649,-0.6124,9,0
chen2023,2,3,the,1.9671,2.9243,-0.9573,9,0
chen2023,2,4,letter,3.0847,9.3258,-6.2410,9,0
chen2023,2,5,to,0.6290,3.6156,-2.9866,9,0
chen2023,2,6,the,1.4742,2.9243,-1.4502,9,0
chen2023,2,7,niece,10.3753,11.9269,-1.5516,9,0
chen2023,2,8,.,3.0120,2.3026,0.7094,9,0
chen2023,2,9,<eos>,5.9320,2.3026,3.6294,9,0
chen2023,3,0,The,3.9742,2.9243,1.0498,9,0
chen2023,3,1,sister,11.4341,9.3258,2.1083,9,0
chen2023,3,2,mailed,12.0525,12.6649,-0.6124,9,0
chen2023,3,3,the,1.9671,2.9243,-0.9573,9,0
chen2023,3,4,niece,11.1598,11.9269,-0.7671,9,0
chen2023,3,5,to,1.1097,3.6156,-2.5059,9,0
chen2023,3,6,the,1.4818,2.9243,-1.4426,9,0
chen2023,3,7,letter,6.0985,9.3258,-3.2273,9,0
chen2023,3,8,.,2.3937,2.3026,0.0911,9,0
chen2023,3,9,<eos>,5.6250,2.3026,3.3224,9,0
chen2023,4,0,The,3.9742,2.9243,1.0498,8,0
chen2023,4,1,mother,8.5891,8.6565,-0.0673,8,0
chen2023,4,2,gave,6.1418,8.6337,-2.4919,8,0
chen2023,4,3,the,2.4375,2.9243,-0.4869,8,0
chen2023,4,4,daughter,4.0948,9.0533,-4.9585,8,0
chen2023,4,5,the,1.9809,2.9243,-0.9434,8,0
chen2023,4,6,candle,10.1130,11.7887,-1.6757,8,0
chen2023,4,7,.,2.6943,2.3026,0.3918,8,0
chen2023,4,8,<eos>,5.6813,2.3026,3.3787,8,0
chen2023,5,0,The,3.9742,2.9243,1.0498,8,0
chen2023,5,1,mother,8.5891,8.6565,-0.0673,8,0
chen2023,5,2,gave,6.1418,8.6337,-2.4919,8,0
chen2023,5,3,the,2.4375,2.9243,-0.4869,8,0
chen2023,5,4,candle,9.9698,11.7887,-1.8189,8,0
chen2023,5,5,the,2.9794,2.9243,0.0551,8,0
chen2023,5,6,daughter,8.6644,9.0533,-0.3890,8,0
chen2023,5,7,.,4.1463,2.3026,1.8437,8,0
chen2023,5,8,<eos>,6.1017,2.3026,3.7991,8,0
chen2023,6,0,The,3.9742,2.9243,1.0498,9,0
chen2023,6,1,mother,8.5891,8.6565,-0.0673,9,0
chen2023,6,2,gave,6.1418,8.6337,-2.4919,9,0
chen2023,6,3,the,2.4375,2.9243,-0.4869,9,0
chen2023,6,4,candle,9.9698,11.7887,-1.8189,9,0
chen2023,6,5,to,1.3123,3.6156,-2.3033,9,0
chen2023,6,6,the,1.0734,2.9243,-1.8510,9,0
chen2023,6,7,daughter,5.9220,9.0533,-3.1313,9,0
chen2023,6,8,.,2.7936,2.3026,0.4910,9,0
chen2023,6,9,<eos>,6.1426,2.3026,3.8400,9,0
chen2023,7,0,The,3.9742,2.9243,1.0498,9,0
chen2023,7,1,mother,8.5891,8.6565,-0.0673,9,0
chen2023,7,2,gave,6.1418,8.6337,-2.4919,9,0
chen2023,7,3,the,2.4375,2.9243,-0.4869,9,0
chen2023,7,4,daughter,4.0948,9.0533,-4.9585,9,0
chen2023,7,5,to,3.6264,3.6156,0.0108,9,0
chen2023,7,6,the,1.5957,2.9243,-1.3287,9,0
chen2023,7,7,candle,10.5314,11.7887,-1.2573,9,0
chen2023,7,8,.,2.2613,2.3026,-0.0413,9,0
chen2023,7,9,<eos>,5.7896,2.3026,3.4870,9,0
chen2023,8,0,The,3.9742,2.9243,1.0498,8,0
chen2023,8,1,uncle,12.8707,10.4762,2.3945,8,0
chen2023,8,2,sold,9.7559,9.2797,0.4762,8,0
chen2023,8,3,the,2.0118,2.9243,-0.9126,8,0
chen2023,8,4,father,7.1723,8.6115,-1.4392,8,0
chen2023,8,5,the,5.4443,2.9243,2.5200,8,0
chen2023,8,6,truck,6.9230,10.0382,-3.1152,8,0
chen2023,8,7,.,2.6867,2.3026,0.3841,8,0
chen2023,8,8,<eos>,6.8756,2.3026,4.5730,8,0
chen2023,9,0,The,3.9742,2.9243,1.0498,8,0
chen2023,9,1,uncle,12.8707,10.4762,2.3945,8,0
chen2023,9,2,sold,9.7559,9.2797,0.4762,8,0
chen2023,9,3,the,2.0118,2.9243,-0.9126,8,0
chen2023,9,4,truck,6.6428,10.0382,-3.3954,8,0
chen2023,9,5,the,5.6942,2.9243,2.7698,8,0
chen2023,9,6,father,6.9718,8.6115,-1.6397,8,0
chen2023,9,7,.,5.1684,2.3026,2.8658,8,0
chen2023,9,8,<eos>,7.1645,2.3026,4.8620,8,0
chen2023,10,0,The,3.9742,2.9243,1.0498,9,0
chen2023,10,1,uncle,12.8707,10.4762,2.3945,9,0
chen2023,10,2,sold,9.7559,9.2797,0.4762,9,0
chen2023,10,3,the,2.0118,2.9243,-0.9126,9,0
chen2023,10,4,truck,6.6428,10.0382,-3.3954,9,0
chen2023,10,5,to,1.2891,3.6156,-2.3265,9,0
chen2023,10,6,the,1.5905,2.9243,-1.3339,9,0
chen2023,10,7,father,5.9912,8.6115,-2.6203,9,0
chen2023,10,8,.,2.5328,2.3026,0.2303,9,0
chen2023,10,9,<eos>,6.7566,2.3026,4.4540,9,0
chen2023,11,0,The,3.9742,2.9243,1.0498,9,0
chen2023,11,1,uncle,12.8707,10.4762,2.3945,9,0
chen2023,11,2,sold,9.7559,9.2797,0.4762,9,0
chen2023,11,3,the,2.0118,2.9243,-0.9126,9,0
chen2023,11,4,father,7.1723,8.6115,-1.4392,9,0
chen2023,11,5,to,1.9074,3.6156,-1.7082,9,0
chen2023,11,6,the,1.4553,2.9243,-1.4690,9,0
chen2023,11,7,truck,8.2626,10.0382,-1.7756,9,0
chen2023,11,8,.,3.2116,2.3026,0.9091,9,0
chen2023,11,9,<eos>,6.8104,2.3026,4.5079,9,0
chen2023,12,0,The,3.9742,2.9243,1.0498,8,0
chen2023,12,1,contractor,10.3508,11.3306,-0.9798,8,0
chen2023,12,2,lent,11.5745,12.0892,-0.5147,8,0
chen2023,12,3,the,2.6153,2.9243,-0.3090,8,0
chen2023,12,4,homeowner,9.0448,13.3581,-4.3132,8,0
chen2023,12,5,the,2.8535,2.9243,-0.0709,8,0
chen2023,12,6,saw,11.5689,8.4264,3.1425,8,0
chen2023,12,7,.,4.6836,2.3026,2.3810,8,0
chen2023,12,8,<eos>,5.6612,2.3026,3.3586,8,0
chen2023,13,0,The,3.9742,2.9243,1.0498,8,0
chen2023,13,1,contractor,10.3508,11.3306,-0.9798,8,0
chen2023,13,2,lent,11.5745,12.0892,-0.5147,8,0
chen2023,13,3,the,2.6153,2.9243,-0.3090,8,0
chen2023,13,4,saw,11.7043,8.4264,3.2778,8,0
chen2023,13,5,the,4.1775,2.9243,1.2532,8,0
chen2023,13,6,homeowner,10.6377,13.3581,-2.7204,8,0
chen2023,13,7,.,4.5649,2.3026,2.2623,8,0
chen2023,13,8,<eos>,6.3889,2.3026,4.0863,8,0
chen2023,14,0,The,3.9742,2.9243,1.0498,9,0
chen2023,14,1,contractor,10.3508,11.3306,-0.9798,9,0
chen2023,14,2,lent,11.5745,12.0892,-0.5147,9,0
chen2023,14,3,the,2.6153,2.9243,-0.3090,9,0
chen2023,14,4,saw,11.7043,8.4264,3.2778,9,0
chen2023,14,5,to,1.0667,3.6156,-2.5490,9,0
chen2023,14,6,the,1.1703,2.9243,-1.7541,9,0
chen2023,14,7,homeowner,10.8343,13.3581,-2.5238,9,0
chen2023,14,8,.,3.1828,2.3026,0.8802,9,0
chen2023,14,9,<eos>,5.9584,2.3026,3.6559,9,0
chen2023,15,0,The,3.9742,2.9243,1.0498,9,0
chen2023,15,1,contractor,10.3508,11.3306,-0.9798,9,0
chen2023,15,2,lent,11.5745,12.0892,-0.5147,9,0
chen2023,15,3,the,2.6153,2.9243,-0.3090,9,0
chen2023,15,4,homeowner,9.0448,13.3581,-4.3132,9,0
chen2023,15,5,to,1.5232,3.6156,-2.0925,9,0
chen2023,15,6,the,2.0403,2.9243,-0.8841,9,0
chen2023,15,7,saw,11.7478,8.4264,3.3213,9,0
chen2023,15,8,.,3.5938,2.3026,1.2912,9,0
chen2023,15,9,<eos>,5.5823,2.3026,3.2797,9,0
chen2023,16,0,The,3.9742,2.9243,1.0498,9,0
chen2023,16,1,sailing,13.8698,11.5362,2.3336,9,0
chen2023,16,2,club,5.1968,8.7529,-3.5561,9,0
chen2023,16,3,leased,11.9588,12.3876,-0.4287,9,0
chen2023,16,4,the,1.7708,2.9243,-1.1535,9,0
chen2023,16,5,man,8.0440,7.3218,0.7223,9,0
chen2023,16,6,the,5.7960,2.9243,2.8717,9,0
chen2023,16,7,boat,4.1315,9.8778,-5.7463,9,0
chen2023,16,8,.,3.3318,2.3026,1.0292,9,0
chen2023,16,9,<eos>,6.7619,2.3026,4.4593,9,0
chen2023,17,0,The,3.9742,2.9243,1.0498,9,0
chen2023,17,1,sailing,13.8698,11.5362,2.3336,9,0
chen2023,17,2,club,5.1968,8.7529,-3.5561,9,0
chen2023,17,3,leased,11.9588,12.3876,-0.4287,9,0
chen2023,17,4,the,1.7708,2.9243,-1.1535,9,0
chen2023,17,5,boat,4.1616,9.8778,-5.7162,9,0
chen2023,17,6,the,4.8662,2.9243,1.9419,9,0
chen2023,17,7,man,7.2911,7.3218,-0.0307,9,0
chen2023,17,8,.,5.0379,2.3026,2.7354,9,0
chen2023,17,9,<eos>,6.8044,2.3026,4.5018,9,0
chen2023,18,0,The,3.9742,2.9243,1.0498,10,0
chen2023,18,1,sailing,13.8698,11.5362,2.3336,10,0
chen2023,18,2,club,5.1968,8.7529,-3.5561,10,0
chen2023,18,3,leased,11.9588,12.3876,-0.4287,10,0
chen2023,18,4,the,1.7708,2.9243,-1.1535,10,0
chen2023,18,5,boat,4.1616,9.8778,-5.7162,10,0
chen2023,18,6,to,1.4278,3.6156,-2.1879,10,0
chen2023,18,7,the,1.0781,2.9243,-1.8463,10,0
chen2023,18,8,man,6.9491,7.3218,-0.3727,10,0
chen2023,18,9,.,3.9369,2.3026,1.6343,10,0
chen2023,18,10,<eos>,6.5423,2.3026,4.2398,10,0
chen2023,19,0,The,3.9742,2.9243,1.0498,10,0
chen2023,19,1,sailing,13.8698,11.5362,2.3336,10,0
chen2023,19,2,club,5.1968,8.7529,-3.5561,10,0
chen2023,19,3,leased,11.9588,12.3876,-0.4287,10,0
chen2023,19,4,the,1.7708,2.9243,-1.1535,10,0
chen2023,19,5,man,8.0440,7.3218,0.7223,10,0
chen2023,19,6,to,3.3362,3.6156,-0.2794,10,0
chen2023,19,7,the,1.4500,2.9243,-1.4743,10,0
chen2023,19,8,boat,6.4574,9.8778,-3.4205,10,0
chen2023,19,9,.,3.3572,2.3026,1.0546,10,0
chen2023,19,10,<eos>,6.6599,2.3026,4.3573,10,0
chen2023,20,0,The,3.9742,2.9243,1.0498,8,0
chen2023,20,1,girl,9.3940,8.3349,1.0592,8,0
chen2023,20,2,tossed,11.3060,12.0892,-0.7832,8,0
chen2023,20,3,the,2.0867,2.9243,-0.8377,8,0
chen2023,20,4,boy,5.7530,8.8183,-3.0653,8,0
chen2023,20,5,the,5.4346,2.9243,2.5103,8,0
chen2023,20,6,apple,8.8219,9.7637,-0.9418,8,0
chen2023,20,7,.,2.3279,2.3026,0.0253,8,0
chen2023,20,8,<eos>,6.3410,2.3026,4.0384,8,0
chen2023,21,0,The,3.9742,2.9243,1.0498,8,0
chen2023,21,1,girl,9.3940,8.3349,1.0592,8,0
chen2023,21,2,tossed,11.3060,12.0892,-0.7832,8,0
chen2023,21,3,the,2.0867,2.9243,-0.8377,8,0
chen2023,21,4,apple,8.1954,9.7637,-1.5683,8,0
chen2023,21,5,the,5.6538,2.9243,2.7295,8,0
chen2023,21,6,boy,6.8155,8.8183,-2.0028,8,0
chen2023,21,7,.,3.6999,2.3026,1.3973,8,0
chen2023,21,8,<eos>,6.1953,2.3026,3.8927,8,0
chen2023,22,0,The,3.9742,2.9243,1.0498,9,0
chen2023,22,1,girl,9.3940,8.3349,1.0592,9,0
chen2023,22,2,tossed,11.3060,12.0892,-0.7832,9,0
chen2023,22,3,the,2.0867,2.9243,-0.8377,9,0
chen2023,22,4,apple,8.1954,9.7637,-1.5683,9,0
chen2023,22,5,to,2.8717,3.6156,-0.7439,9,0
chen2023,22,6,the,0.7075,2.9243,-2.2169,9,0
chen2023,22,7,boy,6.3602,8.8183,-2.4581,9,0
chen2023,22,8,.,1.9421,2.3026,-0.3605,9,0
chen2023,22,9,<eos>,6.3330,2.3026,4.0304,9,0
chen2023,23,0,The,3.9742,2.9243,1.0498,9,0
chen2023,23,1,girl,9.3940,8.3349,1.0592,9,0
chen2023,23,2,tossed,11.3060,12.0892,-0.7832,9,0
chen2023,23,3,the,2.0867,2.9243,-0.8377,9,0
chen2023,23,4,boy,5.7530,8.8183,-3.0653,9,0
chen2023,23,5,to,2.7372,3.6156,-0.8784,9,0
chen2023,23,6,the,0.4942,2.9243,-2.4302,9,0
chen2023,23,7,apple,9.7417,9.7637,-0.0220,9,0
chen2023,23,8,.,2.1358,2.3026,-0.1668,9,0
chen2023,23,9,<eos>,6.3022,2.3026,3.9996,9,0
chen2023,24,0,The,3.9742,2.9243,1.0498,8,0
chen2023,24,1,daughter,10.7208,9.0533,1.6675,8,0
chen2023,24,2,passed,10.2755,9.3943,0.8812,8,0
chen2023,24,3,the,2.4651,2.9243,-0.4592,8,0
chen2023,24,4,mother,7.3436,8.6565,-1.3128,8,0
chen2023,24,5,the,6.0732,2.9243,3.1488,8,0
chen2023,24,6,bowl,11.1644,10.0613,1.1031,8,0
chen2023,24,7,.,3.1125,2.3026,0.8100,8,0
chen2023,24,8,<eos>,6.1621,2.3026,3.8595,8,0
chen2023,25,0,The,3.9742,2.9243,1.0498,8,0
chen2023,25,1,daughter,10.7208,9.0533,1.6675,8,0
chen2023,25,2,passed,10.2755,9.3943,0.8812,8,0
chen2023,25,3,the,2.4651,2.9243,-0.4592,8,0
chen2023,25,4,bowl,12.2518,10.0613,2.1905,8,0
chen2023,25,5,the,6.2063,2.9243,3.2819,8,0
chen2023,25,6,mother,7.7654,8.6565,-0.8910,8,0
chen2023,25,7,.,5.1175,2.3026,2.8149,8,0
chen2023,25,8,<eos>,6.4831,2.3026,4.1805,8,0
chen2023,26,0,The,3.9742,2.9243,1.0498,9,0
chen2023,26,1,daughter,10.7208,9.0533,1.6675,9,0
chen2023,26,2,passed,10.2755,9.3943,0.8812,9,0
chen2023,26,3,the,2.4651,2.9243,-0.4592,9,0
chen2023,26,4,bowl,12.2518,10.0613,2.1905,9,0
chen2023,26,5,to,3.6955,3.6156,0.0799,9,0
chen2023,26,6,the,0.9334,2.9243,-1.9910,9,0
chen2023,26,7,mother,4.4697,8.6565,-4.1868,9,0
chen2023,26,8,.,2.1286,2.3026,-0.1739,9,0
chen2023,26,9,<eos>,6.2833,2.3026,3.9807,9,0
chen2023,27,0,The,3.9742,2.9243,1.0498,9,0
chen2023,27,1,daughter,10.7208,9.0533,1.6675,9,0
chen2023,27,2,passed,10.2755,9.3943,0.8812,9,0
chen2023,27,3,the,2.4651,2.9243,-0.4592,9,0
chen2023,27,4,mother,7.3436,8.6565,-1.3128,9,0
chen2023,27,5,to,3.3769,3.6156,-0.2388,9,0
chen2023,27,6,the,1.3351,2.9243,-1.5892,9,0
chen2023,27,7,bowl,12.4151,10.0613,2.3538,9,0
chen2023,27,8,.,2.7000,2.3026,0.3974,9,0
chen2023,27,9,<eos>,6.1414,2.3026,3.8388,9,0
chen2023,28,0,The,3.9742,2.9243,1.0498,9,0
chen2023,28,1,scuba,14.2910,13.1026,1.1885,9,0
chen2023,28,2,instructor,5.9182,11.4641,-5.5460,9,0
chen2023,28,3,rented,11.0926,11.7887,-0.6961,9,0
chen2023,28,4,the,2.1447,2.9243,-0.7797,9,0
chen2023,28,5,tourist,8.6770,11.0555,-2.3785,9,0
chen2023,28,6,the,7.8602,2.9243,4.9359,9,0
chen2023,28,7,equipment,10.0454,9.4861,0.5593,9,0
chen2023,28,8,.,3.3619,2.3026,1.0593,9,0
chen2023,28,9,<eos>,6.4511,2.3026,4.1486,9,0
chen2023,29,0,The,3.9742,2.9243,1.0498,9,0
chen2023,29,1,scuba,14.2910,13.1026,1.1885,9,0
chen2023,29,2,instructor,5.9182,11.4641,-5.5460,9,0
chen2023,29,3,rented,11.0926,11.7887,-0.6961,9,0
chen2023,29,4,the,2.1447,2.9243,-0.7797,9,0
chen2023,29,5,equipment,6.9153,9.4861,-2.5708,9,0
chen2023,29,6,the,5.6575,2.9243,2.7332,9,0
chen2023,29,7,tourist,10.3070,11.0555,-0.7485,9,0
chen2023,29,8,.,5.0020,2.3026,2.6995,9,0
chen2023,29,9,<eos>,6.2307,2.3026,3.9282,9,0
chen2023,30,0,The,3.9742,2.9243,1.0498,10,0
chen2023,30,1,scuba,14.2910,13.1026,1.1885,10,0
chen2023,30,2,instructor,5.9182,11.4641,-5.5460,10,0
chen2023,30,3,rented,11.0926,11.7887,-0.6961,10,0
chen2023,30,4,the,2.1447,2.9243,-0.7797,10,0
chen2023,30,5,equipment,6.9153,9.4861,-2.5708,10,0
chen2023,30,6,to,2.1123,3.6156,-1.5033,10,0
chen2023,30,7,the,1.3759,2.9243,-1.5485,10,0
chen2023,30,8,tourist,6.9532,11.0555,-4.1023,10,0
chen2023,30,9,.,3.2393,2.3026,0.9367,10,0
chen2023,30,10,<eos>,6.1068,2.3026,3.8042,10,0
chen2023,31,0,The,3.9742,2.9243,1.0498,10,0
chen2023,31,1,scuba,14.2910,13.1026,1.1885,10,0
chen2023,31,2,instructor,5.9182,11.4641,-5.5460,10,0
chen2023,31,3,rented,11.0926,11.7887,-0.6961,10,0
chen2023,31,4,the,2.1447,2.9243,-0.7797,10,0
chen2023,31,5,tourist,8.6770,11.0555,-2.3785,10,0
chen2023,31,6,to,6.1771,3.6156,2.5615,10,0
chen2023,31,7,the,1.3111,2.9243,-1.6132,10,0
chen2023,31,8,equipment,10.5868,9.4861,1.1007,10,0
chen2023,31,9,.,2.3890,2.3026,0.0864,10,0
chen2023,31,10,<eos>,6.2382,2.3026,3.9356,10,0
chen2023,32,0,The,3.9742,2.9243,1.0498,8,0
chen2023,32,1,boy,9.7210,8.8183,0.9027,8,0
chen2023,32,2,handed,8.1241,10.5459,-2.4218,8,0
chen2023,32,3,the,1.7855,2.9243,-1.1388,8,0
chen2023,32,4,girl,4.4514,8.3349,-3.8834,8,0
chen2023,32,5,the,3.0335,2.9243,0.1091,8,0
chen2023,32,6,pencil,7.9471,11.6283,-3.6812,8,0
chen2023,32,7,.,2.3052,2.3026,0.0026,8,0
chen2023,32,8,<eos>,6.9693,2.3026,4.6668,8,0
chen2023,33,0,The,3.9742,2.9243,1.0498,8,0
chen2023,33,1,boy,9.7210,8.8183,0.9027,8,0
chen2023,33,2,handed,8.1241,10.5459,-2.4218,8,0
chen2023,33,3,the,1.7855,2.9243,-1.1388,8,0
chen2023,33,4,pencil,8.7726,11.6283,-2.8557,8,0
chen2023,33,5,the,4.6647,2.9243,1.7404,8,0
chen2023,33,6,girl,6.0319,8.3349,-2.3030,8,0
chen2023,33,7,.,3.3468,2.3026,1.0442,8,0
chen2023,33,8,<eos>,6.7031,2.3026,4.4005,8,0
chen2023,34,0,The,3.9742,2.9243,1.0498,9,0
chen2023,34,1,boy,9.7210,8.8183,0.9027,9,0
chen2023,34,2,handed,8.1241,10.5459,-2.4218,9,0
chen2023,34,3,the,1.7855,2.9243,-1.1388,9,0
chen2023,34,4,pencil,8.7726,11.6283,-2.8557,9,0
chen2023,34,5,to,1.0653,3.6156,-2.5503,9,0
chen2023,34,6,the,1.2346,2.9243,-1.6898,9,0
chen2023,34,7,girl,3.8748,8.3349,-4.4601,9,0
chen2023,34,8,.,2.1652,2.3026,-0.1373,9,0
chen2023,34,9,<eos>,6.8413,2.3026,4.5387,9,0
chen2023,35,0,The,3.9742,2.9243,1.0498,9,0
chen2023,35,1,boy,9.7210,8.8183,0.9027,9,0
chen2023,35,2,handed,8.1241,10.5459,-2.4218,9,0
chen2023,35,3,the,1.7855,2.9243,-1.1388,9,0
chen2023,35,4,girl,4.4514,8.3349,-3.8834,9,0
chen2023,35,5,to,1.4172,3.6156,-2.1984,9,0
chen2023,35,6,the,1.2372,2.9243,-1.6871,9,0
chen2023,35,7,pencil,11.1386,11.6283,-0.4898,9,0
chen2023,35,8,.,1.9195,2.3026,-0.3831,9,0
chen2023,35,9,<eos>,6.9807,2.3026,4.6782,9,0
chen2023,36,0,The,3.9742,2.9243,1.0498,8,0
chen2023,36,1,nanny,14.6546,12.4571,2.1975,8,0
chen2023,36,2,threw,9.9765,10.4551,-0.4787,8,0
chen2023,36,3,the,2.4569,2.9243,-0.4675,8,0
chen2023,36,4,child,6.7346,8.5172,-1.7826,8,0
chen2023,36,5,the,5.1921,2.9243,2.2677,8,0
chen2023,36,6,toy,6.2599,10.8198,-4.5598,8,0
chen2023,36,7,.,3.4796,2.3026,1.1770,8,0
chen2023,36,8,<eos>,6.1367,2.3026,3.8341,8,0
chen2023,37,0,The,3.9742,2.9243,1.0498,8,0
chen2023,37,1,nanny,14.6546,12.4571,2.1975,8,0
chen2023,37,2,threw,9.9765,10.4551,-0.4787,8,0
chen2023,37,3,the,2.4569,2.9243,-0.4675,8,0
chen2023,37,4,toy,7.6614,10.8198,-3.1583,8,0
chen2023,37,5,the,6.2256,2.9243,3.3012,8,0
chen2023,37,6,child,6.0754,8.5172,-2.4418,8,0
chen2023,37,7,.,3.5434,2.3026,1.2408,8,0
chen2023,37,8,<eos>,5.7922,2.3026,3.4896,8,0
chen2023,38,0,The,3.9742,2.9243,1.0498,9,0
chen2023,38,1,nanny,14.6546,12.4571,2.1975,9,0
chen2023,38,2,threw,9.9765,10.4551,-0.4787,9,0
chen2023,38,3,the,2.4569,2.9243,-0.4675,9,0
chen2023,38,4,toy,7.6614,10.8198,-3.1583,9,0
chen2023,38,5,to,3.7551,3.6156,0.1395,9,0
chen2023,38,6,the,0.8873,2.9243,-2.0371,9,0
chen2023,38,7,child,6.7371,8.5172,-1.7801,9,0
chen2023,38,8,.,1.8228,2.3026,-0.4798,9,0
chen2023,38,9,<eos>,5.7927,2.3026,3.4901,9,0
chen2023,39,0,The,3.9742,2.9243,1.0498,9,0
chen2023,39,1,nanny,14.6546,12.4571,2.1975,9,0
chen2023,39,2,threw,9.9765,10.4551,-0.4787,9,0
chen2023,39,3,the,2.4569,2.9243,-0.4675,9,0
chen2023,39,4,child,6.7346,8.5172,-1.7826,9,0
chen2023,39,5,to,2.8762,3.6156,-0.7395,9,0
chen2023,39,6,the,0.5411,2.9243,-2.3832,9,0
chen2023,39,7,toy,10.0533,10.8198,-0.7664,9,0
chen2023,39,8,.,3.0292,2.3026,0.7266,9,0
chen2023,39,9,<eos>,6.1555,2.3026,3.8529,9,0
chen2023,40,0,The,3.9742,2.9243,1.0498,8,0
chen2023,40,1,nephew,13.2438,11.4931,1.7507,8,0
chen2023,40,2,mailed,12.4118,12.6649,-0.2532,8,0
chen2023,40,3,the,1.8982,2.9243,-1.0261,8,0
chen2023,40,4,aunt,11.4645,11.1414,0.3231,8,0
chen2023,40,5,the,4.5913,2.9243,1.6670,8,0
chen2023,40,6,postcard,9.4861,12.8039,-3.3178,8,0
chen2023,40,7,.,2.6093,2.3026,0.3067,8,0
chen2023,40,8,<eos>,5.3293,2.3026,3.0267,8,0
chen2023,41,0,The,3.9742,2.9243,1.0498,8,0
chen2023,41,1,nephew,13.2438,11.4931,1.7507,8,0
chen2023,41,2,mailed,12.4118,12.6649,-0.2532,8,0
chen2023,41,3,the,1.8982,2.9243,-1.0261,8,0
chen2023,41,4,postcard,10.1937,12.8039,-2.6102,8,0
chen2023,41,5,the,6.3719,2.9243,3.4476,8,0
chen2023,41,6,aunt,11.6954,11.1414,0.5540,8,0
chen2023,41,7,.,3.5454,2.3026,1.2429,8,0
chen2023,41,8,<eos>,5.7053,2.3026,3.4027,8,0
chen2023,42,0,The,3.9742,2.9243,1.0498,9,0
chen2023,42,1,nephew,13.2438,11.4931,1.7507,9,0
chen2023,42,2,mailed,12.4118,12.6649,-0.2532,9,0
chen2023,42,3,the,1.8982,2.9243,-1.0261,9,0
chen2023,42,4,postcard,10.1937,12.8039,-2.6102,9,0
chen2023,42,5,to,0.8541,3.6156,-2.7615,9,0
chen2023,42,6,the,1.7260,2.9243,-1.1984,9,0
chen2023,42,7,aunt,8.2912,11.1414,-2.8501,9,0
chen2023,42,8,.,2.3636,2.3026,0.0610,9,0
chen2023,42,9,<eos>,5.5057,2.3026,3.2031,9,0
chen2023,43,0,The,3.9742,2.9243,1.0498,9,0
chen2023,43,1,nephew,13.2438,11.4931,1.7507,9,0
chen2023,43,2,mailed,12.4118,12.6649,-0.2532,9,0
chen2023,43,3,the,1.8982,2.9243,-1.0261,9,0
chen2023,43,4,aunt,11.4645,11.1414,0.3231,9,0
chen2023,43,5,to,1.2689,3.6156,-2.3467,9,0
chen2023,43,6,the,1.6120,2.9243,-1.3124,9,0
chen2023,43,7,postcard,11.2141,12.8039,-1.5898,9,0
chen2023,43,8,.,2.3206,2.3026,0.0180,9,0
chen2023,43,9,<eos>,5.2976,2.3026,2.9950,9,0
chen2023,44,0,The,3.9742,2.9243,1.0498,8,0
chen2023,44,1,father,8.7784,8.6115,0.1669,8,0
chen2023,44,2,gave,6.4918,8.6337,-2.1420,8,0
chen2023,44,3,the,1.8602,2.9243,-1.0642,8,0
chen2023,44,4,son,4.4067,8.5632,-4.1565,8,0
chen2023,44,5,the,1.7441,2.9243,-1.1803,8,0
chen2023,44,6,car,6.2042,8.1736,-1.9694,8,0
chen2023,44,7,.,2.3253,2.3026,0.0227,8,0
chen2023,44,8,<eos>,6.0979,2.3026,3.7953,8,0
chen2023,45,0,The,3.9742,2.9243,1.0498,8,0
chen2023,45,1,father,8.7784,8.6115,0.1669,8,0
chen2023,45,2,gave,6.4918,8.6337,-2.1420,8,0
chen2023,45,3,the,1.8602,2.9243,-1.0642,8,0
chen2023,45,4,car,6.3784,8.1736,-1.7952,8,0
chen2023,45,5,the,2.3251,2.9243,-0.5992,8,0
chen2023,45,6,son,7.7158,8.5632,-0.8474,8,0
chen2023,45,7,.,3.2856,2.3026,0.9830,8,0
chen2023,45,8,<eos>,5.9709,2.3026,3.6683,8,0
chen2023,46,0,The,3.9742,2.9243,1.0498,9,0
chen2023,46,1,father,8.7784,8.6115,0.1669,9,0
chen2023,46,2,gave,6.4918,8.6337,-2.1420,9,0
chen2023,46,3,the,1.8602,2.9243,-1.0642,9,0
chen2023,46,4,car,6.3784,8.1736,-1.7952,9,0
chen2023,46,5,to,2.0253,3.6156,-1.5903,9,0
chen2023,46,6,the,1.1543,2.9243,-1.7700,9,0
chen2023,46,7,son,6.3429,8.5632,-2.2204,9,0
chen2023,46,8,.,2.2652,2.3026,-0.0374,9,0
chen2023,46,9,<eos>,6.0665,2.3026,3.7639,9,0
chen2023,47,0,The,3.9742,2.9243,1.0498,9,0
chen2023,47,1,father,8.7784,8.6115,0.1669,9,0
chen2023,47,2,gave,6.4918,8.6337,-2.1420,9,0
chen2023,47,3,the,1.8602,2.9243,-1.0642,9,0
chen2023,47,4,son,4.4067,8.5632,-4.1565,9,0
chen2023,47,5,to,4.0658,3.6156,0.4502,9,0
chen2023,47,6,the,1.3100,2.9243,-1.6143,9,0
chen2023,47,7,car,6.7416,8.1736,-1.4320,9,0
chen2023,47,8,.,2.1310,2.3026,-0.1716,9,0
chen2023,47,9,<eos>,6.1094,2.3026,3.8068,9,0
chen2023,48,0,The,3.9742,2.9243,1.0498,8,0
chen2023,48,1,shop,11.1567,9.4861,1.6706,8,0
chen2023,48,2,sold,8.3853,9.2797,-0.8944,8,0
chen2023,48,3,the,2.5801,2.9243,-0.3443,8,0
chen2023,48,4,student,8.7584,9.1616,-0.4032,8,0
chen2023,48,5,the,6.2640,2.9243,3.3397,8,0
chen2023,48,6,bike,7.0157,10.2921,-3.2764,8,0
chen2023,48,7,.,2.8869,2.3026,0.5844,8,0
chen2023,48,8,<eos>,7.1088,2.3026,4.8063,8,0
chen2023,49,0,The,3.9742,2.9243,1.0498,8,0
chen2023,49,1,shop,11.1567,9.4861,1.6706,8,0
chen2023,49,2,sold,8.3853,9.2797,-0.8944,8,0
chen2023,49,3,the,2.5801,2.9243,-0.3443,8,0
chen2023,49,4,bike,7.0765,10.2921,-3.2156,8,0
chen2023,49,5,the,5.3327,2.9243,2.4084,8,0
chen2023,49,6,student,8.8786,9.1616,-0.2830,8,0
chen2023,49,7,.,5.0644,2.3026,2.7618,8,0
chen2023,49,8,<eos>,7.1172,2.3026,4.8146,8,0
chen2023,50,0,The,3.9742,2.9243,1.0498,9,0
chen2023,50,1,shop,11.1567,9.4861,1.6706,9,0
chen2023,50,2,sold,8.3853,9.2797,-0.8944,9,0
chen2023,50,3,the,2.5801,2.9243,-0.3443,9,0
chen2023,50,4,bike,7.0765,10.2921,-3.2156,9,0
chen2023,50,5,to,2.0571,3.6156,-1.5586,9,0
chen2023,50,6,the,1.7437,2.9243,-1.1806,9,0
chen2023,50,7,student,7.4953,9.1616,-1.6662,9,0
chen2023,50,8,.,2.6653,2.3026,0.3627,9,0
chen2023,50,9,<eos>,7.1372,2.3026,4.8346,9,0
chen2023,51,0,The,3.9742,2.9243,1.0498,9,0
chen2023,51,1,shop,11.1567,9.4861,1.6706,9,0
chen2023,51,2,sold,8.3853,9.2797,-0.8944,9,0
chen2023,51,3,the,2.5801,2.9243,-0.3443,9,0
chen2023,51,4,student,8.7584,9.1616,-0.4032,9,0
chen2023,51,5,to,3.6440,3.6156,0.0284,9,0
chen2023,51,6,the,1.5760,2.9243,-1.3483,9,0
chen2023,51,7,bike,9.4518,10.2921,-0.8403,9,0
chen2023,51,8,.,3.2294,2.3026,0.9268,9,0
chen2023,51,9,<eos>,6.9262,2.3026,4.6236,9,0
chen2023,52,0,The,3.9742,2.9243,1.0498,8,0
chen2023,52,1,janitor,12.8077,13.3581,-0.5504,8,0
chen2023,52,2,lent,11.0560,12.0892,-1.0331,8,0
chen2023,52,3,the,2.8720,2.9243,-0.0523,8,0
chen2023,52,4,teacher,8.6049,9.4861,-0.8812,8,0
chen2023,52,5,the,2.6769,2.9243,-0.2474,8,0
chen2023,52,6,mop,11.8179,12.9194,-1.1015,8,0
chen2023,52,7,.,3.9090,2.3026,1.6064,8,0
chen2023,52,8,<eos>,6.2901,2.3026,3.9875,8,0
chen2023,53,0,The,3.9742,2.9243,1.0498,8,0
chen2023,53,1,janitor,12.8077,13.3581,-0.5504,8,0
chen2023,53,2,lent,11.0560,12.0892,-1.0331,8,0
chen2023,53,3,the,2.8720,2.9243,-0.0523,8,0
chen2023,53,4,mop,11.3758,12.9194,-1.5436,8,0
chen2023,53,5,the,4.8434,2.9243,1.9191,8,0
chen2023,53,6,teacher,8.6583,9.4861,-0.8278,8,0
chen2023,53,7,.,3.3950,2.3026,1.0925,8,0
chen2023,53,8,<eos>,5.7487,2.3026,3.4461,8,0
chen2023,54,0,The,3.9742,2.9243,1.0498,9,0
chen2023,54,1,janitor,12.8077,13.3581,-0.5504,9,0
chen2023,54,2,lent,11.0560,12.0892,-1.0331,9,0
chen2023,54,3,the,2.8720,2.9243,-0.0523,9,0
chen2023,54,4,mop,11.3758,12.9194,-1.5436,9,0
chen2023,54,5,to,2.3831,3.6156,-1.2326,9,0
chen2023,54,6,the,1.3356,2.9243,-1.5887,9,0
chen2023,54,7,teacher,7.0374,9.4861,-2.4487,9,0
chen2023,54,8,.,1.9880,2.3026,-0.3146,9,0
chen2023,54,9,<eos>,5.8440,2.3026,3.5414,9,0
chen2023,55,0,The,3.9742,2.9243,1.0498,9,0
chen2023,55,1,janitor,12.8077,13.3581,-0.5504,9,0
chen2023,55,2,lent,11.0560,12.0892,-1.0331,9,0
chen2023,55,3,the,2.8720,2.9243,-0.0523,9,0
chen2023,55,4,teacher,8.6049,9.4861,-0.8812,9,0
chen2023,55,5,to,1.5942,3.6156,-2.0215,9,0
chen2023,55,6,the,1.2223,2.9243,-1.7020,9,0
chen2023,55,7,mop,11.1566,12.9194,-1.7629,9,0
chen2023,55,8,.,3.0757,2.3026,0.7731,9,0
chen2023,55,9,<eos>,5.6516,2.3026,3.3490,9,0
chen2023,56,0,The,3.9742,2.9243,1.0498,9,0
chen2023,56,1,car,8.8007,8.1736,0.6271,9,0
chen2023,56,2,dealer,6.8695,11.0747,-4.2051,9,0
chen2023,56,3,leased,10.1343,12.3876,-2.2533,9,0
chen2023,56,4,the,1.6600,2.9243,-1.2643,9,0
chen2023,56,5,plumber,10.4230,12.9870,-2.5640,9,0
chen2023,56,6,the,4.9249,2.9243,2.0006,9,0
chen2023,56,7,SUV,7.5758,12.4119,-4.8360,9,0
chen2023,56,8,.,3.1748,2.3026,0.8722,9,0
chen2023,56,9,<eos>,6.9593,2.3026,4.6567,9,0
chen2023,57,0,The,3.9742,2.9243,1.0498,9,0
chen2023,57,1,car,8.8007,8.1736,0.6271,9,0
chen2023,57,2,dealer,6.8695,11.0747,-4.2051,9,0
chen2023,57,3,leased,10.1343,12.3876,-2.2533,9,0
chen2023,57,4,the,1.6600,2.9243,-1.2643,9,0
chen2023,57,5,SUV,6.6374,12.4119,-5.7744,9,0
chen2023,57,6,the,5.1962,2.9243,2.2718,9,0
chen2023,57,7,plumber,9.9178,12.9870,-3.0691,9,0
chen2023,57,8,.,3.8026,2.3026,1.5000,9,0
chen2023,57,9,<eos>,6.7091,2.3026,4.4066,9,0
chen2023,58,0,The,3.9742,2.9243,1.0498,10,0
chen2023,58,1,car,8.8007,8.1736,0.6271,10,0
chen2023,58,2,dealer,6.8695,11.0747,-4.2051,10,0
chen2023,58,3,leased,10.1343,12.3876,-2.2533,10,0
chen2023,58,4,the,1.6600,2.9243,-1.2643,10,0
chen2023,58,5,SUV,6.6374,12.4119,-5.7744,10,0
chen2023,58,6,to,1.6056,3.6156,-2.0100,10,0
chen2023,58,7,the,1.4665,2.9243,-1.4578,10,0
chen2023,58,8,plumber,9.1419,12.9870,-3.8451,10,0
chen2023,58,9,.,2.3562,2.3026,0.0536,10,0
chen2023,58,10,<eos>,6.7115,2.3026,4.4089,10,0
chen2023,59,0,The,3.9742,2.9243,1.0498,10,0
chen2023,59,1,car,8.8007,8.1736,0.6271,10,0
chen2023,59,2,dealer,6.8695,11.0747,-4.2051,10,0
chen2023,59,3,leased,10.1343,12.3876,-2.2533,10,0
chen2023,59,4,the,1.6600,2.9243,-1.2643,10,0
chen2023,59,5,plumber,10.4230,12.9870,-2.5640,10,0
chen2023,59,6,to,1.9877,3.6156,-1.6280,10,0
chen2023,59,7,the,1.4151,2.9243,-1.5093,10,0
chen2023,59,8,SUV,9.7043,12.4119,-2.7076,10,0
chen2023,59,9,.,2.8015,2.3026,0.4989,10,0
chen2023,59,10,<eos>,6.7560,2.3026,4.4534,10,0
chen2023,60,0,The,3.9742,2.9243,1.0498,8,0
chen2023,60,1,host,8.7166,9.7397,-1.0231,8,0
chen2023,60,2,tossed,14.7959,12.0892,2.7068,8,0
chen2023,60,3,the,2.2207,2.9243,-0.7037,8,0
chen2023,60,4,contestant,10.4060,12.7103,-2.3043,8,0
chen2023,60,5,the,3.9813,2.9243,1.0569,8,0
chen2023,60,6,microphone,8.5805,12.1573,-3.5767,8,0
chen2023,60,7,.,2.4098,2.3026,0.1072,8,0
chen2023,60,8,<eos>,5.7397,2.3026,3.4371,8,0
chen2023,61,0,The,3.9742,2.9243,1.0498,8,0
chen2023,61,1,host,8.7166,9.7397,-1.0231,8,0
chen2023,61,2,tossed,14.7959,12.0892,2.7068,8,0
chen2023,61,3,the,2.2207,2.9243,-0.7037,8,0
chen2023,61,4,microphone,7.5475,12.1573,-4.6098,8,0
chen2023,61,5,the,6.4751,2.9243,3.5508,8,0
chen2023,61,6,contestant,10.7810,12.7103,-1.9293,8,0
chen2023,61,7,.,4.0968,2.3026,1.7942,8,0
chen2023,61,8,<eos>,5.9407,2.3026,3.6382,8,0
chen2023,62,0,The,3.9742,2.9243,1.0498,9,0
chen2023,62,1,host,8.7166,9.7397,-1.0231,9,0
chen2023,62,2,tossed,14.7959,12.0892,2.7068,9,0
chen2023,62,3,the,2.2207,2.9243,-0.7037,9,0
chen2023,62,4,microphone,7.5475,12.1573,-4.6098,9,0
chen2023,62,5,to,1.8401,3.6156,-1.7755,9,0
chen2023,62,6,the,0.8819,2.9243,-2.0424,9,0
chen2023,62,7,contestant,12.0552,12.7103,-0.6551,9,0
chen2023,62,8,.,1.7730,2.3026,-0.5296,9,0
chen2023,62,9,<eos>,5.8256,2.3026,3.5230,9,0
chen2023,63,0,The,3.9742,2.9243,1.0498,9,0
chen2023,63,1,host,8.7166,9.7397,-1.0231,9,0
chen2023,63,2,tossed,14.7959,12.0892,2.7068,9,0
chen2023,63,3,the,2.2207,2.9243,-0.7037,9,0
chen2023,63,4,contestant,10.4060,12.7103,-2.3043,9,0
chen2023,63,5,to,2.4651,3.6156,-1.1506,9,0
chen2023,63,6,the,1.0536,2.9243,-1.8708,9,0
chen2023,63,7,microphone,6.8740,12.1573,-5.2833,9,0
chen2023,63,8,.,1.9510,2.3026,-0.3515,9,0
chen2023,63,9,<eos>,5.6138,2.3026,3.3112,9,0
chen2023,64,0,The,3.9742,2.9243,1.0498,8,0
chen2023,64,1,quarterback,10.5481,11.6283,-1.0802,8,0
chen2023,64,2,passed,8.0871,9.3943,-1.3071,8,0
chen2023,64,3,the,1.8751,2.9243,-1.0493,8,0
chen2023,64,4,receiver,6.4836,11.3059,-4.8223,8,0
chen2023,64,5,the,6.2659,2.9243,3.3415,8,0
chen2023,64,6,ball,4.4750,9.1150,-4.6400,8,0
chen2023,64,7,.,3.7733,2.3026,1.4707,8,0
chen2023,64,8,<eos>,6.4651,2.3026,4.1626,8,0
chen2023,65,0,The,3.9742,2.9243,1.0498,8,0
chen2023,65,1,quarterback,10.5481,11.6283,-1.0802,8,0
chen2023,65,2,passed,8.0871,9.3943,-1.3071,8,0
chen2023,65,3,the,1.8751,2.9243,-1.0493,8,0
chen2023,65,4,ball,3.8874,9.1150,-5.2276,8,0
chen2023,65,5,the,6.5465,2.9243,3.6222,8,0
chen2023,65,6,receiver,7.5667,11.3059,-3.7392,8,0
chen2023,65,7,.,4.4971,2.3026,2.1945,8,0
chen2023,65,8,<eos>,6.5165,2.3026,4.2139,8,0
chen2023,66,0,The,3.9742,2.9243,1.0498,9,0
chen2023,66,1,quarterback,10.5481,11.6283,-1.0802,9,0
chen2023,66,2,passed,8.0871,9.3943,-1.3071,9,0
chen2023,66,3,the,1.8751,2.9243,-1.0493,9,0
chen2023,66,4,ball,3.8874,9.1150,-5.2276,9,0
chen2023,66,5,to,1.4360,3.6156,-2.1796,9,0
chen2023,66,6,the,0.8291,2.9243,-2.0952,9,0
chen2023,66,7,receiver,4.5391,11.3059,-6.7669,9,0
chen2023,66,8,.,2.5420,2.3026,0.2394,9,0
chen2023,66,9,<eos>,6.6425,2.3026,4.3399,9,0
chen2023,67,0,The,3.9742,2.9243,1.0498,9,0
chen2023,67,1,quarterback,10.5481,11.6283,-1.0802,9,0
chen2023,67,2,passed,8.0871,9.3943,-1.3071,9,0
chen2023,67,3,the,1.8751,2.9243,-1.0493,9,0
chen2023,67,4,receiver,6.4836,11.3059,-4.8223,9,0
chen2023,67,5,to,2.1600,3.6156,-1.4556,9,0
chen2023,67,6,the,0.9224,2.9243,-2.0019,9,0
chen2023,67,7,ball,6.2514,9.1150,-2.8636,9,0
chen2023,67,8,.,2.5985,2.3026,0.2959,9,0
chen2023,67,9,<eos>,6.4033,2.3026,4.1007,9,0
chen2023,68,0,The,3.9742,2.9243,1.0498,8,0
chen2023,68,1,videostore,22.9505,18.4207,4.5299,8,0
chen2023,68,2,rented,11.8512,11.7887,0.0625,8,0
chen2023,68,3,the,3.0469,2.9243,0.1226,8,0
chen2023,68,4,customer,8.7662,10.1093,-1.3431,8,0
chen2023,68,5,the,4.1209,2.9243,1.1965,8,0
chen2023,68,6,DVD,7.9357,10.9363,-3.0006,8,0
chen2023,68,7,.,3.6877,2.3026,1.3851,8,0
chen2023,68,8,<eos>,6.2004,2.3026,3.8978,8,0
chen2023,69,0,The,3.9742,2.9243,1.0498,8,0
chen2023,69,1,videostore,22.9505,18.4207,4.5299,8,0
chen2023,69,2,rented,11.8512,11.7887,0.0625,8,0
chen2023,69,3,the,3.0469,2.9243,0.1226,8,0
chen2023,69,4,DVD,6.8659,10.9363,-4.0704,8,0
chen2023,69,5,the,6.7161,2.9243,3.7917,8,0
chen2023,69,6,customer,8.7276,10.1093,-1.3816,8,0
chen2023,69,7,.,4.1233,2.3026,1.8208,8,0
chen2023,69,8,<eos>,6.2230,2.3026,3.9204,8,0
chen2023,70,0,The,3.9742,2.9243,1.0498,9,0
chen2023,70,1,videostore,22.9505,18.4207,4.5299,9,0
chen2023,70,2,rented,11.8512,11.7887,0.0625,9,0
chen2023,70,3,the,3.0469,2.9243,0.1226,9,0
chen2023,70,4,DVD,6.8659,10.9363,-4.0704,9,0
chen2023,70,5,to,3.3452,3.6156,-0.2704,9,0
chen2023,70,6,the,1.7474,2.9243,-1.1769,9,0
chen2023,70,7,customer,5.4340,10.1093,-4.6753,9,0
chen2023,70,8,.,1.6961,2.3026,-0.6065,9,0
chen2023,70,9,<eos>,5.9254,2.3026,3.6228,9,0
chen2023,71,0,The,3.9742,2.9243,1.0498,9,0
chen2023,71,1,videostore,22.9505,18.4207,4.5299,9,0
chen2023,71,2,rented,11.8512,11.7887,0.0625,9,0
chen2023,71,3,the,3.0469,2.9243,0.1226,9,0
chen2023,71,4,customer,8.7662,10.1093,-1.3431,9,0
chen2023,71,5,to,3.4131,3.6156,-0.2025,9,0
chen2023,71,6,the,1.5264,2.9243,-1.3980,9,0
chen2023,71,7,DVD,9.0155,10.9363,-1.9209,9,0
chen2023,71,8,.,4.5647,2.3026,2.2622,9,0
chen2023,71,9,<eos>,6.0171,2.3026,3.7145,9,0
chen2023,72,0,The,3.9742,2.9243,1.0498,8,0
chen2023,72,1,bartender,11.5491,12.6649,-1.1158,8,0
chen2023,72,2,handed,7.4171,10.5459,-3.1288,8,0
chen2023,72,3,the,1.8654,2.9243,-1.0589,8,0
chen2023,72,4,lady,7.4951,9.3258,-1.8307,8,0
chen2023,72,5,the,2.9157,2.9243,-0.0086,8,0
chen2023,72,6,drink,5.8602,9.4410,-3.5808,8,0
chen2023,72,7,.,2.1031,2.3026,-0.1995,8,0
chen2023,72,8,<eos>,5.9802,2.3026,3.6776,8,0
chen2023,73,0,The,3.9742,2.9243,1.0498,8,0
chen2023,73,1,bartender,11.5491,12.6649,-1.1158,8,0
chen2023,73,2,handed,7.4171,10.5459,-3.1288,8,0
chen2023,73,3,the,1.8654,2.9243,-1.0589,8,0
chen2023,73,4,drink,6.3137,9.4410,-3.1273,8,0
chen2023,73,5,the,5.0003,2.9243,2.0760,8,0
chen2023,73,6,lady,7.7626,9.3258,-1.5632,8,0
chen2023,73,7,.,3.8148,2.3026,1.5122,8,0
chen2023,73,8,<eos>,6.0262,2.3026,3.7236,8,0
chen2023,74,0,The,3.9742,2.9243,1.0498,9,0
chen2023,74,1,bartender,11.5491,12.6649,-1.1158,9,0
chen2023,74,2,handed,7.4171,10.5459,-3.1288,9,0
chen2023,74,3,the,1.8654,2.9243,-1.0589,9,0
chen2023,74,4,drink,6.3137,9.4410,-3.1273,9,0
chen2023,74,5,to,0.9179,3.6156,-2.6977,9,0
chen2023,74,6,the,1.5026,2.9243,-1.4218,9,0
chen2023,74,7,lady,5.8880,9.3258,-3.4377,9,0
chen2023,74,8,.,2.7974,2.3026,0.4948,9,0
chen2023,74,9,<eos>,5.8776,2.3026,3.5750,9,0
chen2023,75,0,The,3.9742,2.9243,1.0498,9,0
chen2023,75,1,bartender,11.5491,12.6649,-1.1158,9,0
chen2023,75,2,handed,7.4171,10.5459,-3.1288,9,0
chen2023,75,3,the,1.8654,2.9243,-1.0589,9,0
chen2023,75,4,lady,7.4951,9.3258,-1.8307,9,0
chen2023,75,5,to,1.8911,3.6156,-1.7245,9,0
chen2023,75,6,the,1.1665,2.9243,-1.7579,9,0
chen2023,75,7,drink,6.8048,9.4410,-2.6362,9,0
chen2023,75,8,.,2.1454,2.3026,-0.1572,9,0
chen2023,75,9,<eos>,5.7601,2.3026,3.4575,9,0
chen2023,76,0,The,3.9742,2.9243,1.0498,8,0
chen2023,76,1,magician,15.5331,12.5947,2.9385,8,0
chen2023,76,2,threw,8.4494,10.4551,-2.0057,8,0
chen2023,76,3,the,2.4395,2.9243,-0.4849,8,0
chen2023,76,4,assistant,11.4143,9.8547,1.5596,8,0
chen2023,76,5,the,5.8480,2.9243,2.9237,8,0
chen2023,76,6,hat,8.1062,10.2921,-2.1859,8,0
chen2023,76,7,.,2.1995,2.3026,-0.1030,8,0
chen2023,76,8,<eos>,6.0050,2.3026,3.7024,8,0
chen2023,77,0,The,3.9742,2.9243,1.0498,8,0
chen2023,77,1,magician,15.5331,12.5947,2.9385,8,0
chen2023,77,2,threw,8.4494,10.4551,-2.0057,8,0
chen2023,77,3,the,2.4395,2.9243,-0.4849,8,0
chen2023,77,4,hat,7.2382,10.2921,-3.0539,8,0
chen2023,77,5,the,7.1384,2.9243,4.2141,8,0
chen2023,77,6,assistant,11.4282,9.8547,1.5736,8,0
chen2023,77,7,.,5.2471,2.3026,2.9445,8,0
chen2023,77,8,<eos>,6.5472,2.3026,4.2446,8,0
chen2023,78,0,The,3.9742,2.9243,1.0498,9,0
chen2023,78,1,magician,15.5331,12.5947,2.9385,9,0
chen2023,78,2,threw,8.4494,10.4551,-2.0057,9,0
chen2023,78,3,the,2.4395,2.9243,-0.4849,9,0
chen2023,78,4,hat,7.2382,10.2921,-3.0539,9,0
chen2023,78,5,to,3.0292,3.6156,-0.5865,9,0
chen2023,78,6,the,1.2469,2.9243,-1.6775,9,0
chen2023,78,7,assistant,9.7562,9.8547,-0.0985,9,0
chen2023,78,8,.,4.5378,2.3026,2.2352,9,0
chen2023,78,9,<eos>,6.1055,2.3026,3.8029,9,0
chen2023,79,0,The,3.9742,2.9243,1.0498,9,0
chen2023,79,1,magician,15.5331,12.5947,2.9385,9,0
chen2023,79,2,threw,8.4494,10.4551,-2.0057,9,0
chen2023,79,3,the,2.4395,2.9243,-0.4849,9,0
chen2023,79,4,assistant,11.4143,9.8547,1.5596,9,0
chen2023,79,5,to,2.6341,3.6156,-0.9815,9,0
chen2023,79,6,the,1.0199,2.9243,-1.9044,9,0
chen2023,79,7,hat,9.5243,10.2921,-0.7678,9,0
chen2023,79,8,.,2.8116,2.3026,0.5090,9,0
chen2023,79,9,<eos>,5.9549,2.3026,3.6523,9,0
chen2023,80,0,The,1.7672,2.9243,-1.1572,8,1
chen2023,80,1,sister,3.2619,9.3258,-6.0638,8,1
chen2023,80,2,mailed,8.2557,12.6649,-4.4092,8,1
chen2023,80,3,the,1.3833,2.9243,-1.5410,8,1
chen2023,80,4,niece,5.0274,11.9269,-6.8995,8,1
chen2023,80,5,the,3.7097,2.9243,0.7853,8,1
chen2023,80,6,letter,0.2265,9.3258,-9.0993,8,1
chen2023,80,7,.,2.4828,2.3026,0.1802,8,1
chen2023,80,8,<eos>,4.2976,2.3026,1.9950,8,1
chen2023,81,0,The,1.7672,2.9243,-1.1572,8,1
chen2023,81,1,sister,3.2619,9.3258,-6.0638,8,1
chen2023,81,2,mailed,8.2557,12.6649,-4.4092,8,1
chen2023,81,3,the,1.3833,2.9243,-1.5410,8,1
chen2023,81,4,letter,0.2127,9.3258,-9.1131,8,1
chen2023,81,5,the,5.2900,2.9243,2.3656,8,1
chen2023,81,6,niece,5.3852,11.9269,-6.5417,8,1
chen2023,81,7,.,5.6162,2.3026,3.3136,8,1
chen2023,81,8,<eos>,4.4190,2.3026,2.1164,8,1
chen2023,82,0,The,1.7672,2.9243,-1.1571,9,1
chen2023,82,1,sister,3.2622,9.3258,-6.0635,9,1
chen2023,82,2,mailed,8.2557,12.6649,-4.4092,9,1
chen2023,82,3,the,1.3836,2.9243,-1.5408,9,1
chen2023,82,4,letter,0.2127,9.3258,-9.1131,9,1
chen2023,82,5,to,1.1545,3.6156,-2.4611,9,1
chen2023,82,6,the,1.1488,2.9243,-1.7755,9,1
chen2023,82,7,niece,2.7481,11.9269,-9.1788,9,1
chen2023,82,8,.,2.5214,2.3026,0.2188,9,1
chen2023,82,9,<eos>,4.4510,2.3026,2.1484,9,1
chen2023,83,0,The,1.7672,2.9243,-1.1571,9,1
chen2023,83,1,sister,3.2622,9.3258,-6.0635,9,1
chen2023,83,2,mailed,8.2557,12.6649,-4.4092,9,1
chen2023,83,3,the,1.3836,2.9243,-1.5408,9,1
chen2023,83,4,niece,5.0282,11.9269,-6.8987,9,1
chen2023,83,5,to,1.3064,3.6156,-2.3092,9,1
chen2023,83,6,the,1.2140,2.9243,-1.7104,9,1
chen2023,83,7,letter,4.0121,9.3258,-5.3136,9,1
chen2023,83,8,.,1.9247,2.3026,-0.3779,9,1
chen2023,83,9,<eos>,4.3777,2.3026,2.0751,9,1
chen2023,84,0,The,1.3690,2.9243,-1.5554,8,1
chen2023,84,1,mother,1.4332,8.6565,-7.2233,8,1
chen2023,84,2,gave,4.4666,8.6337,-4.1671,8,1
chen2023,84,3,the,0.7670,2.9243,-2.1573,8,1
chen2023,84,4,daughter,5.3153,9.0533,-3.7380,8,1
chen2023,84,5,the,1.6547,2.9243,-1.2696,8,1
chen2023,84,6,candle,0.2036,11.7887,-11.5851,8,1
chen2023,84,7,.,2.0326,2.3026,-0.2700,8,1
chen2023,84,8,<eos>,5.3433,2.3026,3.0407,8,1
chen2023,85,0,The,1.3690,2.9243,-1.5554,8,1
chen2023,85,1,mother,1.4332,8.6565,-7.2233,8,1
chen2023,85,2,gave,4.4666,8.6337,-4.1671,8,1
chen2023,85,3,the,0.7670,2.9243,-2.1573,8,1
chen2023,85,4,candle,0.3010,11.7887,-11.4877,8,1
chen2023,85,5,the,2.5123,2.9243,-0.4121,8,1
chen2023,85,6,daughter,7.0193,9.0533,-2.0341,8,1
chen2023,85,7,.,3.9436,2.3026,1.6410,8,1
chen2023,85,8,<eos>,5.3702,2.3026,3.0677,8,1
chen2023,86,0,The,1.3687,2.9243,-1.5556,9,1
chen2023,86,1,mother,1.4331,8.6565,-7.2234,9,1
chen2023,86,2,gave,4.4666,8.6337,-4.1671,9,1
chen2023,86,3,the,0.7669,2.9243,-2.1574,9,1
chen2023,86,4,candle,0.3012,11.7887,-11.4875,9,1
chen2023,86,5,to,1.9745,3.6156,-1.6412,9,1
chen2023,86,6,the,0.4976,2.9243,-2.4267,9,1
chen2023,86,7,daughter,2.8463,9.0533,-6.2071,9,1
chen2023,86,8,.,1.7964,2.3026,-0.5062,9,1
chen2023,86,9,<eos>,5.3812,2.3026,3.0786,9,1
chen2023,87,0,The,1.3687,2.9243,-1.5556,9,1
chen2023,87,1,mother,1.4331,8.6565,-7.2234,9,1
chen2023,87,2,gave,4.4666,8.6337,-4.1671,9,1
chen2023,87,3,the,0.7669,2.9243,-2.1574,9,1
chen2023,87,4,daughter,5.3156,9.0533,-3.7377,9,1
chen2023,87,5,to,3.8622,3.6156,0.2466,9,1
chen2023,87,6,the,0.8789,2.9243,-2.0454,9,1
chen2023,87,7,candle,1.4108,11.7887,-10.3778,9,1
chen2023,87,8,.,1.5563,2.3026,-0.7463,9,1
chen2023,87,9,<eos>,5.4136,2.3026,3.1111,9,1
chen2023,88,0,The,1.5049,2.9243,-1.4194,8,1
chen2023,88,1,uncle,0.3079,10.4762,-10.1683,8,1
chen2023,88,2,sold,5.1201,9.2797,-4.1596,8,1
chen2023,88,3,the,0.4822,2.9243,-2.4422,8,1
chen2023,88,4,father,4.6493,8.6115,-3.9622,8,1
chen2023,88,5,the,4.6748,2.9243,1.7505,8,1
chen2023,88,6,truck,0.5139,10.0382,-9.5243,8,1
chen2023,88,7,.,1.6463,2.3026,-0.6563,8,1
chen2023,88,8,<eos>,5.5431,2.3026,3.2405,8,1
chen2023,89,0,The,1.5049,2.9243,-1.4194,8,1
chen2023,89,1,uncle,0.3079,10.4762,-10.1683,8,1
chen2023,89,2,sold,5.1201,9.2797,-4.1596,8,1
chen2023,89,3,the,0.4822,2.9243,-2.4422,8,1
chen2023,89,4,truck,0.3814,10.0382,-9.6567,8,1
chen2023,89,5,the,5.6115,2.9243,2.6872,8,1
chen2023,89,6,father,2.0475,8.6115,-6.5640,8,1
chen2023,89,7,.,5.1601,2.3026,2.8575,8,1
chen2023,89,8,<eos>,5.5902,2.3026,3.2877,8,1
chen2023,90,0,The,1.5053,2.9243,-1.4191,9,1
chen2023,90,1,uncle,0.3078,10.4762,-10.1684,9,1
chen2023,90,2,sold,5.1199,9.2797,-4.1598,9,1
chen2023,90,3,the,0.4822,2.9243,-2.4422,9,1
chen2023,90,4,truck,0.3813,10.0382,-9.6568,9,1
chen2023,90,5,to,0.8343,3.6156,-2.7813,9,1
chen2023,90,6,the,0.6083,2.9243,-2.3161,9,1
chen2023,90,7,father,1.7724,8.6115,-6.8391,9,1
chen2023,90,8,.,1.1574,2.3026,-1.1452,9,1
chen2023,90,9,<eos>,5.5877,2.3026,3.2851,9,1
chen2023,91,0,The,1.5053,2.9243,-1.4191,9,1
chen2023,91,1,uncle,0.3078,10.4762,-10.1684,9,1
chen2023,91,2,sold,5.1199,9.2797,-4.1598,9,1
chen2023,91,3,the,0.4822,2.9243,-2.4422,9,1
chen2023,91,4,father,4.6498,8.6115,-3.9617,9,1
chen2023,91,5,to,1.3984,3.6156,-2.2173,9,1
chen2023,91,6,the,0.5159,2.9243,-2.4084,9,1
chen2023,91,7,truck,3.1293,10.0382,-6.9089,9,1
chen2023,91,8,.,1.3231,2.3026,-0.9794,9,1
chen2023,91,9,<eos>,5.5905,2.3026,3.2879,9,1
chen2023,92,0,The,1.6658,2.9243,-1.2586,8,1
chen2023,92,1,contractor,2.3606,11.3306,-8.9700,8,1
chen2023,92,2,lent,10.6179,12.0892,-1.4713,8,1
chen2023,92,3,the,1.3020,2.9243,-1.6223,8,1
chen2023,92,4,homeowner,2.8420,13.3581,-10.5160,8,1
chen2023,92,5,the,2.2615,2.9243,-0.6628,8,1
chen2023,92,6,saw,3.1538,8.4264,-5.2726,8,1
chen2023,92,7,.,3.1641,2.3026,0.8615,8,1
chen2023,92,8,<eos>,4.1746,2.3026,1.8720,8,1
chen2023,93,0,The,1.6658,2.9243,-1.2586,8,1
chen2023,93,1,contractor,2.3606,11.3306,-8.9700,8,1
chen2023,93,2,lent,10.6179,12.0892,-1.4713,8,1
chen2023,93,3,the,1.3020,2.9243,-1.6223,8,1
chen2023,93,4,saw,1.2908,8.4264,-7.1356,8,1
chen2023,93,5,the,4.9598,2.9243,2.0355,8,1
chen2023,93,6,homeowner,3.2140,13.3581,-10.1440,8,1
chen2023,93,7,.,3.7617,2.3026,1.4592,8,1
chen2023,93,8,<eos>,4.5254,2.3026,2.2228,8,1
chen2023,94,0,The,1.6658,2.9243,-1.2586,9,1
chen2023,94,1,contractor,2.3606,11.3306,-8.9700,9,1
chen2023,94,2,lent,10.6179,12.0892,-1.4713,9,1
chen2023,94,3,the,1.3020,2.9243,-1.6223,9,1
chen2023,94,4,saw,1.2908,8.4264,-7.1356,9,1
chen2023,94,5,to,0.4760,3.6156,-3.1396,9,1
chen2023,94,6,the,0.6005,2.9243,-2.3238,9,1
chen2023,94,7,homeowner,3.7123,13.3581,-9.6458,9,1
chen2023,94,8,.,2.6645,2.3026,0.3620,9,1
chen2023,94,9,<eos>,4.5159,2.3026,2.2133,9,1
chen2023,95,0,The,1.6658,2.9243,-1.2586,9,1
chen2023,95,1,contractor,2.3606,11.3306,-8.9700,9,1
chen2023,95,2,lent,10.6179,12.0892,-1.4713,9,1
chen2023,95,3,the,1.3020,2.9243,-1.6223,9,1
chen2023,95,4,homeowner,2.8420,13.3581,-10.5160,9,1
chen2023,95,5,to,3.7361,3.6156,0.1205,9,1
chen2023,95,6,the,0.9900,2.9243,-1.9343,9,1
chen2023,95,7,saw,5.7422,8.4264,-2.6842,9,1
chen2023,95,8,.,2.3883,2.3026,0.0857,9,1
chen2023,95,9,<eos>,4.0120,2.3026,1.7094,9,1
chen2023,96,0,The,2.2923,2.9243,-0.6321,9,1
chen2023,96,1,sailing,7.6213,11.5362,-3.9149,9,1
chen2023,96,2,club,0.4199,8.7529,-8.3330,9,1
chen2023,96,3,leased,11.6294,12.3876,-0.7582,9,1
chen2023,96,4,the,1.2632,2.9243,-1.6611,9,1
chen2023,96,5,man,4.8962,7.3218,-2.4255,9,1
chen2023,96,6,the,5.5938,2.9243,2.6695,9,1
chen2023,96,7,boat,0.9172,9.8778,-8.9607,9,1
chen2023,96,8,.,2.4283,2.3026,0.1257,9,1
chen2023,96,9,<eos>,5.3468,2.3026,3.0442,9,1
chen2023,97,0,The,2.2923,2.9243,-0.6321,9,1
chen2023,97,1,sailing,7.6213,11.5362,-3.9149,9,1
chen2023,97,2,club,0.4199,8.7529,-8.3330,9,1
chen2023,97,3,leased,11.6294,12.3876,-0.7582,9,1
chen2023,97,4,the,1.2632,2.9243,-1.6611,9,1
chen2023,97,5,boat,0.6825,9.8778,-9.1953,9,1
chen2023,97,6,the,5.3158,2.9243,2.3914,9,1
chen2023,97,7,man,3.6128,7.3218,-3.7090,9,1
chen2023,97,8,.,3.8403,2.3026,1.5377,9,1
chen2023,97,9,<eos>,5.6685,2.3026,3.3659,9,1
chen2023,98,0,The,2.2923,2.9243,-0.6321,10,1
chen2023,98,1,sailing,7.6213,11.5362,-3.9149,10,1
chen2023,98,2,club,0.4199,8.7529,-8.3330,10,1
chen2023,98,3,leased,11.6294,12.3876,-0.7582,10,1
chen2023,98,4,the,1.2632,2.9243,-1.6611,10,1
chen2023,98,5,boat,0.6825,9.8778,-9.1953,10,1
chen2023,98,6,to,1.0602,3.6156,-2.5555,10,1
chen2023,98,7,the,1.1928,2.9243,-1.7315,10,1
chen2023,98,8,man,2.8442,7.3218,-4.4776,10,1
chen2023,98,9,.,2.2129,2.3026,-0.0897,10,1
chen2023,98,10,<eos>,5.4432,2.3026,3.1406,10,1
chen2023,99,0,The,2.2923,2.9243,-0.6321,10,1
chen2023,99,1,sailing,7.6213,11.5362,-3.9149,10,1
chen2023,99,2,club,0.4199,8.7529,-8.3330,10,1
chen2023,99,3,leased,11.6294,12.3876,-0.7582,10,1
chen2023,99,4,the,1.2632,2.9243,-1.6611,10,1
chen2023,99,5,man,4.8962,7.3218,-2.4255,10,1
chen2023,99,6,to,2.0445,3.6156,-1.5711,10,1
chen2023,99,7,the,1.2106,2.9243,-1.7137,10,1
chen2023,99,8,boat,3.1092,9.8778,-6.7686,10,1
chen2023,99,9,.,2.3494,2.3026,0.0469,10,1
chen2023,99,10,<eos>,5.3262,2.3026,3.0236,10,1
chen2023,100,0,The,1.2927,2.9243,-1.6316,8,1
chen2023,100,1,girl,0.2932,8.3349,-8.0416,8,1
chen2023,100,2,tossed,6.9323,12.0892,-5.1569,8,1
chen2023,100,3,the,1.2554,2.9243,-1.6689,8,1
chen2023,100,4,boy,3.0223,8.8183,-5.7960,8,1
chen2023,100,5,the,3.8038,2.9243,0.8794,8,1
chen2023,100,6,apple,2.4415,9.7637,-7.3222,8,1
chen2023,100,7,.,1.8509,2.3026,-0.4517,8,1
chen2023,100,8,<eos>,5.8702,2.3026,3.5676,8,1
chen2023,101,0,The,1.2927,2.9243,-1.6316,8,1
chen2023,101,1,girl,0.2932,8.3349,-8.0416,8,1
chen2023,101,2,tossed,6.9323,12.0892,-5.1569,8,1
chen2023,101,3,the,1.2554,2.9243,-1.6689,8,1
chen2023,101,4,apple,1.6490,9.7637,-8.1147,8,1
chen2023,101,5,the,4.3352,2.9243,1.4108,8,1
chen2023,101,6,boy,2.6716,8.8183,-6.1467,8,1
chen2023,101,7,.,4.8274,2.3026,2.5248,8,1
chen2023,101,8,<eos>,5.8141,2.3026,3.5115,8,1
chen2023,102,0,The,1.2927,2.9243,-1.6316,9,1
chen2023,102,1,girl,0.2932,8.3349,-8.0416,9,1
chen2023,102,2,tossed,6.9323,12.0892,-5.1569,9,1
chen2023,102,3,the,1.2554,2.9243,-1.6689,9,1
chen2023,102,4,apple,1.6490,9.7637,-8.1147,9,1
chen2023,102,5,to,2.1432,3.6156,-1.4725,9,1
chen2023,102,6,the,0.3179,2.9243,-2.6064,9,1
chen2023,102,7,boy,3.3954,8.8183,-5.4229,9,1
chen2023,102,8,.,1.4069,2.3026,-0.8957,9,1
chen2023,102,9,<eos>,5.7975,2.3026,3.4949,9,1
chen2023,103,0,The,1.2927,2.9243,-1.6316,9,1
chen2023,103,1,girl,0.2932,8.3349,-8.0416,9,1
chen2023,103,2,tossed,6.9323,12.0892,-5.1569,9,1
chen2023,103,3,the,1.2554,2.9243,-1.6689,9,1
chen2023,103,4,boy,3.0223,8.8183,-5.7960,9,1
chen2023,103,5,to,2.3892,3.6156,-1.2264,9,1
chen2023,103,6,the,0.2771,2.9243,-2.6472,9,1
chen2023,103,7,apple,5.7093,9.7637,-4.0545,9,1
chen2023,103,8,.,1.7571,2.3026,-0.5455,9,1
chen2023,103,9,<eos>,5.7844,2.3026,3.4818,9,1
chen2023,104,0,The,1.5406,2.9243,-1.3837,8,1
chen2023,104,1,daughter,1.7563,9.0533,-7.2970,8,1
chen2023,104,2,passed,7.5267,9.3943,-1.8676,8,1
chen2023,104,3,the,2.4489,2.9243,-0.4754,8,1
chen2023,104,4,mother,3.7874,8.6565,-4.8691,8,1
chen2023,104,5,the,5.3510,2.9243,2.4266,8,1
chen2023,104,6,bowl,5.0947,10.0613,-4.9666,8,1
chen2023,104,7,.,1.8273,2.3026,-0.4753,8,1
chen2023,104,8,<eos>,5.2089,2.3026,2.9063,8,1
chen2023,105,0,The,1.5406,2.9243,-1.3837,8,1
chen2023,105,1,daughter,1.7563,9.0533,-7.2970,8,1
chen2023,105,2,passed,7.5267,9.3943,-1.8676,8,1
chen2023,105,3,the,2.4489,2.9243,-0.4754,8,1
chen2023,105,4,bowl,5.3702,10.0613,-4.6912,8,1
chen2023,105,5,the,5.1840,2.9243,2.2596,8,1
chen2023,105,6,mother,4.8255,8.6565,-3.8310,8,1
chen2023,105,7,.,5.6793,2.3026,3.3767,8,1
chen2023,105,8,<eos>,5.3507,2.3026,3.0481,8,1
chen2023,106,0,The,1.5406,2.9243,-1.3837,9,1
chen2023,106,1,daughter,1.7563,9.0533,-7.2970,9,1
chen2023,106,2,passed,7.5267,9.3943,-1.8676,9,1
chen2023,106,3,the,2.4489,2.9243,-0.4754,9,1
chen2023,106,4,bowl,5.3702,10.0613,-4.6912,9,1
chen2023,106,5,to,2.2686,3.6156,-1.3471,9,1
chen2023,106,6,the,0.5795,2.9243,-2.3448,9,1
chen2023,106,7,mother,1.5364,8.6565,-7.1201,9,1
chen2023,106,8,.,1.8024,2.3026,-0.5001,9,1
chen2023,106,9,<eos>,5.1732,2.3026,2.8706,9,1
chen2023,107,0,The,1.5406,2.9243,-1.3837,9,1
chen2023,107,1,daughter,1.7563,9.0533,-7.2970,9,1
chen2023,107,2,passed,7.5267,9.3943,-1.8676,9,1
chen2023,107,3,the,2.4489,2.9243,-0.4754,9,1
chen2023,107,4,mother,3.7874,8.6565,-4.8691,9,1
chen2023,107,5,to,3.5194,3.6156,-0.0962,9,1
chen2023,107,6,the,0.8082,2.9243,-2.1161,9,1
chen2023,107,7,bowl,9.2522,10.0613,-0.8091,9,1
chen2023,107,8,.,1.6440,2.3026,-0.6586,9,1
chen2023,107,9,<eos>,5.1607,2.3026,2.8581,9,1
chen2023,108,0,The,1.8488,2.9243,-1.0756,9,1
chen2023,108,1,scuba,1.3902,13.1026,-11.7124,9,1
chen2023,108,2,instructor,0.0690,11.4641,-11.3951,9,1
chen2023,108,3,rented,9.9884,11.7887,-1.8003,9,1
chen2023,108,4,the,1.1993,2.9243,-1.7251,9,1
chen2023,108,5,tourist,6.4217,11.0555,-4.6338,9,1
chen2023,108,6,the,6.0822,2.9243,3.1579,9,1
chen2023,108,7,equipment,5.9147,9.4861,-3.5714,9,1
chen2023,108,8,.,2.4143,2.3026,0.1118,9,1
chen2023,108,9,<eos>,4.3174,2.3026,2.0148,9,1
chen2023,109,0,The,1.8488,2.9243,-1.0756,9,1
chen2023,109,1,scuba,1.3902,13.1026,-11.7124,9,1
chen2023,109,2,instructor,0.0690,11.4641,-11.3951,9,1
chen2023,109,3,rented,9.9884,11.7887,-1.8003,9,1
chen2023,109,4,the,1.1993,2.9243,-1.7251,9,1
chen2023,109,5,equipment,2.3150,9.4861,-7.1711,9,1
chen2023,109,6,the,6.0524,2.9243,3.1281,9,1
chen2023,109,7,tourist,7.0576,11.0555,-3.9979,9,1
chen2023,109,8,.,5.4195,2.3026,3.1169,9,1
chen2023,109,9,<eos>,4.1629,2.3026,1.8603,9,1
chen2023,110,0,The,1.8490,2.9243,-1.0754,10,1
chen2023,110,1,scuba,1.3900,13.1026,-11.7125,10,1
chen2023,110,2,instructor,0.0690,11.4641,-11.3951,10,1
chen2023,110,3,rented,9.9888,11.7887,-1.7999,10,1
chen2023,110,4,the,1.1991,2.9243,-1.7252,10,1
chen2023,110,5,equipment,2.3145,9.4861,-7.1716,10,1
chen2023,110,6,to,2.4968,3.6156,-1.1188,10,1
chen2023,110,7,the,1.3209,2.9243,-1.6034,10,1
chen2023,110,8,tourist,2.5815,11.0555,-8.4740,10,1
chen2023,110,9,.,1.8177,2.3026,-0.4849,10,1
chen2023,110,10,<eos>,4.1175,2.3026,1.8149,10,1
chen2023,111,0,The,1.8490,2.9243,-1.0754,10,1
chen2023,111,1,scuba,1.3900,13.1026,-11.7125,10,1
chen2023,111,2,instructor,0.0690,11.4641,-11.3951,10,1
chen2023,111,3,rented,9.9888,11.7887,-1.7999,10,1
chen2023,111,4,the,1.1991,2.9243,-1.7252,10,1
chen2023,111,5,tourist,6.4220,11.0555,-4.6335,10,1
chen2023,111,6,to,4.4736,3.6156,0.8579,10,1
chen2023,111,7,the,1.4096,2.9243,-1.5148,10,1
chen2023,111,8,equipment,7.3025,9.4861,-2.1836,10,1
chen2023,111,9,.,1.7491,2.3026,-0.5534,10,1
chen2023,111,10,<eos>,4.3554,2.3026,2.0528,10,1
chen2023,112,0,The,1.8600,2.9243,-1.0643,8,1
chen2023,112,1,boy,0.9489,8.8183,-7.8694,8,1
chen2023,112,2,handed,5.3604,10.5459,-5.1856,8,1
chen2023,112,3,the,0.8887,2.9243,-2.0357,8,1
chen2023,112,4,girl,5.3710,8.3349,-2.9639,8,1
chen2023,112,5,the,2.3719,2.9243,-0.5524,8,1
chen2023,112,6,pencil,0.1654,11.6283,-11.4629,8,1
chen2023,112,7,.,1.5924,2.3026,-0.7102,8,1
chen2023,112,8,<eos>,5.8587,2.3026,3.5561,8,1
chen2023,113,0,The,1.8600,2.9243,-1.0643,8,1
chen2023,113,1,boy,0.9489,8.8183,-7.8694,8,1
chen2023,113,2,handed,5.3604,10.5459,-5.1856,8,1
chen2023,113,3,the,0.8887,2.9243,-2.0357,8,1
chen2023,113,4,pencil,0.0909,11.6283,-11.5374,8,1
chen2023,113,5,the,4.0695,2.9243,1.1452,8,1
chen2023,113,6,girl,4.8899,8.3349,-3.4450,8,1
chen2023,113,7,.,2.4244,2.3026,0.1218,8,1
chen2023,113,8,<eos>,5.8624,2.3026,3.5598,8,1
chen2023,114,0,The,1.8600,2.9243,-1.0643,9,1
chen2023,114,1,boy,0.9489,8.8183,-7.8694,9,1
chen2023,114,2,handed,5.3604,10.5459,-5.1856,9,1
chen2023,114,3,the,0.8887,2.9243,-2.0357,9,1
chen2023,114,4,pencil,0.0909,11.6283,-11.5374,9,1
chen2023,114,5,to,0.9487,3.6156,-2.6669,9,1
chen2023,114,6,the,0.8066,2.9243,-2.1178,9,1
chen2023,114,7,girl,1.3405,8.3349,-6.9944,9,1
chen2023,114,8,.,1.1328,2.3026,-1.1698,9,1
chen2023,114,9,<eos>,5.7834,2.3026,3.4808,9,1
chen2023,115,0,The,1.8600,2.9243,-1.0643,9,1
chen2023,115,1,boy,0.9489,8.8183,-7.8694,9,1
chen2023,115,2,handed,5.3604,10.5459,-5.1856,9,1
chen2023,115,3,the,0.8887,2.9243,-2.0357,9,1
chen2023,115,4,girl,5.3710,8.3349,-2.9639,9,1
chen2023,115,5,to,2.1005,3.6156,-1.5152,9,1
chen2023,115,6,the,0.6256,2.9243,-2.2987,9,1
chen2023,115,7,pencil,2.3969,11.6283,-9.2314,9,1
chen2023,115,8,.,1.1475,2.3026,-1.1551,9,1
chen2023,115,9,<eos>,5.8013,2.3026,3.4987,9,1
chen2023,116,0,The,1.5339,2.9243,-1.3904,8,1
chen2023,116,1,nanny,2.8321,12.4571,-9.6250,8,1
chen2023,116,2,threw,4.5669,10.4551,-5.8882,8,1
chen2023,116,3,the,0.5681,2.9243,-2.3562,8,1
chen2023,116,4,child,5.3261,8.5172,-3.1911,8,1
chen2023,116,5,the,4.3936,2.9243,1.4693,8,1
chen2023,116,6,toy,1.4376,10.8198,-9.3822,8,1
chen2023,116,7,.,3.0394,2.3026,0.7368,8,1
chen2023,116,8,<eos>,5.5158,2.3026,3.2133,8,1
chen2023,117,0,The,1.5339,2.9243,-1.3904,8,1
chen2023,117,1,nanny,2.8321,12.4571,-9.6250,8,1
chen2023,117,2,threw,4.5669,10.4551,-5.8882,8,1
chen2023,117,3,the,0.5681,2.9243,-2.3562,8,1
chen2023,117,4,toy,0.2114,10.8198,-10.6084,8,1
chen2023,117,5,the,6.1373,2.9243,3.2129,8,1
chen2023,117,6,child,3.0141,8.5172,-5.5031,8,1
chen2023,117,7,.,4.8390,2.3026,2.5364,8,1
chen2023,117,8,<eos>,5.6119,2.3026,3.3093,8,1
chen2023,118,0,The,1.5339,2.9243,-1.3904,9,1
chen2023,118,1,nanny,2.8321,12.4571,-9.6250,9,1
chen2023,118,2,threw,4.5669,10.4551,-5.8882,9,1
chen2023,118,3,the,0.5678,2.9243,-2.3565,9,1
chen2023,118,4,toy,0.2116,10.8198,-10.6082,9,1
chen2023,118,5,to,1.0521,3.6156,-2.5635,9,1
chen2023,118,6,the,0.1048,2.9243,-2.8196,9,1
chen2023,118,7,child,4.4445,8.5172,-4.0727,9,1
chen2023,118,8,.,1.3174,2.3026,-0.9852,9,1
chen2023,118,9,<eos>,5.3133,2.3026,3.0107,9,1
chen2023,119,0,The,1.5339,2.9243,-1.3904,9,1
chen2023,119,1,nanny,2.8321,12.4571,-9.6250,9,1
chen2023,119,2,threw,4.5669,10.4551,-5.8882,9,1
chen2023,119,3,the,0.5678,2.9243,-2.3565,9,1
chen2023,119,4,child,5.3245,8.5172,-3.1927,9,1
chen2023,119,5,to,1.5935,3.6156,-2.0221,9,1
chen2023,119,6,the,0.0704,2.9243,-2.8539,9,1
chen2023,119,7,toy,5.8483,10.8198,-4.9715,9,1
chen2023,119,8,.,1.7780,2.3026,-0.5246,9,1
chen2023,119,9,<eos>,5.4099,2.3026,3.1073,9,1
chen2023,120,0,The,2.2268,2.9243,-0.6976,8,1
chen2023,120,1,nephew,1.8447,11.4931,-9.6485,8,1
chen2023,120,2,mailed,10.2842,12.6649,-2.3808,8,1
chen2023,120,3,the,1.1455,2.9243,-1.7788,8,1
chen2023,120,4,aunt,4.7800,11.1414,-6.3614,8,1
chen2023,120,5,the,3.2768,2.9243,0.3525,8,1
chen2023,120,6,postcard,5.5520,12.8039,-7.2520,8,1
chen2023,120,7,.,2.2265,2.3026,-0.0761,8,1
chen2023,120,8,<eos>,2.7320,2.3026,0.4295,8,1
chen2023,121,0,The,2.2268,2.9243,-0.6976,8,1
chen2023,121,1,nephew,1.8447,11.4931,-9.6485,8,1
chen2023,121,2,mailed,10.2842,12.6649,-2.3808,8,1
chen2023,121,3,the,1.1455,2.9243,-1.7788,8,1
chen2023,121,4,postcard,4.4721,12.8039,-8.3318,8,1
chen2023,121,5,the,6.0466,2.9243,3.1223,8,1
chen2023,121,6,aunt,5.8129,11.1414,-5.3285,8,1
chen2023,121,7,.,4.3077,2.3026,2.0051,8,1
chen2023,121,8,<eos>,2.7855,2.3026,0.4829,8,1
chen2023,122,0,The,2.2268,2.9243,-0.6976,9,1
chen2023,122,1,nephew,1.8447,11.4931,-9.6485,9,1
chen2023,122,2,mailed,10.2842,12.6649,-2.3808,9,1
chen2023,122,3,the,1.1455,2.9243,-1.7788,9,1
chen2023,122,4,postcard,4.4721,12.8039,-8.3318,9,1
chen2023,122,5,to,0.9636,3.6156,-2.6520,9,1
chen2023,122,6,the,1.1858,2.9243,-1.7386,9,1
chen2023,122,7,aunt,1.7073,11.1414,-9.4340,9,1
chen2023,122,8,.,1.8695,2.3026,-0.4331,9,1
chen2023,122,9,<eos>,2.8304,2.3026,0.5278,9,1
chen2023,123,0,The,2.2268,2.9243,-0.6976,9,1
chen2023,123,1,nephew,1.8447,11.4931,-9.6485,9,1
chen2023,123,2,mailed,10.2842,12.6649,-2.3808,9,1
chen2023,123,3,the,1.1455,2.9243,-1.7788,9,1
chen2023,123,4,aunt,4.7800,11.1414,-6.3614,9,1
chen2023,123,5,to,1.5098,3.6156,-2.1059,9,1
chen2023,123,6,the,1.1864,2.9243,-1.7379,9,1
chen2023,123,7,postcard,6.3871,12.8039,-6.4168,9,1
chen2023,123,8,.,1.7058,2.3026,-0.5968,9,1
chen2023,123,9,<eos>,2.7947,2.3026,0.4922,9,1
chen2023,124,0,The,1.4057,2.9243,-1.5186,8,1
chen2023,124,1,father,2.4592,8.6115,-6.1523,8,1
chen2023,124,2,gave,4.2802,8.6337,-4.3536,8,1
chen2023,124,3,the,1.0672,2.9243,-1.8572,8,1
chen2023,124,4,son,3.3321,8.5632,-5.2312,8,1
chen2023,124,5,the,1.9439,2.9243,-0.9804,8,1
chen2023,124,6,car,0.7107,8.1736,-7.4629,8,1
chen2023,124,7,.,1.8564,2.3026,-0.4462,8,1
chen2023,124,8,<eos>,4.4092,2.3026,2.1066,8,1
chen2023,125,0,The,1.4057,2.9243,-1.5186,8,1
chen2023,125,1,father,2.4592,8.6115,-6.1523,8,1
chen2023,125,2,gave,4.2802,8.6337,-4.3536,8,1
chen2023,125,3,the,1.0672,2.9243,-1.8572,8,1
chen2023,125,4,car,0.4637,8.1736,-7.7100,8,1
chen2023,125,5,the,2.0499,2.9243,-0.8745,8,1
chen2023,125,6,son,5.4324,8.5632,-3.1308,8,1
chen2023,125,7,.,3.0474,2.3026,0.7449,8,1
chen2023,125,8,<eos>,4.6904,2.3026,2.3878,8,1
chen2023,126,0,The,1.4057,2.9243,-1.5186,9,1
chen2023,126,1,father,2.4592,8.6115,-6.1523,9,1
chen2023,126,2,gave,4.2802,8.6337,-4.3536,9,1
chen2023,126,3,the,1.0672,2.9243,-1.8572,9,1
chen2023,126,4,car,0.4637,8.1736,-7.7100,9,1
chen2023,126,5,to,2.0340,3.6156,-1.5816,9,1
chen2023,126,6,the,0.9750,2.9243,-1.9494,9,1
chen2023,126,7,son,3.2907,8.5632,-5.2726,9,1
chen2023,126,8,.,1.4481,2.3026,-0.8545,9,1
chen2023,126,9,<eos>,4.7637,2.3026,2.4611,9,1
chen2023,127,0,The,1.4057,2.9243,-1.5186,9,1
chen2023,127,1,father,2.4592,8.6115,-6.1523,9,1
chen2023,127,2,gave,4.2802,8.6337,-4.3536,9,1
chen2023,127,3,the,1.0672,2.9243,-1.8572,9,1
chen2023,127,4,son,3.3321,8.5632,-5.2312,9,1
chen2023,127,5,to,4.0169,3.6156,0.4013,9,1
chen2023,127,6,the,1.5744,2.9243,-1.3500,9,1
chen2023,127,7,car,2.1435,8.1736,-6.0301,9,1
chen2023,127,8,.,2.4715,2.3026,0.1689,9,1
chen2023,127,9,<eos>,4.5946,2.3026,2.2920,9,1
chen2023,128,0,The,2.4213,2.9243,-0.5030,8,1
chen2023,128,1,shop,2.9355,9.4861,-6.5506,8,1
chen2023,128,2,sold,6.6714,9.2797,-2.6083,8,1
chen2023,128,3,the,1.7933,2.9243,-1.1311,8,1
chen2023,128,4,student,6.2811,9.1616,-2.8804,8,1
chen2023,128,5,the,4.6480,2.9243,1.7236,8,1
chen2023,128,6,bike,0.6039,10.2921,-9.6882,8,1
chen2023,128,7,.,3.1766,2.3026,0.8740,8,1
chen2023,128,8,<eos>,5.2408,2.3026,2.9383,8,1
chen2023,129,0,The,2.4213,2.9243,-0.5030,8,1
chen2023,129,1,shop,2.9355,9.4861,-6.5506,8,1
chen2023,129,2,sold,6.6714,9.2797,-2.6083,8,1
chen2023,129,3,the,1.7933,2.9243,-1.1311,8,1
chen2023,129,4,bike,0.4073,10.2921,-9.8847,8,1
chen2023,129,5,the,4.5555,2.9243,1.6312,8,1
chen2023,129,6,student,3.7593,9.1616,-5.4022,8,1
chen2023,129,7,.,5.8410,2.3026,3.5384,8,1
chen2023,129,8,<eos>,5.1659,2.3026,2.8633,8,1
chen2023,130,0,The,2.4213,2.9243,-0.5030,9,1
chen2023,130,1,shop,2.9355,9.4861,-6.5506,9,1
chen2023,130,2,sold,6.6714,9.2797,-2.6083,9,1
chen2023,130,3,the,1.7933,2.9243,-1.1311,9,1
chen2023,130,4,bike,0.4073,10.2921,-9.8847,9,1
chen2023,130,5,to,2.1902,3.6156,-1.4255,9,1
chen2023,130,6,the,1.5310,2.9243,-1.3933,9,1
chen2023,130,7,student,2.7392,9.1616,-6.4224,9,1
chen2023,130,8,.,1.7558,2.3026,-0.5467,9,1
chen2023,130,9,<eos>,5.0625,2.3026,2.7599,9,1
chen2023,131,0,The,2.4213,2.9243,-0.5030,9,1
chen2023,131,1,shop,2.9355,9.4861,-6.5506,9,1
chen2023,131,2,sold,6.6714,9.2797,-2.6083,9,1
chen2023,131,3,the,1.7933,2.9243,-1.1311,9,1
chen2023,131,4,student,6.2811,9.1616,-2.8804,9,1
chen2023,131,5,to,2.6641,3.6156,-0.9515,9,1
chen2023,131,6,the,1.1994,2.9243,-1.7249,9,1
chen2023,131,7,bike,4.2386,10.2921,-6.0535,9,1
chen2023,131,8,.,2.3119,2.3026,0.0093,9,1
chen2023,131,9,<eos>,5.1911,2.3026,2.8885,9,1
chen2023,132,0,The,1.5981,2.9243,-1.3263,8,1
chen2023,132,1,janitor,0.7863,13.3581,-12.5718,8,1
chen2023,132,2,lent,11.7888,12.0892,-0.3004,8,1
chen2023,132,3,the,0.7126,2.9243,-2.2117,8,1
chen2023,132,4,teacher,3.6930,9.4861,-5.7931,8,1
chen2023,132,5,the,1.7633,2.9243,-1.1610,8,1
chen2023,132,6,mop,2.1983,12.9194,-10.7212,8,1
chen2023,132,7,.,2.4110,2.3026,0.1085,8,1
chen2023,132,8,<eos>,4.4942,2.3026,2.1916,8,1
chen2023,133,0,The,1.5981,2.9243,-1.3263,8,1
chen2023,133,1,janitor,0.7863,13.3581,-12.5718,8,1
chen2023,133,2,lent,11.7888,12.0892,-0.3004,8,1
chen2023,133,3,the,0.7126,2.9243,-2.2117,8,1
chen2023,133,4,mop,2.6520,12.9194,-10.2675,8,1
chen2023,133,5,the,4.7905,2.9243,1.8662,8,1
chen2023,133,6,teacher,5.3265,9.4861,-4.1596,8,1
chen2023,133,7,.,2.8245,2.3026,0.5219,8,1
chen2023,133,8,<eos>,4.4417,2.3026,2.1391,8,1
chen2023,134,0,The,1.5980,2.9243,-1.3264,9,1
chen2023,134,1,janitor,0.7869,13.3581,-12.5712,9,1
chen2023,134,2,lent,11.7893,12.0892,-0.2998,9,1
chen2023,134,3,the,0.7126,2.9243,-2.2117,9,1
chen2023,134,4,mop,2.6519,12.9194,-10.2675,9,1
chen2023,134,5,to,0.9247,3.6156,-2.6909,9,1
chen2023,134,6,the,0.3887,2.9243,-2.5356,9,1
chen2023,134,7,teacher,3.4792,9.4861,-6.0069,9,1
chen2023,134,8,.,1.7823,2.3026,-0.5203,9,1
chen2023,134,9,<eos>,4.2313,2.3026,1.9287,9,1
chen2023,135,0,The,1.5980,2.9243,-1.3264,9,1
chen2023,135,1,janitor,0.7869,13.3581,-12.5712,9,1
chen2023,135,2,lent,11.7893,12.0892,-0.2998,9,1
chen2023,135,3,the,0.7126,2.9243,-2.2117,9,1
chen2023,135,4,teacher,3.6921,9.4861,-5.7940,9,1
chen2023,135,5,to,2.7460,3.6156,-0.8696,9,1
chen2023,135,6,the,0.4566,2.9243,-2.4677,9,1
chen2023,135,7,mop,2.7735,12.9194,-10.1459,9,1
chen2023,135,8,.,1.8096,2.3026,-0.4930,9,1
chen2023,135,9,<eos>,4.1613,2.3026,1.8587,9,1
chen2023,136,0,The,1.7132,2.9243,-1.2111,9,1
chen2023,136,1,car,3.2506,8.1736,-4.9230,9,1
chen2023,136,2,dealer,1.5483,11.0747,-9.5264,9,1
chen2023,136,3,leased,10.1847,12.3876,-2.2029,9,1
chen2023,136,4,the,0.7114,2.9243,-2.2129,9,1
chen2023,136,5,plumber,4.0317,12.9870,-8.9552,9,1
chen2023,136,6,the,1.8435,2.9243,-1.0808,9,1
chen2023,136,7,SUV,1.9654,12.4119,-10.4464,9,1
chen2023,136,8,.,1.8719,2.3026,-0.4307,9,1
chen2023,136,9,<eos>,4.6641,2.3026,2.3615,9,1
chen2023,137,0,The,1.7132,2.9243,-1.2111,9,1
chen2023,137,1,car,3.2506,8.1736,-4.9230,9,1
chen2023,137,2,dealer,1.5483,11.0747,-9.5264,9,1
chen2023,137,3,leased,10.1847,12.3876,-2.2029,9,1
chen2023,137,4,the,0.7114,2.9243,-2.2129,9,1
chen2023,137,5,SUV,2.8615,12.4119,-9.5504,9,1
chen2023,137,6,the,3.9002,2.9243,0.9758,9,1
chen2023,137,7,plumber,4.5258,12.9870,-8.4612,9,1
chen2023,137,8,.,3.3469,2.3026,1.0443,9,1
chen2023,137,9,<eos>,4.4649,2.3026,2.1623,9,1
chen2023,138,0,The,1.7132,2.9243,-1.2111,10,1
chen2023,138,1,car,3.2506,8.1736,-4.9230,10,1
chen2023,138,2,dealer,1.5483,11.0747,-9.5264,10,1
chen2023,138,3,leased,10.1847,12.3876,-2.2029,10,1
chen2023,138,4,the,0.7114,2.9243,-2.2129,10,1
chen2023,138,5,SUV,2.8615,12.4119,-9.5504,10,1
chen2023,138,6,to,1.2184,3.6156,-2.3972,10,1
chen2023,138,7,the,0.9570,2.9243,-1.9673,10,1
chen2023,138,8,plumber,3.9700,12.9870,-9.0169,10,1
chen2023,138,9,.,1.8662,2.3026,-0.4364,10,1
chen2023,138,10,<eos>,4.4316,2.3026,2.1290,10,1
chen2023,139,0,The,1.7132,2.9243,-1.2111,10,1
chen2023,139,1,car,3.2506,8.1736,-4.9230,10,1
chen2023,139,2,dealer,1.5483,11.0747,-9.5264,10,1
chen2023,139,3,leased,10.1847,12.3876,-2.2029,10,1
chen2023,139,4,the,0.7114,2.9243,-2.2129,10,1
chen2023,139,5,plumber,4.0317,12.9870,-8.9552,10,1
chen2023,139,6,to,1.7647,3.6156,-1.8509,10,1
chen2023,139,7,the,1.0162,2.9243,-1.9081,10,1
chen2023,139,8,SUV,6.6811,12.4119,-5.7307,10,1
chen2023,139,9,.,1.7937,2.3026,-0.5089,10,1
chen2023,139,10,<eos>,4.4022,2.3026,2.0996,10,1
chen2023,140,0,The,2.0731,2.9243,-0.8513,8,1
chen2023,140,1,host,3.2691,9.7397,-6.4705,8,1
chen2023,140,2,tossed,9.3916,12.0892,-2.6976,8,1
chen2023,140,3,the,1.9589,2.9243,-0.9654,8,1
chen2023,140,4,contestant,2.9739,12.7103,-9.7363,8,1
chen2023,140,5,the,3.9499,2.9243,1.0256,8,1
chen2023,140,6,microphone,6.8126,12.1573,-5.3447,8,1
chen2023,140,7,.,1.9550,2.3026,-0.3476,8,1
chen2023,140,8,<eos>,4.7941,2.3026,2.4915,8,1
chen2023,141,0,The,2.0731,2.9243,-0.8513,8,1
chen2023,141,1,host,3.2691,9.7397,-6.4705,8,1
chen2023,141,2,tossed,9.3916,12.0892,-2.6976,8,1
chen2023,141,3,the,1.9589,2.9243,-0.9654,8,1
chen2023,141,4,microphone,3.6869,12.1573,-8.4704,8,1
chen2023,141,5,the,6.7058,2.9243,3.7814,8,1
chen2023,141,6,contestant,4.1260,12.7103,-8.5843,8,1
chen2023,141,7,.,5.2121,2.3026,2.9096,8,1
chen2023,141,8,<eos>,4.6810,2.3026,2.3784,8,1
chen2023,142,0,The,2.0731,2.9243,-0.8513,9,1
chen2023,142,1,host,3.2691,9.7397,-6.4705,9,1
chen2023,142,2,tossed,9.3916,12.0892,-2.6976,9,1
chen2023,142,3,the,1.9589,2.9243,-0.9654,9,1
chen2023,142,4,microphone,3.6877,12.1573,-8.4696,9,1
chen2023,142,5,to,2.0706,3.6156,-1.5450,9,1
chen2023,142,6,the,0.8714,2.9243,-2.0530,9,1
chen2023,142,7,contestant,6.1151,12.7103,-6.5952,9,1
chen2023,142,8,.,1.2514,2.3026,-1.0512,9,1
chen2023,142,9,<eos>,4.6475,2.3026,2.3449,9,1
chen2023,143,0,The,2.0731,2.9243,-0.8513,9,1
chen2023,143,1,host,3.2691,9.7397,-6.4705,9,1
chen2023,143,2,tossed,9.3916,12.0892,-2.6976,9,1
chen2023,143,3,the,1.9589,2.9243,-0.9654,9,1
chen2023,143,4,contestant,2.9740,12.7103,-9.7363,9,1
chen2023,143,5,to,2.3512,3.6156,-1.2644,9,1
chen2023,143,6,the,1.0555,2.9243,-1.8688,9,1
chen2023,143,7,microphone,4.1924,12.1573,-7.9648,9,1
chen2023,143,8,.,1.4139,2.3026,-0.8886,9,1
chen2023,143,9,<eos>,4.6377,2.3026,2.3352,9,1
chen2023,144,0,The,1.7899,2.9243,-1.1344,8,1
chen2023,144,1,quarterback,2.1960,11.6283,-9.4323,8,1
chen2023,144,2,passed,5.6448,9.3943,-3.7495,8,1
chen2023,144,3,the,1.5376,2.9243,-1.3867,8,1
chen2023,144,4,receiver,2.6934,11.3059,-8.6126,8,1
chen2023,144,5,the,5.9910,2.9243,3.0667,8,1
chen2023,144,6,ball,2.9328,9.1150,-6.1823,8,1
chen2023,144,7,.,2.7689,2.3026,0.4663,8,1
chen2023,144,8,<eos>,5.4059,2.3026,3.1033,8,1
chen2023,145,0,The,1.7899,2.9243,-1.1344,8,1
chen2023,145,1,quarterback,2.1960,11.6283,-9.4323,8,1
chen2023,145,2,passed,5.6448,9.3943,-3.7495,8,1
chen2023,145,3,the,1.5376,2.9243,-1.3867,8,1
chen2023,145,4,ball,1.1135,9.1150,-8.0015,8,1
chen2023,145,5,the,6.0224,2.9243,3.0981,8,1
chen2023,145,6,receiver,3.8818,11.3059,-7.4241,8,1
chen2023,145,7,.,3.9808,2.3026,1.6782,8,1
chen2023,145,8,<eos>,5.4553,2.3026,3.1527,8,1
chen2023,146,0,The,1.7899,2.9243,-1.1344,9,1
chen2023,146,1,quarterback,2.1960,11.6283,-9.4323,9,1
chen2023,146,2,passed,5.6448,9.3943,-3.7495,9,1
chen2023,146,3,the,1.5376,2.9243,-1.3867,9,1
chen2023,146,4,ball,1.1135,9.1150,-8.0015,9,1
chen2023,146,5,to,2.0236,3.6156,-1.5920,9,1
chen2023,146,6,the,0.5104,2.9243,-2.4140,9,1
chen2023,146,7,receiver,2.0743,11.3059,-9.2316,9,1
chen2023,146,8,.,1.3262,2.3026,-0.9764,9,1
chen2023,146,9,<eos>,5.5259,2.3026,3.2233,9,1
chen2023,147,0,The,1.7899,2.9243,-1.1344,9,1
chen2023,147,1,quarterback,2.1960,11.6283,-9.4323,9,1
chen2023,147,2,passed,5.6448,9.3943,-3.7495,9,1
chen2023,147,3,the,1.5376,2.9243,-1.3867,9,1
chen2023,147,4,receiver,2.6934,11.3059,-8.6126,9,1
chen2023,147,5,to,2.1827,3.6156,-1.4330,9,1
chen2023,147,6,the,0.9108,2.9243,-2.0135,9,1
chen2023,147,7,ball,4.5623,9.1150,-4.5527,9,1
chen2023,147,8,.,1.7292,2.3026,-0.5734,9,1
chen2023,147,9,<eos>,5.3495,2.3026,3.0469,9,1
chen2023,148,0,The,2.0895,2.9243,-0.8348,8,1
chen2023,148,1,videostore,8.1533,18.4207,-10.2673,8,1
chen2023,148,2,rented,9.9331,11.7887,-1.8556,8,1
chen2023,148,3,the,1.3405,2.9243,-1.5838,8,1
chen2023,148,4,customer,6.6671,10.1093,-3.4422,8,1
chen2023,148,5,the,4.3186,2.9243,1.3942,8,1
chen2023,148,6,DVD,3.7492,10.9363,-7.1871,8,1
chen2023,148,7,.,2.4646,2.3026,0.1620,8,1
chen2023,148,8,<eos>,4.6289,2.3026,2.3263,8,1
chen2023,149,0,The,2.0895,2.9243,-0.8348,8,1
chen2023,149,1,videostore,8.1533,18.4207,-10.2673,8,1
chen2023,149,2,rented,9.9331,11.7887,-1.8556,8,1
chen2023,149,3,the,1.3405,2.9243,-1.5838,8,1
chen2023,149,4,DVD,1.1169,10.9363,-9.8194,8,1
chen2023,149,5,the,5.6334,2.9243,2.7091,8,1
chen2023,149,6,customer,7.7888,10.1093,-2.3205,8,1
chen2023,149,7,.,5.6297,2.3026,3.3271,8,1
chen2023,149,8,<eos>,4.6358,2.3026,2.3332,8,1
chen2023,150,0,The,2.0893,2.9243,-0.8350,9,1
chen2023,150,1,videostore,8.1478,18.4207,-10.2729,9,1
chen2023,150,2,rented,9.9331,11.7887,-1.8556,9,1
chen2023,150,3,the,1.3404,2.9243,-1.5840,9,1
chen2023,150,4,DVD,1.1171,10.9363,-9.8192,9,1
chen2023,150,5,to,2.0279,3.6156,-1.5877,9,1
chen2023,150,6,the,2.2414,2.9243,-0.6830,9,1
chen2023,150,7,customer,1.9731,10.1093,-8.1362,9,1
chen2023,150,8,.,1.9177,2.3026,-0.3849,9,1
chen2023,150,9,<eos>,4.4252,2.3026,2.1226,9,1
chen2023,151,0,The,2.0893,2.9243,-0.8350,9,1
chen2023,151,1,videostore,8.1478,18.4207,-10.2729,9,1
chen2023,151,2,rented,9.9331,11.7887,-1.8556,9,1
chen2023,151,3,the,1.3404,2.9243,-1.5840,9,1
chen2023,151,4,customer,6.6676,10.1093,-3.4416,9,1
chen2023,151,5,to,4.1222,3.6156,0.5066,9,1
chen2023,151,6,the,1.6749,2.9243,-1.2494,9,1
chen2023,151,7,DVD,3.4577,10.9363,-7.4786,9,1
chen2023,151,8,.,2.7479,2.3026,0.4453,9,1
chen2023,151,9,<eos>,4.4060,2.3026,2.1034,9,1
chen2023,152,0,The,1.7709,2.9243,-1.1534,8,1
chen2023,152,1,bartender,1.5339,12.6649,-11.1310,8,1
chen2023,152,2,handed,4.9262,10.5459,-5.6198,8,1
chen2023,152,3,the,0.5551,2.9243,-2.3692,8,1
chen2023,152,4,lady,4.1570,9.3258,-5.1687,8,1
chen2023,152,5,the,2.4484,2.9243,-0.4760,8,1
chen2023,152,6,drink,1.0275,9.4410,-8.4136,8,1
chen2023,152,7,.,1.4382,2.3026,-0.8644,8,1
chen2023,152,8,<eos>,4.9275,2.3026,2.6249,8,1
chen2023,153,0,The,1.7709,2.9243,-1.1534,8,1
chen2023,153,1,bartender,1.5339,12.6649,-11.1310,8,1
chen2023,153,2,handed,4.9262,10.5459,-5.6198,8,1
chen2023,153,3,the,0.5551,2.9243,-2.3692,8,1
chen2023,153,4,drink,0.7123,9.4410,-8.7287,8,1
chen2023,153,5,the,4.8387,2.9243,1.9143,8,1
chen2023,153,6,lady,4.4549,9.3258,-4.8708,8,1
chen2023,153,7,.,2.7693,2.3026,0.4667,8,1
chen2023,153,8,<eos>,4.9542,2.3026,2.6516,8,1
chen2023,154,0,The,1.7709,2.9243,-1.1534,9,1
chen2023,154,1,bartender,1.5339,12.6649,-11.1310,9,1
chen2023,154,2,handed,4.9262,10.5459,-5.6198,9,1
chen2023,154,3,the,0.5551,2.9243,-2.3692,9,1
chen2023,154,4,drink,0.7123,9.4410,-8.7287,9,1
chen2023,154,5,to,0.8852,3.6156,-2.7304,9,1
chen2023,154,6,the,0.5707,2.9243,-2.3536,9,1
chen2023,154,7,lady,0.9726,9.3258,-8.3531,9,1
chen2023,154,8,.,1.2013,2.3026,-1.1012,9,1
chen2023,154,9,<eos>,4.7800,2.3026,2.4774,9,1
chen2023,155,0,The,1.7709,2.9243,-1.1534,9,1
chen2023,155,1,bartender,1.5339,12.6649,-11.1310,9,1
chen2023,155,2,handed,4.9262,10.5459,-5.6198,9,1
chen2023,155,3,the,0.5551,2.9243,-2.3692,9,1
chen2023,155,4,lady,4.1570,9.3258,-5.1687,9,1
chen2023,155,5,to,2.0873,3.6156,-1.5284,9,1
chen2023,155,6,the,0.5920,2.9243,-2.3323,9,1
chen2023,155,7,drink,6.5497,9.4410,-2.8914,9,1
chen2023,155,8,.,1.3590,2.3026,-0.9436,9,1
chen2023,155,9,<eos>,4.7245,2.3026,2.4219,9,1
chen2023,156,0,The,1.9298,2.9243,-0.9945,8,1
chen2023,156,1,magician,3.0043,12.5947,-9.5904,8,1
chen2023,156,2,threw,4.8467,10.4551,-5.6084,8,1
chen2023,156,3,the,1.5959,2.9243,-1.3284,8,1
chen2023,156,4,assistant,8.8805,9.8547,-0.9742,8,1
chen2023,156,5,the,5.0625,2.9243,2.1381,8,1
chen2023,156,6,hat,6.0009,10.2921,-4.2912,8,1
chen2023,156,7,.,3.1861,2.3026,0.8835,8,1
chen2023,156,8,<eos>,4.7638,2.3026,2.4613,8,1
chen2023,157,0,The,1.9298,2.9243,-0.9945,8,1
chen2023,157,1,magician,3.0043,12.5947,-9.5904,8,1
chen2023,157,2,threw,4.8467,10.4551,-5.6084,8,1
chen2023,157,3,the,1.5959,2.9243,-1.3284,8,1
chen2023,157,4,hat,2.4476,10.2921,-7.8445,8,1
chen2023,157,5,the,6.6549,2.9243,3.7306,8,1
chen2023,157,6,assistant,7.1154,9.8547,-2.7393,8,1
chen2023,157,7,.,5.7964,2.3026,3.4939,8,1
chen2023,157,8,<eos>,4.9242,2.3026,2.6216,8,1
chen2023,158,0,The,1.9298,2.9243,-0.9945,9,1
chen2023,158,1,magician,3.0043,12.5947,-9.5904,9,1
chen2023,158,2,threw,4.8467,10.4551,-5.6084,9,1
chen2023,158,3,the,1.5959,2.9243,-1.3284,9,1
chen2023,158,4,hat,2.4476,10.2921,-7.8445,9,1
chen2023,158,5,to,2.5970,3.6156,-1.0186,9,1
chen2023,158,6,the,0.5578,2.9243,-2.3665,9,1
chen2023,158,7,assistant,6.0383,9.8547,-3.8164,9,1
chen2023,158,8,.,1.6528,2.3026,-0.6498,9,1
chen2023,158,9,<eos>,4.7356,2.3026,2.4330,9,1
chen2023,159,0,The,1.9298,2.9243,-0.9945,9,1
chen2023,159,1,magician,3.0043,12.5947,-9.5904,9,1
chen2023,159,2,threw,4.8467,10.4551,-5.6084,9,1
chen2023,159,3,the,1.5959,2.9243,-1.3284,9,1
chen2023,159,4,assistant,8.8805,9.8547,-0.9742,9,1
chen2023,159,5,to,2.6916,3.6156,-0.9240,9,1
chen2023,159,6,the,0.4547,2.9243,-2.4697,9,1
chen2023,159,7,hat,7.4744,10.2921,-2.8177,9,1
chen2023,159,8,.,1.9332,2.3026,-0.3694,9,1
chen2023,159,9,<eos>,4.6517,2.3026,2.3491,9,1
chen2023,160,0,The,1.9155,2.9243,-1.0088,8,1
chen2023,160,1,sister,11.0121,9.3258,1.6863,8,1
chen2023,160,2,mailed,10.8873,12.6649,-1.7777,8,1
chen2023,160,3,the,1.0812,2.9243,-1.8431,8,1
chen2023,160,4,niece,12.9501,11.9269,1.0232,8,1
chen2023,160,5,the,3.4260,2.9243,0.5016,8,1
chen2023,160,6,letter,1.9891,9.3258,-7.3366,8,1
chen2023,160,7,.,2.3401,2.3026,0.0375,8,1
chen2023,160,8,<eos>,4.0782,2.3026,1.7756,8,1
chen2023,161,0,The,1.9155,2.9243,-1.0088,8,1
chen2023,161,1,sister,11.0121,9.3258,1.6863,8,1
chen2023,161,2,mailed,10.8873,12.6649,-1.7777,8,1
chen2023,161,3,the,1.0812,2.9243,-1.8431,8,1
chen2023,161,4,letter,3.3550,9.3258,-5.9708,8,1
chen2023,161,5,the,5.4920,2.9243,2.5676,8,1
chen2023,161,6,niece,10.7149,11.9269,-1.2121,8,1
chen2023,161,7,.,4.4464,2.3026,2.1438,8,1
chen2023,161,8,<eos>,4.3670,2.3026,2.0644,8,1
chen2023,162,0,The,1.9155,2.9243,-1.0088,9,1
chen2023,162,1,sister,11.0121,9.3258,1.6863,9,1
chen2023,162,2,mailed,10.8873,12.6649,-1.7777,9,1
chen2023,162,3,the,1.0813,2.9243,-1.8430,9,1
chen2023,162,4,letter,3.3559,9.3258,-5.9699,9,1
chen2023,162,5,to,0.8529,3.6156,-2.7627,9,1
chen2023,162,6,the,0.7316,2.9243,-2.1928,9,1
chen2023,162,7,niece,10.0586,11.9269,-1.8683,9,1
chen2023,162,8,.,2.6513,2.3026,0.3487,9,1
chen2023,162,9,<eos>,4.0726,2.3026,1.7700,9,1
chen2023,163,0,The,1.9155,2.9243,-1.0088,9,1
chen2023,163,1,sister,11.0121,9.3258,1.6863,9,1
chen2023,163,2,mailed,10.8873,12.6649,-1.7777,9,1
chen2023,163,3,the,1.0813,2.9243,-1.8430,9,1
chen2023,163,4,niece,12.9483,11.9269,1.0214,9,1
chen2023,163,5,to,1.3419,3.6156,-2.2737,9,1
chen2023,163,6,the,0.7608,2.9243,-2.1636,9,1
chen2023,163,7,letter,6.2993,9.3258,-3.0265,9,1
chen2023,163,8,.,1.9697,2.3026,-0.3329,9,1
chen2023,163,9,<eos>,3.9301,2.3026,1.6276,9,1
chen2023,164,0,The,2.0227,2.9243,-0.9017,8,1
chen2023,164,1,mother,2.1352,8.6565,-6.5213,8,1
chen2023,164,2,gave,3.6102,8.6337,-5.0236,8,1
chen2023,164,3,the,1.1731,2.9243,-1.7513,8,1
chen2023,164,4,daughter,4.3205,9.0533,-4.7329,8,1
chen2023,164,5,the,1.8981,2.9243,-1.0263,8,1
chen2023,164,6,candle,11.3718,11.7887,-0.4169,8,1
chen2023,164,7,.,2.1495,2.3026,-0.1530,8,1
chen2023,164,8,<eos>,4.7734,2.3026,2.4708,8,1
chen2023,165,0,The,2.0227,2.9243,-0.9017,8,1
chen2023,165,1,mother,2.1352,8.6565,-6.5213,8,1
chen2023,165,2,gave,3.6102,8.6337,-5.0236,8,1
chen2023,165,3,the,1.1731,2.9243,-1.7513,8,1
chen2023,165,4,candle,12.0872,11.7887,0.2985,8,1
chen2023,165,5,the,3.4268,2.9243,0.5025,8,1
chen2023,165,6,daughter,6.4234,9.0533,-2.6300,8,1
chen2023,165,7,.,2.9560,2.3026,0.6534,8,1
chen2023,165,8,<eos>,4.7312,2.3026,2.4286,8,1
chen2023,166,0,The,2.0227,2.9243,-0.9017,9,1
chen2023,166,1,mother,2.1352,8.6565,-6.5213,9,1
chen2023,166,2,gave,3.6102,8.6337,-5.0236,9,1
chen2023,166,3,the,1.1731,2.9243,-1.7513,9,1
chen2023,166,4,candle,12.0872,11.7887,0.2985,9,1
chen2023,166,5,to,1.0559,3.6156,-2.5598,9,1
chen2023,166,6,the,0.7635,2.9243,-2.1609,9,1
chen2023,166,7,daughter,4.5208,9.0533,-4.5325,9,1
chen2023,166,8,.,1.7769,2.3026,-0.5257,9,1
chen2023,166,9,<eos>,4.8505,2.3026,2.5479,9,1
chen2023,167,0,The,2.8860,2.9243,-0.0383,9,1
chen2023,167,1,mother,10.0639,8.6565,1.4074,9,1
chen2023,167,2,gave,5.1844,8.6337,-3.4494,9,1
chen2023,167,3,the,2.1400,2.9243,-0.7844,9,1
chen2023,167,4,daughter,5.5135,9.0533,-3.5398,9,1
chen2023,167,5,to,3.9356,3.6156,0.3200,9,1
chen2023,167,6,the,1.9043,2.9243,-1.0201,9,1
chen2023,167,7,candle,11.7398,11.7887,-0.0489,9,1
chen2023,167,8,.,1.8376,2.3026,-0.4650,9,1
chen2023,167,9,<eos>,4.8416,2.3026,2.5390,9,1
chen2023,168,0,The,2.6795,2.9243,-0.2449,8,1
chen2023,168,1,uncle,11.0972,10.4762,0.6210,8,1
chen2023,168,2,sold,8.2822,9.2797,-0.9975,8,1
chen2023,168,3,the,1.3271,2.9243,-1.5972,8,1
chen2023,168,4,father,9.2801,8.6115,0.6686,8,1
chen2023,168,5,the,5.3754,2.9243,2.4511,8,1
chen2023,168,6,truck,6.5621,10.0382,-3.4761,8,1
chen2023,168,7,.,1.9778,2.3026,-0.3248,8,1
chen2023,168,8,<eos>,4.8318,2.3026,2.5292,8,1
chen2023,169,0,The,2.6795,2.9243,-0.2449,8,1
chen2023,169,1,uncle,11.0972,10.4762,0.6210,8,1
chen2023,169,2,sold,8.2822,9.2797,-0.9975,8,1
chen2023,169,3,the,1.3271,2.9243,-1.5972,8,1
chen2023,169,4,truck,7.7996,10.0382,-2.2386,8,1
chen2023,169,5,the,5.0005,2.9243,2.0761,8,1
chen2023,169,6,father,6.4788,8.6115,-2.1327,8,1
chen2023,169,7,.,5.1883,2.3026,2.8857,8,1
chen2023,169,8,<eos>,5.0453,2.3026,2.7427,8,1
chen2023,170,0,The,2.6795,2.9243,-0.2449,9,1
chen2023,170,1,uncle,11.0972,10.4762,0.6210,9,1
chen2023,170,2,sold,8.2822,9.2797,-0.9975,9,1
chen2023,170,3,the,1.3271,2.9243,-1.5972,9,1
chen2023,170,4,truck,7.7996,10.0382,-2.2386,9,1
chen2023,170,5,to,1.9438,3.6156,-1.6718,9,1
chen2023,170,6,the,1.3750,2.9243,-1.5493,9,1
chen2023,170,7,father,5.5558,8.6115,-3.0557,9,1
chen2023,170,8,.,1.6672,2.3026,-0.6354,9,1
chen2023,170,9,<eos>,4.8457,2.3026,2.5431,9,1
chen2023,171,0,The,2.6795,2.9243,-0.2449,9,1
chen2023,171,1,uncle,11.0972,10.4762,0.6210,9,1
chen2023,171,2,sold,8.2822,9.2797,-0.9975,9,1
chen2023,171,3,the,1.3271,2.9243,-1.5972,9,1
chen2023,171,4,father,9.2801,8.6115,0.6686,9,1
chen2023,171,5,to,2.5400,3.6156,-1.0757,9,1
chen2023,171,6,the,1.2764,2.9243,-1.6479,9,1
chen2023,171,7,truck,7.4685,10.0382,-2.5696,9,1
chen2023,171,8,.,1.7448,2.3026,-0.5577,9,1
chen2023,171,9,<eos>,4.7749,2.3026,2.4723,9,1
chen2023,172,0,The,1.6527,2.9243,-1.2716,8,1
chen2023,172,1,contractor,11.2078,11.3306,-0.1228,8,1
chen2023,172,2,lent,10.3948,12.0892,-1.6944,8,1
chen2023,172,3,the,0.7183,2.9243,-2.2061,8,1
chen2023,172,4,homeowner,10.4933,13.3581,-2.8648,8,1
chen2023,172,5,the,1.4967,2.9243,-1.4276,8,1
chen2023,172,6,saw,9.9840,8.4264,1.5576,8,1
chen2023,172,7,.,4.2248,2.3026,1.9222,8,1
chen2023,172,8,<eos>,3.7230,2.3026,1.4204,8,1
chen2023,173,0,The,1.6527,2.9243,-1.2716,8,1
chen2023,173,1,contractor,11.2078,11.3306,-0.1228,8,1
chen2023,173,2,lent,10.3948,12.0892,-1.6944,8,1
chen2023,173,3,the,0.7183,2.9243,-2.2061,8,1
chen2023,173,4,saw,9.9290,8.4264,1.5026,8,1
chen2023,173,5,the,2.7137,2.9243,-0.2106,8,1
chen2023,173,6,homeowner,10.7989,13.3581,-2.5591,8,1
chen2023,173,7,.,3.4080,2.3026,1.1054,8,1
chen2023,173,8,<eos>,4.1984,2.3026,1.8958,8,1
chen2023,174,0,The,1.6527,2.9243,-1.2716,9,1
chen2023,174,1,contractor,11.2078,11.3306,-0.1228,9,1
chen2023,174,2,lent,10.3948,12.0892,-1.6944,9,1
chen2023,174,3,the,0.7183,2.9243,-2.2061,9,1
chen2023,174,4,saw,9.9299,8.4264,1.5034,9,1
chen2023,174,5,to,1.0292,3.6156,-2.5865,9,1
chen2023,174,6,the,0.4234,2.9243,-2.5009,9,1
chen2023,174,7,homeowner,11.2218,13.3581,-2.1363,9,1
chen2023,174,8,.,2.2500,2.3026,-0.0526,9,1
chen2023,174,9,<eos>,3.8605,2.3026,1.5579,9,1
chen2023,175,0,The,1.6527,2.9243,-1.2716,9,1
chen2023,175,1,contractor,11.2078,11.3306,-0.1228,9,1
chen2023,175,2,lent,10.3948,12.0892,-1.6944,9,1
chen2023,175,3,the,0.7183,2.9243,-2.2061,9,1
chen2023,175,4,homeowner,10.4934,13.3581,-2.8646,9,1
chen2023,175,5,to,3.0149,3.6156,-0.6008,9,1
chen2023,175,6,the,0.7167,2.9243,-2.2076,9,1
chen2023,175,7,saw,10.6512,8.4264,2.2248,9,1
chen2023,175,8,.,2.5126,2.3026,0.2100,9,1
chen2023,175,9,<eos>,3.3886,2.3026,1.0860,9,1
chen2023,176,0,The,1.9115,2.9243,-1.0128,9,1
chen2023,176,1,sailing,14.2983,11.5362,2.7621,9,1
chen2023,176,2,club,4.7956,8.7529,-3.9573,9,1
chen2023,176,3,leased,11.6048,12.3876,-0.7828,9,1
chen2023,176,4,the,0.9293,2.9243,-1.9950,9,1
chen2023,176,5,man,7.5430,7.3218,0.2212,9,1
chen2023,176,6,the,6.2118,2.9243,3.2875,9,1
chen2023,176,7,boat,3.7137,9.8778,-6.1641,9,1
chen2023,176,8,.,2.2194,2.3026,-0.0832,9,1
chen2023,176,9,<eos>,5.1485,2.3026,2.8459,9,1
chen2023,177,0,The,1.9115,2.9243,-1.0128,9,1
chen2023,177,1,sailing,14.2983,11.5362,2.7621,9,1
chen2023,177,2,club,4.7956,8.7529,-3.9573,9,1
chen2023,177,3,leased,11.6048,12.3876,-0.7828,9,1
chen2023,177,4,the,0.9293,2.9243,-1.9950,9,1
chen2023,177,5,boat,2.9270,9.8778,-6.9508,9,1
chen2023,177,6,the,5.2052,2.9243,2.2808,9,1
chen2023,177,7,man,6.5280,7.3218,-0.7938,9,1
chen2023,177,8,.,4.9991,2.3026,2.6965,9,1
chen2023,177,9,<eos>,5.4350,2.3026,3.1324,9,1
chen2023,178,0,The,1.9115,2.9243,-1.0128,10,1
chen2023,178,1,sailing,14.2983,11.5362,2.7621,10,1
chen2023,178,2,club,4.7956,8.7529,-3.9573,10,1
chen2023,178,3,leased,11.6048,12.3876,-0.7828,10,1
chen2023,178,4,the,0.9293,2.9243,-1.9950,10,1
chen2023,178,5,boat,2.9270,9.8778,-6.9508,10,1
chen2023,178,6,to,1.4386,3.6156,-2.1771,10,1
chen2023,178,7,the,1.0606,2.9243,-1.8637,10,1
chen2023,178,8,man,5.3008,7.3218,-2.0210,10,1
chen2023,178,9,.,2.6747,2.3026,0.3722,10,1
chen2023,178,10,<eos>,5.0444,2.3026,2.7418,10,1
chen2023,179,0,The,1.9115,2.9243,-1.0128,10,1
chen2023,179,1,sailing,14.2983,11.5362,2.7621,10,1
chen2023,179,2,club,4.7956,8.7529,-3.9573,10,1
chen2023,179,3,leased,11.6048,12.3876,-0.7828,10,1
chen2023,179,4,the,0.9293,2.9243,-1.9950,10,1
chen2023,179,5,man,7.5430,7.3218,0.2212,10,1
chen2023,179,6,to,2.4592,3.6156,-1.1564,10,1
chen2023,179,7,the,1.2523,2.9243,-1.6720,10,1
chen2023,179,8,boat,5.2435,9.8778,-4.6343,10,1
chen2023,179,9,.,1.9229,2.3026,-0.3797,10,1
chen2023,179,10,<eos>,5.1312,2.3026,2.8286,10,1
chen2023,180,0,The,2.2996,2.9243,-0.6248,8,1
chen2023,180,1,girl,3.9758,8.3349,-4.3591,8,1
chen2023,180,2,tossed,7.9605,12.0892,-4.1287,8,1
chen2023,180,3,the,1.4928,2.9243,-1.4316,8,1
chen2023,180,4,boy,6.0666,8.8183,-2.7517,8,1
chen2023,180,5,the,5.3168,2.9243,2.3924,8,1
chen2023,180,6,apple,9.9186,9.7637,0.1548,8,1
chen2023,180,7,.,2.4356,2.3026,0.1330,8,1
chen2023,180,8,<eos>,5.0497,2.3026,2.7471,8,1
chen2023,181,0,The,2.2996,2.9243,-0.6248,8,1
chen2023,181,1,girl,3.9758,8.3349,-4.3591,8,1
chen2023,181,2,tossed,7.9605,12.0892,-4.1287,8,1
chen2023,181,3,the,1.4928,2.9243,-1.4316,8,1
chen2023,181,4,apple,9.6800,9.7637,-0.0837,8,1
chen2023,181,5,the,6.0739,2.9243,3.1496,8,1
chen2023,181,6,boy,4.9804,8.8183,-3.8379,8,1
chen2023,181,7,.,4.8716,2.3026,2.5690,8,1
chen2023,181,8,<eos>,4.8611,2.3026,2.5585,8,1
chen2023,182,0,The,2.2996,2.9243,-0.6248,9,1
chen2023,182,1,girl,3.9751,8.3349,-4.3598,9,1
chen2023,182,2,tossed,7.9608,12.0892,-4.1284,9,1
chen2023,182,3,the,1.4928,2.9243,-1.4316,9,1
chen2023,182,4,apple,9.6802,9.7637,-0.0836,9,1
chen2023,182,5,to,2.9832,3.6156,-0.6324,9,1
chen2023,182,6,the,0.7246,2.9243,-2.1998,9,1
chen2023,182,7,boy,4.8788,8.8183,-3.9395,9,1
chen2023,182,8,.,1.6837,2.3026,-0.6189,9,1
chen2023,182,9,<eos>,4.7487,2.3026,2.4461,9,1
chen2023,183,0,The,2.2996,2.9243,-0.6248,9,1
chen2023,183,1,girl,3.9751,8.3349,-4.3598,9,1
chen2023,183,2,tossed,7.9608,12.0892,-4.1284,9,1
chen2023,183,3,the,1.4928,2.9243,-1.4316,9,1
chen2023,183,4,boy,6.0666,8.8183,-2.7517,9,1
chen2023,183,5,to,2.3731,3.6156,-1.2425,9,1
chen2023,183,6,the,0.4406,2.9243,-2.4838,9,1
chen2023,183,7,apple,10.8281,9.7637,1.0643,9,1
chen2023,183,8,.,2.3352,2.3026,0.0326,9,1
chen2023,183,9,<eos>,4.9370,2.3026,2.6344,9,1
chen2023,184,0,The,1.7818,2.9243,-1.1425,8,1
chen2023,184,1,daughter,10.7646,9.0533,1.7112,8,1
chen2023,184,2,passed,7.9414,9.3943,-1.4529,8,1
chen2023,184,3,the,1.7921,2.9243,-1.1322,8,1
chen2023,184,4,mother,10.2326,8.6565,1.5761,8,1
chen2023,184,5,the,5.6401,2.9243,2.7158,8,1
chen2023,184,6,bowl,9.4804,10.0613,-0.5809,8,1
chen2023,184,7,.,2.6687,2.3026,0.3661,8,1
chen2023,184,8,<eos>,4.5222,2.3026,2.2196,8,1
chen2023,185,0,The,1.7818,2.9243,-1.1425,8,1
chen2023,185,1,daughter,10.7646,9.0533,1.7112,8,1
chen2023,185,2,passed,7.9414,9.3943,-1.4529,8,1
chen2023,185,3,the,1.7921,2.9243,-1.1322,8,1
chen2023,185,4,bowl,9.5121,10.0613,-0.5492,8,1
chen2023,185,5,the,5.4585,2.9243,2.5342,8,1
chen2023,185,6,mother,9.3277,8.6565,0.6712,8,1
chen2023,185,7,.,5.8923,2.3026,3.5897,8,1
chen2023,185,8,<eos>,4.6475,2.3026,2.3449,8,1
chen2023,186,0,The,1.7818,2.9243,-1.1425,9,1
chen2023,186,1,daughter,10.7646,9.0533,1.7112,9,1
chen2023,186,2,passed,7.9414,9.3943,-1.4529,9,1
chen2023,186,3,the,1.7921,2.9243,-1.1322,9,1
chen2023,186,4,bowl,9.5121,10.0613,-0.5492,9,1
chen2023,186,5,to,3.1027,3.6156,-0.5129,9,1
chen2023,186,6,the,0.5525,2.9243,-2.3718,9,1
chen2023,186,7,mother,7.1386,8.6565,-1.5178,9,1
chen2023,186,8,.,2.1026,2.3026,-0.2000,9,1
chen2023,186,9,<eos>,4.5032,2.3026,2.2006,9,1
chen2023,187,0,The,1.7818,2.9243,-1.1425,9,1
chen2023,187,1,daughter,10.7646,9.0533,1.7112,9,1
chen2023,187,2,passed,7.9414,9.3943,-1.4529,9,1
chen2023,187,3,the,1.7921,2.9243,-1.1322,9,1
chen2023,187,4,mother,10.2326,8.6565,1.5761,9,1
chen2023,187,5,to,2.6986,3.6156,-0.9170,9,1
chen2023,187,6,the,0.9544,2.9243,-1.9699,9,1
chen2023,187,7,bowl,11.0886,10.0613,1.0272,9,1
chen2023,187,8,.,2.1731,2.3026,-0.1295,9,1
chen2023,187,9,<eos>,4.4504,2.3026,2.1478,9,1
chen2023,188,0,The,1.5845,2.9243,-1.3399,9,1
chen2023,188,1,scuba,12.3338,13.1026,-0.7687,9,1
chen2023,188,2,instructor,0.6636,11.4641,-10.8006,9,1
chen2023,188,3,rented,9.8475,11.7887,-1.9412,9,1
chen2023,188,4,the,0.6189,2.9243,-2.3054,9,1
chen2023,188,5,tourist,11.5300,11.0555,0.4745,9,1
chen2023,188,6,the,7.6245,2.9243,4.7002,9,1
chen2023,188,7,equipment,7.7541,9.4861,-1.7320,9,1
chen2023,188,8,.,2.0949,2.3026,-0.2077,9,1
chen2023,188,9,<eos>,5.0683,2.3026,2.7658,9,1
chen2023,189,0,The,1.5845,2.9243,-1.3399,9,1
chen2023,189,1,scuba,12.3338,13.1026,-0.7687,9,1
chen2023,189,2,instructor,0.6636,11.4641,-10.8006,9,1
chen2023,189,3,rented,9.8475,11.7887,-1.9412,9,1
chen2023,189,4,the,0.6189,2.9243,-2.3054,9,1
chen2023,189,5,equipment,5.6010,9.4861,-3.8851,9,1
chen2023,189,6,the,5.8643,2.9243,2.9399,9,1
chen2023,189,7,tourist,12.3048,11.0555,1.2493,9,1
chen2023,189,8,.,5.1119,2.3026,2.8093,9,1
chen2023,189,9,<eos>,4.8618,2.3026,2.5592,9,1
chen2023,190,0,The,1.5845,2.9243,-1.3399,10,1
chen2023,190,1,scuba,12.3338,13.1026,-0.7687,10,1
chen2023,190,2,instructor,0.6636,11.4641,-10.8006,10,1
chen2023,190,3,rented,9.8475,11.7887,-1.9412,10,1
chen2023,190,4,the,0.6189,2.9243,-2.3054,10,1
chen2023,190,5,equipment,5.6010,9.4861,-3.8851,10,1
chen2023,190,6,to,1.7449,3.6156,-1.8707,10,1
chen2023,190,7,the,1.0117,2.9243,-1.9126,10,1
chen2023,190,8,tourist,8.8091,11.0555,-2.2464,10,1
chen2023,190,9,.,2.3007,2.3026,-0.0019,10,1
chen2023,190,10,<eos>,4.7873,2.3026,2.4847,10,1
chen2023,191,0,The,1.5845,2.9243,-1.3399,10,1
chen2023,191,1,scuba,12.3338,13.1026,-0.7687,10,1
chen2023,191,2,instructor,0.6636,11.4641,-10.8006,10,1
chen2023,191,3,rented,9.8475,11.7887,-1.9412,10,1
chen2023,191,4,the,0.6189,2.9243,-2.3054,10,1
chen2023,191,5,tourist,11.5300,11.0555,0.4745,10,1
chen2023,191,6,to,6.5553,3.6156,2.9397,10,1
chen2023,191,7,the,0.9179,2.9243,-2.0064,10,1
chen2023,191,8,equipment,8.6954,9.4861,-0.7907,10,1
chen2023,191,9,.,1.4841,2.3026,-0.8185,10,1
chen2023,191,10,<eos>,4.9726,2.3026,2.6700,10,1
chen2023,192,0,The,1.5529,2.9243,-1.3714,8,1
chen2023,192,1,boy,3.2914,8.8183,-5.5269,8,1
chen2023,192,2,handed,6.3446,10.5459,-4.2014,8,1
chen2023,192,3,the,0.3907,2.9243,-2.5336,8,1
chen2023,192,4,girl,6.9549,8.3349,-1.3800,8,1
chen2023,192,5,the,2.2701,2.9243,-0.6543,8,1
chen2023,192,6,pencil,9.5177,11.6283,-2.1106,8,1
chen2023,192,7,.,2.3660,2.3026,0.0634,8,1
chen2023,192,8,<eos>,5.6836,2.3026,3.3810,8,1
chen2023,193,0,The,1.5529,2.9243,-1.3714,8,1
chen2023,193,1,boy,3.2914,8.8183,-5.5269,8,1
chen2023,193,2,handed,6.3446,10.5459,-4.2014,8,1
chen2023,193,3,the,0.3907,2.9243,-2.5336,8,1
chen2023,193,4,pencil,11.8957,11.6283,0.2674,8,1
chen2023,193,5,the,4.2925,2.9243,1.3682,8,1
chen2023,193,6,girl,6.3558,8.3349,-1.9791,8,1
chen2023,193,7,.,3.4642,2.3026,1.1616,8,1
chen2023,193,8,<eos>,5.7638,2.3026,3.4612,8,1
chen2023,194,0,The,1.5529,2.9243,-1.3714,9,1
chen2023,194,1,boy,3.2914,8.8183,-5.5269,9,1
chen2023,194,2,handed,6.3446,10.5459,-4.2014,9,1
chen2023,194,3,the,0.3907,2.9243,-2.5336,9,1
chen2023,194,4,pencil,11.8957,11.6283,0.2674,9,1
chen2023,194,5,to,1.2644,3.6156,-2.3512,9,1
chen2023,194,6,the,0.4810,2.9243,-2.4433,9,1
chen2023,194,7,girl,3.9634,8.3349,-4.3715,9,1
chen2023,194,8,.,1.7725,2.3026,-0.5301,9,1
chen2023,194,9,<eos>,5.5843,2.3026,3.2818,9,1
chen2023,195,0,The,1.5529,2.9243,-1.3714,9,1
chen2023,195,1,boy,3.2914,8.8183,-5.5269,9,1
chen2023,195,2,handed,6.3446,10.5459,-4.2014,9,1
chen2023,195,3,the,0.3907,2.9243,-2.5336,9,1
chen2023,195,4,girl,6.9549,8.3349,-1.3800,9,1
chen2023,195,5,to,1.8350,3.6156,-1.7806,9,1
chen2023,195,6,the,0.3750,2.9243,-2.5493,9,1
chen2023,195,7,pencil,11.1927,11.6283,-0.4356,9,1
chen2023,195,8,.,1.7223,2.3026,-0.5803,9,1
chen2023,195,9,<eos>,5.5802,2.3026,3.2776,9,1
chen2023,196,0,The,2.1280,2.9243,-0.7964,8,1
chen2023,196,1,nanny,10.0943,12.4571,-2.3628,8,1
chen2023,196,2,threw,6.6371,10.4551,-3.8181,8,1
chen2023,196,3,the,1.1071,2.9243,-1.8172,8,1
chen2023,196,4,child,6.0044,8.5172,-2.5128,8,1
chen2023,196,5,the,5.2702,2.9243,2.3459,8,1
chen2023,196,6,toy,7.0468,10.8198,-3.7730,8,1
chen2023,196,7,.,1.8832,2.3026,-0.4194,8,1
chen2023,196,8,<eos>,5.1045,2.3026,2.8019,8,1
chen2023,197,0,The,2.1280,2.9243,-0.7964,8,1
chen2023,197,1,nanny,10.0943,12.4571,-2.3628,8,1
chen2023,197,2,threw,6.6371,10.4551,-3.8181,8,1
chen2023,197,3,the,1.1071,2.9243,-1.8172,8,1
chen2023,197,4,toy,7.0915,10.8198,-3.7283,8,1
chen2023,197,5,the,6.6329,2.9243,3.7086,8,1
chen2023,197,6,child,5.0095,8.5172,-3.5077,8,1
chen2023,197,7,.,3.4967,2.3026,1.1941,8,1
chen2023,197,8,<eos>,5.0190,2.3026,2.7164,8,1
chen2023,198,0,The,2.1280,2.9243,-0.7964,9,1
chen2023,198,1,nanny,10.0943,12.4571,-2.3628,9,1
chen2023,198,2,threw,6.6371,10.4551,-3.8181,9,1
chen2023,198,3,the,1.1071,2.9243,-1.8172,9,1
chen2023,198,4,toy,7.0915,10.8198,-3.7283,9,1
chen2023,198,5,to,3.1053,3.6156,-0.5103,9,1
chen2023,198,6,the,0.5232,2.9243,-2.4011,9,1
chen2023,198,7,child,4.9704,8.5172,-3.5468,9,1
chen2023,198,8,.,1.1661,2.3026,-1.1365,9,1
chen2023,198,9,<eos>,4.7359,2.3026,2.4333,9,1
chen2023,199,0,The,2.1280,2.9243,-0.7964,9,1
chen2023,199,1,nanny,10.0943,12.4571,-2.3628,9,1
chen2023,199,2,threw,6.6371,10.4551,-3.8181,9,1
chen2023,199,3,the,1.1071,2.9243,-1.8172,9,1
chen2023,199,4,child,6.0044,8.5172,-2.5128,9,1
chen2023,199,5,to,2.4916,3.6156,-1.1241,9,1
chen2023,199,6,the,0.2175,2.9243,-2.7068,9,1
chen2023,199,7,toy,10.3496,10.8198,-0.4701,9,1
chen2023,199,8,.,1.7960,2.3026,-0.5066,9,1
chen2023,199,9,<eos>,5.0274,2.3026,2.7248,9,1
chen2023,200,0,The,1.8492,2.9243,-1.0751,8,1
chen2023,200,1,nephew,10.8840,11.4931,-0.6091,8,1
chen2023,200,2,mailed,11.9088,12.6649,-0.7562,8,1
chen2023,200,3,the,1.2383,2.9243,-1.6860,8,1
chen2023,200,4,aunt,10.0504,11.1414,-1.0910,8,1
chen2023,200,5,the,3.9974,2.9243,1.0730,8,1
chen2023,200,6,postcard,11.0393,12.8039,-1.7646,8,1
chen2023,200,7,.,1.6846,2.3026,-0.6180,8,1
chen2023,200,8,<eos>,3.8762,2.3026,1.5736,8,1
chen2023,201,0,The,1.8492,2.9243,-1.0751,8,1
chen2023,201,1,nephew,10.8840,11.4931,-0.6091,8,1
chen2023,201,2,mailed,11.9088,12.6649,-0.7562,8,1
chen2023,201,3,the,1.2383,2.9243,-1.6860,8,1
chen2023,201,4,postcard,11.8019,12.8039,-1.0020,8,1
chen2023,201,5,the,5.8436,2.9243,2.9193,8,1
chen2023,201,6,aunt,9.6041,11.1414,-1.5372,8,1
chen2023,201,7,.,3.1141,2.3026,0.8116,8,1
chen2023,201,8,<eos>,3.8469,2.3026,1.5443,8,1
chen2023,202,0,The,1.8494,2.9243,-1.0749,9,1
chen2023,202,1,nephew,10.8843,11.4931,-0.6088,9,1
chen2023,202,2,mailed,11.9084,12.6649,-0.7566,9,1
chen2023,202,3,the,1.2381,2.9243,-1.6863,9,1
chen2023,202,4,postcard,11.8019,12.8039,-1.0021,9,1
chen2023,202,5,to,1.1768,3.6156,-2.4388,9,1
chen2023,202,6,the,0.9961,2.9243,-1.9283,9,1
chen2023,202,7,aunt,6.8213,11.1414,-4.3201,9,1
chen2023,202,8,.,1.6643,2.3026,-0.6383,9,1
chen2023,202,9,<eos>,3.8256,2.3026,1.5230,9,1
chen2023,203,0,The,1.8494,2.9243,-1.0749,9,1
chen2023,203,1,nephew,10.8843,11.4931,-0.6088,9,1
chen2023,203,2,mailed,11.9084,12.6649,-0.7566,9,1
chen2023,203,3,the,1.2381,2.9243,-1.6863,9,1
chen2023,203,4,aunt,10.0503,11.1414,-1.0911,9,1
chen2023,203,5,to,1.4725,3.6156,-2.1431,9,1
chen2023,203,6,the,0.8190,2.9243,-2.1053,9,1
chen2023,203,7,postcard,12.4894,12.8039,-0.3145,9,1
chen2023,203,8,.,1.4188,2.3026,-0.8838,9,1
chen2023,203,9,<eos>,3.9531,2.3026,1.6506,9,1
chen2023,204,0,The,1.7044,2.9243,-1.2200,8,1
chen2023,204,1,father,4.4415,8.6115,-4.1700,8,1
chen2023,204,2,gave,4.3750,8.6337,-4.2587,8,1
chen2023,204,3,the,1.4431,2.9243,-1.4812,8,1
chen2023,204,4,son,5.8886,8.5632,-2.6746,8,1
chen2023,204,5,the,1.9775,2.9243,-0.9469,8,1
chen2023,204,6,car,6.4434,8.1736,-1.7302,8,1
chen2023,204,7,.,2.5715,2.3026,0.2689,8,1
chen2023,204,8,<eos>,4.9076,2.3026,2.6050,8,1
chen2023,205,0,The,1.7044,2.9243,-1.2200,8,1
chen2023,205,1,father,4.4415,8.6115,-4.1700,8,1
chen2023,205,2,gave,4.3750,8.6337,-4.2587,8,1
chen2023,205,3,the,1.4431,2.9243,-1.4812,8,1
chen2023,205,4,car,7.7483,8.1736,-0.4253,8,1
chen2023,205,5,the,1.8183,2.9243,-1.1061,8,1
chen2023,205,6,son,5.8348,8.5632,-2.7284,8,1
chen2023,205,7,.,3.6031,2.3026,1.3006,8,1
chen2023,205,8,<eos>,4.8821,2.3026,2.5796,8,1
chen2023,206,0,The,1.7044,2.9243,-1.2200,9,1
chen2023,206,1,father,4.4415,8.6115,-4.1700,9,1
chen2023,206,2,gave,4.3750,8.6337,-4.2587,9,1
chen2023,206,3,the,1.4431,2.9243,-1.4812,9,1
chen2023,206,4,car,7.7483,8.1736,-0.4253,9,1
chen2023,206,5,to,2.8178,3.6156,-0.7979,9,1
chen2023,206,6,the,0.8466,2.9243,-2.0778,9,1
chen2023,206,7,son,5.8684,8.5632,-2.6949,9,1
chen2023,206,8,.,1.9606,2.3026,-0.3420,9,1
chen2023,206,9,<eos>,4.9747,2.3026,2.6722,9,1
chen2023,207,0,The,1.7044,2.9243,-1.2200,9,1
chen2023,207,1,father,4.4415,8.6115,-4.1700,9,1
chen2023,207,2,gave,4.3750,8.6337,-4.2587,9,1
chen2023,207,3,the,1.4431,2.9243,-1.4812,9,1
chen2023,207,4,son,5.8886,8.5632,-2.6746,9,1
chen2023,207,5,to,3.6593,3.6156,0.0437,9,1
chen2023,207,6,the,1.2538,2.9243,-1.6706,9,1
chen2023,207,7,car,7.1427,8.1736,-1.0309,9,1
chen2023,207,8,.,2.0074,2.3026,-0.2952,9,1
chen2023,207,9,<eos>,5.0176,2.3026,2.7150,9,1
chen2023,208,0,The,1.9402,2.9243,-0.9842,8,1
chen2023,208,1,shop,6.5671,9.4861,-2.9190,8,1
chen2023,208,2,sold,7.8969,9.2797,-1.3828,8,1
chen2023,208,3,the,1.6311,2.9243,-1.2932,8,1
chen2023,208,4,student,8.0284,9.1616,-1.1332,8,1
chen2023,208,5,the,5.2877,2.9243,2.3633,8,1
chen2023,208,6,bike,9.2833,10.2921,-1.0088,8,1
chen2023,208,7,.,2.4088,2.3026,0.1062,8,1
chen2023,208,8,<eos>,4.2872,2.3026,1.9846,8,1
chen2023,209,0,The,1.9402,2.9243,-0.9842,8,1
chen2023,209,1,shop,6.5671,9.4861,-2.9190,8,1
chen2023,209,2,sold,7.8969,9.2797,-1.3828,8,1
chen2023,209,3,the,1.6311,2.9243,-1.2932,8,1
chen2023,209,4,bike,9.0454,10.2921,-1.2466,8,1
chen2023,209,5,the,5.2531,2.9243,2.3287,8,1
chen2023,209,6,student,6.4565,9.1616,-2.7051,8,1
chen2023,209,7,.,6.5553,2.3026,4.2527,8,1
chen2023,209,8,<eos>,4.3532,2.3026,2.0507,8,1
chen2023,210,0,The,1.9402,2.9243,-0.9842,9,1
chen2023,210,1,shop,6.5671,9.4861,-2.9190,9,1
chen2023,210,2,sold,7.8969,9.2797,-1.3828,9,1
chen2023,210,3,the,1.6311,2.9243,-1.2932,9,1
chen2023,210,4,bike,9.0454,10.2921,-1.2466,9,1
chen2023,210,5,to,2.0392,3.6156,-1.5764,9,1
chen2023,210,6,the,1.2697,2.9243,-1.6547,9,1
chen2023,210,7,student,4.8012,9.1616,-4.3604,9,1
chen2023,210,8,.,2.1937,2.3026,-0.1089,9,1
chen2023,210,9,<eos>,4.1505,2.3026,1.8479,9,1
chen2023,211,0,The,1.9402,2.9243,-0.9842,9,1
chen2023,211,1,shop,6.5671,9.4861,-2.9190,9,1
chen2023,211,2,sold,7.8969,9.2797,-1.3828,9,1
chen2023,211,3,the,1.6311,2.9243,-1.2932,9,1
chen2023,211,4,student,8.0284,9.1616,-1.1332,9,1
chen2023,211,5,to,3.1623,3.6156,-0.4533,9,1
chen2023,211,6,the,1.2856,2.9243,-1.6388,9,1
chen2023,211,7,bike,10.0228,10.2921,-0.2693,9,1
chen2023,211,8,.,2.7992,2.3026,0.4966,9,1
chen2023,211,9,<eos>,4.2632,2.3026,1.9606,9,1
chen2023,212,0,The,1.8994,2.9243,-1.0249,8,1
chen2023,212,1,janitor,10.9064,13.3581,-2.4517,8,1
chen2023,212,2,lent,10.8117,12.0892,-1.2775,8,1
chen2023,212,3,the,1.8497,2.9243,-1.0746,8,1
chen2023,212,4,teacher,7.5947,9.4861,-1.8914,8,1
chen2023,212,5,the,2.3913,2.9243,-0.5331,8,1
chen2023,212,6,mop,10.4616,12.9194,-2.4579,8,1
chen2023,212,7,.,2.7212,2.3026,0.4186,8,1
chen2023,212,8,<eos>,4.3907,2.3026,2.0881,8,1
chen2023,213,0,The,1.8994,2.9243,-1.0249,8,1
chen2023,213,1,janitor,10.9064,13.3581,-2.4517,8,1
chen2023,213,2,lent,10.8117,12.0892,-1.2775,8,1
chen2023,213,3,the,1.8497,2.9243,-1.0746,8,1
chen2023,213,4,mop,9.8718,12.9194,-3.0476,8,1
chen2023,213,5,the,3.7907,2.9243,0.8663,8,1
chen2023,213,6,teacher,8.6761,9.4861,-0.8100,8,1
chen2023,213,7,.,2.7586,2.3026,0.4560,8,1
chen2023,213,8,<eos>,4.5192,2.3026,2.2166,8,1
chen2023,214,0,The,1.8996,2.9243,-1.0247,9,1
chen2023,214,1,janitor,10.9052,13.3581,-2.4529,9,1
chen2023,214,2,lent,10.8111,12.0892,-1.2780,9,1
chen2023,214,3,the,1.8496,2.9243,-1.0748,9,1
chen2023,214,4,mop,9.8726,12.9194,-3.0468,9,1
chen2023,214,5,to,1.5698,3.6156,-2.0459,9,1
chen2023,214,6,the,0.6881,2.9243,-2.2362,9,1
chen2023,214,7,teacher,6.1632,9.4861,-3.3229,9,1
chen2023,214,8,.,1.5077,2.3026,-0.7949,9,1
chen2023,214,9,<eos>,4.4560,2.3026,2.1534,9,1
chen2023,215,0,The,1.8996,2.9243,-1.0247,9,1
chen2023,215,1,janitor,10.9052,13.3581,-2.4529,9,1
chen2023,215,2,lent,10.8111,12.0892,-1.2780,9,1
chen2023,215,3,the,1.8496,2.9243,-1.0748,9,1
chen2023,215,4,teacher,7.5969,9.4861,-1.8892,9,1
chen2023,215,5,to,2.6229,3.6156,-0.9927,9,1
chen2023,215,6,the,0.5897,2.9243,-2.3346,9,1
chen2023,215,7,mop,9.6336,12.9194,-3.2859,9,1
chen2023,215,8,.,2.0855,2.3026,-0.2170,9,1
chen2023,215,9,<eos>,4.3670,2.3026,2.0645,9,1
chen2023,216,0,The,2.0713,2.9243,-0.8530,9,1
chen2023,216,1,car,6.9753,8.1736,-1.1983,9,1
chen2023,216,2,dealer,7.4031,11.0747,-3.6716,9,1
chen2023,216,3,leased,11.3735,12.3876,-1.0141,9,1
chen2023,216,4,the,0.6677,2.9243,-2.2567,9,1
chen2023,216,5,plumber,11.1850,12.9870,-1.8019,9,1
chen2023,216,6,the,4.9684,2.9243,2.0440,9,1
chen2023,216,7,SUV,7.6101,12.4119,-4.8018,9,1
chen2023,216,8,.,2.2740,2.3026,-0.0286,9,1
chen2023,216,9,<eos>,5.1770,2.3026,2.8744,9,1
chen2023,217,0,The,2.0713,2.9243,-0.8530,9,1
chen2023,217,1,car,6.9753,8.1736,-1.1983,9,1
chen2023,217,2,dealer,7.4031,11.0747,-3.6716,9,1
chen2023,217,3,leased,11.3735,12.3876,-1.0141,9,1
chen2023,217,4,the,0.6677,2.9243,-2.2567,9,1
chen2023,217,5,SUV,6.7732,12.4119,-5.6386,9,1
chen2023,217,6,the,5.4325,2.9243,2.5082,9,1
chen2023,217,7,plumber,10.1596,12.9870,-2.8274,9,1
chen2023,217,8,.,2.7422,2.3026,0.4396,9,1
chen2023,217,9,<eos>,5.0304,2.3026,2.7279,9,1
chen2023,218,0,The,2.0713,2.9243,-0.8530,10,1
chen2023,218,1,car,6.9753,8.1736,-1.1983,10,1
chen2023,218,2,dealer,7.4031,11.0747,-3.6716,10,1
chen2023,218,3,leased,11.3735,12.3876,-1.0141,10,1
chen2023,218,4,the,0.6677,2.9243,-2.2567,10,1
chen2023,218,5,SUV,6.7732,12.4119,-5.6386,10,1
chen2023,218,6,to,1.2245,3.6156,-2.3911,10,1
chen2023,218,7,the,1.1445,2.9243,-1.7799,10,1
chen2023,218,8,plumber,8.4265,12.9870,-4.5604,10,1
chen2023,218,9,.,1.5550,2.3026,-0.7476,10,1
chen2023,218,10,<eos>,5.0438,2.3026,2.7412,10,1
chen2023,219,0,The,2.0713,2.9243,-0.8530,10,1
chen2023,219,1,car,6.9753,8.1736,-1.1983,10,1
chen2023,219,2,dealer,7.4031,11.0747,-3.6716,10,1
chen2023,219,3,leased,11.3735,12.3876,-1.0141,10,1
chen2023,219,4,the,0.6677,2.9243,-2.2567,10,1
chen2023,219,5,plumber,11.1850,12.9870,-1.8019,10,1
chen2023,219,6,to,1.7402,3.6156,-1.8754,10,1
chen2023,219,7,the,1.2091,2.9243,-1.7152,10,1
chen2023,219,8,SUV,10.6387,12.4119,-1.7732,10,1
chen2023,219,9,.,1.7831,2.3026,-0.5195,10,1
chen2023,219,10,<eos>,5.0258,2.3026,2.7232,10,1
chen2023,220,0,The,2.3946,2.9243,-0.5297,8,1
chen2023,220,1,host,10.3594,9.7397,0.6197,8,1
chen2023,220,2,tossed,10.4499,12.0892,-1.6393,8,1
chen2023,220,3,the,1.9619,2.9243,-0.9625,8,1
chen2023,220,4,contestant,10.1796,12.7103,-2.5307,8,1
chen2023,220,5,the,3.2020,2.9243,0.2776,8,1
chen2023,220,6,microphone,8.8307,12.1573,-3.3265,8,1
chen2023,220,7,.,2.4669,2.3026,0.1643,8,1
chen2023,220,8,<eos>,3.7721,2.3026,1.4695,8,1
chen2023,221,0,The,2.3946,2.9243,-0.5297,8,1
chen2023,221,1,host,10.3594,9.7397,0.6197,8,1
chen2023,221,2,tossed,10.4499,12.0892,-1.6393,8,1
chen2023,221,3,the,1.9619,2.9243,-0.9625,8,1
chen2023,221,4,microphone,7.5166,12.1573,-4.6407,8,1
chen2023,221,5,the,6.6802,2.9243,3.7559,8,1
chen2023,221,6,contestant,9.9466,12.7103,-2.7637,8,1
chen2023,221,7,.,5.1821,2.3026,2.8796,8,1
chen2023,221,8,<eos>,3.7025,2.3026,1.3999,8,1
chen2023,222,0,The,2.3946,2.9243,-0.5297,9,1
chen2023,222,1,host,10.3594,9.7397,0.6197,9,1
chen2023,222,2,tossed,10.4499,12.0892,-1.6393,9,1
chen2023,222,3,the,1.9619,2.9243,-0.9625,9,1
chen2023,222,4,microphone,7.5166,12.1573,-4.6407,9,1
chen2023,222,5,to,2.2497,3.6156,-1.3660,9,1
chen2023,222,6,the,0.9424,2.9243,-1.9819,9,1
chen2023,222,7,contestant,10.7956,12.7103,-1.9146,9,1
chen2023,222,8,.,1.5972,2.3026,-0.7054,9,1
chen2023,222,9,<eos>,3.6086,2.3026,1.3060,9,1
chen2023,223,0,The,2.3946,2.9243,-0.5297,9,1
chen2023,223,1,host,10.3594,9.7397,0.6197,9,1
chen2023,223,2,tossed,10.4499,12.0892,-1.6393,9,1
chen2023,223,3,the,1.9619,2.9243,-0.9625,9,1
chen2023,223,4,contestant,10.1796,12.7103,-2.5307,9,1
chen2023,223,5,to,2.8298,3.6156,-0.7859,9,1
chen2023,223,6,the,1.2774,2.9243,-1.6470,9,1
chen2023,223,7,microphone,7.7204,12.1573,-4.4369,9,1
chen2023,223,8,.,1.8068,2.3026,-0.4958,9,1
chen2023,223,9,<eos>,3.6358,2.3026,1.3333,9,1
chen2023,224,0,The,1.4389,2.9243,-1.4854,8,1
chen2023,224,1,quarterback,13.4148,11.6283,1.7864,8,1
chen2023,224,2,passed,5.3052,9.3943,-4.0890,8,1
chen2023,224,3,the,1.4238,2.9243,-1.5006,8,1
chen2023,224,4,receiver,7.4681,11.3059,-3.8378,8,1
chen2023,224,5,the,5.8448,2.9243,2.9205,8,1
chen2023,224,6,ball,5.6639,9.1150,-3.4512,8,1
chen2023,224,7,.,2.8340,2.3026,0.5314,8,1
chen2023,224,8,<eos>,5.7265,2.3026,3.4239,8,1
chen2023,225,0,The,1.4389,2.9243,-1.4854,8,1
chen2023,225,1,quarterback,13.4148,11.6283,1.7864,8,1
chen2023,225,2,passed,5.3052,9.3943,-4.0890,8,1
chen2023,225,3,the,1.4238,2.9243,-1.5006,8,1
chen2023,225,4,ball,6.0189,9.1150,-3.0961,8,1
chen2023,225,5,the,5.7964,2.9243,2.8720,8,1
chen2023,225,6,receiver,7.4497,11.3059,-3.8562,8,1
chen2023,225,7,.,3.8291,2.3026,1.5265,8,1
chen2023,225,8,<eos>,5.6243,2.3026,3.3218,8,1
chen2023,226,0,The,1.4389,2.9243,-1.4855,9,1
chen2023,226,1,quarterback,13.4153,11.6283,1.7870,9,1
chen2023,226,2,passed,5.3047,9.3943,-4.0895,9,1
chen2023,226,3,the,1.4239,2.9243,-1.5005,9,1
chen2023,226,4,ball,6.0195,9.1150,-3.0955,9,1
chen2023,226,5,to,1.9738,3.6156,-1.6418,9,1
chen2023,226,6,the,0.4326,2.9243,-2.4917,9,1
chen2023,226,7,receiver,6.0214,11.3059,-5.2845,9,1
chen2023,226,8,.,1.5008,2.3026,-0.8018,9,1
chen2023,226,9,<eos>,5.6952,2.3026,3.3926,9,1
chen2023,227,0,The,1.4389,2.9243,-1.4855,9,1
chen2023,227,1,quarterback,13.4153,11.6283,1.7870,9,1
chen2023,227,2,passed,5.3047,9.3943,-4.0895,9,1
chen2023,227,3,the,1.4239,2.9243,-1.5005,9,1
chen2023,227,4,receiver,7.4686,11.3059,-3.8373,9,1
chen2023,227,5,to,2.3049,3.6156,-1.3108,9,1
chen2023,227,6,the,0.4256,2.9243,-2.4987,9,1
chen2023,227,7,ball,8.5536,9.1150,-0.5614,9,1
chen2023,227,8,.,2.5034,2.3026,0.2008,9,1
chen2023,227,9,<eos>,5.7002,2.3026,3.3977,9,1
chen2023,228,0,The,2.1687,2.9243,-0.7557,8,1
chen2023,228,1,videostore,28.4379,18.4207,10.0172,8,1
chen2023,228,2,rented,10.6454,11.7887,-1.1433,8,1
chen2023,228,3,the,0.9834,2.9243,-1.9409,8,1
chen2023,228,4,customer,11.2751,10.1093,1.1658,8,1
chen2023,228,5,the,5.2902,2.9243,2.3658,8,1
chen2023,228,6,DVD,8.2072,10.9363,-2.7291,8,1
chen2023,228,7,.,2.4695,2.3026,0.1670,8,1
chen2023,228,8,<eos>,4.9302,2.3026,2.6276,8,1
chen2023,229,0,The,2.1687,2.9243,-0.7557,8,1
chen2023,229,1,videostore,28.4379,18.4207,10.0172,8,1
chen2023,229,2,rented,10.6454,11.7887,-1.1433,8,1
chen2023,229,3,the,0.9834,2.9243,-1.9409,8,1
chen2023,229,4,DVD,7.2315,10.9363,-3.7048,8,1
chen2023,229,5,the,6.2133,2.9243,3.2890,8,1
chen2023,229,6,customer,10.2579,10.1093,0.1486,8,1
chen2023,229,7,.,4.2689,2.3026,1.9663,8,1
chen2023,229,8,<eos>,4.9457,2.3026,2.6431,8,1
chen2023,230,0,The,2.1688,2.9243,-0.7555,9,1
chen2023,230,1,videostore,28.4381,18.4207,10.0174,9,1
chen2023,230,2,rented,10.6455,11.7887,-1.1432,9,1
chen2023,230,3,the,0.9833,2.9243,-1.9410,9,1
chen2023,230,4,DVD,7.2319,10.9363,-3.7044,9,1
chen2023,230,5,to,2.6736,3.6156,-0.9420,9,1
chen2023,230,6,the,1.6290,2.9243,-1.2953,9,1
chen2023,230,7,customer,7.9314,10.1093,-2.1779,9,1
chen2023,230,8,.,1.3579,2.3026,-0.9447,9,1
chen2023,230,9,<eos>,4.7827,2.3026,2.4801,9,1
chen2023,231,0,The,2.1688,2.9243,-0.7555,9,1
chen2023,231,1,videostore,28.4381,18.4207,10.0174,9,1
chen2023,231,2,rented,10.6455,11.7887,-1.1432,9,1
chen2023,231,3,the,0.9833,2.9243,-1.9410,9,1
chen2023,231,4,customer,11.2752,10.1093,1.1659,9,1
chen2023,231,5,to,4.0352,3.6156,0.4196,9,1
chen2023,231,6,the,1.3361,2.9243,-1.5882,9,1
chen2023,231,7,DVD,10.1628,10.9363,-0.7735,9,1
chen2023,231,8,.,4.4135,2.3026,2.1109,9,1
chen2023,231,9,<eos>,4.9148,2.3026,2.6123,9,1
chen2023,232,0,The,1.6754,2.9243,-1.2489,8,1
chen2023,232,1,bartender,10.1025,12.6649,-2.5625,8,1
chen2023,232,2,handed,5.6541,10.5459,-4.8919,8,1
chen2023,232,3,the,1.0808,2.9243,-1.8435,8,1
chen2023,232,4,lady,6.4673,9.3258,-2.8584,8,1
chen2023,232,5,the,2.3718,2.9243,-0.5525,8,1
chen2023,232,6,drink,6.0529,9.4410,-3.3881,8,1
chen2023,232,7,.,1.5693,2.3026,-0.7333,8,1
chen2023,232,8,<eos>,5.4068,2.3026,3.1042,8,1
chen2023,233,0,The,1.6754,2.9243,-1.2489,8,1
chen2023,233,1,bartender,10.1025,12.6649,-2.5625,8,1
chen2023,233,2,handed,5.6541,10.5459,-4.8919,8,1
chen2023,233,3,the,1.0808,2.9243,-1.8435,8,1
chen2023,233,4,drink,6.6349,9.4410,-2.8061,8,1
chen2023,233,5,the,5.1466,2.9243,2.2223,8,1
chen2023,233,6,lady,6.2243,9.3258,-3.1015,8,1
chen2023,233,7,.,3.5685,2.3026,1.2660,8,1
chen2023,233,8,<eos>,5.6977,2.3026,3.3951,8,1
chen2023,234,0,The,1.6754,2.9243,-1.2489,9,1
chen2023,234,1,bartender,10.1025,12.6649,-2.5624,9,1
chen2023,234,2,handed,5.6538,10.5459,-4.8921,9,1
chen2023,234,3,the,1.0809,2.9243,-1.8435,9,1
chen2023,234,4,drink,6.6346,9.4410,-2.8064,9,1
chen2023,234,5,to,0.8647,3.6156,-2.7509,9,1
chen2023,234,6,the,0.8518,2.9243,-2.0726,9,1
chen2023,234,7,lady,5.8092,9.3258,-3.5166,9,1
chen2023,234,8,.,2.0283,2.3026,-0.2743,9,1
chen2023,234,9,<eos>,5.4062,2.3026,3.1036,9,1
chen2023,235,0,The,1.6754,2.9243,-1.2489,9,1
chen2023,235,1,bartender,10.1025,12.6649,-2.5624,9,1
chen2023,235,2,handed,5.6538,10.5459,-4.8921,9,1
chen2023,235,3,the,1.0809,2.9243,-1.8435,9,1
chen2023,235,4,lady,6.4677,9.3258,-2.8580,9,1
chen2023,235,5,to,2.0237,3.6156,-1.5919,9,1
chen2023,235,6,the,0.7707,2.9243,-2.1536,9,1
chen2023,235,7,drink,7.5592,9.4410,-1.8818,9,1
chen2023,235,8,.,1.7786,2.3026,-0.5240,9,1
chen2023,235,9,<eos>,5.1811,2.3026,2.8785,9,1
chen2023,236,0,The,1.8287,2.9243,-1.0957,8,1
chen2023,236,1,magician,12.6621,12.5947,0.0674,8,1
chen2023,236,2,threw,6.9057,10.4551,-3.5495,8,1
chen2023,236,3,the,1.9477,2.9243,-0.9767,8,1
chen2023,236,4,assistant,10.9416,9.8547,1.0869,8,1
chen2023,236,5,the,5.3895,2.9243,2.4652,8,1
chen2023,236,6,hat,6.8565,10.2921,-3.4356,8,1
chen2023,236,7,.,2.8868,2.3026,0.5842,8,1
chen2023,236,8,<eos>,4.8921,2.3026,2.5895,8,1
chen2023,237,0,The,1.8287,2.9243,-1.0957,8,1
chen2023,237,1,magician,12.6621,12.5947,0.0674,8,1
chen2023,237,2,threw,6.9057,10.4551,-3.5495,8,1
chen2023,237,3,the,1.9477,2.9243,-0.9767,8,1
chen2023,237,4,hat,5.8282,10.2921,-4.4639,8,1
chen2023,237,5,the,6.8701,2.9243,3.9458,8,1
chen2023,237,6,assistant,8.1795,9.8547,-1.6752,8,1
chen2023,237,7,.,6.3239,2.3026,4.0213,8,1
chen2023,237,8,<eos>,4.9662,2.3026,2.6636,8,1
chen2023,238,0,The,1.8289,2.9243,-1.0954,9,1
chen2023,238,1,magician,12.6610,12.5947,0.0663,9,1
chen2023,238,2,threw,6.9054,10.4551,-3.5497,9,1
chen2023,238,3,the,1.9479,2.9243,-0.9764,9,1
chen2023,238,4,hat,5.8281,10.2921,-4.4640,9,1
chen2023,238,5,to,3.1633,3.6156,-0.4523,9,1
chen2023,238,6,the,0.7964,2.9243,-2.1280,9,1
chen2023,238,7,assistant,7.2252,9.8547,-2.6295,9,1
chen2023,238,8,.,4.1958,2.3026,1.8932,9,1
chen2023,238,9,<eos>,4.7368,2.3026,2.4342,9,1
chen2023,239,0,The,1.8289,2.9243,-1.0954,9,1
chen2023,239,1,magician,12.6610,12.5947,0.0663,9,1
chen2023,239,2,threw,6.9054,10.4551,-3.5497,9,1
chen2023,239,3,the,1.9479,2.9243,-0.9764,9,1
chen2023,239,4,assistant,10.9426,9.8547,1.0879,9,1
chen2023,239,5,to,3.2192,3.6156,-0.3964,9,1
chen2023,239,6,the,0.4871,2.9243,-2.4373,9,1
chen2023,239,7,hat,8.2155,10.2921,-2.0766,9,1
chen2023,239,8,.,2.9418,2.3026,0.6392,9,1
chen2023,239,9,<eos>,4.7742,2.3026,2.4716,9,1
chen2023,240,0,The,3.9738,2.9243,1.0495,6,0
chen2023,240,1,girl,9.3937,8.3349,1.0588,6,0
chen2023,240,2,kicked,8.7933,10.6375,-1.8442,6,0
chen2023,240,3,the,1.9529,2.9243,-0.9714,6,0
chen2023,240,4,ball,3.8771,9.1150,-5.2379,6,0
chen2023,240,5,.,3.4270,2.3026,1.1245,6,0
chen2023,240,6,<eos>,6.6079,2.3026,4.3053,6,0
chen2023,241,0,The,3.9738,2.9243,1.0495,6,0
chen2023,241,1,ball,9.0650,9.1150,-0.0500,6,0
chen2023,241,2,kicked,8.6200,10.6375,-2.0174,6,0
chen2023,241,3,the,3.3565,2.9243,0.4321,6,0
chen2023,241,4,girl,6.8528,8.3349,-1.4821,6,0
chen2023,241,5,.,3.1864,2.3026,0.8839,6,0
chen2023,241,6,<eos>,6.3887,2.3026,4.0861,6,0
chen2023,242,0,The,3.9742,2.9243,1.0498,8,0
chen2023,242,1,girl,9.3940,8.3349,1.0592,8,0
chen2023,242,2,was,2.4768,5.0192,-2.5424,8,0
chen2023,242,3,kicked,6.8177,10.6375,-3.8198,8,0
chen2023,242,4,by,2.4704,5.3882,-2.9178,8,0
chen2023,242,5,the,1.5802,2.9243,-1.3442,8,0
chen2023,242,6,ball,6.8290,9.1150,-2.2861,8,0
chen2023,242,7,.,2.9650,2.3026,0.6624,8,0
chen2023,242,8,<eos>,6.0388,2.3026,3.7362,8,0
chen2023,243,0,The,3.9742,2.9243,1.0498,8,0
chen2023,243,1,ball,9.0651,9.1150,-0.0500,8,0
chen2023,243,2,was,3.1428,5.0192,-1.8764,8,0
chen2023,243,3,kicked,6.2864,10.6375,-4.3511,8,0
chen2023,243,4,by,2.6969,5.3882,-2.6914,8,0
chen2023,243,5,the,1.4544,2.9243,-1.4699,8,0
chen2023,243,6,girl,6.5970,8.3349,-1.7379,8,0
chen2023,243,7,.,2.9894,2.3026,0.6868,8,0
chen2023,243,8,<eos>,6.0766,2.3026,3.7740,8,0
chen2023,244,0,The,3.9738,2.9243,1.0495,6,0
chen2023,244,1,plumber,13.1137,12.9870,0.1267,6,0
chen2023,244,2,bought,8.7758,9.4174,-0.6416,6,0
chen2023,244,3,the,1.3774,2.9243,-1.5470,6,0
chen2023,244,4,watch,8.9227,8.4264,0.4963,6,0
chen2023,244,5,.,3.2335,2.3026,0.9309,6,0
chen2023,244,6,<eos>,6.9009,2.3026,4.5983,6,0
chen2023,245,0,The,3.9738,2.9243,1.0495,6,0
chen2023,245,1,watch,10.3879,8.4264,1.9615,6,0
chen2023,245,2,bought,9.7376,9.4174,0.3202,6,0
chen2023,245,3,the,3.1180,2.9243,0.1937,6,0
chen2023,245,4,plumber,10.8747,12.9870,-2.1122,6,0
chen2023,245,5,.,3.5532,2.3026,1.2506,6,0
chen2023,245,6,<eos>,6.7292,2.3026,4.4266,6,0
chen2023,246,0,The,3.9742,2.9243,1.0498,8,0
chen2023,246,1,plumber,13.1140,12.9870,0.1271,8,0
chen2023,246,2,was,3.8603,5.0192,-1.1589,8,0
chen2023,246,3,bought,7.6123,9.4174,-1.8051,8,0
chen2023,246,4,by,0.8478,5.3882,-4.5404,8,0
chen2023,246,5,the,1.6315,2.9243,-1.2929,8,0
chen2023,246,6,watch,10.0382,8.4264,1.6118,8,0
chen2023,246,7,.,4.3955,2.3026,2.0930,8,0
chen2023,246,8,<eos>,6.2945,2.3026,3.9919,8,0
chen2023,247,0,The,3.9742,2.9243,1.0498,8,0
chen2023,247,1,watch,10.3882,8.4264,1.9617,8,0
chen2023,247,2,was,3.5215,5.0192,-1.4977,8,0
chen2023,247,3,bought,6.6702,9.4174,-2.7472,8,0
chen2023,247,4,by,0.9336,5.3882,-4.4546,8,0
chen2023,247,5,the,1.5781,2.9243,-1.3462,8,0
chen2023,247,6,plumber,10.2820,12.9870,-2.7049,8,0
chen2023,247,7,.,3.0778,2.3026,0.7753,8,0
chen2023,247,8,<eos>,6.1839,2.3026,3.8813,8,0
chen2023,248,0,The,3.9738,2.9243,1.0495,6,0
chen2023,248,1,man,7.4148,7.3218,0.0930,6,0
chen2023,248,2,drove,9.2170,10.6844,-1.4674,6,0
chen2023,248,3,the,2.7528,2.9243,-0.1715,6,0
chen2023,248,4,truck,3.7895,10.0382,-6.2486,6,0
chen2023,248,5,.,3.5975,2.3026,1.2950,6,0
chen2023,248,6,<eos>,7.6386,2.3026,5.3360,6,0
chen2023,249,0,The,3.9738,2.9243,1.0495,6,0
chen2023,249,1,truck,10.3587,10.0382,0.3206,6,0
chen2023,249,2,drove,7.7672,10.6844,-2.9171,6,0
chen2023,249,3,the,3.2875,2.9243,0.3632,6,0
chen2023,249,4,man,5.9018,7.3218,-1.4199,6,0
chen2023,249,5,.,3.6799,2.3026,1.3773,6,0
chen2023,249,6,<eos>,7.3001,2.3026,4.9975,6,0
chen2023,250,0,The,3.9742,2.9243,1.0498,8,0
chen2023,250,1,man,7.4150,7.3218,0.0933,8,0
chen2023,250,2,was,2.7436,5.0192,-2.2756,8,0
chen2023,250,3,driven,8.1581,10.2688,-2.1106,8,0
chen2023,250,4,by,1.0017,5.3882,-4.3866,8,0
chen2023,250,5,the,1.7658,2.9243,-1.1585,8,0
chen2023,250,6,truck,5.9961,10.0382,-4.0421,8,0
chen2023,250,7,.,2.9831,2.3026,0.6805,8,0
chen2023,250,8,<eos>,7.3328,2.3026,5.0302,8,0
chen2023,251,0,The,3.9742,2.9243,1.0498,8,0
chen2023,251,1,truck,10.3595,10.0382,0.3213,8,0
chen2023,251,2,was,2.5842,5.0192,-2.4350,8,0
chen2023,251,3,driven,6.0893,10.2688,-4.1794,8,0
chen2023,251,4,by,0.5702,5.3882,-4.8180,8,0
chen2023,251,5,the,1.9347,2.9243,-0.9897,8,0
chen2023,251,6,man,5.3489,7.3218,-1.9729,8,0
chen2023,251,7,.,3.4265,2.3026,1.1239,8,0
chen2023,251,8,<eos>,7.2684,2.3026,4.9658,8,0
chen2023,252,0,The,3.9738,2.9243,1.0495,6,0
chen2023,252,1,secretary,10.6399,9.3258,1.3141,6,0
chen2023,252,2,licked,16.1503,13.2167,2.9336,6,0
chen2023,252,3,the,1.2891,2.9243,-1.6352,6,0
chen2023,252,4,stamp,8.4287,11.2583,-2.8296,6,0
chen2023,252,5,.,3.6181,2.3026,1.3155,6,0
chen2023,252,6,<eos>,6.5546,2.3026,4.2520,6,0
chen2023,253,0,The,3.9738,2.9243,1.0495,6,0
chen2023,253,1,stamp,10.7176,11.2583,-0.5407,6,0
chen2023,253,2,licked,16.6695,13.2167,3.4528,6,0
chen2023,253,3,the,2.6438,2.9243,-0.2806,6,0
chen2023,253,4,secretary,11.1320,9.3258,1.8062,6,0
chen2023,253,5,.,3.5114,2.3026,1.2088,6,0
chen2023,253,6,<eos>,5.8737,2.3026,3.5711,6,0
chen2023,254,0,The,3.9742,2.9243,1.0498,8,0
chen2023,254,1,secretary,10.6394,9.3258,1.3137,8,0
chen2023,254,2,was,3.2994,5.0192,-1.7197,8,0
chen2023,254,3,licked,13.0934,13.2167,-0.1233,8,0
chen2023,254,4,by,2.0427,5.3882,-3.3455,8,0
chen2023,254,5,the,1.5958,2.9243,-1.3286,8,0
chen2023,254,6,stamp,8.6905,11.2583,-2.5678,8,0
chen2023,254,7,.,3.6346,2.3026,1.3321,8,0
chen2023,254,8,<eos>,5.9881,2.3026,3.6855,8,0
chen2023,255,0,The,3.9742,2.9243,1.0498,8,0
chen2023,255,1,stamp,10.7178,11.2583,-0.5405,8,0
chen2023,255,2,was,3.7529,5.0192,-1.2663,8,0
chen2023,255,3,licked,12.8956,13.2167,-0.3211,8,0
chen2023,255,4,by,2.2674,5.3882,-3.1208,8,0
chen2023,255,5,the,1.6051,2.9243,-1.3192,8,0
chen2023,255,6,secretary,8.9447,9.3258,-0.3811,8,0
chen2023,255,7,.,2.8154,2.3026,0.5129,8,0
chen2023,255,8,<eos>,5.7676,2.3026,3.4650,8,0
chen2023,256,0,The,3.9738,2.9243,1.0495,6,0
chen2023,256,1,mother,8.5888,8.6565,-0.0676,6,0
chen2023,256,2,set,8.2880,7.8519,0.4361,6,0
chen2023,256,3,the,1.7649,2.9243,-1.1595,6,0
chen2023,256,4,table,3.9716,9.0970,-5.1254,6,0
chen2023,256,5,.,3.5969,2.3026,1.2943,6,0
chen2023,256,6,<eos>,5.6379,2.3026,3.3353,6,0
chen2023,257,0,The,3.9738,2.9243,1.0495,6,0
chen2023,257,1,table,8.1848,9.0970,-0.9122,6,0
chen2023,257,2,set,8.8143,7.8519,0.9624,6,0
chen2023,257,3,the,5.0756,2.9243,2.1512,6,0
chen2023,257,4,mother,10.3469,8.6565,1.6904,6,0
chen2023,257,5,.,4.5916,2.3026,2.2891,6,0
chen2023,257,6,<eos>,5.8590,2.3026,3.5564,6,0
chen2023,258,0,The,3.9742,2.9243,1.0498,8,0
chen2023,258,1,mother,8.5891,8.6565,-0.0673,8,0
chen2023,258,2,was,3.4678,5.0192,-1.5513,8,0
chen2023,258,3,set,7.1391,7.8519,-0.7128,8,0
chen2023,258,4,by,4.3396,5.3882,-1.0487,8,0
chen2023,258,5,the,1.7720,2.9243,-1.1523,8,0
chen2023,258,6,table,8.6685,9.0970,-0.4285,8,0
chen2023,258,7,.,2.8502,2.3026,0.5476,8,0
chen2023,258,8,<eos>,5.8202,2.3026,3.5176,8,0
chen2023,259,0,The,3.9742,2.9243,1.0498,8,0
chen2023,259,1,table,8.1846,9.0970,-0.9124,8,0
chen2023,259,2,was,4.7034,5.0192,-0.3158,8,0
chen2023,259,3,set,4.7689,7.8519,-3.0831,8,0
chen2023,259,4,by,3.5069,5.3882,-1.8813,8,0
chen2023,259,5,the,1.4768,2.9243,-1.4476,8,0
chen2023,259,6,mother,7.1498,8.6565,-1.5067,8,0
chen2023,259,7,.,3.0488,2.3026,0.7462,8,0
chen2023,259,8,<eos>,5.6696,2.3026,3.3671,8,0
chen2023,260,0,The,3.9738,2.9243,1.0495,6,0
chen2023,260,1,daughter,10.7206,9.0533,1.6672,6,0
chen2023,260,2,folded,14.1485,12.0188,2.1297,6,0
chen2023,260,3,the,3.4310,2.9243,0.5067,6,0
chen2023,260,4,blanket,8.8708,11.3559,-2.4851,6,0
chen2023,260,5,.,3.5004,2.3026,1.1978,6,0
chen2023,260,6,<eos>,5.8546,2.3026,3.5520,6,0
chen2023,261,0,The,3.9738,2.9243,1.0495,6,0
chen2023,261,1,blanket,11.4602,11.3559,0.1043,6,0
chen2023,261,2,folded,9.5518,12.0188,-2.4669,6,0
chen2023,261,3,the,4.0447,2.9243,1.1204,6,0
chen2023,261,4,daughter,10.3670,9.0533,1.3137,6,0
chen2023,261,5,.,4.6188,2.3026,2.3162,6,0
chen2023,261,6,<eos>,5.4849,2.3026,3.1824,6,0
chen2023,262,0,The,3.9742,2.9243,1.0498,8,0
chen2023,262,1,daughter,10.7208,9.0533,1.6675,8,0
chen2023,262,2,was,4.9085,5.0192,-0.1106,8,0
chen2023,262,3,folded,11.5324,12.0188,-0.4863,8,0
chen2023,262,4,by,3.7540,5.3882,-1.6342,8,0
chen2023,262,5,the,1.6052,2.9243,-1.3191,8,0
chen2023,262,6,blanket,10.3134,11.3559,-1.0425,8,0
chen2023,262,7,.,2.0298,2.3026,-0.2728,8,0
chen2023,262,8,<eos>,5.7124,2.3026,3.4098,8,0
chen2023,263,0,The,3.9742,2.9243,1.0498,8,0
chen2023,263,1,blanket,11.4611,11.3559,0.1051,8,0
chen2023,263,2,was,4.3889,5.0192,-0.6303,8,0
chen2023,263,3,folded,7.3935,12.0188,-4.6252,8,0
chen2023,263,4,by,3.7908,5.3882,-1.5974,8,0
chen2023,263,5,the,1.2773,2.9243,-1.6470,8,0
chen2023,263,6,daughter,10.6041,9.0533,1.5508,8,0
chen2023,263,7,.,3.3026,2.3026,1.0000,8,0
chen2023,263,8,<eos>,5.6783,2.3026,3.3757,8,0
chen2023,264,0,The,3.9738,2.9243,1.0495,6,0
chen2023,264,1,father,8.7783,8.6115,0.1668,6,0
chen2023,264,2,sharpened,14.4613,13.6585,0.8028,6,0
chen2023,264,3,the,0.9916,2.9243,-1.9327,6,0
chen2023,264,4,saw,8.5276,8.4264,0.1012,6,0
chen2023,264,5,.,3.5233,2.3026,1.2207,6,0
chen2023,264,6,<eos>,6.5068,2.3026,4.2042,6,0
chen2023,265,0,The,3.9738,2.9243,1.0495,6,0
chen2023,265,1,saw,12.3309,8.4264,3.9045,6,0
chen2023,265,2,sharpened,15.2542,13.6585,1.5957,6,0
chen2023,265,3,the,5.0665,2.9243,2.1422,6,0
chen2023,265,4,father,10.1168,8.6115,1.5053,6,0
chen2023,265,5,.,3.8490,2.3026,1.5464,6,0
chen2023,265,6,<eos>,6.2146,2.3026,3.9120,6,0
chen2023,266,0,The,3.9742,2.9243,1.0498,8,0
chen2023,266,1,father,8.7784,8.6115,0.1669,8,0
chen2023,266,2,was,3.3318,5.0192,-1.6873,8,0
chen2023,266,3,sharpened,15.7992,13.6585,2.1407,8,0
chen2023,266,4,by,1.7790,5.3882,-3.6093,8,0
chen2023,266,5,the,1.1282,2.9243,-1.7962,8,0
chen2023,266,6,saw,9.1297,8.4264,0.7033,8,0
chen2023,266,7,.,4.1572,2.3026,1.8546,8,0
chen2023,266,8,<eos>,6.0686,2.3026,3.7660,8,0
chen2023,267,0,The,3.9742,2.9243,1.0498,8,0
chen2023,267,1,saw,12.3307,8.4264,3.9043,8,0
chen2023,267,2,was,4.1854,5.0192,-0.8338,8,0
chen2023,267,3,sharpened,13.3774,13.6585,-0.2811,8,0
chen2023,267,4,by,1.3026,5.3882,-4.0857,8,0
chen2023,267,5,the,0.9707,2.9243,-1.9537,8,0
chen2023,267,6,father,9.1301,8.6115,0.5186,8,0
chen2023,267,7,.,3.7741,2.3026,1.4715,8,0
chen2023,267,8,<eos>,6.1710,2.3026,3.8685,8,0
chen2023,268,0,The,3.9738,2.9243,1.0495,6,0
chen2023,268,1,niece,14.0345,11.9269,2.1076,6,0
chen2023,268,2,opened,9.5861,9.5557,0.0304,6,0
chen2023,268,3,the,1.7947,2.9243,-1.1296,6,0
chen2023,268,4,door,1.0866,9.0280,-7.9414,6,0
chen2023,268,5,.,3.4134,2.3026,1.1108,6,0
chen2023,268,6,<eos>,6.5241,2.3026,4.2215,6,0
chen2023,269,0,The,3.9738,2.9243,1.0495,6,0
chen2023,269,1,door,9.4824,9.0280,0.4544,6,0
chen2023,269,2,opened,5.1451,9.5557,-4.4106,6,0
chen2023,269,3,the,4.3658,2.9243,1.4415,6,0
chen2023,269,4,niece,13.7881,11.9269,1.8612,6,0
chen2023,269,5,.,3.5688,2.3026,1.2662,6,0
chen2023,269,6,<eos>,6.4985,2.3026,4.1959,6,0
chen2023,270,0,The,3.9742,2.9243,1.0498,8,0
chen2023,270,1,niece,14.0342,11.9269,2.1073,8,0
chen2023,270,2,was,3.9082,5.0192,-1.1110,8,0
chen2023,270,3,opened,9.4748,9.5557,-0.0808,8,0
chen2023,270,4,by,1.8679,5.3882,-3.5203,8,0
chen2023,270,5,the,2.1574,2.9243,-0.7669,8,0
chen2023,270,6,door,6.3061,9.0280,-2.7219,8,0
chen2023,270,7,.,2.1269,2.3026,-0.1757,8,0
chen2023,270,8,<eos>,6.3081,2.3026,4.0055,8,0
chen2023,271,0,The,3.9742,2.9243,1.0498,8,0
chen2023,271,1,door,9.4822,9.0280,0.4542,8,0
chen2023,271,2,was,3.0111,5.0192,-2.0081,8,0
chen2023,271,3,opened,2.0125,9.5557,-7.5431,8,0
chen2023,271,4,by,1.8569,5.3882,-3.5314,8,0
chen2023,271,5,the,2.1869,2.9243,-0.7374,8,0
chen2023,271,6,niece,11.1746,11.9269,-0.7523,8,0
chen2023,271,7,.,3.0025,2.3026,0.6999,8,0
chen2023,271,8,<eos>,6.4233,2.3026,4.1207,8,0
chen2023,272,0,The,3.9738,2.9243,1.0495,6,0
chen2023,272,1,boy,9.7214,8.8183,0.9031,6,0
chen2023,272,2,ate,8.9673,10.7290,-1.7617,6,0
chen2023,272,3,the,2.7979,2.9243,-0.1264,6,0
chen2023,272,4,pizza,4.5313,10.5234,-5.9921,6,0
chen2023,272,5,.,2.4687,2.3026,0.1662,6,0
chen2023,272,6,<eos>,6.9226,2.3026,4.6200,6,0
chen2023,273,0,The,3.9738,2.9243,1.0495,6,0
chen2023,273,1,pizza,11.1374,10.5234,0.6140,6,0
chen2023,273,2,ate,10.5525,10.7290,-0.1765,6,0
chen2023,273,3,the,2.7910,2.9243,-0.1333,6,0
chen2023,273,4,boy,8.7760,8.8183,-0.0423,6,0
chen2023,273,5,.,2.8936,2.3026,0.5910,6,0
chen2023,273,6,<eos>,6.5749,2.3026,4.2723,6,0
chen2023,274,0,The,3.9742,2.9243,1.0498,8,0
chen2023,274,1,boy,9.7210,8.8183,0.9027,8,0
chen2023,274,2,was,2.1627,5.0192,-2.8565,8,0
chen2023,274,3,eaten,9.9650,11.2128,-1.2478,8,0
chen2023,274,4,by,0.7649,5.3882,-4.6233,8,0
chen2023,274,5,the,2.0358,2.9243,-0.8885,8,0
chen2023,274,6,pizza,8.6469,10.5234,-1.8765,8,0
chen2023,274,7,.,2.8391,2.3026,0.5365,8,0
chen2023,274,8,<eos>,5.8115,2.3026,3.5090,8,0
chen2023,275,0,The,3.9742,2.9243,1.0498,8,0
chen2023,275,1,pizza,11.1377,10.5234,0.6143,8,0
chen2023,275,2,was,4.7214,5.0192,-0.2978,8,0
chen2023,275,3,eaten,6.6893,11.2128,-4.5235,8,0
chen2023,275,4,by,1.3376,5.3882,-4.0506,8,0
chen2023,275,5,the,2.2587,2.9243,-0.6657,8,0
chen2023,275,6,boy,7.6023,8.8183,-1.2160,8,0
chen2023,275,7,.,2.4193,2.3026,0.1167,8,0
chen2023,275,8,<eos>,5.7876,2.3026,3.4850,8,0
chen2023,276,0,The,3.9738,2.9243,1.0495,6,0
chen2023,276,1,grandfather,10.9335,10.9590,-0.0256,6,0
chen2023,276,2,broke,8.4246,9.5557,-1.1310,6,0
chen2023,276,3,the,1.4767,2.9243,-1.4476,6,0
chen2023,276,4,bowl,10.1567,10.0613,0.0954,6,0
chen2023,276,5,.,3.4861,2.3026,1.1835,6,0
chen2023,276,6,<eos>,6.5601,2.3026,4.2575,6,0
chen2023,277,0,The,3.9738,2.9243,1.0495,6,0
chen2023,277,1,bowl,12.6178,10.0613,2.5565,6,0
chen2023,277,2,broke,7.6567,9.5557,-1.8989,6,0
chen2023,277,3,the,3.4530,2.9243,0.5286,6,0
chen2023,277,4,grandfather,10.9426,10.9590,-0.0165,6,0
chen2023,277,5,.,5.7894,2.3026,3.4868,6,0
chen2023,277,6,<eos>,6.8119,2.3026,4.5093,6,0
chen2023,278,0,The,3.9742,2.9243,1.0498,8,0
chen2023,278,1,grandfather,10.9347,10.9590,-0.0243,8,0
chen2023,278,2,was,3.0546,5.0192,-1.9645,8,0
chen2023,278,3,broken,8.9483,9.4861,-0.5378,8,0
chen2023,278,4,by,2.6268,5.3882,-2.7615,8,0
chen2023,278,5,the,1.2439,2.9243,-1.6805,8,0
chen2023,278,6,bowl,11.3727,10.0613,1.3114,8,0
chen2023,278,7,.,3.0848,2.3026,0.7822,8,0
chen2023,278,8,<eos>,6.2172,2.3026,3.9146,8,0
chen2023,279,0,The,3.9742,2.9243,1.0498,8,0
chen2023,279,1,bowl,12.6176,10.0613,2.5562,8,0
chen2023,279,2,was,3.3355,5.0192,-1.6837,8,0
chen2023,279,3,broken,6.4161,9.4861,-3.0700,8,0
chen2023,279,4,by,2.8556,5.3882,-2.5327,8,0
chen2023,279,5,the,1.4229,2.9243,-1.5015,8,0
chen2023,279,6,grandfather,9.5477,10.9590,-1.4114,8,0
chen2023,279,7,.,3.5716,2.3026,1.2690,8,0
chen2023,279,8,<eos>,6.1872,2.3026,3.8846,8,0
chen2023,280,0,The,3.9738,2.9243,1.0495,6,0
chen2023,280,1,woman,8.5273,8.4039,0.1235,6,0
chen2023,280,2,lost,7.2719,8.3143,-1.0423,6,0
chen2023,280,3,the,2.3079,2.9243,-0.6164,6,0
chen2023,280,4,diamond,9.0211,10.5459,-1.5248,6,0
chen2023,280,5,.,3.0735,2.3026,0.7709,6,0
chen2023,280,6,<eos>,6.0931,2.3026,3.7906,6,0
chen2023,281,0,The,3.9738,2.9243,1.0495,6,0
chen2023,281,1,diamond,10.9066,10.5459,0.3607,6,0
chen2023,281,2,lost,10.6731,8.3143,2.3589,6,0
chen2023,281,3,the,3.1463,2.9243,0.2220,6,0
chen2023,281,4,woman,7.1454,8.4039,-1.2585,6,0
chen2023,281,5,.,3.3150,2.3026,1.0124,6,0
chen2023,281,6,<eos>,5.8357,2.3026,3.5331,6,0
chen2023,282,0,The,3.9742,2.9243,1.0498,8,0
chen2023,282,1,woman,8.5278,8.4039,0.1240,8,0
chen2023,282,2,was,2.9795,5.0192,-2.0397,8,0
chen2023,282,3,lost,7.6175,8.3143,-0.6968,8,0
chen2023,282,4,by,3.5736,5.3882,-1.8147,8,0
chen2023,282,5,the,1.7674,2.9243,-1.1569,8,0
chen2023,282,6,diamond,10.3386,10.5459,-0.2074,8,0
chen2023,282,7,.,2.5367,2.3026,0.2341,8,0
chen2023,282,8,<eos>,5.7818,2.3026,3.4792,8,0
chen2023,283,0,The,3.9742,2.9243,1.0498,8,0
chen2023,283,1,diamond,10.9061,10.5459,0.3602,8,0
chen2023,283,2,was,4.0790,5.0192,-0.9402,8,0
chen2023,283,3,lost,7.7022,8.3143,-0.6120,8,0
chen2023,283,4,by,3.3483,5.3882,-2.0400,8,0
chen2023,283,5,the,1.5252,2.9243,-1.3991,8,0
chen2023,283,6,woman,7.8326,8.4039,-0.5712,8,0
chen2023,283,7,.,3.0362,2.3026,0.7336,8,0
chen2023,283,8,<eos>,5.4656,2.3026,3.1630,8,0
chen2023,284,0,The,3.9738,2.9243,1.0495,6,0
chen2023,284,1,grandmother,11.5564,11.1908,0.3655,6,0
chen2023,284,2,cleaned,10.7464,11.4641,-0.7178,6,0
chen2023,284,3,the,1.2720,2.9243,-1.6524,6,0
chen2023,284,4,oven,6.2455,11.3996,-5.1541,6,0
chen2023,284,5,.,2.5435,2.3026,0.2409,6,0
chen2023,284,6,<eos>,6.5665,2.3026,4.2640,6,0
chen2023,285,0,The,3.9738,2.9243,1.0495,6,0
chen2023,285,1,oven,12.1068,11.3996,0.7072,6,0
chen2023,285,2,cleaned,8.8425,11.4641,-2.6217,6,0
chen2023,285,3,the,5.3294,2.9243,2.4050,6,0
chen2023,285,4,grandmother,12.5936,11.1908,1.4027,6,0
chen2023,285,5,.,3.7626,2.3026,1.4600,6,0
chen2023,285,6,<eos>,6.2397,2.3026,3.9371,6,0
chen2023,286,0,The,3.9742,2.9243,1.0498,8,0
chen2023,286,1,grandmother,11.5568,11.1908,0.3659,8,0
chen2023,286,2,was,3.2062,5.0192,-1.8129,8,0
chen2023,286,3,cleaned,11.3120,11.4641,-0.1521,8,0
chen2023,286,4,by,2.5009,5.3882,-2.8874,8,0
chen2023,286,5,the,1.6472,2.9243,-1.2772,8,0
chen2023,286,6,oven,7.5133,11.3996,-3.8863,8,0
chen2023,286,7,.,1.9885,2.3026,-0.3141,8,0
chen2023,286,8,<eos>,5.7645,2.3026,3.4619,8,0
chen2023,287,0,The,3.9742,2.9243,1.0498,8,0
chen2023,287,1,oven,12.1073,11.3996,0.7077,8,0
chen2023,287,2,was,3.8053,5.0192,-1.2139,8,0
chen2023,287,3,cleaned,5.7059,11.4641,-5.7583,8,0
chen2023,287,4,by,2.8647,5.3882,-2.5236,8,0
chen2023,287,5,the,1.9526,2.9243,-0.9718,8,0
chen2023,287,6,grandmother,10.6216,11.1908,-0.5693,8,0
chen2023,287,7,.,2.6005,2.3026,0.2979,8,0
chen2023,287,8,<eos>,5.7097,2.3026,3.4071,8,0
chen2023,288,0,The,3.9738,2.9243,1.0495,6,0
chen2023,288,1,electrician,16.6765,13.2167,3.4598,6,0
chen2023,288,2,stole,9.5834,11.0305,-1.4471,6,0
chen2023,288,3,the,1.2383,2.9243,-1.6860,6,0
chen2023,288,4,hammer,7.5133,11.1414,-3.6281,6,0
chen2023,288,5,.,2.0273,2.3026,-0.2753,6,0
chen2023,288,6,<eos>,5.8941,2.3026,3.5915,6,0
chen2023,289,0,The,3.9738,2.9243,1.0495,6,0
chen2023,289,1,hammer,11.4533,11.1414,0.3120,6,0
chen2023,289,2,stole,11.4201,11.0305,0.3896,6,0
chen2023,289,3,the,1.2437,2.9243,-1.6806,6,0
chen2023,289,4,electrician,16.0515,13.2167,2.8348,6,0
chen2023,289,5,.,3.5990,2.3026,1.2964,6,0
chen2023,289,6,<eos>,6.0458,2.3026,3.7432,6,0
chen2023,290,0,The,3.9742,2.9243,1.0498,8,0
chen2023,290,1,electrician,16.6766,13.2167,3.4600,8,0
chen2023,290,2,was,3.7793,5.0192,-1.2398,8,0
chen2023,290,3,stolen,9.9256,10.5690,-0.6434,8,0
chen2023,290,4,by,2.1468,5.3882,-3.2414,8,0
chen2023,290,5,the,1.6813,2.9243,-1.2430,8,0
chen2023,290,6,hammer,9.5015,11.1414,-1.6399,8,0
chen2023,290,7,.,2.1238,2.3026,-0.1788,8,0
chen2023,290,8,<eos>,5.0289,2.3026,2.7263,8,0
chen2023,291,0,The,3.9742,2.9243,1.0498,8,0
chen2023,291,1,hammer,11.4531,11.1414,0.3118,8,0
chen2023,291,2,was,3.8294,5.0192,-1.1897,8,0
chen2023,291,3,stolen,6.4133,10.5690,-4.1558,8,0
chen2023,291,4,by,2.0599,5.3882,-3.3284,8,0
chen2023,291,5,the,1.8581,2.9243,-1.0663,8,0
chen2023,291,6,electrician,13.1076,13.2167,-0.1090,8,0
chen2023,291,7,.,2.3696,2.3026,0.0670,8,0
chen2023,291,8,<eos>,5.0115,2.3026,2.7089,8,0
chen2023,292,0,The,3.9738,2.9243,1.0495,6,0
chen2023,292,1,sister,11.4338,9.3258,2.1081,6,0
chen2023,292,2,closed,11.1298,9.4410,1.6888,6,0
chen2023,292,3,the,1.6072,2.9243,-1.3172,6,0
chen2023,292,4,window,6.1219,9.6708,-3.5489,6,0
chen2023,292,5,.,1.8946,2.3026,-0.4079,6,0
chen2023,292,6,<eos>,5.9271,2.3026,3.6245,6,0
chen2023,293,0,The,3.9738,2.9243,1.0495,6,0
chen2023,293,1,window,10.2579,9.6708,0.5871,6,0
chen2023,293,2,closed,6.5773,9.4410,-2.8637,6,0
chen2023,293,3,the,5.5808,2.9243,2.6564,6,0
chen2023,293,4,sister,11.8335,9.3258,2.5077,6,0
chen2023,293,5,.,4.8045,2.3026,2.5020,6,0
chen2023,293,6,<eos>,5.5644,2.3026,3.2618,6,0
chen2023,294,0,The,3.9742,2.9243,1.0498,8,0
chen2023,294,1,sister,11.4341,9.3258,2.1083,8,0
chen2023,294,2,was,5.0737,5.0192,0.0546,8,0
chen2023,294,3,closed,8.9485,9.4410,-0.4925,8,0
chen2023,294,4,by,3.0478,5.3882,-2.3404,8,0
chen2023,294,5,the,1.7081,2.9243,-1.2162,8,0
chen2023,294,6,window,8.4913,9.6708,-1.1794,8,0
chen2023,294,7,.,1.5689,2.3026,-0.7337,8,0
chen2023,294,8,<eos>,5.1806,2.3026,2.8780,8,0
chen2023,295,0,The,3.9742,2.9243,1.0498,8,0
chen2023,295,1,window,10.2572,9.6708,0.5864,8,0
chen2023,295,2,was,3.2305,5.0192,-1.7886,8,0
chen2023,295,3,closed,2.3342,9.4410,-7.1068,8,0
chen2023,295,4,by,3.1478,5.3882,-2.2404,8,0
chen2023,295,5,the,1.7925,2.9243,-1.1318,8,0
chen2023,295,6,sister,11.0558,9.3258,1.7300,8,0
chen2023,295,7,.,4.2219,2.3026,1.9193,8,0
chen2023,295,8,<eos>,5.0809,2.3026,2.7783,8,0
chen2023,296,0,The,3.9738,2.9243,1.0495,6,0
chen2023,296,1,grandson,11.9387,11.8582,0.0805,6,0
chen2023,296,2,sipped,17.5275,14.5516,2.9759,6,0
chen2023,296,3,the,2.7600,2.9243,-0.1644,6,0
chen2023,296,4,water,3.0517,8.0134,-4.9617,6,0
chen2023,296,5,.,3.1987,2.3026,0.8961,6,0
chen2023,296,6,<eos>,6.6108,2.3026,4.3083,6,0
chen2023,297,0,The,3.9738,2.9243,1.0495,6,0
chen2023,297,1,water,8.4239,8.0134,0.4105,6,0
chen2023,297,2,sipped,19.6223,14.5516,5.0708,6,0
chen2023,297,3,the,4.1055,2.9243,1.1811,6,0
chen2023,297,4,grandson,15.9731,11.8582,4.1149,6,0
chen2023,297,5,.,3.9511,2.3026,1.6485,6,0
chen2023,297,6,<eos>,6.7742,2.3026,4.4716,6,0
chen2023,298,0,The,3.9742,2.9243,1.0498,8,0
chen2023,298,1,grandson,11.9391,11.8582,0.0809,8,0
chen2023,298,2,was,4.3706,5.0192,-0.6486,8,0
chen2023,298,3,sipped,16.3902,14.5516,1.8387,8,0
chen2023,298,4,by,4.2990,5.3882,-1.0892,8,0
chen2023,298,5,the,1.2713,2.9243,-1.6531,8,0
chen2023,298,6,water,5.0605,8.0134,-2.9529,8,0
chen2023,298,7,.,2.7540,2.3026,0.4514,8,0
chen2023,298,8,<eos>,6.2710,2.3026,3.9684,8,0
chen2023,299,0,The,3.9742,2.9243,1.0498,8,0
chen2023,299,1,water,8.4243,8.0134,0.4109,8,0
chen2023,299,2,was,4.5306,5.0192,-0.4886,8,0
chen2023,299,3,sipped,15.5312,14.5516,0.9796,8,0
chen2023,299,4,by,2.2553,5.3882,-3.1329,8,0
chen2023,299,5,the,1.5011,2.9243,-1.4233,8,0
chen2023,299,6,grandson,12.2817,11.8582,0.4235,8,0
chen2023,299,7,.,2.7349,2.3026,0.4323,8,0
chen2023,299,8,<eos>,6.6620,2.3026,4.3594,8,0
chen2023,300,0,The,3.9738,2.9243,1.0495,6,0
chen2023,300,1,granddaughter,13.9345,12.4342,1.5003,6,0
chen2023,300,2,boarded,13.4857,12.7337,0.7520,6,0
chen2023,300,3,the,0.9616,2.9243,-1.9627,6,0
chen2023,300,4,train,3.0219,9.3025,-6.2806,6,0
chen2023,300,5,.,3.6884,2.3026,1.3858,6,0
chen2023,300,6,<eos>,7.0269,2.3026,4.7243,6,0
chen2023,301,0,The,3.9738,2.9243,1.0495,6,0
chen2023,301,1,train,10.3912,9.3025,1.0888,6,0
chen2023,301,2,boarded,11.9416,12.7337,-0.7921,6,0
chen2023,301,3,the,1.5690,2.9243,-1.3554,6,0
chen2023,301,4,granddaughter,13.9629,12.4342,1.5286,6,0
chen2023,301,5,.,3.9894,2.3026,1.6868,6,0
chen2023,301,6,<eos>,6.7936,2.3026,4.4910,6,0
chen2023,302,0,The,3.9742,2.9243,1.0498,8,0
chen2023,302,1,granddaughter,13.9354,12.4342,1.5012,8,0
chen2023,302,2,was,5.1313,5.0192,0.1121,8,0
chen2023,302,3,boarded,11.9081,12.7337,-0.8256,8,0
chen2023,302,4,by,1.5624,5.3882,-3.8258,8,0
chen2023,302,5,the,1.6410,2.9243,-1.2833,8,0
chen2023,302,6,train,7.2295,9.3025,-2.0729,8,0
chen2023,302,7,.,2.7498,2.3026,0.4473,8,0
chen2023,302,8,<eos>,6.3131,2.3026,4.0105,8,0
chen2023,303,0,The,3.9742,2.9243,1.0498,8,0
chen2023,303,1,train,10.3915,9.3025,1.0890,8,0
chen2023,303,2,was,2.8712,5.0192,-2.1480,8,0
chen2023,303,3,boarded,7.7782,12.7337,-4.9555,8,0
chen2023,303,4,by,2.2374,5.3882,-3.1508,8,0
chen2023,303,5,the,1.7122,2.9243,-1.2122,8,0
chen2023,303,6,granddaughter,13.1364,12.4342,0.7021,8,0
chen2023,303,7,.,4.0473,2.3026,1.7447,8,0
chen2023,303,8,<eos>,6.1580,2.3026,3.8554,8,0
chen2023,304,0,The,3.9738,2.9243,1.0495,6,0
chen2023,304,1,aunt,12.7322,11.1414,1.5908,6,0
chen2023,304,2,purchased,9.4194,10.4311,-1.0117,6,0
chen2023,304,3,the,1.3056,2.9243,-1.6188,6,0
chen2023,304,4,book,5.1818,8.2208,-3.0390,6,0
chen2023,304,5,.,3.5015,2.3026,1.1990,6,0
chen2023,304,6,<eos>,6.9088,2.3026,4.6062,6,0
chen2023,305,0,The,3.9738,2.9243,1.0495,6,0
chen2023,305,1,book,6.8379,8.2208,-1.3829,6,0
chen2023,305,2,purchased,11.2577,10.4311,0.8266,6,0
chen2023,305,3,the,2.8692,2.9243,-0.0551,6,0
chen2023,305,4,aunt,11.7458,11.1414,0.6045,6,0
chen2023,305,5,.,4.7812,2.3026,2.4786,6,0
chen2023,305,6,<eos>,6.8883,2.3026,4.5857,6,0
chen2023,306,0,The,3.9742,2.9243,1.0498,8,0
chen2023,306,1,aunt,12.7323,11.1414,1.5909,8,0
chen2023,306,2,was,3.7176,5.0192,-1.3016,8,0
chen2023,306,3,purchased,8.5270,10.4311,-1.9041,8,0
chen2023,306,4,by,1.1643,5.3882,-4.2239,8,0
chen2023,306,5,the,1.6061,2.9243,-1.3183,8,0
chen2023,306,6,book,8.2195,8.2208,-0.0013,8,0
chen2023,306,7,.,5.2057,2.3026,2.9031,8,0
chen2023,306,8,<eos>,6.3819,2.3026,4.0793,8,0
chen2023,307,0,The,3.9742,2.9243,1.0498,8,0
chen2023,307,1,book,6.8383,8.2208,-1.3825,8,0
chen2023,307,2,was,3.4046,5.0192,-1.6146,8,0
chen2023,307,3,purchased,7.3393,10.4311,-3.0918,8,0
chen2023,307,4,by,0.7966,5.3882,-4.5916,8,0
chen2023,307,5,the,1.6827,2.9243,-1.2416,8,0
chen2023,307,6,aunt,10.0895,11.1414,-1.0518,8,0
chen2023,307,7,.,3.8835,2.3026,1.5809,8,0
chen2023,307,8,<eos>,6.4206,2.3026,4.1180,8,0
chen2023,308,0,The,3.9738,2.9243,1.0495,6,0
chen2023,308,1,uncle,12.8711,10.4762,2.3949,6,0
chen2023,308,2,sailed,13.2935,12.1804,1.1131,6,0
chen2023,308,3,the,3.5799,2.9243,0.6556,6,0
chen2023,308,4,boat,3.7827,9.8778,-6.0952,6,0
chen2023,308,5,.,4.3623,2.3026,2.0597,6,0
chen2023,308,6,<eos>,7.0243,2.3026,4.7218,6,0
chen2023,309,0,The,3.9738,2.9243,1.0495,6,0
chen2023,309,1,boat,10.8204,9.8778,0.9426,6,0
chen2023,309,2,sailed,8.6653,12.1804,-3.5151,6,0
chen2023,309,3,the,4.8125,2.9243,1.8882,6,0
chen2023,309,4,uncle,13.5235,10.4762,3.0474,6,0
chen2023,309,5,.,4.5247,2.3026,2.2221,6,0
chen2023,309,6,<eos>,7.1002,2.3026,4.7976,6,0
chen2023,310,0,The,3.9742,2.9243,1.0498,8,0
chen2023,310,1,uncle,12.8707,10.4762,2.3945,8,0
chen2023,310,2,was,3.2634,5.0192,-1.7557,8,0
chen2023,310,3,sailed,14.2853,12.1804,2.1049,8,0
chen2023,310,4,by,2.4172,5.3882,-2.9710,8,0
chen2023,310,5,the,1.4039,2.9243,-1.5205,8,0
chen2023,310,6,boat,5.1610,9.8778,-4.7168,8,0
chen2023,310,7,.,3.5105,2.3026,1.2080,8,0
chen2023,310,8,<eos>,6.6537,2.3026,4.3511,8,0
chen2023,311,0,The,3.9742,2.9243,1.0498,8,0
chen2023,311,1,boat,10.8208,9.8778,0.9430,8,0
chen2023,311,2,was,2.4411,5.0192,-2.5781,8,0
chen2023,311,3,sailed,8.8920,12.1804,-3.2884,8,0
chen2023,311,4,by,2.4985,5.3882,-2.8897,8,0
chen2023,311,5,the,1.3351,2.9243,-1.5893,8,0
chen2023,311,6,uncle,11.5173,10.4762,1.0411,8,0
chen2023,311,7,.,4.1603,2.3026,1.8577,8,0
chen2023,311,8,<eos>,6.6403,2.3026,4.3377,8,0
chen2023,312,0,The,3.9738,2.9243,1.0495,6,0
chen2023,312,1,wife,10.0426,8.6797,1.3629,6,0
chen2023,312,2,lit,12.3203,11.0747,1.2456,6,0
chen2023,312,3,the,2.0331,2.9243,-0.8912,6,0
chen2023,312,4,candle,3.2229,11.7887,-8.5658,6,0
chen2023,312,5,.,2.9788,2.3026,0.6762,6,0
chen2023,312,6,<eos>,6.3778,2.3026,4.0753,6,0
chen2023,313,0,The,3.9738,2.9243,1.0495,6,0
chen2023,313,1,candle,11.8088,11.7887,0.0201,6,0
chen2023,313,2,lit,6.5479,11.0747,-4.5268,6,0
chen2023,313,3,the,3.8397,2.9243,0.9154,6,0
chen2023,313,4,wife,9.8348,8.6797,1.1551,6,0
chen2023,313,5,.,3.2793,2.3026,0.9767,6,0
chen2023,313,6,<eos>,6.1290,2.3026,3.8265,6,0
chen2023,314,0,The,3.9742,2.9243,1.0498,8,0
chen2023,314,1,wife,10.0430,8.6797,1.3633,8,0
chen2023,314,2,was,3.9014,5.0192,-1.1178,8,0
chen2023,314,3,lit,10.6563,11.0747,-0.4183,8,0
chen2023,314,4,by,2.4145,5.3882,-2.9737,8,0
chen2023,314,5,the,1.3671,2.9243,-1.5573,8,0
chen2023,314,6,candle,6.0151,11.7887,-5.7736,8,0
chen2023,314,7,.,2.9719,2.3026,0.6693,8,0
chen2023,314,8,<eos>,6.3433,2.3026,4.0407,8,0
chen2023,315,0,The,3.9742,2.9243,1.0498,8,0
chen2023,315,1,candle,11.8084,11.7887,0.0197,8,0
chen2023,315,2,was,3.2422,5.0192,-1.7770,8,0
chen2023,315,3,lit,3.3271,11.0747,-7.7476,8,0
chen2023,315,4,by,2.3477,5.3882,-3.0406,8,0
chen2023,315,5,the,1.4223,2.9243,-1.5020,8,0
chen2023,315,6,wife,8.9315,8.6797,0.2518,8,0
chen2023,315,7,.,3.9743,2.3026,1.6718,8,0
chen2023,315,8,<eos>,6.5973,2.3026,4.2947,8,0
chen2023,316,0,The,3.9738,2.9243,1.0495,6,0
chen2023,316,1,husband,10.1454,9.2103,0.9350,6,0
chen2023,316,2,wrote,7.1898,9.1150,-1.9252,6,0
chen2023,316,3,the,1.8966,2.9243,-1.0278,6,0
chen2023,316,4,letter,2.9319,9.3258,-6.3938,6,0
chen2023,316,5,.,3.3245,2.3026,1.0219,6,0
chen2023,316,6,<eos>,5.8214,2.3026,3.5189,6,0
chen2023,317,0,The,3.9738,2.9243,1.0495,6,0
chen2023,317,1,letter,7.4924,9.3258,-1.8333,6,0
chen2023,317,2,wrote,7.1923,9.1150,-1.9227,6,0
chen2023,317,3,the,4.1098,2.9243,1.1855,6,0
chen2023,317,4,husband,9.6353,9.2103,0.4250,6,0
chen2023,317,5,.,4.3412,2.3026,2.0386,6,0
chen2023,317,6,<eos>,6.4961,2.3026,4.1935,6,0
chen2023,318,0,The,3.9742,2.9243,1.0498,8,0
chen2023,318,1,husband,10.1458,9.2103,0.9354,8,0
chen2023,318,2,was,3.4190,5.0192,-1.6002,8,0
chen2023,318,3,written,10.0253,9.0033,1.0220,8,0
chen2023,318,4,by,1.0602,5.3882,-4.3281,8,0
chen2023,318,5,the,2.7291,2.9243,-0.1952,8,0
chen2023,318,6,letter,6.8413,9.3258,-2.4844,8,0
chen2023,318,7,.,4.1518,2.3026,1.8492,8,0
chen2023,318,8,<eos>,5.8394,2.3026,3.5368,8,0
chen2023,319,0,The,3.9742,2.9243,1.0498,8,0
chen2023,319,1,letter,7.4928,9.3258,-1.8330,8,0
chen2023,319,2,was,3.4138,5.0192,-1.6053,8,0
chen2023,319,3,written,2.2829,9.0033,-6.7204,8,0
chen2023,319,4,by,1.0016,5.3882,-4.3866,8,0
chen2023,319,5,the,2.7726,2.9243,-0.1517,8,0
chen2023,319,6,husband,6.8455,9.2103,-2.3649,8,0
chen2023,319,7,.,4.1165,2.3026,1.8139,8,0
chen2023,319,8,<eos>,6.2404,2.3026,3.9378,8,0
chen2023,320,0,The,2.1189,2.9243,-0.8055,6,1
chen2023,320,1,girl,0.5626,8.3349,-7.7722,6,1
chen2023,320,2,kicked,7.7980,10.6375,-2.8395,6,1
chen2023,320,3,the,0.9935,2.9243,-1.9308,6,1
chen2023,320,4,ball,0.3555,9.1150,-8.7595,6,1
chen2023,320,5,.,2.4122,2.3026,0.1096,6,1
chen2023,320,6,<eos>,6.1203,2.3026,3.8177,6,1
chen2023,321,0,The,2.1189,2.9243,-0.8055,6,1
chen2023,321,1,ball,3.6057,9.1150,-5.5093,6,1
chen2023,321,2,kicked,5.7905,10.6375,-4.8470,6,1
chen2023,321,3,the,2.7513,2.9243,-0.1731,6,1
chen2023,321,4,girl,0.7212,8.3349,-7.6137,6,1
chen2023,321,5,.,1.9579,2.3026,-0.3447,6,1
chen2023,321,6,<eos>,6.0973,2.3026,3.7947,6,1
chen2023,322,0,The,2.1189,2.9243,-0.8055,8,1
chen2023,322,1,girl,0.5626,8.3349,-7.7722,8,1
chen2023,322,2,was,2.8500,5.0192,-2.1692,8,1
chen2023,322,3,kicked,6.0673,10.6375,-4.5702,8,1
chen2023,322,4,by,2.2428,5.3882,-3.1455,8,1
chen2023,322,5,the,0.7282,2.9243,-2.1962,8,1
chen2023,322,6,ball,2.8743,9.1150,-6.2408,8,1
chen2023,322,7,.,1.7458,2.3026,-0.5568,8,1
chen2023,322,8,<eos>,5.4103,2.3026,3.1077,8,1
chen2023,323,0,The,2.1189,2.9243,-0.8055,8,1
chen2023,323,1,ball,3.6057,9.1150,-5.5093,8,1
chen2023,323,2,was,1.3495,5.0192,-3.6697,8,1
chen2023,323,3,kicked,5.4453,10.6375,-5.1922,8,1
chen2023,323,4,by,2.5919,5.3882,-2.7964,8,1
chen2023,323,5,the,0.7125,2.9243,-2.2119,8,1
chen2023,323,6,girl,0.6109,8.3349,-7.7240,8,1
chen2023,323,7,.,1.3983,2.3026,-0.9043,8,1
chen2023,323,8,<eos>,5.3704,2.3026,3.0678,8,1
chen2023,324,0,The,1.7630,2.9243,-1.1613,6,1
chen2023,324,1,plumber,2.5481,12.9870,-10.4388,6,1
chen2023,324,2,bought,5.1886,9.4174,-4.2288,6,1
chen2023,324,3,the,1.1353,2.9243,-1.7890,6,1
chen2023,324,4,watch,1.2326,8.4264,-7.1938,6,1
chen2023,324,5,.,3.3999,2.3026,1.0973,6,1
chen2023,324,6,<eos>,4.5901,2.3026,2.2875,6,1
chen2023,325,0,The,1.7630,2.9243,-1.1613,6,1
chen2023,325,1,watch,3.0987,8.4264,-5.3278,6,1
chen2023,325,2,bought,7.8986,9.4174,-1.5187,6,1
chen2023,325,3,the,1.5957,2.9243,-1.3286,6,1
chen2023,325,4,plumber,4.0316,12.9870,-8.9553,6,1
chen2023,325,5,.,3.5103,2.3026,1.2078,6,1
chen2023,325,6,<eos>,4.3767,2.3026,2.0741,6,1
chen2023,326,0,The,1.7628,2.9243,-1.1616,8,1
chen2023,326,1,plumber,2.5495,12.9870,-10.4375,8,1
chen2023,326,2,was,2.3609,5.0192,-2.6583,8,1
chen2023,326,3,bought,8.0965,9.4174,-1.3208,8,1
chen2023,326,4,by,1.2571,5.3882,-4.1311,8,1
chen2023,326,5,the,1.3378,2.9243,-1.5865,8,1
chen2023,326,6,watch,7.2457,8.4264,-1.1807,8,1
chen2023,326,7,.,3.4151,2.3026,1.1125,8,1
chen2023,326,8,<eos>,4.2502,2.3026,1.9476,8,1
chen2023,327,0,The,1.7628,2.9243,-1.1616,8,1
chen2023,327,1,watch,3.0986,8.4264,-5.3279,8,1
chen2023,327,2,was,1.2100,5.0192,-3.8092,8,1
chen2023,327,3,bought,6.9515,9.4174,-2.4659,8,1
chen2023,327,4,by,1.3459,5.3882,-4.0424,8,1
chen2023,327,5,the,1.2941,2.9243,-1.6302,8,1
chen2023,327,6,plumber,3.3571,12.9870,-9.6298,8,1
chen2023,327,7,.,2.4342,2.3026,0.1316,8,1
chen2023,327,8,<eos>,4.1790,2.3026,1.8764,8,1
chen2023,328,0,The,1.9546,2.9243,-0.9698,6,1
chen2023,328,1,man,1.4165,7.3218,-5.9052,6,1
chen2023,328,2,drove,4.1573,10.6844,-6.5271,6,1
chen2023,328,3,the,1.5726,2.9243,-1.3517,6,1
chen2023,328,4,truck,1.3727,10.0382,-8.6654,6,1
chen2023,328,5,.,2.8138,2.3026,0.5112,6,1
chen2023,328,6,<eos>,5.5626,2.3026,3.2600,6,1
chen2023,329,0,The,1.9546,2.9243,-0.9698,6,1
chen2023,329,1,truck,2.1334,10.0382,-7.9047,6,1
chen2023,329,2,drove,4.9240,10.6844,-5.7604,6,1
chen2023,329,3,the,3.4043,2.9243,0.4800,6,1
chen2023,329,4,man,3.2384,7.3218,-4.0834,6,1
chen2023,329,5,.,2.6645,2.3026,0.3619,6,1
chen2023,329,6,<eos>,5.6480,2.3026,3.3454,6,1
chen2023,330,0,The,1.9546,2.9243,-0.9698,8,1
chen2023,330,1,man,1.4165,7.3218,-5.9052,8,1
chen2023,330,2,was,2.1264,5.0192,-2.8927,8,1
chen2023,330,3,driven,6.3594,10.2688,-3.9093,8,1
chen2023,330,4,by,1.2179,5.3882,-4.1703,8,1
chen2023,330,5,the,1.6114,2.9243,-1.3129,8,1
chen2023,330,6,truck,1.8893,10.0382,-8.1489,8,1
chen2023,330,7,.,2.4769,2.3026,0.1743,8,1
chen2023,330,8,<eos>,5.3808,2.3026,3.0783,8,1
chen2023,331,0,The,1.9546,2.9243,-0.9698,8,1
chen2023,331,1,truck,2.1334,10.0382,-7.9047,8,1
chen2023,331,2,was,1.0318,5.0192,-3.9874,8,1
chen2023,331,3,driven,5.1524,10.2688,-5.1163,8,1
chen2023,331,4,by,0.9200,5.3882,-4.4682,8,1
chen2023,331,5,the,1.6997,2.9243,-1.2246,8,1
chen2023,331,6,man,1.8545,7.3218,-5.4673,8,1
chen2023,331,7,.,1.5577,2.3026,-0.7449,8,1
chen2023,331,8,<eos>,5.1459,2.3026,2.8433,8,1
chen2023,332,0,The,2.3493,2.9243,-0.5751,6,1
chen2023,332,1,secretary,9.2972,9.3258,-0.0285,6,1
chen2023,332,2,licked,9.0189,13.2167,-4.1978,6,1
chen2023,332,3,the,0.5391,2.9243,-2.3853,6,1
chen2023,332,4,stamp,1.3532,11.2583,-9.9051,6,1
chen2023,332,5,.,1.7694,2.3026,-0.5332,6,1
chen2023,332,6,<eos>,5.1677,2.3026,2.8651,6,1
chen2023,333,0,The,2.3493,2.9243,-0.5751,6,1
chen2023,333,1,stamp,1.1626,11.2583,-10.0957,6,1
chen2023,333,2,licked,10.4627,13.2167,-2.7540,6,1
chen2023,333,3,the,1.3143,2.9243,-1.6101,6,1
chen2023,333,4,secretary,11.8766,9.3258,2.5509,6,1
chen2023,333,5,.,2.8697,2.3026,0.5671,6,1
chen2023,333,6,<eos>,5.1057,2.3026,2.8031,6,1
chen2023,334,0,The,2.3490,2.9243,-0.5754,8,1
chen2023,334,1,secretary,9.2972,9.3258,-0.0286,8,1
chen2023,334,2,was,2.7166,5.0192,-2.3025,8,1
chen2023,334,3,licked,8.3979,13.2167,-4.8188,8,1
chen2023,334,4,by,2.5814,5.3882,-2.8069,8,1
chen2023,334,5,the,0.9083,2.9243,-2.0160,8,1
chen2023,334,6,stamp,2.2002,11.2583,-9.0581,8,1
chen2023,334,7,.,1.7427,2.3026,-0.5599,8,1
chen2023,334,8,<eos>,4.5130,2.3026,2.2104,8,1
chen2023,335,0,The,2.3490,2.9243,-0.5754,8,1
chen2023,335,1,stamp,1.1619,11.2583,-10.0964,8,1
chen2023,335,2,was,1.1263,5.0192,-3.8929,8,1
chen2023,335,3,licked,8.5681,13.2167,-4.6486,8,1
chen2023,335,4,by,2.5492,5.3882,-2.8390,8,1
chen2023,335,5,the,1.1528,2.9243,-1.7715,8,1
chen2023,335,6,secretary,8.3512,9.3258,-0.9746,8,1
chen2023,335,7,.,1.8227,2.3026,-0.4799,8,1
chen2023,335,8,<eos>,4.4710,2.3026,2.1684,8,1
chen2023,336,0,The,2.2150,2.9243,-0.7093,6,1
chen2023,336,1,mother,3.5893,8.6565,-5.0672,6,1
chen2023,336,2,set,6.4412,7.8519,-1.4108,6,1
chen2023,336,3,the,1.0746,2.9243,-1.8498,6,1
chen2023,336,4,table,1.1050,9.0970,-7.9920,6,1
chen2023,336,5,.,3.1203,2.3026,0.8177,6,1
chen2023,336,6,<eos>,4.7455,2.3026,2.4429,6,1
chen2023,337,0,The,2.2150,2.9243,-0.7093,6,1
chen2023,337,1,table,2.6051,9.0970,-6.4919,6,1
chen2023,337,2,set,7.0611,7.8519,-0.7909,6,1
chen2023,337,3,the,3.4172,2.9243,0.4929,6,1
chen2023,337,4,mother,7.2744,8.6565,-1.3820,6,1
chen2023,337,5,.,4.5537,2.3026,2.2511,6,1
chen2023,337,6,<eos>,4.8860,2.3026,2.5834,6,1
chen2023,338,0,The,2.2150,2.9243,-0.7093,8,1
chen2023,338,1,mother,3.5893,8.6565,-5.0672,8,1
chen2023,338,2,was,2.7257,5.0192,-2.2935,8,1
chen2023,338,3,set,7.2936,7.8519,-0.5584,8,1
chen2023,338,4,by,5.1922,5.3882,-0.1961,8,1
chen2023,338,5,the,1.1720,2.9243,-1.7524,8,1
chen2023,338,6,table,5.0323,9.0970,-4.0647,8,1
chen2023,338,7,.,2.1848,2.3026,-0.1178,8,1
chen2023,338,8,<eos>,4.3754,2.3026,2.0728,8,1
chen2023,339,0,The,2.2150,2.9243,-0.7093,8,1
chen2023,339,1,table,2.6051,9.0970,-6.4919,8,1
chen2023,339,2,was,1.3922,5.0192,-3.6269,8,1
chen2023,339,3,set,4.6447,7.8519,-3.2072,8,1
chen2023,339,4,by,4.5476,5.3882,-0.8407,8,1
chen2023,339,5,the,0.9910,2.9243,-1.9333,8,1
chen2023,339,6,mother,3.4591,8.6565,-5.1974,8,1
chen2023,339,7,.,1.8753,2.3026,-0.4272,8,1
chen2023,339,8,<eos>,4.3850,2.3026,2.0824,8,1
chen2023,340,0,The,1.8602,2.9243,-1.0641,6,1
chen2023,340,1,daughter,2.9844,9.0533,-6.0689,6,1
chen2023,340,2,folded,8.3058,12.0188,-3.7130,6,1
chen2023,340,3,the,1.4457,2.9243,-1.4786,6,1
chen2023,340,4,blanket,0.9266,11.3559,-10.4293,6,1
chen2023,340,5,.,3.9748,2.3026,1.6722,6,1
chen2023,340,6,<eos>,5.4132,2.3026,3.1106,6,1
chen2023,341,0,The,1.8602,2.9243,-1.0641,6,1
chen2023,341,1,blanket,5.0430,11.3559,-6.3129,6,1
chen2023,341,2,folded,6.6080,12.0188,-5.4107,6,1
chen2023,341,3,the,5.1882,2.9243,2.2639,6,1
chen2023,341,4,daughter,7.6780,9.0533,-1.3753,6,1
chen2023,341,5,.,3.5421,2.3026,1.2395,6,1
chen2023,341,6,<eos>,5.3541,2.3026,3.0515,6,1
chen2023,342,0,The,1.8601,2.9243,-1.0643,8,1
chen2023,342,1,daughter,2.9851,9.0533,-6.0683,8,1
chen2023,342,2,was,3.0242,5.0192,-1.9950,8,1
chen2023,342,3,folded,8.7713,12.0188,-3.2475,8,1
chen2023,342,4,by,5.1729,5.3882,-0.2154,8,1
chen2023,342,5,the,0.8562,2.9243,-2.0682,8,1
chen2023,342,6,blanket,4.9459,11.3559,-6.4100,8,1
chen2023,342,7,.,1.8336,2.3026,-0.4690,8,1
chen2023,342,8,<eos>,5.0638,2.3026,2.7612,8,1
chen2023,343,0,The,1.8601,2.9243,-1.0643,8,1
chen2023,343,1,blanket,5.0419,11.3559,-6.3140,8,1
chen2023,343,2,was,1.1119,5.0192,-3.9072,8,1
chen2023,343,3,folded,4.7209,12.0188,-7.2979,8,1
chen2023,343,4,by,5.3581,5.3882,-0.0302,8,1
chen2023,343,5,the,0.7643,2.9243,-2.1600,8,1
chen2023,343,6,daughter,7.0369,9.0533,-2.0164,8,1
chen2023,343,7,.,1.8432,2.3026,-0.4593,8,1
chen2023,343,8,<eos>,4.8424,2.3026,2.5398,8,1
chen2023,344,0,The,1.5647,2.9243,-1.3596,6,1
chen2023,344,1,father,4.0196,8.6115,-4.5919,6,1
chen2023,344,2,sharpened,10.7413,13.6585,-2.9172,6,1
chen2023,344,3,the,0.3474,2.9243,-2.5769,6,1
chen2023,344,4,saw,0.9264,8.4264,-7.5001,6,1
chen2023,344,5,.,2.4590,2.3026,0.1564,6,1
chen2023,344,6,<eos>,5.1814,2.3026,2.8788,6,1
chen2023,345,0,The,1.5647,2.9243,-1.3596,6,1
chen2023,345,1,saw,2.5295,8.4264,-5.8970,6,1
chen2023,345,2,sharpened,10.7906,13.6585,-2.8679,6,1
chen2023,345,3,the,1.3341,2.9243,-1.5903,6,1
chen2023,345,4,father,9.6545,8.6115,1.0430,6,1
chen2023,345,5,.,3.9487,2.3026,1.6461,6,1
chen2023,345,6,<eos>,5.1056,2.3026,2.8030,6,1
chen2023,346,0,The,1.5647,2.9243,-1.3596,8,1
chen2023,346,1,father,4.0196,8.6115,-4.5919,8,1
chen2023,346,2,was,2.4036,5.0192,-2.6156,8,1
chen2023,346,3,sharpened,11.9335,13.6585,-1.7250,8,1
chen2023,346,4,by,2.3377,5.3882,-3.0505,8,1
chen2023,346,5,the,0.8464,2.9243,-2.0779,8,1
chen2023,346,6,saw,3.2242,8.4264,-5.2023,8,1
chen2023,346,7,.,2.1885,2.3026,-0.1141,8,1
chen2023,346,8,<eos>,4.8275,2.3026,2.5249,8,1
chen2023,347,0,The,1.5647,2.9243,-1.3596,8,1
chen2023,347,1,saw,2.5295,8.4264,-5.8970,8,1
chen2023,347,2,was,1.1362,5.0192,-3.8830,8,1
chen2023,347,3,sharpened,9.9665,13.6585,-3.6920,8,1
chen2023,347,4,by,2.0163,5.3882,-3.3719,8,1
chen2023,347,5,the,0.7762,2.9243,-2.1482,8,1
chen2023,347,6,father,6.5350,8.6115,-2.0765,8,1
chen2023,347,7,.,2.4606,2.3026,0.1580,8,1
chen2023,347,8,<eos>,4.6980,2.3026,2.3954,8,1
chen2023,348,0,The,1.9840,2.9243,-0.9403,6,1
chen2023,348,1,niece,3.7443,11.9269,-8.1826,6,1
chen2023,348,2,opened,5.4053,9.5557,-4.1504,6,1
chen2023,348,3,the,0.4422,2.9243,-2.4821,6,1
chen2023,348,4,door,0.0473,9.0280,-8.9807,6,1
chen2023,348,5,.,1.4669,2.3026,-0.8356,6,1
chen2023,348,6,<eos>,6.7969,2.3026,4.4943,6,1
chen2023,349,0,The,1.9840,2.9243,-0.9403,6,1
chen2023,349,1,door,3.4132,9.0280,-5.6148,6,1
chen2023,349,2,opened,1.8315,9.5557,-7.7242,6,1
chen2023,349,3,the,5.0735,2.9243,2.1491,6,1
chen2023,349,4,niece,12.4070,11.9269,0.4801,6,1
chen2023,349,5,.,2.1689,2.3026,-0.1337,6,1
chen2023,349,6,<eos>,6.7053,2.3026,4.4028,6,1
chen2023,350,0,The,1.9840,2.9243,-0.9403,8,1
chen2023,350,1,niece,3.7443,11.9269,-8.1826,8,1
chen2023,350,2,was,2.4403,5.0192,-2.5789,8,1
chen2023,350,3,opened,9.5758,9.5557,0.0201,8,1
chen2023,350,4,by,2.0515,5.3882,-3.3367,8,1
chen2023,350,5,the,1.1551,2.9243,-1.7692,8,1
chen2023,350,6,door,1.6105,9.0280,-7.4175,8,1
chen2023,350,7,.,0.9695,2.3026,-1.3331,8,1
chen2023,350,8,<eos>,6.6375,2.3026,4.3349,8,1
chen2023,351,0,The,1.9840,2.9243,-0.9403,8,1
chen2023,351,1,door,3.4132,9.0280,-5.6148,8,1
chen2023,351,2,was,1.7209,5.0192,-3.2983,8,1
chen2023,351,3,opened,2.5624,9.5557,-6.9933,8,1
chen2023,351,4,by,2.2365,5.3882,-3.1517,8,1
chen2023,351,5,the,1.4976,2.9243,-1.4267,8,1
chen2023,351,6,niece,7.4550,11.9269,-4.4719,8,1
chen2023,351,7,.,1.3348,2.3026,-0.9678,8,1
chen2023,351,8,<eos>,6.3757,2.3026,4.0731,8,1
chen2023,352,0,The,1.5213,2.9243,-1.4031,6,1
chen2023,352,1,boy,2.4621,8.8183,-6.3562,6,1
chen2023,352,2,ate,5.1863,10.7290,-5.5427,6,1
chen2023,352,3,the,1.7983,2.9243,-1.1261,6,1
chen2023,352,4,pizza,0.4606,10.5234,-10.0628,6,1
chen2023,352,5,.,2.4063,2.3026,0.1037,6,1
chen2023,352,6,<eos>,5.2509,2.3026,2.9483,6,1
chen2023,353,0,The,1.5213,2.9243,-1.4031,6,1
chen2023,353,1,pizza,1.8213,10.5234,-8.7021,6,1
chen2023,353,2,ate,7.6643,10.7290,-3.0647,6,1
chen2023,353,3,the,2.1190,2.9243,-0.8054,6,1
chen2023,353,4,boy,5.5816,8.8183,-3.2367,6,1
chen2023,353,5,.,2.9423,2.3026,0.6397,6,1
chen2023,353,6,<eos>,5.0574,2.3026,2.7548,6,1
chen2023,354,0,The,1.5213,2.9243,-1.4031,8,1
chen2023,354,1,boy,2.4621,8.8183,-6.3562,8,1
chen2023,354,2,was,2.1370,5.0192,-2.8822,8,1
chen2023,354,3,eaten,7.2376,11.2128,-3.9752,8,1
chen2023,354,4,by,0.9112,5.3882,-4.4770,8,1
chen2023,354,5,the,1.9154,2.9243,-1.0090,8,1
chen2023,354,6,pizza,4.5128,10.5234,-6.0106,8,1
chen2023,354,7,.,2.4469,2.3026,0.1443,8,1
chen2023,354,8,<eos>,4.7018,2.3026,2.3992,8,1
chen2023,355,0,The,1.5213,2.9243,-1.4031,8,1
chen2023,355,1,pizza,1.8213,10.5234,-8.7021,8,1
chen2023,355,2,was,0.7510,5.0192,-4.2682,8,1
chen2023,355,3,eaten,4.5385,11.2128,-6.6743,8,1
chen2023,355,4,by,1.2633,5.3882,-4.1249,8,1
chen2023,355,5,the,1.8910,2.9243,-1.0334,8,1
chen2023,355,6,boy,4.1364,8.8183,-4.6819,8,1
chen2023,355,7,.,1.7359,2.3026,-0.5667,8,1
chen2023,355,8,<eos>,4.4752,2.3026,2.1726,8,1
chen2023,356,0,The,1.5171,2.9243,-1.4072,6,1
chen2023,356,1,grandfather,6.1320,10.9590,-4.8271,6,1
chen2023,356,2,broke,6.1907,9.5557,-3.3649,6,1
chen2023,356,3,the,1.0168,2.9243,-1.9076,6,1
chen2023,356,4,bowl,1.9948,10.0613,-8.0665,6,1
chen2023,356,5,.,2.0657,2.3026,-0.2369,6,1
chen2023,356,6,<eos>,5.3025,2.3026,2.9999,6,1
chen2023,357,0,The,1.5171,2.9243,-1.4072,6,1
chen2023,357,1,bowl,1.0309,10.0613,-9.0304,6,1
chen2023,357,2,broke,4.7926,9.5557,-4.7630,6,1
chen2023,357,3,the,3.9032,2.9243,0.9789,6,1
chen2023,357,4,grandfather,11.2604,10.9590,0.3013,6,1
chen2023,357,5,.,2.8200,2.3026,0.5174,6,1
chen2023,357,6,<eos>,5.3210,2.3026,3.0184,6,1
chen2023,358,0,The,1.5171,2.9243,-1.4072,8,1
chen2023,358,1,grandfather,6.1320,10.9590,-4.8271,8,1
chen2023,358,2,was,3.2541,5.0192,-1.7651,8,1
chen2023,358,3,broken,6.3090,9.4861,-3.1771,8,1
chen2023,358,4,by,3.5033,5.3882,-1.8849,8,1
chen2023,358,5,the,0.7057,2.9243,-2.2186,8,1
chen2023,358,6,bowl,2.9287,10.0613,-7.1326,8,1
chen2023,358,7,.,1.4887,2.3026,-0.8139,8,1
chen2023,358,8,<eos>,4.7814,2.3026,2.4788,8,1
chen2023,359,0,The,1.5171,2.9243,-1.4072,8,1
chen2023,359,1,bowl,1.0309,10.0613,-9.0304,8,1
chen2023,359,2,was,1.1553,5.0192,-3.8639,8,1
chen2023,359,3,broken,5.5035,9.4861,-3.9826,8,1
chen2023,359,4,by,3.8757,5.3882,-1.5126,8,1
chen2023,359,5,the,0.9923,2.9243,-1.9320,8,1
chen2023,359,6,grandfather,7.8773,10.9590,-3.0818,8,1
chen2023,359,7,.,1.5713,2.3026,-0.7313,8,1
chen2023,359,8,<eos>,4.5452,2.3026,2.2426,8,1
chen2023,360,0,The,2.3872,2.9243,-0.5371,6,1
chen2023,360,1,woman,2.2143,8.4039,-6.1896,6,1
chen2023,360,2,lost,6.4822,8.3143,-1.8320,6,1
chen2023,360,3,the,1.8275,2.9243,-1.0969,6,1
chen2023,360,4,diamond,3.7816,10.5459,-6.7643,6,1
chen2023,360,5,.,1.6873,2.3026,-0.6153,6,1
chen2023,360,6,<eos>,4.8729,2.3026,2.5703,6,1
chen2023,361,0,The,2.3872,2.9243,-0.5371,6,1
chen2023,361,1,diamond,2.6261,10.5459,-7.9198,6,1
chen2023,361,2,lost,8.4901,8.3143,0.1758,6,1
chen2023,361,3,the,2.3756,2.9243,-0.5487,6,1
chen2023,361,4,woman,4.2443,8.4039,-4.1595,6,1
chen2023,361,5,.,2.9724,2.3026,0.6698,6,1
chen2023,361,6,<eos>,4.8095,2.3026,2.5069,6,1
chen2023,362,0,The,2.3872,2.9243,-0.5371,8,1
chen2023,362,1,woman,2.2143,8.4039,-6.1896,8,1
chen2023,362,2,was,2.3608,5.0192,-2.6584,8,1
chen2023,362,3,lost,6.5864,8.3143,-1.7279,8,1
chen2023,362,4,by,4.4048,5.3882,-0.9834,8,1
chen2023,362,5,the,1.0991,2.9243,-1.8252,8,1
chen2023,362,6,diamond,3.3807,10.5459,-7.1652,8,1
chen2023,362,7,.,1.4797,2.3026,-0.8229,8,1
chen2023,362,8,<eos>,4.5986,2.3026,2.2960,8,1
chen2023,363,0,The,2.3872,2.9243,-0.5371,8,1
chen2023,363,1,diamond,2.6261,10.5459,-7.9198,8,1
chen2023,363,2,was,0.8054,5.0192,-4.2138,8,1
chen2023,363,3,lost,7.6812,8.3143,-0.6330,8,1
chen2023,363,4,by,4.2108,5.3882,-1.1775,8,1
chen2023,363,5,the,1.0236,2.9243,-1.9008,8,1
chen2023,363,6,woman,3.0854,8.4039,-5.3184,8,1
chen2023,363,7,.,2.1131,2.3026,-0.1895,8,1
chen2023,363,8,<eos>,4.3712,2.3026,2.0686,8,1
chen2023,364,0,The,1.8050,2.9243,-1.1194,6,1
chen2023,364,1,grandmother,2.5189,11.1908,-8.6720,6,1
chen2023,364,2,cleaned,6.4721,11.4641,-4.9921,6,1
chen2023,364,3,the,0.7637,2.9243,-2.1607,6,1
chen2023,364,4,oven,1.7939,11.3996,-9.6057,6,1
chen2023,364,5,.,2.1651,2.3026,-0.1375,6,1
chen2023,364,6,<eos>,6.7750,2.3026,4.4725,6,1
chen2023,365,0,The,1.8050,2.9243,-1.1194,6,1
chen2023,365,1,oven,3.6701,11.3996,-7.7295,6,1
chen2023,365,2,cleaned,6.4341,11.4641,-5.0300,6,1
chen2023,365,3,the,1.6830,2.9243,-1.2413,6,1
chen2023,365,4,grandmother,5.2522,11.1908,-5.9386,6,1
chen2023,365,5,.,2.6688,2.3026,0.3663,6,1
chen2023,365,6,<eos>,6.4609,2.3026,4.1583,6,1
chen2023,366,0,The,1.8050,2.9243,-1.1194,8,1
chen2023,366,1,grandmother,2.5189,11.1908,-8.6720,8,1
chen2023,366,2,was,2.6365,5.0192,-2.3827,8,1
chen2023,366,3,cleaned,8.0446,11.4641,-3.4195,8,1
chen2023,366,4,by,2.9288,5.3882,-2.4594,8,1
chen2023,366,5,the,1.0517,2.9243,-1.8727,8,1
chen2023,366,6,oven,3.7198,11.3996,-7.6798,8,1
chen2023,366,7,.,1.7441,2.3026,-0.5585,8,1
chen2023,366,8,<eos>,6.0034,2.3026,3.7008,8,1
chen2023,367,0,The,1.8050,2.9243,-1.1194,8,1
chen2023,367,1,oven,3.6701,11.3996,-7.7295,8,1
chen2023,367,2,was,0.6932,5.0192,-4.3260,8,1
chen2023,367,3,cleaned,4.9959,11.4641,-6.4682,8,1
chen2023,367,4,by,3.1922,5.3882,-2.1961,8,1
chen2023,367,5,the,1.0857,2.9243,-1.8387,8,1
chen2023,367,6,grandmother,5.7628,11.1908,-5.4280,8,1
chen2023,367,7,.,1.6894,2.3026,-0.6132,8,1
chen2023,367,8,<eos>,5.6570,2.3026,3.3544,8,1
chen2023,368,0,The,2.5006,2.9243,-0.4238,6,1
chen2023,368,1,electrician,5.1620,13.2167,-8.0547,6,1
chen2023,368,2,stole,8.7824,11.0305,-2.2481,6,1
chen2023,368,3,the,0.3943,2.9243,-2.5301,6,1
chen2023,368,4,hammer,4.6408,11.1414,-6.5006,6,1
chen2023,368,5,.,2.0247,2.3026,-0.2778,6,1
chen2023,368,6,<eos>,4.2893,2.3026,1.9867,6,1
chen2023,369,0,The,2.5006,2.9243,-0.4238,6,1
chen2023,369,1,hammer,3.3320,11.1414,-7.8094,6,1
chen2023,369,2,stole,9.4708,11.0305,-1.5597,6,1
chen2023,369,3,the,0.7040,2.9243,-2.2204,6,1
chen2023,369,4,electrician,6.2364,13.2167,-6.9802,6,1
chen2023,369,5,.,3.5757,2.3026,1.2731,6,1
chen2023,369,6,<eos>,4.3957,2.3026,2.0931,6,1
chen2023,370,0,The,2.5005,2.9243,-0.4239,8,1
chen2023,370,1,electrician,5.1632,13.2167,-8.0535,8,1
chen2023,370,2,was,1.8839,5.0192,-3.1353,8,1
chen2023,370,3,stolen,8.2190,10.5690,-2.3500,8,1
chen2023,370,4,by,2.7396,5.3882,-2.6487,8,1
chen2023,370,5,the,1.1529,2.9243,-1.7715,8,1
chen2023,370,6,hammer,3.0093,11.1414,-8.1320,8,1
chen2023,370,7,.,1.4721,2.3026,-0.8305,8,1
chen2023,370,8,<eos>,3.2421,2.3026,0.9395,8,1
chen2023,371,0,The,2.5005,2.9243,-0.4239,8,1
chen2023,371,1,hammer,3.3302,11.1414,-7.8112,8,1
chen2023,371,2,was,1.4728,5.0192,-3.5464,8,1
chen2023,371,3,stolen,6.7058,10.5690,-3.8632,8,1
chen2023,371,4,by,2.6493,5.3882,-2.7390,8,1
chen2023,371,5,the,1.2778,2.9243,-1.6465,8,1
chen2023,371,6,electrician,4.6554,13.2167,-8.5613,8,1
chen2023,371,7,.,1.6079,2.3026,-0.6947,8,1
chen2023,371,8,<eos>,3.1250,2.3026,0.8225,8,1
chen2023,372,0,The,2.3451,2.9243,-0.5793,6,1
chen2023,372,1,sister,10.1886,9.3258,0.8629,6,1
chen2023,372,2,closed,7.3219,9.4410,-2.1191,6,1
chen2023,372,3,the,0.7761,2.9243,-2.1482,6,1
chen2023,372,4,window,1.7653,9.6708,-7.9055,6,1
chen2023,372,5,.,1.8050,2.3026,-0.4976,6,1
chen2023,372,6,<eos>,4.9964,2.3026,2.6939,6,1
chen2023,373,0,The,2.3451,2.9243,-0.5793,6,1
chen2023,373,1,window,2.4988,9.6708,-7.1720,6,1
chen2023,373,2,closed,4.0205,9.4410,-5.4206,6,1
chen2023,373,3,the,4.3955,2.9243,1.4712,6,1
chen2023,373,4,sister,12.3616,9.3258,3.0359,6,1
chen2023,373,5,.,3.2592,2.3026,0.9566,6,1
chen2023,373,6,<eos>,5.0719,2.3026,2.7693,6,1
chen2023,374,0,The,2.3451,2.9243,-0.5793,8,1
chen2023,374,1,sister,10.1886,9.3258,0.8629,8,1
chen2023,374,2,was,1.6428,5.0192,-3.3763,8,1
chen2023,374,3,closed,8.1537,9.4410,-1.2873,8,1
chen2023,374,4,by,3.2069,5.3882,-2.1813,8,1
chen2023,374,5,the,0.9364,2.9243,-1.9879,8,1
chen2023,374,6,window,2.0345,9.6708,-7.6363,8,1
chen2023,374,7,.,1.2042,2.3026,-1.0984,8,1
chen2023,374,8,<eos>,4.7538,2.3026,2.4512,8,1
chen2023,375,0,The,2.3451,2.9243,-0.5793,8,1
chen2023,375,1,window,2.4988,9.6708,-7.1720,8,1
chen2023,375,2,was,0.6385,5.0192,-4.3807,8,1
chen2023,375,3,closed,2.2246,9.4410,-7.2164,8,1
chen2023,375,4,by,2.9190,5.3882,-2.4692,8,1
chen2023,375,5,the,1.1118,2.9243,-1.8125,8,1
chen2023,375,6,sister,10.8922,9.3258,1.5665,8,1
chen2023,375,7,.,2.0451,2.3026,-0.2575,8,1
chen2023,375,8,<eos>,4.7483,2.3026,2.4458,8,1
chen2023,376,0,The,2.4060,2.9243,-0.5183,6,1
chen2023,376,1,grandson,1.6683,11.8582,-10.1899,6,1
chen2023,376,2,sipped,10.4415,14.5516,-4.1101,6,1
chen2023,376,3,the,2.1002,2.9243,-0.8242,6,1
chen2023,376,4,water,0.6846,8.0134,-7.3288,6,1
chen2023,376,5,.,1.8739,2.3026,-0.4287,6,1
chen2023,376,6,<eos>,5.5728,2.3026,3.2702,6,1
chen2023,377,0,The,2.4060,2.9243,-0.5183,6,1
chen2023,377,1,water,3.4709,8.0134,-4.5425,6,1
chen2023,377,2,sipped,11.8614,14.5516,-2.6901,6,1
chen2023,377,3,the,3.0001,2.9243,0.0758,6,1
chen2023,377,4,grandson,12.8956,11.8582,1.0374,6,1
chen2023,377,5,.,3.6968,2.3026,1.3943,6,1
chen2023,377,6,<eos>,5.5723,2.3026,3.2697,6,1
chen2023,378,0,The,2.4061,2.9243,-0.5182,8,1
chen2023,378,1,grandson,1.6669,11.8582,-10.1913,8,1
chen2023,378,2,was,2.7501,5.0192,-2.2690,8,1
chen2023,378,3,sipped,13.2622,14.5516,-1.2893,8,1
chen2023,378,4,by,4.8096,5.3882,-0.5786,8,1
chen2023,378,5,the,0.5671,2.9243,-2.3572,8,1
chen2023,378,6,water,1.6796,8.0134,-6.3338,8,1
chen2023,378,7,.,1.7550,2.3026,-0.5476,8,1
chen2023,378,8,<eos>,5.4322,2.3026,3.1296,8,1
chen2023,379,0,The,2.4061,2.9243,-0.5182,8,1
chen2023,379,1,water,3.4713,8.0134,-4.5420,8,1
chen2023,379,2,was,1.4288,5.0192,-3.5903,8,1
chen2023,379,3,sipped,11.4315,14.5516,-3.1201,8,1
chen2023,379,4,by,3.2847,5.3882,-2.1035,8,1
chen2023,379,5,the,0.5897,2.9243,-2.3347,8,1
chen2023,379,6,grandson,4.9570,11.8582,-6.9012,8,1
chen2023,379,7,.,1.8907,2.3026,-0.4119,8,1
chen2023,379,8,<eos>,5.3205,2.3026,3.0179,8,1
chen2023,380,0,The,1.8063,2.9243,-1.1180,6,1
chen2023,380,1,granddaughter,2.1066,12.4342,-10.3276,6,1
chen2023,380,2,boarded,9.2909,12.7337,-3.4428,6,1
chen2023,380,3,the,0.2956,2.9243,-2.6288,6,1
chen2023,380,4,train,0.2521,9.3025,-9.0504,6,1
chen2023,380,5,.,2.0016,2.3026,-0.3009,6,1
chen2023,380,6,<eos>,4.9711,2.3026,2.6685,6,1
chen2023,381,0,The,1.8063,2.9243,-1.1180,6,1
chen2023,381,1,train,2.2792,9.3025,-7.0232,6,1
chen2023,381,2,boarded,8.8683,12.7337,-3.8654,6,1
chen2023,381,3,the,0.5807,2.9243,-2.3436,6,1
chen2023,381,4,granddaughter,5.5095,12.4342,-6.9248,6,1
chen2023,381,5,.,2.3616,2.3026,0.0590,6,1
chen2023,381,6,<eos>,4.7846,2.3026,2.4820,6,1
chen2023,382,0,The,1.8063,2.9243,-1.1180,8,1
chen2023,382,1,granddaughter,2.1066,12.4342,-10.3276,8,1
chen2023,382,2,was,1.7439,5.0192,-3.2752,8,1
chen2023,382,3,boarded,9.9584,12.7337,-2.7753,8,1
chen2023,382,4,by,1.8466,5.3882,-3.5416,8,1
chen2023,382,5,the,1.0393,2.9243,-1.8851,8,1
chen2023,382,6,train,2.0731,9.3025,-7.2293,8,1
chen2023,382,7,.,2.0508,2.3026,-0.2518,8,1
chen2023,382,8,<eos>,4.6107,2.3026,2.3081,8,1
chen2023,383,0,The,1.8063,2.9243,-1.1180,8,1
chen2023,383,1,train,2.2792,9.3025,-7.0232,8,1
chen2023,383,2,was,1.4411,5.0192,-3.5780,8,1
chen2023,383,3,boarded,7.1538,12.7337,-5.5799,8,1
chen2023,383,4,by,2.1930,5.3882,-3.1952,8,1
chen2023,383,5,the,1.0890,2.9243,-1.8353,8,1
chen2023,383,6,granddaughter,3.8595,12.4342,-8.5748,8,1
chen2023,383,7,.,1.6956,2.3026,-0.6069,8,1
chen2023,383,8,<eos>,4.3743,2.3026,2.0717,8,1
chen2023,384,0,The,2.1979,2.9243,-0.7265,6,1
chen2023,384,1,aunt,3.0390,11.1414,-8.1024,6,1
chen2023,384,2,purchased,6.1111,10.4311,-4.3201,6,1
chen2023,384,3,the,0.8256,2.9243,-2.0987,6,1
chen2023,384,4,book,0.6492,8.2208,-7.5716,6,1
chen2023,384,5,.,3.6703,2.3026,1.3677,6,1
chen2023,384,6,<eos>,6.0687,2.3026,3.7661,6,1
chen2023,385,0,The,2.1979,2.9243,-0.7265,6,1
chen2023,385,1,book,2.2226,8.2208,-5.9982,6,1
chen2023,385,2,purchased,7.6205,10.4311,-2.8106,6,1
chen2023,385,3,the,1.8217,2.9243,-1.1026,6,1
chen2023,385,4,aunt,6.9260,11.1414,-4.2153,6,1
chen2023,385,5,.,4.1132,2.3026,1.8106,6,1
chen2023,385,6,<eos>,5.9666,2.3026,3.6641,6,1
chen2023,386,0,The,2.1979,2.9243,-0.7265,8,1
chen2023,386,1,aunt,3.0390,11.1414,-8.1024,8,1
chen2023,386,2,was,2.9253,5.0192,-2.0939,8,1
chen2023,386,3,purchased,8.0788,10.4311,-2.3523,8,1
chen2023,386,4,by,1.2406,5.3882,-4.1477,8,1
chen2023,386,5,the,1.4252,2.9243,-1.4991,8,1
chen2023,386,6,book,4.3810,8.2208,-3.8398,8,1
chen2023,386,7,.,5.9423,2.3026,3.6397,8,1
chen2023,386,8,<eos>,5.4001,2.3026,3.0976,8,1
chen2023,387,0,The,2.1979,2.9243,-0.7265,8,1
chen2023,387,1,book,2.2226,8.2208,-5.9982,8,1
chen2023,387,2,was,1.9145,5.0192,-3.1047,8,1
chen2023,387,3,purchased,4.8909,10.4311,-5.5403,8,1
chen2023,387,4,by,1.2508,5.3882,-4.1375,8,1
chen2023,387,5,the,1.6080,2.9243,-1.3164,8,1
chen2023,387,6,aunt,3.3193,11.1414,-7.8220,8,1
chen2023,387,7,.,2.4920,2.3026,0.1894,8,1
chen2023,387,8,<eos>,5.1913,2.3026,2.8888,8,1
chen2023,388,0,The,1.9741,2.9243,-0.9502,6,1
chen2023,388,1,uncle,3.7968,10.4762,-6.6794,6,1
chen2023,388,2,sailed,8.9026,12.1804,-3.2778,6,1
chen2023,388,3,the,2.7656,2.9243,-0.1587,6,1
chen2023,388,4,boat,0.8273,9.8778,-9.0505,6,1
chen2023,388,5,.,3.5181,2.3026,1.2155,6,1
chen2023,388,6,<eos>,5.4538,2.3026,3.1512,6,1
chen2023,389,0,The,1.9741,2.9243,-0.9502,6,1
chen2023,389,1,boat,1.7651,9.8778,-8.1127,6,1
chen2023,389,2,sailed,7.5416,12.1804,-4.6388,6,1
chen2023,389,3,the,4.2138,2.9243,1.2895,6,1
chen2023,389,4,uncle,10.7886,10.4762,0.3124,6,1
chen2023,389,5,.,3.7137,2.3026,1.4111,6,1
chen2023,389,6,<eos>,5.3827,2.3026,3.0801,6,1
chen2023,390,0,The,1.9741,2.9243,-0.9502,8,1
chen2023,390,1,uncle,3.7968,10.4762,-6.6794,8,1
chen2023,390,2,was,2.2789,5.0192,-2.7403,8,1
chen2023,390,3,sailed,13.0437,12.1804,0.8632,8,1
chen2023,390,4,by,2.6539,5.3882,-2.7344,8,1
chen2023,390,5,the,0.7010,2.9243,-2.2234,8,1
chen2023,390,6,boat,1.2581,9.8778,-8.6197,8,1
chen2023,390,7,.,2.6819,2.3026,0.3793,8,1
chen2023,390,8,<eos>,5.1351,2.3026,2.8325,8,1
chen2023,391,0,The,1.9741,2.9243,-0.9502,8,1
chen2023,391,1,boat,1.7651,9.8778,-8.1127,8,1
chen2023,391,2,was,0.8444,5.0192,-4.1748,8,1
chen2023,391,3,sailed,10.0484,12.1804,-2.1320,8,1
chen2023,391,4,by,2.5982,5.3882,-2.7900,8,1
chen2023,391,5,the,0.7624,2.9243,-2.1619,8,1
chen2023,391,6,uncle,6.2746,10.4762,-4.2016,8,1
chen2023,391,7,.,2.4955,2.3026,0.1929,8,1
chen2023,391,8,<eos>,4.9254,2.3026,2.6228,8,1
chen2023,392,0,The,1.4196,2.9243,-1.5048,6,1
chen2023,392,1,wife,1.4935,8.6797,-7.1862,6,1
chen2023,392,2,lit,8.6972,11.0747,-2.3775,6,1
chen2023,392,3,the,0.6575,2.9243,-2.2668,6,1
chen2023,392,4,candle,0.2224,11.7887,-11.5663,6,1
chen2023,392,5,.,2.2110,2.3026,-0.0916,6,1
chen2023,392,6,<eos>,5.6894,2.3026,3.3868,6,1
chen2023,393,0,The,1.4196,2.9243,-1.5048,6,1
chen2023,393,1,candle,4.8354,11.7887,-6.9532,6,1
chen2023,393,2,lit,5.3514,11.0747,-5.7233,6,1
chen2023,393,3,the,0.5954,2.9243,-2.3289,6,1
chen2023,393,4,wife,4.4742,8.6797,-4.2055,6,1
chen2023,393,5,.,3.4356,2.3026,1.1330,6,1
chen2023,393,6,<eos>,5.5340,2.3026,3.2314,6,1
chen2023,394,0,The,1.4199,2.9243,-1.5044,8,1
chen2023,394,1,wife,1.4920,8.6797,-7.1878,8,1
chen2023,394,2,was,3.0236,5.0192,-1.9955,8,1
chen2023,394,3,lit,8.3248,11.0747,-2.7499,8,1
chen2023,394,4,by,2.5655,5.3882,-2.8227,8,1
chen2023,394,5,the,0.9419,2.9243,-1.9824,8,1
chen2023,394,6,candle,2.0275,11.7887,-9.7611,8,1
chen2023,394,7,.,1.9472,2.3026,-0.3554,8,1
chen2023,394,8,<eos>,5.3622,2.3026,3.0596,8,1
chen2023,395,0,The,1.4199,2.9243,-1.5044,8,1
chen2023,395,1,candle,4.8363,11.7887,-6.9524,8,1
chen2023,395,2,was,1.1577,5.0192,-3.8615,8,1
chen2023,395,3,lit,4.1468,11.0747,-6.9279,8,1
chen2023,395,4,by,2.7233,5.3882,-2.6650,8,1
chen2023,395,5,the,0.9685,2.9243,-1.9559,8,1
chen2023,395,6,wife,2.8048,8.6797,-5.8749,8,1
chen2023,395,7,.,2.2077,2.3026,-0.0949,8,1
chen2023,395,8,<eos>,5.0689,2.3026,2.7663,8,1
chen2023,396,0,The,1.7401,2.9243,-1.1843,6,1
chen2023,396,1,husband,1.0938,9.2103,-8.1165,6,1
chen2023,396,2,wrote,3.3052,9.1150,-5.8098,6,1
chen2023,396,3,the,0.9694,2.9243,-1.9550,6,1
chen2023,396,4,letter,0.1968,9.3258,-9.1290,6,1
chen2023,396,5,.,2.3312,2.3026,0.0286,6,1
chen2023,396,6,<eos>,3.4791,2.3026,1.1766,6,1
chen2023,397,0,The,1.7401,2.9243,-1.1843,6,1
chen2023,397,1,letter,3.7714,9.3258,-5.5543,6,1
chen2023,397,2,wrote,5.6001,9.1150,-3.5149,6,1
chen2023,397,3,the,2.2064,2.9243,-0.7179,6,1
chen2023,397,4,husband,1.5118,9.2103,-7.6985,6,1
chen2023,397,5,.,4.2573,2.3026,1.9547,6,1
chen2023,397,6,<eos>,3.7223,2.3026,1.4197,6,1
chen2023,398,0,The,1.7403,2.9243,-1.1840,8,1
chen2023,398,1,husband,1.0938,9.2103,-8.1165,8,1
chen2023,398,2,was,2.2675,5.0192,-2.7517,8,1
chen2023,398,3,written,7.3398,9.0033,-1.6636,8,1
chen2023,398,4,by,2.6450,5.3882,-2.7432,8,1
chen2023,398,5,the,1.6755,2.9243,-1.2489,8,1
chen2023,398,6,letter,5.6155,9.3258,-3.7103,8,1
chen2023,398,7,.,2.3265,2.3026,0.0239,8,1
chen2023,398,8,<eos>,3.4889,2.3026,1.1863,8,1
chen2023,399,0,The,1.7403,2.9243,-1.1840,8,1
chen2023,399,1,letter,3.7711,9.3258,-5.5547,8,1
chen2023,399,2,was,1.4287,5.0192,-3.5905,8,1
chen2023,399,3,written,2.4274,9.0033,-6.5759,8,1
chen2023,399,4,by,1.9600,5.3882,-3.4283,8,1
chen2023,399,5,the,1.7470,2.9243,-1.1773,8,1
chen2023,399,6,husband,1.8804,9.2103,-7.3300,8,1
chen2023,399,7,.,2.0990,2.3026,-0.2036,8,1
chen2023,399,8,<eos>,3.4856,2.3026,1.1830,8,1
chen2023,400,0,The,2.7414,2.9243,-0.1830,6,1
chen2023,400,1,girl,6.3965,8.3349,-1.9384,6,1
chen2023,400,2,kicked,9.1237,10.6375,-1.5137,6,1
chen2023,400,3,the,1.6095,2.9243,-1.3148,6,1
chen2023,400,4,ball,4.8536,9.1150,-4.2614,6,1
chen2023,400,5,.,2.7520,2.3026,0.4495,6,1
chen2023,400,6,<eos>,4.6505,2.3026,2.3479,6,1
chen2023,401,0,The,2.7414,2.9243,-0.1830,6,1
chen2023,401,1,ball,9.2807,9.1150,0.1656,6,1
chen2023,401,2,kicked,7.1446,10.6375,-3.4928,6,1
chen2023,401,3,the,3.6702,2.9243,0.7459,6,1
chen2023,401,4,girl,6.5407,8.3349,-1.7941,6,1
chen2023,401,5,.,2.8839,2.3026,0.5813,6,1
chen2023,401,6,<eos>,4.5236,2.3026,2.2210,6,1
chen2023,402,0,The,2.7409,2.9243,-0.1835,8,1
chen2023,402,1,girl,6.3972,8.3349,-1.9377,8,1
chen2023,402,2,was,1.4181,5.0192,-3.6011,8,1
chen2023,402,3,kicked,9.8266,10.6375,-0.8109,8,1
chen2023,402,4,by,2.8343,5.3882,-2.5539,8,1
chen2023,402,5,the,1.0657,2.9243,-1.8586,8,1
chen2023,402,6,ball,7.3505,9.1150,-1.7645,8,1
chen2023,402,7,.,2.4918,2.3026,0.1892,8,1
chen2023,402,8,<eos>,4.1733,2.3026,1.8707,8,1
chen2023,403,0,The,2.7409,2.9243,-0.1835,8,1
chen2023,403,1,ball,9.2806,9.1150,0.1656,8,1
chen2023,403,2,was,1.2307,5.0192,-3.7885,8,1
chen2023,403,3,kicked,6.0950,10.6375,-4.5425,8,1
chen2023,403,4,by,2.6235,5.3882,-2.7647,8,1
chen2023,403,5,the,0.9458,2.9243,-1.9785,8,1
chen2023,403,6,girl,5.9714,8.3349,-2.3635,8,1
chen2023,403,7,.,2.1613,2.3026,-0.1413,8,1
chen2023,403,8,<eos>,3.9756,2.3026,1.6730,8,1
chen2023,404,0,The,1.8998,2.9243,-1.0245,6,1
chen2023,404,1,plumber,9.8027,12.9870,-3.1843,6,1
chen2023,404,2,bought,7.3886,9.4174,-2.0287,6,1
chen2023,404,3,the,0.6770,2.9243,-2.2473,6,1
chen2023,404,4,watch,8.5163,8.4264,0.0899,6,1
chen2023,404,5,.,2.3400,2.3026,0.0374,6,1
chen2023,404,6,<eos>,5.0460,2.3026,2.7435,6,1
chen2023,405,0,The,1.8998,2.9243,-1.0245,6,1
chen2023,405,1,watch,9.2543,8.4264,0.8278,6,1
chen2023,405,2,bought,9.9769,9.4174,0.5595,6,1
chen2023,405,3,the,1.3935,2.9243,-1.5308,6,1
chen2023,405,4,plumber,9.2869,12.9870,-3.7001,6,1
chen2023,405,5,.,2.8204,2.3026,0.5178,6,1
chen2023,405,6,<eos>,4.8229,2.3026,2.5203,6,1
chen2023,406,0,The,1.8999,2.9243,-1.0244,8,1
chen2023,406,1,plumber,9.8020,12.9870,-3.1850,8,1
chen2023,406,2,was,2.5349,5.0192,-2.4843,8,1
chen2023,406,3,bought,10.1519,9.4174,0.7346,8,1
chen2023,406,4,by,1.0858,5.3882,-4.3025,8,1
chen2023,406,5,the,1.0945,2.9243,-1.8299,8,1
chen2023,406,6,watch,8.9876,8.4264,0.5611,8,1
chen2023,406,7,.,3.9512,2.3026,1.6487,8,1
chen2023,406,8,<eos>,4.4515,2.3026,2.1489,8,1
chen2023,407,0,The,1.8999,2.9243,-1.0244,8,1
chen2023,407,1,watch,9.2541,8.4264,0.8276,8,1
chen2023,407,2,was,1.3190,5.0192,-3.7002,8,1
chen2023,407,3,bought,9.3176,9.4174,-0.0997,8,1
chen2023,407,4,by,1.6635,5.3882,-3.7247,8,1
chen2023,407,5,the,1.0147,2.9243,-1.9096,8,1
chen2023,407,6,plumber,7.8942,12.9870,-5.0928,8,1
chen2023,407,7,.,2.1163,2.3026,-0.1863,8,1
chen2023,407,8,<eos>,4.4992,2.3026,2.1966,8,1
chen2023,408,0,The,1.9114,2.9243,-1.0130,6,1
chen2023,408,1,man,5.3770,7.3218,-1.9448,6,1
chen2023,408,2,drove,7.1173,10.6844,-3.5671,6,1
chen2023,408,3,the,1.9470,2.9243,-0.9773,6,1
chen2023,408,4,truck,7.0757,10.0382,-2.9625,6,1
chen2023,408,5,.,3.0021,2.3026,0.6995,6,1
chen2023,408,6,<eos>,6.5901,2.3026,4.2875,6,1
chen2023,409,0,The,1.9114,2.9243,-1.0130,6,1
chen2023,409,1,truck,8.6267,10.0382,-1.4114,6,1
chen2023,409,2,drove,5.7064,10.6844,-4.9780,6,1
chen2023,409,3,the,2.7982,2.9243,-0.1261,6,1
chen2023,409,4,man,6.2728,7.3218,-1.0489,6,1
chen2023,409,5,.,3.2917,2.3026,0.9891,6,1
chen2023,409,6,<eos>,6.4429,2.3026,4.1403,6,1
chen2023,410,0,The,1.9114,2.9243,-1.0130,8,1
chen2023,410,1,man,5.3770,7.3218,-1.9448,8,1
chen2023,410,2,was,2.1288,5.0192,-2.8904,8,1
chen2023,410,3,driven,8.6027,10.2688,-1.6661,8,1
chen2023,410,4,by,1.5256,5.3882,-3.8627,8,1
chen2023,410,5,the,1.0444,2.9243,-1.8799,8,1
chen2023,410,6,truck,7.8436,10.0382,-2.1946,8,1
chen2023,410,7,.,1.9793,2.3026,-0.3233,8,1
chen2023,410,8,<eos>,6.6208,2.3026,4.3182,8,1
chen2023,411,0,The,1.9114,2.9243,-1.0130,8,1
chen2023,411,1,truck,8.6267,10.0382,-1.4114,8,1
chen2023,411,2,was,1.2669,5.0192,-3.7522,8,1
chen2023,411,3,driven,6.5547,10.2688,-3.7141,8,1
chen2023,411,4,by,1.0452,5.3882,-4.3430,8,1
chen2023,411,5,the,1.2160,2.9243,-1.7083,8,1
chen2023,411,6,man,4.5449,7.3218,-2.7769,8,1
chen2023,411,7,.,2.3748,2.3026,0.0722,8,1
chen2023,411,8,<eos>,6.2569,2.3026,3.9543,8,1
chen2023,412,0,The,1.7103,2.9243,-1.2141,6,1
chen2023,412,1,secretary,8.8524,9.3258,-0.4733,6,1
chen2023,412,2,licked,9.2003,13.2167,-4.0163,6,1
chen2023,412,3,the,0.6518,2.9243,-2.2726,6,1
chen2023,412,4,stamp,9.6265,11.2583,-1.6318,6,1
chen2023,412,5,.,2.4275,2.3026,0.1249,6,1
chen2023,412,6,<eos>,5.6596,2.3026,3.3571,6,1
chen2023,413,0,The,1.7103,2.9243,-1.2141,6,1
chen2023,413,1,stamp,11.8909,11.2583,0.6326,6,1
chen2023,413,2,licked,11.9354,13.2167,-1.2813,6,1
chen2023,413,3,the,1.2272,2.9243,-1.6972,6,1
chen2023,413,4,secretary,11.0309,9.3258,1.7051,6,1
chen2023,413,5,.,2.5943,2.3026,0.2918,6,1
chen2023,413,6,<eos>,5.3043,2.3026,3.0017,6,1
chen2023,414,0,The,1.7104,2.9243,-1.2139,8,1
chen2023,414,1,secretary,8.8519,9.3258,-0.4739,8,1
chen2023,414,2,was,3.1534,5.0192,-1.8657,8,1
chen2023,414,3,licked,10.0923,13.2167,-3.1243,8,1
chen2023,414,4,by,2.2802,5.3882,-3.1080,8,1
chen2023,414,5,the,0.6553,2.9243,-2.2690,8,1
chen2023,414,6,stamp,10.3461,11.2583,-0.9121,8,1
chen2023,414,7,.,2.8484,2.3026,0.5458,8,1
chen2023,414,8,<eos>,5.2004,2.3026,2.8978,8,1
chen2023,415,0,The,1.7104,2.9243,-1.2139,8,1
chen2023,415,1,stamp,11.8903,11.2583,0.6320,8,1
chen2023,415,2,was,2.5896,5.0192,-2.4296,8,1
chen2023,415,3,licked,11.0384,13.2167,-2.1783,8,1
chen2023,415,4,by,2.5858,5.3882,-2.8024,8,1
chen2023,415,5,the,0.6410,2.9243,-2.2833,8,1
chen2023,415,6,secretary,8.4605,9.3258,-0.8653,8,1
chen2023,415,7,.,1.2378,2.3026,-1.0648,8,1
chen2023,415,8,<eos>,4.7318,2.3026,2.4292,8,1
chen2023,416,0,The,2.1541,2.9243,-0.7702,6,1
chen2023,416,1,mother,5.6326,8.6565,-3.0239,6,1
chen2023,416,2,set,7.8364,7.8519,-0.0155,6,1
chen2023,416,3,the,1.7397,2.9243,-1.1847,6,1
chen2023,416,4,table,4.6315,9.0970,-4.4655,6,1
chen2023,416,5,.,3.3014,2.3026,0.9988,6,1
chen2023,416,6,<eos>,4.3672,2.3026,2.0646,6,1
chen2023,417,0,The,2.1541,2.9243,-0.7702,6,1
chen2023,417,1,table,7.6821,9.0970,-1.4149,6,1
chen2023,417,2,set,8.0796,7.8519,0.2277,6,1
chen2023,417,3,the,3.8723,2.9243,0.9479,6,1
chen2023,417,4,mother,7.9192,8.6565,-0.7372,6,1
chen2023,417,5,.,5.0619,2.3026,2.7593,6,1
chen2023,417,6,<eos>,4.0557,2.3026,1.7531,6,1
chen2023,418,0,The,2.1542,2.9243,-0.7702,8,1
chen2023,418,1,mother,5.6325,8.6565,-3.0239,8,1
chen2023,418,2,was,2.6583,5.0192,-2.3609,8,1
chen2023,418,3,set,7.0922,7.8519,-0.7597,8,1
chen2023,418,4,by,5.5572,5.3882,0.1690,8,1
chen2023,418,5,the,1.3049,2.9243,-1.6195,8,1
chen2023,418,6,table,8.0685,9.0970,-1.0285,8,1
chen2023,418,7,.,2.3232,2.3026,0.0206,8,1
chen2023,418,8,<eos>,4.1480,2.3026,1.8454,8,1
chen2023,419,0,The,2.1542,2.9243,-0.7702,8,1
chen2023,419,1,table,7.6829,9.0970,-1.4141,8,1
chen2023,419,2,was,2.2174,5.0192,-2.8017,8,1
chen2023,419,3,set,3.8170,7.8519,-4.0349,8,1
chen2023,419,4,by,5.2664,5.3882,-0.1219,8,1
chen2023,419,5,the,1.1441,2.9243,-1.7803,8,1
chen2023,419,6,mother,5.2514,8.6565,-3.4050,8,1
chen2023,419,7,.,2.6691,2.3026,0.3665,8,1
chen2023,419,8,<eos>,3.8827,2.3026,1.5801,8,1
chen2023,420,0,The,2.1284,2.9243,-0.7960,6,1
chen2023,420,1,daughter,5.7028,9.0533,-3.3505,6,1
chen2023,420,2,folded,10.2898,12.0188,-1.7289,6,1
chen2023,420,3,the,1.8363,2.9243,-1.0880,6,1
chen2023,420,4,blanket,8.6858,11.3559,-2.6701,6,1
chen2023,420,5,.,3.8385,2.3026,1.5359,6,1
chen2023,420,6,<eos>,5.4070,2.3026,3.1044,6,1
chen2023,421,0,The,2.1284,2.9243,-0.7960,6,1
chen2023,421,1,blanket,11.7394,11.3559,0.3835,6,1
chen2023,421,2,folded,9.0934,12.0188,-2.9253,6,1
chen2023,421,3,the,3.4156,2.9243,0.4913,6,1
chen2023,421,4,daughter,7.5929,9.0533,-1.4604,6,1
chen2023,421,5,.,4.7422,2.3026,2.4396,6,1
chen2023,421,6,<eos>,5.2074,2.3026,2.9048,6,1
chen2023,422,0,The,2.1284,2.9243,-0.7960,8,1
chen2023,422,1,daughter,5.7028,9.0533,-3.3505,8,1
chen2023,422,2,was,2.0745,5.0192,-2.9447,8,1
chen2023,422,3,folded,11.5760,12.0188,-0.4428,8,1
chen2023,422,4,by,4.4234,5.3882,-0.9648,8,1
chen2023,422,5,the,1.2389,2.9243,-1.6855,8,1
chen2023,422,6,blanket,11.9523,11.3559,0.5964,8,1
chen2023,422,7,.,2.4262,2.3026,0.1236,8,1
chen2023,422,8,<eos>,4.9223,2.3026,2.6197,8,1
chen2023,423,0,The,2.1284,2.9243,-0.7960,8,1
chen2023,423,1,blanket,11.7394,11.3559,0.3835,8,1
chen2023,423,2,was,2.1150,5.0192,-2.9041,8,1
chen2023,423,3,folded,7.2365,12.0188,-4.7822,8,1
chen2023,423,4,by,4.7103,5.3882,-0.6779,8,1
chen2023,423,5,the,0.7850,2.9243,-2.1394,8,1
chen2023,423,6,daughter,6.5426,9.0533,-2.5107,8,1
chen2023,423,7,.,2.2957,2.3026,-0.0069,8,1
chen2023,423,8,<eos>,4.7531,2.3026,2.4505,8,1
chen2023,424,0,The,1.5033,2.9243,-1.4211,6,1
chen2023,424,1,father,5.8997,8.6115,-2.7118,6,1
chen2023,424,2,sharpened,12.4604,13.6585,-1.1981,6,1
chen2023,424,3,the,0.5335,2.9243,-2.3909,6,1
chen2023,424,4,saw,6.8525,8.4264,-1.5739,6,1
chen2023,424,5,.,1.9315,2.3026,-0.3711,6,1
chen2023,424,6,<eos>,4.8448,2.3026,2.5422,6,1
chen2023,425,0,The,1.5033,2.9243,-1.4211,6,1
chen2023,425,1,saw,8.6701,8.4264,0.2436,6,1
chen2023,425,2,sharpened,11.4078,13.6585,-2.2507,6,1
chen2023,425,3,the,1.6444,2.9243,-1.2799,6,1
chen2023,425,4,father,9.8723,8.6115,1.2608,6,1
chen2023,425,5,.,3.8909,2.3026,1.5883,6,1
chen2023,425,6,<eos>,4.8903,2.3026,2.5877,6,1
chen2023,426,0,The,1.5034,2.9243,-1.4210,8,1
chen2023,426,1,father,5.8998,8.6115,-2.7117,8,1
chen2023,426,2,was,3.0596,5.0192,-1.9596,8,1
chen2023,426,3,sharpened,14.2898,13.6585,0.6313,8,1
chen2023,426,4,by,2.6748,5.3882,-2.7135,8,1
chen2023,426,5,the,0.6210,2.9243,-2.3034,8,1
chen2023,426,6,saw,6.8961,8.4264,-1.5303,8,1
chen2023,426,7,.,2.5471,2.3026,0.2445,8,1
chen2023,426,8,<eos>,4.4325,2.3026,2.1299,8,1
chen2023,427,0,The,1.5034,2.9243,-1.4210,8,1
chen2023,427,1,saw,8.6693,8.4264,0.2428,8,1
chen2023,427,2,was,2.4030,5.0192,-2.6162,8,1
chen2023,427,3,sharpened,11.3518,13.6585,-2.3067,8,1
chen2023,427,4,by,2.0204,5.3882,-3.3679,8,1
chen2023,427,5,the,0.5858,2.9243,-2.3386,8,1
chen2023,427,6,father,8.0769,8.6115,-0.5346,8,1
chen2023,427,7,.,2.2017,2.3026,-0.1009,8,1
chen2023,427,8,<eos>,4.4538,2.3026,2.1512,8,1
chen2023,428,0,The,1.7896,2.9243,-1.1347,6,1
chen2023,428,1,niece,12.1528,11.9269,0.2259,6,1
chen2023,428,2,opened,6.9193,9.5557,-2.6363,6,1
chen2023,428,3,the,0.9485,2.9243,-1.9758,6,1
chen2023,428,4,door,0.7701,9.0280,-8.2580,6,1
chen2023,428,5,.,2.2657,2.3026,-0.0369,6,1
chen2023,428,6,<eos>,5.6908,2.3026,3.3882,6,1
chen2023,429,0,The,1.7896,2.9243,-1.1347,6,1
chen2023,429,1,door,6.2364,9.0280,-2.7916,6,1
chen2023,429,2,opened,2.0069,9.5557,-7.5488,6,1
chen2023,429,3,the,5.1413,2.9243,2.2170,6,1
chen2023,429,4,niece,16.3719,11.9269,4.4450,6,1
chen2023,429,5,.,3.1380,2.3026,0.8354,6,1
chen2023,429,6,<eos>,5.6193,2.3026,3.3167,6,1
chen2023,430,0,The,1.7896,2.9243,-1.1347,8,1
chen2023,430,1,niece,12.1528,11.9269,0.2259,8,1
chen2023,430,2,was,2.3532,5.0192,-2.6660,8,1
chen2023,430,3,opened,8.9463,9.5557,-0.6094,8,1
chen2023,430,4,by,1.9982,5.3882,-3.3901,8,1
chen2023,430,5,the,1.3406,2.9243,-1.5838,8,1
chen2023,430,6,door,4.9602,9.0280,-4.0678,8,1
chen2023,430,7,.,1.3736,2.3026,-0.9290,8,1
chen2023,430,8,<eos>,5.4300,2.3026,3.1274,8,1
chen2023,431,0,The,1.7896,2.9243,-1.1347,8,1
chen2023,431,1,door,6.2364,9.0280,-2.7916,8,1
chen2023,431,2,was,1.4256,5.0192,-3.5936,8,1
chen2023,431,3,opened,2.3681,9.5557,-7.1875,8,1
chen2023,431,4,by,2.3556,5.3882,-3.0326,8,1
chen2023,431,5,the,1.5322,2.9243,-1.3922,8,1
chen2023,431,6,niece,11.7839,11.9269,-0.1430,8,1
chen2023,431,7,.,2.0776,2.3026,-0.2250,8,1
chen2023,431,8,<eos>,5.3213,2.3026,3.0187,8,1
chen2023,432,0,The,2.1349,2.9243,-0.7894,6,1
chen2023,432,1,boy,7.1653,8.8183,-1.6530,6,1
chen2023,432,2,ate,8.1476,10.7290,-2.5814,6,1
chen2023,432,3,the,1.5046,2.9243,-1.4197,6,1
chen2023,432,4,pizza,7.8076,10.5234,-2.7158,6,1
chen2023,432,5,.,2.1087,2.3026,-0.1939,6,1
chen2023,432,6,<eos>,5.4111,2.3026,3.1085,6,1
chen2023,433,0,The,2.1349,2.9243,-0.7894,6,1
chen2023,433,1,pizza,10.9444,10.5234,0.4211,6,1
chen2023,433,2,ate,8.6259,10.7290,-2.1031,6,1
chen2023,433,3,the,1.7564,2.9243,-1.1679,6,1
chen2023,433,4,boy,7.1856,8.8183,-1.6327,6,1
chen2023,433,5,.,2.2403,2.3026,-0.0622,6,1
chen2023,433,6,<eos>,4.9460,2.3026,2.6434,6,1
chen2023,434,0,The,2.1349,2.9243,-0.7895,8,1
chen2023,434,1,boy,7.1646,8.8183,-1.6537,8,1
chen2023,434,2,was,2.0889,5.0192,-2.9302,8,1
chen2023,434,3,eaten,9.2717,11.2128,-1.9412,8,1
chen2023,434,4,by,1.1194,5.3882,-4.2688,8,1
chen2023,434,5,the,1.0901,2.9243,-1.8343,8,1
chen2023,434,6,pizza,10.1814,10.5234,-0.3420,8,1
chen2023,434,7,.,2.6342,2.3026,0.3316,8,1
chen2023,434,8,<eos>,4.6846,2.3026,2.3820,8,1
chen2023,435,0,The,2.1349,2.9243,-0.7895,8,1
chen2023,435,1,pizza,10.9425,10.5234,0.4191,8,1
chen2023,435,2,was,2.6061,5.0192,-2.4130,8,1
chen2023,435,3,eaten,4.7965,11.2128,-6.4163,8,1
chen2023,435,4,by,2.3133,5.3882,-3.0750,8,1
chen2023,435,5,the,0.9593,2.9243,-1.9651,8,1
chen2023,435,6,boy,7.1174,8.8183,-1.7009,8,1
chen2023,435,7,.,1.6111,2.3026,-0.6915,8,1
chen2023,435,8,<eos>,4.5495,2.3026,2.2469,8,1
chen2023,436,0,The,2.3586,2.9243,-0.5657,6,1
chen2023,436,1,grandfather,3.5641,10.9590,-7.3950,6,1
chen2023,436,2,broke,7.6276,9.5557,-1.9280,6,1
chen2023,436,3,the,1.1663,2.9243,-1.7581,6,1
chen2023,436,4,bowl,6.8639,10.0613,-3.1975,6,1
chen2023,436,5,.,3.4843,2.3026,1.1817,6,1
chen2023,436,6,<eos>,5.9951,2.3026,3.6925,6,1
chen2023,437,0,The,2.3586,2.9243,-0.5657,6,1
chen2023,437,1,bowl,9.0602,10.0613,-1.0012,6,1
chen2023,437,2,broke,5.6986,9.5557,-3.8571,6,1
chen2023,437,3,the,4.3478,2.9243,1.4235,6,1
chen2023,437,4,grandfather,9.6128,10.9590,-1.3463,6,1
chen2023,437,5,.,4.5425,2.3026,2.2399,6,1
chen2023,437,6,<eos>,6.1511,2.3026,3.8485,6,1
chen2023,438,0,The,2.3587,2.9243,-0.5657,8,1
chen2023,438,1,grandfather,3.5633,10.9590,-7.3957,8,1
chen2023,438,2,was,2.5200,5.0192,-2.4992,8,1
chen2023,438,3,broken,9.0475,9.4861,-0.4386,8,1
chen2023,438,4,by,3.2453,5.3882,-2.1429,8,1
chen2023,438,5,the,0.7391,2.9243,-2.1853,8,1
chen2023,438,6,bowl,8.1659,10.0613,-1.8954,8,1
chen2023,438,7,.,2.6521,2.3026,0.3495,8,1
chen2023,438,8,<eos>,5.9020,2.3026,3.5994,8,1
chen2023,439,0,The,2.3587,2.9243,-0.5657,8,1
chen2023,439,1,bowl,9.0604,10.0613,-1.0009,8,1
chen2023,439,2,was,1.4611,5.0192,-3.5580,8,1
chen2023,439,3,broken,5.5392,9.4861,-3.9469,8,1
chen2023,439,4,by,3.6712,5.3882,-1.7170,8,1
chen2023,439,5,the,0.6929,2.9243,-2.2314,8,1
chen2023,439,6,grandfather,7.1525,10.9590,-3.8065,8,1
chen2023,439,7,.,2.3091,2.3026,0.0065,8,1
chen2023,439,8,<eos>,5.4361,2.3026,3.1335,8,1
chen2023,440,0,The,2.1298,2.9243,-0.7946,6,1
chen2023,440,1,woman,4.5522,8.4039,-3.8517,6,1
chen2023,440,2,lost,7.8973,8.3143,-0.4170,6,1
chen2023,440,3,the,2.2640,2.9243,-0.6603,6,1
chen2023,440,4,diamond,8.3849,10.5459,-2.1610,6,1
chen2023,440,5,.,2.3856,2.3026,0.0831,6,1
chen2023,440,6,<eos>,5.4276,2.3026,3.1251,6,1
chen2023,441,0,The,2.1298,2.9243,-0.7946,6,1
chen2023,441,1,diamond,9.2909,10.5459,-1.2550,6,1
chen2023,441,2,lost,11.0399,8.3143,2.7257,6,1
chen2023,441,3,the,2.3489,2.9243,-0.5754,6,1
chen2023,441,4,woman,6.5225,8.4039,-1.8814,6,1
chen2023,441,5,.,1.8979,2.3026,-0.4047,6,1
chen2023,441,6,<eos>,5.0702,2.3026,2.7676,6,1
chen2023,442,0,The,2.1298,2.9243,-0.7946,8,1
chen2023,442,1,woman,4.5522,8.4039,-3.8517,8,1
chen2023,442,2,was,1.3375,5.0192,-3.6817,8,1
chen2023,442,3,lost,8.4909,8.3143,0.1766,8,1
chen2023,442,4,by,4.3765,5.3882,-1.0118,8,1
chen2023,442,5,the,0.8201,2.9243,-2.1043,8,1
chen2023,442,6,diamond,10.5874,10.5459,0.0415,8,1
chen2023,442,7,.,1.5720,2.3026,-0.7306,8,1
chen2023,442,8,<eos>,5.0131,2.3026,2.7105,8,1
chen2023,443,0,The,2.1298,2.9243,-0.7946,8,1
chen2023,443,1,diamond,9.2909,10.5459,-1.2550,8,1
chen2023,443,2,was,1.4309,5.0192,-3.5883,8,1
chen2023,443,3,lost,8.5578,8.3143,0.2436,8,1
chen2023,443,4,by,4.5891,5.3882,-0.7991,8,1
chen2023,443,5,the,0.7696,2.9243,-2.1547,8,1
chen2023,443,6,woman,6.8857,8.4039,-1.5182,8,1
chen2023,443,7,.,1.4765,2.3026,-0.8261,8,1
chen2023,443,8,<eos>,4.5974,2.3026,2.2948,8,1
chen2023,444,0,The,2.2985,2.9243,-0.6258,6,1
chen2023,444,1,grandmother,8.1896,11.1908,-3.0012,6,1
chen2023,444,2,cleaned,8.7987,11.4641,-2.6654,6,1
chen2023,444,3,the,1.1366,2.9243,-1.7877,6,1
chen2023,444,4,oven,8.0866,11.3996,-3.3130,6,1
chen2023,444,5,.,2.1978,2.3026,-0.1048,6,1
chen2023,444,6,<eos>,5.6512,2.3026,3.3486,6,1
chen2023,445,0,The,2.2985,2.9243,-0.6258,6,1
chen2023,445,1,oven,10.4585,11.3996,-0.9411,6,1
chen2023,445,2,cleaned,7.7017,11.4641,-3.7624,6,1
chen2023,445,3,the,2.9541,2.9243,0.0298,6,1
chen2023,445,4,grandmother,10.8363,11.1908,-0.3545,6,1
chen2023,445,5,.,3.6526,2.3026,1.3500,6,1
chen2023,445,6,<eos>,5.3583,2.3026,3.0557,6,1
chen2023,446,0,The,2.2985,2.9243,-0.6258,8,1
chen2023,446,1,grandmother,8.1896,11.1908,-3.0012,8,1
chen2023,446,2,was,2.5245,5.0192,-2.4946,8,1
chen2023,446,3,cleaned,10.3186,11.4641,-1.1456,8,1
chen2023,446,4,by,3.8836,5.3882,-1.5047,8,1
chen2023,446,5,the,0.9338,2.9243,-1.9905,8,1
chen2023,446,6,oven,8.0300,11.3996,-3.3696,8,1
chen2023,446,7,.,1.5943,2.3026,-0.7083,8,1
chen2023,446,8,<eos>,4.8737,2.3026,2.5711,8,1
chen2023,447,0,The,2.2985,2.9243,-0.6258,8,1
chen2023,447,1,oven,10.4585,11.3996,-0.9411,8,1
chen2023,447,2,was,1.3124,5.0192,-3.7067,8,1
chen2023,447,3,cleaned,6.3478,11.4641,-5.1163,8,1
chen2023,447,4,by,3.6517,5.3882,-1.7366,8,1
chen2023,447,5,the,0.9684,2.9243,-1.9559,8,1
chen2023,447,6,grandmother,7.2060,11.1908,-3.9848,8,1
chen2023,447,7,.,1.9316,2.3026,-0.3710,8,1
chen2023,447,8,<eos>,4.6540,2.3026,2.3514,8,1
chen2023,448,0,The,2.3898,2.9243,-0.5346,6,1
chen2023,448,1,electrician,15.4870,13.2167,2.2703,6,1
chen2023,448,2,stole,8.1299,11.0305,-2.9006,6,1
chen2023,448,3,the,0.9982,2.9243,-1.9261,6,1
chen2023,448,4,hammer,8.2440,11.1414,-2.8974,6,1
chen2023,448,5,.,1.5119,2.3026,-0.7906,6,1
chen2023,448,6,<eos>,6.5564,2.3026,4.2538,6,1
chen2023,449,0,The,2.3898,2.9243,-0.5346,6,1
chen2023,449,1,hammer,10.6910,11.1414,-0.4504,6,1
chen2023,449,2,stole,9.3013,11.0305,-1.7292,6,1
chen2023,449,3,the,1.1213,2.9243,-1.8031,6,1
chen2023,449,4,electrician,16.3537,13.2167,3.1370,6,1
chen2023,449,5,.,3.0454,2.3026,0.7428,6,1
chen2023,449,6,<eos>,6.4107,2.3026,4.1081,6,1
chen2023,450,0,The,2.3898,2.9243,-0.5346,8,1
chen2023,450,1,electrician,15.4870,13.2167,2.2703,8,1
chen2023,450,2,was,2.7337,5.0192,-2.2855,8,1
chen2023,450,3,stolen,10.4321,10.5690,-0.1369,8,1
chen2023,450,4,by,2.5517,5.3882,-2.8365,8,1
chen2023,450,5,the,1.5810,2.9243,-1.3434,8,1
chen2023,450,6,hammer,8.4623,11.1414,-2.6790,8,1
chen2023,450,7,.,1.2189,2.3026,-1.0837,8,1
chen2023,450,8,<eos>,5.3585,2.3026,3.0559,8,1
chen2023,451,0,The,2.3898,2.9243,-0.5346,8,1
chen2023,451,1,hammer,10.6910,11.1414,-0.4504,8,1
chen2023,451,2,was,1.8313,5.0192,-3.1879,8,1
chen2023,451,3,stolen,6.5042,10.5690,-4.0648,8,1
chen2023,451,4,by,3.0231,5.3882,-2.3651,8,1
chen2023,451,5,the,1.5906,2.9243,-1.3338,8,1
chen2023,451,6,electrician,12.0971,13.2167,-1.1196,8,1
chen2023,451,7,.,1.1568,2.3026,-1.1458,8,1
chen2023,451,8,<eos>,5.1643,2.3026,2.8617,8,1
chen2023,452,0,The,1.4732,2.9243,-1.4511,6,1
chen2023,452,1,sister,10.8249,9.3258,1.4991,6,1
chen2023,452,2,closed,8.8835,9.4410,-0.5575,6,1
chen2023,452,3,the,0.3942,2.9243,-2.5302,6,1
chen2023,452,4,window,4.6008,9.6708,-5.0700,6,1
chen2023,452,5,.,1.8845,2.3026,-0.4181,6,1
chen2023,452,6,<eos>,4.5725,2.3026,2.2699,6,1
chen2023,453,0,The,1.4732,2.9243,-1.4511,6,1
chen2023,453,1,window,5.8722,9.6708,-3.7986,6,1
chen2023,453,2,closed,5.6431,9.4410,-3.7979,6,1
chen2023,453,3,the,3.7493,2.9243,0.8249,6,1
chen2023,453,4,sister,15.5563,9.3258,6.2306,6,1
chen2023,453,5,.,3.7125,2.3026,1.4099,6,1
chen2023,453,6,<eos>,4.3454,2.3026,2.0428,6,1
chen2023,454,0,The,1.4730,2.9243,-1.4513,8,1
chen2023,454,1,sister,10.8250,9.3258,1.4992,8,1
chen2023,454,2,was,2.3631,5.0192,-2.6560,8,1
chen2023,454,3,closed,9.3212,9.4410,-0.1198,8,1
chen2023,454,4,by,3.6027,5.3882,-1.7855,8,1
chen2023,454,5,the,0.7045,2.9243,-2.2198,8,1
chen2023,454,6,window,5.1548,9.6708,-4.5160,8,1
chen2023,454,7,.,1.1254,2.3026,-1.1772,8,1
chen2023,454,8,<eos>,4.1685,2.3026,1.8659,8,1
chen2023,455,0,The,1.4730,2.9243,-1.4513,8,1
chen2023,455,1,window,5.8717,9.6708,-3.7991,8,1
chen2023,455,2,was,0.6296,5.0192,-4.3896,8,1
chen2023,455,3,closed,3.3127,9.4410,-6.1283,8,1
chen2023,455,4,by,3.2453,5.3882,-2.1429,8,1
chen2023,455,5,the,0.7082,2.9243,-2.2161,8,1
chen2023,455,6,sister,11.5689,9.3258,2.2431,8,1
chen2023,455,7,.,2.3085,2.3026,0.0059,8,1
chen2023,455,8,<eos>,3.9199,2.3026,1.6174,8,1
chen2023,456,0,The,2.1733,2.9243,-0.7510,6,1
chen2023,456,1,grandson,11.7003,11.8582,-0.1579,6,1
chen2023,456,2,sipped,12.6467,14.5516,-1.9048,6,1
chen2023,456,3,the,1.5266,2.9243,-1.3978,6,1
chen2023,456,4,water,3.3985,8.0134,-4.6149,6,1
chen2023,456,5,.,1.7889,2.3026,-0.5137,6,1
chen2023,456,6,<eos>,4.8092,2.3026,2.5066,6,1
chen2023,457,0,The,2.1733,2.9243,-0.7510,6,1
chen2023,457,1,water,8.0721,8.0134,0.0587,6,1
chen2023,457,2,sipped,13.6498,14.5516,-0.9018,6,1
chen2023,457,3,the,3.1707,2.9243,0.2463,6,1
chen2023,457,4,grandson,16.5187,11.8582,4.6605,6,1
chen2023,457,5,.,3.3634,2.3026,1.0608,6,1
chen2023,457,6,<eos>,4.8914,2.3026,2.5888,6,1
chen2023,458,0,The,2.1733,2.9243,-0.7510,8,1
chen2023,458,1,grandson,11.7003,11.8582,-0.1579,8,1
chen2023,458,2,was,2.6233,5.0192,-2.3959,8,1
chen2023,458,3,sipped,13.2801,14.5516,-1.2715,8,1
chen2023,458,4,by,4.7550,5.3882,-0.6332,8,1
chen2023,458,5,the,0.4965,2.9243,-2.4278,8,1
chen2023,458,6,water,5.0258,8.0134,-2.9876,8,1
chen2023,458,7,.,1.7175,2.3026,-0.5851,8,1
chen2023,458,8,<eos>,4.5804,2.3026,2.2779,8,1
chen2023,459,0,The,2.1733,2.9243,-0.7510,8,1
chen2023,459,1,water,8.0721,8.0134,0.0587,8,1
chen2023,459,2,was,1.6594,5.0192,-3.3598,8,1
chen2023,459,3,sipped,12.4169,14.5516,-2.1347,8,1
chen2023,459,4,by,3.0409,5.3882,-2.3474,8,1
chen2023,459,5,the,0.4999,2.9243,-2.4244,8,1
chen2023,459,6,grandson,13.5131,11.8582,1.6549,8,1
chen2023,459,7,.,1.7461,2.3026,-0.5565,8,1
chen2023,459,8,<eos>,4.5131,2.3026,2.2105,8,1
chen2023,460,0,The,2.0146,2.9243,-0.9098,6,1
chen2023,460,1,granddaughter,9.6365,12.4342,-2.7977,6,1
chen2023,460,2,boarded,10.8976,12.7337,-1.8361,6,1
chen2023,460,3,the,0.4691,2.9243,-2.4553,6,1
chen2023,460,4,train,3.8162,9.3025,-5.4862,6,1
chen2023,460,5,.,2.3112,2.3026,0.0086,6,1
chen2023,460,6,<eos>,4.8788,2.3026,2.5763,6,1
chen2023,461,0,The,2.0146,2.9243,-0.9098,6,1
chen2023,461,1,train,10.7717,9.3025,1.4693,6,1
chen2023,461,2,boarded,10.5536,12.7337,-2.1801,6,1
chen2023,461,3,the,0.8569,2.9243,-2.0674,6,1
chen2023,461,4,granddaughter,13.9268,12.4342,1.4926,6,1
chen2023,461,5,.,2.0760,2.3026,-0.2266,6,1
chen2023,461,6,<eos>,4.7129,2.3026,2.4103,6,1
chen2023,462,0,The,2.0147,2.9243,-0.9096,8,1
chen2023,462,1,granddaughter,9.6354,12.4342,-2.7988,8,1
chen2023,462,2,was,2.7064,5.0192,-2.3128,8,1
chen2023,462,3,boarded,11.6695,12.7337,-1.0642,8,1
chen2023,462,4,by,2.2977,5.3882,-3.0905,8,1
chen2023,462,5,the,1.1194,2.9243,-1.8050,8,1
chen2023,462,6,train,7.5797,9.3025,-1.7228,8,1
chen2023,462,7,.,1.9064,2.3026,-0.3962,8,1
chen2023,462,8,<eos>,4.5533,2.3026,2.2507,8,1
chen2023,463,0,The,2.0147,2.9243,-0.9096,8,1
chen2023,463,1,train,10.7691,9.3025,1.4667,8,1
chen2023,463,2,was,1.6765,5.0192,-3.3427,8,1
chen2023,463,3,boarded,8.3769,12.7337,-4.3568,8,1
chen2023,463,4,by,2.3706,5.3882,-3.0176,8,1
chen2023,463,5,the,1.2152,2.9243,-1.7091,8,1
chen2023,463,6,granddaughter,10.4579,12.4342,-1.9763,8,1
chen2023,463,7,.,1.7988,2.3026,-0.5038,8,1
chen2023,463,8,<eos>,4.3263,2.3026,2.0237,8,1
chen2023,464,0,The,1.7649,2.9243,-1.1595,6,1
chen2023,464,1,aunt,7.3946,11.1414,-3.7468,6,1
chen2023,464,2,purchased,7.2933,10.4311,-3.1378,6,1
chen2023,464,3,the,0.4314,2.9243,-2.4929,6,1
chen2023,464,4,book,5.1524,8.2208,-3.0684,6,1
chen2023,464,5,.,2.7923,2.3026,0.4897,6,1
chen2023,464,6,<eos>,5.1877,2.3026,2.8851,6,1
chen2023,465,0,The,1.7649,2.9243,-1.1595,6,1
chen2023,465,1,book,7.2791,8.2208,-0.9417,6,1
chen2023,465,2,purchased,8.9340,10.4311,-1.4971,6,1
chen2023,465,3,the,1.3286,2.9243,-1.5958,6,1
chen2023,465,4,aunt,9.5092,11.1414,-1.6322,6,1
chen2023,465,5,.,3.7392,2.3026,1.4366,6,1
chen2023,465,6,<eos>,4.7683,2.3026,2.4657,6,1
chen2023,466,0,The,1.7649,2.9243,-1.1595,8,1
chen2023,466,1,aunt,7.3946,11.1414,-3.7468,8,1
chen2023,466,2,was,2.7890,5.0192,-2.2302,8,1
chen2023,466,3,purchased,10.1891,10.4311,-0.2420,8,1
chen2023,466,4,by,1.1236,5.3882,-4.2646,8,1
chen2023,466,5,the,1.2130,2.9243,-1.7113,8,1
chen2023,466,6,book,8.7686,8.2208,0.5478,8,1
chen2023,466,7,.,5.6369,2.3026,3.3344,8,1
chen2023,466,8,<eos>,4.2635,2.3026,1.9609,8,1
chen2023,467,0,The,1.7649,2.9243,-1.1595,8,1
chen2023,467,1,book,7.2791,8.2208,-0.9417,8,1
chen2023,467,2,was,1.6718,5.0192,-3.3473,8,1
chen2023,467,3,purchased,6.5183,10.4311,-3.9129,8,1
chen2023,467,4,by,1.0411,5.3882,-4.3472,8,1
chen2023,467,5,the,1.4310,2.9243,-1.4933,8,1
chen2023,467,6,aunt,5.6559,11.1414,-5.4854,8,1
chen2023,467,7,.,2.4768,2.3026,0.1742,8,1
chen2023,467,8,<eos>,3.9080,2.3026,1.6055,8,1
chen2023,468,0,The,2.0710,2.9243,-0.8533,6,1
chen2023,468,1,uncle,7.2199,10.4762,-3.2563,6,1
chen2023,468,2,sailed,11.3514,12.1804,-0.8290,6,1
chen2023,468,3,the,3.9943,2.9243,1.0700,6,1
chen2023,468,4,boat,3.1461,9.8778,-6.7317,6,1
chen2023,468,5,.,2.9414,2.3026,0.6388,6,1
chen2023,468,6,<eos>,5.6100,2.3026,3.3074,6,1
chen2023,469,0,The,2.0710,2.9243,-0.8533,6,1
chen2023,469,1,boat,9.2373,9.8778,-0.6405,6,1
chen2023,469,2,sailed,6.4351,12.1804,-5.7453,6,1
chen2023,469,3,the,4.8977,2.9243,1.9734,6,1
chen2023,469,4,uncle,12.6229,10.4762,2.1468,6,1
chen2023,469,5,.,3.4962,2.3026,1.1936,6,1
chen2023,469,6,<eos>,5.3535,2.3026,3.0510,6,1
chen2023,470,0,The,2.0710,2.9243,-0.8533,8,1
chen2023,470,1,uncle,7.2199,10.4762,-3.2563,8,1
chen2023,470,2,was,2.0996,5.0192,-2.9195,8,1
chen2023,470,3,sailed,15.9124,12.1804,3.7320,8,1
chen2023,470,4,by,3.0635,5.3882,-2.3247,8,1
chen2023,470,5,the,0.8264,2.9243,-2.0979,8,1
chen2023,470,6,boat,3.3374,9.8778,-6.5404,8,1
chen2023,470,7,.,1.8992,2.3026,-0.4034,8,1
chen2023,470,8,<eos>,5.1724,2.3026,2.8698,8,1
chen2023,471,0,The,2.0710,2.9243,-0.8533,8,1
chen2023,471,1,boat,9.2373,9.8778,-0.6405,8,1
chen2023,471,2,was,1.8679,5.0192,-3.1513,8,1
chen2023,471,3,sailed,9.0817,12.1804,-3.0987,8,1
chen2023,471,4,by,2.7687,5.3882,-2.6196,8,1
chen2023,471,5,the,0.8610,2.9243,-2.0634,8,1
chen2023,471,6,uncle,9.9575,10.4762,-0.5187,8,1
chen2023,471,7,.,2.0739,2.3026,-0.2286,8,1
chen2023,471,8,<eos>,4.7210,2.3026,2.4184,8,1
chen2023,472,0,The,1.5676,2.9243,-1.3568,6,1
chen2023,472,1,wife,6.1514,8.6797,-2.5283,6,1
chen2023,472,2,lit,10.0980,11.0747,-0.9767,6,1
chen2023,472,3,the,1.3608,2.9243,-1.5636,6,1
chen2023,472,4,candle,4.6896,11.7887,-7.0990,6,1
chen2023,472,5,.,2.1496,2.3026,-0.1529,6,1
chen2023,472,6,<eos>,5.6136,2.3026,3.3110,6,1
chen2023,473,0,The,1.5676,2.9243,-1.3568,6,1
chen2023,473,1,candle,11.2631,11.7887,-0.5256,6,1
chen2023,473,2,lit,4.5923,11.0747,-6.4823,6,1
chen2023,473,3,the,1.0015,2.9243,-1.9229,6,1
chen2023,473,4,wife,8.9693,8.6797,0.2896,6,1
chen2023,473,5,.,3.0204,2.3026,0.7178,6,1
chen2023,473,6,<eos>,5.5512,2.3026,3.2486,6,1
chen2023,474,0,The,1.5676,2.9243,-1.3568,8,1
chen2023,474,1,wife,6.1514,8.6797,-2.5283,8,1
chen2023,474,2,was,2.4533,5.0192,-2.5659,8,1
chen2023,474,3,lit,10.3849,11.0747,-0.6898,8,1
chen2023,474,4,by,2.9821,5.3882,-2.4061,8,1
chen2023,474,5,the,0.9391,2.9243,-1.9852,8,1
chen2023,474,6,candle,6.1143,11.7887,-5.6744,8,1
chen2023,474,7,.,2.7147,2.3026,0.4121,8,1
chen2023,474,8,<eos>,5.3500,2.3026,3.0474,8,1
chen2023,475,0,The,1.5676,2.9243,-1.3568,8,1
chen2023,475,1,candle,11.2631,11.7887,-0.5256,8,1
chen2023,475,2,was,1.4839,5.0192,-3.5352,8,1
chen2023,475,3,lit,2.6860,11.0747,-8.3887,8,1
chen2023,475,4,by,3.1453,5.3882,-2.2430,8,1
chen2023,475,5,the,0.8453,2.9243,-2.0790,8,1
chen2023,475,6,wife,7.0674,8.6797,-1.6123,8,1
chen2023,475,7,.,1.9937,2.3026,-0.3089,8,1
chen2023,475,8,<eos>,4.9681,2.3026,2.6655,8,1
chen2023,476,0,The,2.5586,2.9243,-0.3657,6,1
chen2023,476,1,husband,4.7229,9.2103,-4.4875,6,1
chen2023,476,2,wrote,7.7346,9.1150,-1.3804,6,1
chen2023,476,3,the,2.3791,2.9243,-0.5452,6,1
chen2023,476,4,letter,1.9244,9.3258,-7.4013,6,1
chen2023,476,5,.,2.3554,2.3026,0.0528,6,1
chen2023,476,6,<eos>,5.5711,2.3026,3.2685,6,1
chen2023,477,0,The,2.5586,2.9243,-0.3657,6,1
chen2023,477,1,letter,6.5372,9.3258,-2.7885,6,1
chen2023,477,2,wrote,5.9666,9.1150,-3.1485,6,1
chen2023,477,3,the,4.9749,2.9243,2.0505,6,1
chen2023,477,4,husband,5.4783,9.2103,-3.7321,6,1
chen2023,477,5,.,3.3589,2.3026,1.0563,6,1
chen2023,477,6,<eos>,5.7841,2.3026,3.4815,6,1
chen2023,478,0,The,2.5585,2.9243,-0.3658,8,1
chen2023,478,1,husband,4.7224,9.2103,-4.4880,8,1
chen2023,478,2,was,1.9145,5.0192,-3.1047,8,1
chen2023,478,3,written,11.0971,9.0033,2.0938,8,1
chen2023,478,4,by,2.8860,5.3882,-2.5023,8,1
chen2023,478,5,the,1.8869,2.9243,-1.0375,8,1
chen2023,478,6,letter,6.2691,9.3258,-3.0567,8,1
chen2023,478,7,.,2.6227,2.3026,0.3201,8,1
chen2023,478,8,<eos>,5.7218,2.3026,3.4193,8,1
chen2023,479,0,The,2.5585,2.9243,-0.3658,8,1
chen2023,479,1,letter,6.5372,9.3258,-2.7885,8,1
chen2023,479,2,was,1.8010,5.0192,-3.2182,8,1
chen2023,479,3,written,1.9457,9.0033,-7.0576,8,1
chen2023,479,4,by,1.7088,5.3882,-3.6795,8,1
chen2023,479,5,the,2.0114,2.9243,-0.9130,8,1
chen2023,479,6,husband,3.6048,9.2103,-5.6055,8,1
chen2023,479,7,.,1.9219,2.3026,-0.3806,8,1
chen2023,479,8,<eos>,5.5755,2.3026,3.2729,8,1
