dataset,sentence_id,unit_idx,unit,s_lm,s_uni,rel,n_units,has_context
huang2024,0,0,The,3.9738,2.9243,1.0495,13,0
huang2024,0,1,suspect,10.5268,10.3374,0.1895,13,0
huang2024,0,2,showed,7.5546,9.5333,-1.9787,13,0
huang2024,0,3,the,3.1159,2.9243,0.1915,13,0
huang2024,0,4,file,8.0683,9.7866,-1.7183,13,0
huang2024,0,5,deserved,13.2864,11.1908,2.0956,13,0
huang2024,0,6,further,7.9750,8.4974,-0.5224,13,0
huang2024,0,7,investigation,1.8111,9.7866,-7.9754,13,0
huang2024,0,8,during,6.8973,7.5521,-0.6548,13,0
huang2024,0,9,the,1.2035,2.9243,-1.7208,13,0
huang2024,0,10,murder,5.6382,9.5333,-3.8951,13,0
huang2024,0,11,trial,1.8342,9.5101,-7.6759,13,0
huang2024,0,12,.,1.2006,2.3026,-1.1019,13,0
huang2024,0,13,<eos>,3.9999,2.3026,1.6973,13,0
huang2024,1,0,Because,7.4900,6.8401,0.6499,14,0
huang2024,1,1,the,2.4511,2.9243,-0.4733,14,0
huang2024,1,2,suspect,10.8972,10.3374,0.5598,14,0
huang2024,1,3,changed,8.5903,9.0533,-0.4631,14,0
huang2024,1,4,the,1.7744,2.9243,-1.1499,14,0
huang2024,1,5,file,6.6964,9.7866,-3.0902,14,0
huang2024,1,6,deserved,17.4163,11.1908,6.2255,14,0
huang2024,1,7,further,7.6726,8.4974,-0.8248,14,0
huang2024,1,8,investigation,2.1862,9.7866,-7.6004,14,0
huang2024,1,9,during,6.5038,7.5521,-1.0483,14,0
huang2024,1,10,the,0.8321,2.9243,-2.0922,14,0
huang2024,1,11,jury,7.1787,10.3848,-3.2061,14,0
huang2024,1,12,discussions,9.9150,10.8658,-0.9509,14,0
huang2024,1,13,.,1.8659,2.3026,-0.4367,14,0
huang2024,1,14,<eos>,4.6754,2.3026,2.3728,14,0
huang2024,2,0,The,3.9738,2.9243,1.0495,13,0
huang2024,2,1,suspect,10.5268,10.3374,0.1895,13,0
huang2024,2,2,sent,7.7696,8.8388,-1.0691,13,0
huang2024,2,3,the,2.5821,2.9243,-0.3422,13,0
huang2024,2,4,file,6.1494,9.7866,-3.6372,13,0
huang2024,2,5,deserved,13.1931,11.1908,2.0023,13,0
huang2024,2,6,further,8.1783,8.4974,-0.3191,13,0
huang2024,2,7,investigation,2.2292,9.7866,-7.5574,13,0
huang2024,2,8,given,9.3354,8.2664,1.0690,13,0
huang2024,2,9,the,1.0549,2.9243,-1.8694,13,0
huang2024,2,10,new,5.2944,6.3311,-1.0367,13,0
huang2024,2,11,evidence,4.1439,8.8883,-4.7444,13,0
huang2024,2,12,.,1.9459,2.3026,-0.3567,13,0
huang2024,2,13,<eos>,4.2905,2.3026,1.9879,13,0
huang2024,3,0,The,3.9734,2.9243,1.0490,13,0
huang2024,3,1,corrupt,11.3392,11.1908,0.1484,13,0
huang2024,3,2,politician,5.9634,11.1414,-5.1779,13,0
huang2024,3,3,mentioned,7.2522,9.6019,-2.3497,13,0
huang2024,3,4,the,2.0490,2.9243,-0.8753,13,0
huang2024,3,5,bill,8.2721,8.8668,-0.5946,13,0
huang2024,3,6,received,8.4761,8.8388,-0.3627,13,0
huang2024,3,7,unwelcome,12.5926,13.4934,-0.9009,13,0
huang2024,3,8,attention,0.6745,8.9557,-8.2812,13,0
huang2024,3,9,from,2.0259,5.4561,-3.4303,13,0
huang2024,3,10,southern,10.1198,9.5785,0.5413,13,0
huang2024,3,11,voters,5.4029,10.4551,-5.0522,13,0
huang2024,3,12,.,2.0407,2.3026,-0.2619,13,0
huang2024,3,13,<eos>,6.0394,2.3026,3.7368,13,0
huang2024,4,0,After,6.4088,6.6531,-0.2443,14,0
huang2024,4,1,the,2.6594,2.9243,-0.2649,14,0
huang2024,4,2,corrupt,10.7657,11.1908,-0.4251,14,0
huang2024,4,3,politician,5.6147,11.1414,-5.5267,14,0
huang2024,4,4,signed,8.0151,9.5557,-1.5405,14,0
huang2024,4,5,the,1.3067,2.9243,-1.6177,14,0
huang2024,4,6,bill,3.3267,8.8668,-5.5401,14,0
huang2024,4,7,received,11.8801,8.8388,3.0413,14,0
huang2024,4,8,unwelcome,12.7649,13.4934,-0.7285,14,0
huang2024,4,9,attention,0.7476,8.9557,-8.2081,14,0
huang2024,4,10,from,2.0908,5.4561,-3.3654,14,0
huang2024,4,11,southern,9.9985,9.5785,0.4200,14,0
huang2024,4,12,voters,5.4469,10.4551,-5.0083,14,0
huang2024,4,13,.,2.1962,2.3026,-0.1064,14,0
huang2024,4,14,<eos>,6.0557,2.3026,3.7531,14,0
huang2024,5,0,The,3.9734,2.9243,1.0490,13,0
huang2024,5,1,corrupt,11.3392,11.1908,0.1484,13,0
huang2024,5,2,politician,5.9634,11.1414,-5.1779,13,0
huang2024,5,3,handed,9.0152,10.5459,-1.5307,13,0
huang2024,5,4,the,1.8919,2.9243,-1.0325,13,0
huang2024,5,5,bill,6.3732,8.8668,-2.4936,13,0
huang2024,5,6,received,11.3765,8.8388,2.5377,13,0
huang2024,5,7,unwelcome,11.8192,13.4934,-1.6742,13,0
huang2024,5,8,attention,0.7603,8.9557,-8.1954,13,0
huang2024,5,9,from,2.3332,5.4561,-3.1229,13,0
huang2024,5,10,southern,9.9633,9.5785,0.3848,13,0
huang2024,5,11,voters,5.5473,10.4551,-4.9078,13,0
huang2024,5,12,.,2.0271,2.3026,-0.2755,13,0
huang2024,5,13,<eos>,6.4027,2.3026,4.1001,13,0
huang2024,6,0,The,3.9738,2.9243,1.0495,12,0
huang2024,6,1,woman,8.5275,8.4039,0.1237,12,0
huang2024,6,2,maintained,10.4291,10.6375,-0.2083,12,0
huang2024,6,3,the,2.1569,2.9243,-0.7674,12,0
huang2024,6,4,mail,8.8723,9.8547,-0.9824,12,0
huang2024,6,5,disappeared,12.9585,10.9141,2.0444,12,0
huang2024,6,6,mysteriously,9.1178,13.2167,-4.0989,12,0
huang2024,6,7,from,2.4271,5.4561,-3.0290,12,0
huang2024,6,8,her,1.4381,6.2146,-4.7765,12,0
huang2024,6,9,front,6.0600,8.5632,-2.5033,12,0
huang2024,6,10,porch,1.5731,11.8582,-10.2851,12,0
huang2024,6,11,.,1.6068,2.3026,-0.6957,12,0
huang2024,6,12,<eos>,5.6569,2.3026,3.3543,12,0
huang2024,7,0,After,6.4077,6.6531,-0.2454,13,0
huang2024,7,1,the,2.6594,2.9243,-0.2649,13,0
huang2024,7,2,woman,9.0593,8.4039,0.6554,13,0
huang2024,7,3,moved,7.7269,9.1905,-1.4636,13,0
huang2024,7,4,the,3.8759,2.9243,0.9516,13,0
huang2024,7,5,mail,7.3174,9.8547,-2.5373,13,0
huang2024,7,6,disappeared,12.4326,10.9141,1.5185,13,0
huang2024,7,7,mysteriously,9.1378,13.2167,-4.0789,13,0
huang2024,7,8,from,2.7630,5.4561,-2.6931,13,0
huang2024,7,9,the,0.7846,2.9243,-2.1397,13,0
huang2024,7,10,delivery,8.0944,10.1545,-2.0601,13,0
huang2024,7,11,system,3.4454,7.9211,-4.4757,13,0
huang2024,7,12,.,2.2215,2.3026,-0.0810,13,0
huang2024,7,13,<eos>,4.8660,2.3026,2.5634,13,0
huang2024,8,0,The,3.9745,2.9243,1.0501,15,0
huang2024,8,1,woman,8.5272,8.4039,0.1233,15,0
huang2024,8,2,brought,7.1501,8.8388,-1.6886,15,0
huang2024,8,3,the,2.2673,2.9243,-0.6570,15,0
huang2024,8,4,mail,9.0590,9.8547,-0.7957,15,0
huang2024,8,5,disappeared,14.9895,10.9141,4.0754,15,0
huang2024,8,6,mysteriously,9.0329,13.2167,-4.1838,15,0
huang2024,8,7,after,3.2580,6.6531,-3.3951,15,0
huang2024,8,8,reading,6.1331,8.8883,-2.7552,15,0
huang2024,8,9,the,1.1646,2.9243,-1.7598,15,0
huang2024,8,10,bad,8.2661,7.9895,0.2766,15,0
huang2024,8,11,news,0.4513,8.1987,-7.7474,15,0
huang2024,8,12,in,3.4398,3.9846,-0.5448,15,0
huang2024,8,13,it,6.1041,4.7206,1.3835,15,0
huang2024,8,14,.,0.9931,2.3026,-1.3095,15,0
huang2024,8,15,<eos>,4.9920,2.3026,2.6894,15,0
huang2024,9,0,The,3.9738,2.9243,1.0495,13,0
huang2024,9,1,boy,9.7210,8.8183,0.9027,13,0
huang2024,9,2,found,7.2566,7.6438,-0.3872,13,0
huang2024,9,3,the,2.1798,2.9243,-0.7445,13,0
huang2024,9,4,chicken,8.7434,10.0613,-1.3179,13,0
huang2024,9,5,stayed,12.7823,10.2921,2.4902,13,0
huang2024,9,6,surprisingly,8.9787,11.3059,-2.3272,13,0
huang2024,9,7,happy,4.3403,8.4039,-4.0636,13,0
huang2024,9,8,in,3.3286,3.9846,-0.6560,13,0
huang2024,9,9,the,1.0629,2.9243,-1.8615,13,0
huang2024,9,10,new,5.8282,6.3311,-0.5030,13,0
huang2024,9,11,barn,7.0145,11.5362,-4.5217,13,0
huang2024,9,12,.,1.5724,2.3026,-0.7302,13,0
huang2024,9,13,<eos>,5.2107,2.3026,2.9081,13,0
huang2024,10,0,Although,7.1741,8.5172,-1.3431,14,0
huang2024,10,1,the,1.6881,2.9243,-1.2363,14,0
huang2024,10,2,boy,9.2995,8.8183,0.4812,14,0
huang2024,10,3,attacked,9.3439,10.3160,-0.9720,14,0
huang2024,10,4,the,1.5681,2.9243,-1.3562,14,0
huang2024,10,5,chicken,8.8405,10.0613,-1.2209,14,0
huang2024,10,6,stayed,15.4655,10.2921,5.1735,14,0
huang2024,10,7,surprisingly,9.8010,11.3059,-1.5049,14,0
huang2024,10,8,happy,3.8623,8.4039,-4.5416,14,0
huang2024,10,9,as,4.4657,5.1345,-0.6688,14,0
huang2024,10,10,if,6.0491,5.8260,0.2232,14,0
huang2024,10,11,nothing,5.2356,7.9434,-2.7078,14,0
huang2024,10,12,happened,1.3772,8.7529,-7.3757,14,0
huang2024,10,13,.,1.5021,2.3026,-0.8005,14,0
huang2024,10,14,<eos>,4.8317,2.3026,2.5291,14,0
huang2024,11,0,The,3.9745,2.9243,1.0501,15,0
huang2024,11,1,boy,9.7213,8.8183,0.9030,15,0
huang2024,11,2,fed,9.8275,10.3374,-0.5098,15,0
huang2024,11,3,the,2.2720,2.9243,-0.6523,15,0
huang2024,11,4,chicken,6.0405,10.0613,-4.0208,15,0
huang2024,11,5,stayed,12.9635,10.2921,2.6714,15,0
huang2024,11,6,surprisingly,9.4486,11.3059,-1.8573,15,0
huang2024,11,7,happy,3.3759,8.4039,-5.0280,15,0
huang2024,11,8,despite,5.3157,9.2103,-3.8946,15,0
huang2024,11,9,having,2.7270,7.8519,-5.1250,15,0
huang2024,11,10,a,1.7520,3.7766,-2.0246,15,0
huang2024,11,11,mild,7.7233,11.2583,-3.5350,15,0
huang2024,11,12,allergic,4.2980,12.0188,-7.7207,15,0
huang2024,11,13,reaction,0.1222,9.8321,-9.7099,15,0
huang2024,11,14,.,1.3644,2.3026,-0.9381,15,0
huang2024,11,15,<eos>,4.5770,2.3026,2.2745,15,0
huang2024,12,0,The,3.9742,2.9243,1.0498,12,0
huang2024,12,1,new,5.7405,6.3311,-0.5907,12,0
huang2024,12,2,doctor,8.4951,9.4410,-0.9459,12,0
huang2024,12,3,demonstrated,9.6439,11.0061,-1.3622,12,0
huang2024,12,4,the,1.8030,2.9243,-1.1214,12,0
huang2024,12,5,operation,8.1457,9.3943,-1.2486,12,0
huang2024,12,6,appeared,11.3858,9.6019,1.7839,12,0
huang2024,12,7,increasingly,8.9549,10.6375,-1.6826,12,0
huang2024,12,8,likely,4.6643,8.7529,-4.0886,12,0
huang2024,12,9,to,0.4879,3.6156,-3.1277,12,0
huang2024,12,10,succeed,5.6641,10.8451,-5.1810,12,0
huang2024,12,11,.,2.6627,2.3026,0.3601,12,0
huang2024,12,12,<eos>,5.1621,2.3026,2.8595,12,0
huang2024,13,0,After,6.4085,6.6531,-0.2446,13,0
huang2024,13,1,the,2.6593,2.9243,-0.2651,13,0
huang2024,13,2,new,6.3441,6.3311,0.0129,13,0
huang2024,13,3,doctor,8.2941,9.4410,-1.1469,13,0
huang2024,13,4,left,6.4029,7.7824,-1.3795,13,0
huang2024,13,5,the,1.4613,2.9243,-1.4630,13,0
huang2024,13,6,operation,7.8928,9.3943,-1.5015,13,0
huang2024,13,7,appeared,12.2611,9.6019,2.6592,13,0
huang2024,13,8,increasingly,8.7465,10.6375,-1.8909,13,0
huang2024,13,9,likely,4.6390,8.7529,-4.1139,13,0
huang2024,13,10,to,0.9615,3.6156,-2.6541,13,0
huang2024,13,11,succeed,6.4368,10.8451,-4.4083,13,0
huang2024,13,12,.,1.7798,2.3026,-0.5227,13,0
huang2024,13,13,<eos>,5.4426,2.3026,3.1400,13,0
huang2024,14,0,The,3.9745,2.9243,1.0501,15,0
huang2024,14,1,new,5.7411,6.3311,-0.5901,15,0
huang2024,14,2,doctor,8.4955,9.4410,-0.9455,15,0
huang2024,14,3,offered,8.9048,9.5333,-0.6285,15,0
huang2024,14,4,the,2.6435,2.9243,-0.2808,15,0
huang2024,14,5,operation,9.4830,9.3943,0.0887,15,0
huang2024,14,6,appeared,11.5644,9.6019,1.9625,15,0
huang2024,14,7,increasingly,9.3540,10.6375,-1.2834,15,0
huang2024,14,8,likely,4.9784,8.7529,-3.7746,15,0
huang2024,14,9,to,0.5803,3.6156,-3.0353,15,0
huang2024,14,10,succeed,5.7259,10.8451,-5.1192,15,0
huang2024,14,11,in,1.0829,3.9846,-2.9017,15,0
huang2024,14,12,her,6.5732,6.2146,0.3586,15,0
huang2024,14,13,career,2.7866,9.0533,-6.2667,15,0
huang2024,14,14,.,1.1067,2.3026,-1.1958,15,0
huang2024,14,15,<eos>,5.5261,2.3026,3.2235,15,0
huang2024,15,0,The,3.9738,2.9243,1.0495,12,0
huang2024,15,1,professor,9.8155,9.4410,0.3745,12,0
huang2024,15,2,noticed,7.3552,10.0613,-2.7061,12,0
huang2024,15,3,the,2.4908,2.9243,-0.4336,12,0
huang2024,15,4,grant,11.5441,9.9696,1.5745,12,0
huang2024,15,5,gained,10.6825,10.3848,0.2977,12,0
huang2024,15,6,more,4.7936,6.0792,-1.2856,12,0
huang2024,15,7,attention,2.3533,8.9557,-6.6024,12,0
huang2024,15,8,from,2.6007,5.4561,-2.8555,12,0
huang2024,15,9,marine,11.6106,10.2921,1.3185,12,0
huang2024,15,10,biologists,3.6048,13.2616,-9.6568,12,0
huang2024,15,11,.,2.1401,2.3026,-0.1625,12,0
huang2024,15,12,<eos>,5.4659,2.3026,3.1633,12,0
huang2024,16,0,After,6.4088,6.6531,-0.2443,15,0
huang2024,16,1,the,2.6594,2.9243,-0.2649,15,0
huang2024,16,2,professor,9.3349,9.4410,-0.1061,15,0
huang2024,16,3,read,6.1983,7.9662,-1.7679,15,0
huang2024,16,4,the,0.7798,2.9243,-2.1445,15,0
huang2024,16,5,grant,9.7846,9.9696,-0.1850,15,0
huang2024,16,6,gained,13.2286,10.3848,2.8439,15,0
huang2024,16,7,more,5.4921,6.0792,-0.5871,15,0
huang2024,16,8,attention,2.9174,8.9557,-6.0383,15,0
huang2024,16,9,due,5.1051,8.4039,-3.2988,15,0
huang2024,16,10,to,0.0391,3.6156,-3.5766,15,0
huang2024,16,11,her,4.9272,6.2146,-1.2875,15,0
huang2024,16,12,excellent,6.6272,9.8321,-3.2049,15,0
huang2024,16,13,description,7.3497,9.8321,-2.4824,15,0
huang2024,16,14,.,4.0841,2.3026,1.7815,15,0
huang2024,16,15,<eos>,4.9183,2.3026,2.6157,15,0
huang2024,17,0,The,3.9738,2.9243,1.0495,12,0
huang2024,17,1,professor,9.8155,9.4410,0.3745,12,0
huang2024,17,2,awarded,8.5540,10.7064,-2.1524,12,0
huang2024,17,3,the,1.5938,2.9243,-1.3305,12,0
huang2024,17,4,grant,7.3369,9.9696,-2.6327,12,0
huang2024,17,5,gained,12.8350,10.3848,2.4502,12,0
huang2024,17,6,more,5.3200,6.0792,-0.7592,12,0
huang2024,17,7,attention,3.3100,8.9557,-5.6457,12,0
huang2024,17,8,from,2.3710,5.4561,-3.0851,12,0
huang2024,17,9,marine,11.2433,10.2921,0.9513,12,0
huang2024,17,10,biologists,3.2571,13.2616,-10.0046,12,0
huang2024,17,11,.,2.2583,2.3026,-0.0443,12,0
huang2024,17,12,<eos>,5.5326,2.3026,3.2301,12,0
huang2024,18,0,The,3.9734,2.9243,1.0490,14,0
huang2024,18,1,technician,12.9269,12.2041,0.7228,14,0
huang2024,18,2,reported,6.6495,9.2103,-2.5609,14,0
huang2024,18,3,the,2.2967,2.9243,-0.6276,14,0
huang2024,18,4,service,6.9238,8.0822,-1.1583,14,0
huang2024,18,5,stopped,9.6798,9.5785,0.1013,14,0
huang2024,18,6,working,2.8366,8.1736,-5.3370,14,0
huang2024,18,7,almost,7.0635,8.3143,-1.2507,14,0
huang2024,18,8,immediately,1.2175,9.2564,-8.0389,14,0
huang2024,18,9,after,2.0569,6.6531,-4.5962,14,0
huang2024,18,10,the,1.1902,2.9243,-1.7341,14,0
huang2024,18,11,storm,7.7899,9.9934,-2.2036,14,0
huang2024,18,12,started,3.5967,8.3143,-4.7176,14,0
huang2024,18,13,.,1.1707,2.3026,-1.1319,14,0
huang2024,18,14,<eos>,4.8459,2.3026,2.5433,14,0
huang2024,19,0,After,6.4077,6.6531,-0.2454,14,0
huang2024,19,1,the,2.6594,2.9243,-0.2649,14,0
huang2024,19,2,technician,13.1441,12.2041,0.9400,14,0
huang2024,19,3,called,6.7815,7.8519,-1.0704,14,0
huang2024,19,4,the,1.8724,2.9243,-1.0519,14,0
huang2024,19,5,service,5.7114,8.0822,-2.3707,14,0
huang2024,19,6,stopped,10.7968,9.5785,1.2183,14,0
huang2024,19,7,working,2.8934,8.1736,-5.2802,14,0
huang2024,19,8,almost,8.0163,8.3143,-0.2980,14,0
huang2024,19,9,immediately,1.5348,9.2564,-7.7216,14,0
huang2024,19,10,to,4.0173,3.6156,0.4016,14,0
huang2024,19,11,his,6.9768,5.7322,1.2446,14,0
huang2024,19,12,surprise,3.8081,9.7866,-5.9785,14,0
huang2024,19,13,.,2.1772,2.3026,-0.1253,14,0
huang2024,19,14,<eos>,5.9070,2.3026,3.6044,14,0
huang2024,20,0,The,3.9738,2.9243,1.0495,13,0
huang2024,20,1,technician,12.9273,12.2041,0.7233,13,0
huang2024,20,2,refused,9.0400,10.2688,-1.2288,13,0
huang2024,20,3,the,3.6049,2.9243,0.6806,13,0
huang2024,20,4,service,5.3858,8.0822,-2.6963,13,0
huang2024,20,5,stopped,12.0480,9.5785,2.4695,13,0
huang2024,20,6,working,3.9627,8.1736,-4.2110,13,0
huang2024,20,7,almost,7.9481,8.3143,-0.3662,13,0
huang2024,20,8,immediately,1.2048,9.2564,-8.0516,13,0
huang2024,20,9,after,2.6637,6.6531,-3.9895,13,0
huang2024,20,10,the,1.1998,2.9243,-1.7246,13,0
huang2024,20,11,argument,9.1125,10.0382,-0.9257,13,0
huang2024,20,12,.,3.4556,2.3026,1.1530,13,0
huang2024,20,13,<eos>,5.1542,2.3026,2.8516,13,0
huang2024,21,0,The,3.9738,2.9243,1.0495,13,0
huang2024,21,1,mechanic,12.4301,11.9958,0.4343,13,0
huang2024,21,2,observed,9.6654,10.6168,-0.9515,13,0
huang2024,21,3,the,2.3152,2.9243,-0.6091,13,0
huang2024,21,4,truck,8.1099,10.0382,-1.9283,13,0
huang2024,21,5,needed,9.5083,8.7982,0.7101,13,0
huang2024,21,6,several,6.4435,8.3143,-1.8707,13,0
huang2024,21,7,more,4.2043,6.0792,-1.8749,13,0
huang2024,21,8,hours,2.5313,8.2901,-5.7587,13,0
huang2024,21,9,to,0.5675,3.6156,-3.0481,13,0
huang2024,21,10,be,3.9164,5.0881,-1.1717,13,0
huang2024,21,11,repaired,4.9040,12.0423,-7.1383,13,0
huang2024,21,12,.,0.9701,2.3026,-1.3325,13,0
huang2024,21,13,<eos>,5.0740,2.3026,2.7714,13,0
huang2024,22,0,Because,7.4904,6.8401,0.6503,17,0
huang2024,22,1,the,2.4508,2.9243,-0.4736,17,0
huang2024,22,2,mechanic,12.0457,11.9958,0.0499,17,0
huang2024,22,3,stopped,9.0646,9.5785,-0.5139,17,0
huang2024,22,4,the,2.1919,2.9243,-0.7324,17,0
huang2024,22,5,truck,5.3850,10.0382,-4.6532,17,0
huang2024,22,6,needed,10.8889,8.7982,2.0906,17,0
huang2024,22,7,several,7.4405,8.3143,-0.8738,17,0
huang2024,22,8,more,4.5743,6.0792,-1.5049,17,0
huang2024,22,9,hours,2.1795,8.2901,-6.1106,17,0
huang2024,22,10,before,3.1092,7.0691,-3.9599,17,0
huang2024,22,11,it,1.6950,4.7206,-3.0256,17,0
huang2024,22,12,could,2.9496,6.7680,-3.8184,17,0
huang2024,22,13,be,1.1999,5.0881,-3.8881,17,0
huang2024,22,14,fully,5.9874,9.4639,-3.4765,17,0
huang2024,22,15,repaired,3.7452,12.0423,-8.2971,17,0
huang2024,22,16,.,1.6391,2.3026,-0.6635,17,0
huang2024,22,17,<eos>,5.0081,2.3026,2.7055,17,0
huang2024,23,0,The,3.9734,2.9243,1.0490,14,0
huang2024,23,1,mechanic,12.4299,11.9958,0.4341,14,0
huang2024,23,2,brought,8.5027,8.8388,-0.3361,14,0
huang2024,23,3,the,2.2163,2.9243,-0.7081,14,0
huang2024,23,4,truck,7.4715,10.0382,-2.5666,14,0
huang2024,23,5,needed,10.5717,8.7982,1.7735,14,0
huang2024,23,6,several,6.7089,8.3143,-1.6054,14,0
huang2024,23,7,more,4.2417,6.0792,-1.8375,14,0
huang2024,23,8,hours,2.4825,8.2901,-5.8075,14,0
huang2024,23,9,to,0.8862,3.6156,-2.7295,14,0
huang2024,23,10,fully,6.9812,9.4639,-2.4828,14,0
huang2024,23,11,repair,4.1257,10.5690,-6.4434,14,0
huang2024,23,12,it,3.2852,4.7206,-1.4354,14,0
huang2024,23,13,.,0.8125,2.3026,-1.4901,14,0
huang2024,23,14,<eos>,5.3532,2.3026,3.0506,14,0
huang2024,24,0,The,3.9745,2.9243,1.0501,15,0
huang2024,24,1,guitarist,12.4380,12.3639,0.0741,15,0
huang2024,24,2,knew,7.8952,8.7529,-0.8577,15,0
huang2024,24,3,the,2.5817,2.9243,-0.3427,15,0
huang2024,24,4,song,4.0637,8.6115,-4.5478,15,0
huang2024,24,5,failed,8.9546,9.6243,-0.6698,15,0
huang2024,24,6,dramatically,10.1799,11.6283,-1.4485,15,0
huang2024,24,7,because,3.5546,6.8401,-3.2855,15,0
huang2024,24,8,of,2.0858,3.6849,-1.5991,15,0
huang2024,24,9,the,1.0813,2.9243,-1.8430,15,0
huang2024,24,10,tensions,8.9401,12.0188,-3.0787,15,0
huang2024,24,11,within,5.2827,8.1987,-2.9160,15,0
huang2024,24,12,the,0.5072,2.9243,-2.4171,15,0
huang2024,24,13,band,1.3491,9.3943,-8.0452,15,0
huang2024,24,14,.,1.1435,2.3026,-1.1591,15,0
huang2024,24,15,<eos>,5.1703,2.3026,2.8677,15,0
huang2024,25,0,After,6.4088,6.6531,-0.2443,15,0
huang2024,25,1,the,2.6594,2.9243,-0.2649,15,0
huang2024,25,2,guitarist,13.3175,12.3639,0.9536,15,0
huang2024,25,3,began,6.6584,9.0533,-2.3949,15,0
huang2024,25,4,the,3.7923,2.9243,0.8679,15,0
huang2024,25,5,song,3.2548,8.6115,-5.3567,15,0
huang2024,25,6,failed,12.6623,9.6243,3.0379,15,0
huang2024,25,7,dramatically,9.5025,11.6283,-2.1258,15,0
huang2024,25,8,because,4.4961,6.8401,-2.3440,15,0
huang2024,25,9,he,1.5976,5.3185,-3.7209,15,0
huang2024,25,10,skipped,8.1653,12.2960,-4.1307,15,0
huang2024,25,11,the,1.2412,2.9243,-1.6831,15,0
huang2024,25,12,sound,6.3468,8.8668,-2.5200,15,0
huang2024,25,13,check,6.6592,8.4974,-1.8382,15,0
huang2024,25,14,.,1.9632,2.3026,-0.3394,15,0
huang2024,25,15,<eos>,4.7770,2.3026,2.4744,15,0
huang2024,26,0,The,3.9738,2.9243,1.0495,13,0
huang2024,26,1,guitarist,12.4377,12.3639,0.0738,13,0
huang2024,26,2,assigned,8.5185,10.6168,-2.0984,13,0
huang2024,26,3,the,3.6392,2.9243,0.7149,13,0
huang2024,26,4,song,3.9677,8.6115,-4.6438,13,0
huang2024,26,5,failed,12.3720,9.6243,2.7477,13,0
huang2024,26,6,dramatically,10.1940,11.6283,-1.4344,13,0
huang2024,26,7,because,3.7709,6.8401,-3.0692,13,0
huang2024,26,8,he,1.1952,5.3185,-4.1233,13,0
huang2024,26,9,never,4.7375,7.1148,-2.3772,13,0
huang2024,26,10,practiced,8.1760,11.9269,-3.7510,13,0
huang2024,26,11,enough,5.5735,7.9662,-2.3927,13,0
huang2024,26,12,.,1.7519,2.3026,-0.5507,13,0
huang2024,26,13,<eos>,4.5718,2.3026,2.2692,13,0
huang2024,27,0,The,3.9745,2.9243,1.0501,15,0
huang2024,27,1,player,9.0348,8.7721,0.2627,15,0
huang2024,27,2,revealed,8.9856,10.0155,-1.0300,15,0
huang2024,27,3,the,2.0856,2.9243,-0.8387,15,0
huang2024,27,4,bonus,9.9931,10.4762,-0.4831,15,0
huang2024,27,5,remained,11.7101,10.0850,1.6251,15,0
huang2024,27,6,essentially,6.7266,10.5459,-3.8193,15,0
huang2024,27,7,the,1.6136,2.9243,-1.3108,15,0
huang2024,27,8,same,0.1479,7.3682,-7.2203,15,0
huang2024,27,9,as,2.1013,5.1345,-3.0332,15,0
huang2024,27,10,in,3.9945,3.9846,0.0099,15,0
huang2024,27,11,the,0.9296,2.9243,-1.9948,15,0
huang2024,27,12,original,3.2211,8.8388,-5.6176,15,0
huang2024,27,13,contract,5.7473,9.3485,-3.6011,15,0
huang2024,27,14,.,1.2456,2.3026,-1.0570,15,0
huang2024,27,15,<eos>,4.6509,2.3026,2.3483,15,0
huang2024,28,0,Although,7.1752,8.5172,-1.3420,16,0
huang2024,28,1,the,1.6885,2.9243,-1.2359,16,0
huang2024,28,2,player,8.2689,8.7721,-0.5031,16,0
huang2024,28,3,lost,7.6067,8.3143,-0.7076,16,0
huang2024,28,4,the,1.8578,2.9243,-1.0665,16,0
huang2024,28,5,bonus,8.7035,10.4762,-1.7727,16,0
huang2024,28,6,remained,11.9154,10.0850,1.8304,16,0
huang2024,28,7,essentially,6.6674,10.5459,-3.8785,16,0
huang2024,28,8,the,1.3579,2.9243,-1.5664,16,0
huang2024,28,9,same,0.1349,7.3682,-7.2333,16,0
huang2024,28,10,as,1.9205,5.1345,-3.2140,16,0
huang2024,28,11,in,3.9627,3.9846,-0.0219,16,0
huang2024,28,12,the,0.9317,2.9243,-1.9926,16,0
huang2024,28,13,original,3.2002,8.8388,-5.6385,16,0
huang2024,28,14,contract,5.0810,9.3485,-4.2674,16,0
huang2024,28,15,.,2.6251,2.3026,0.3226,16,0
huang2024,28,16,<eos>,5.6162,2.3026,3.3136,16,0
huang2024,29,0,The,3.9745,2.9243,1.0501,16,0
huang2024,29,1,player,9.0348,8.7721,0.2627,16,0
huang2024,29,2,paid,7.9940,8.9327,-0.9387,16,0
huang2024,29,3,the,2.8142,2.9243,-0.1102,16,0
huang2024,29,4,bonus,7.3543,10.4762,-3.1219,16,0
huang2024,29,5,remained,14.1029,10.0850,4.0179,16,0
huang2024,29,6,essentially,7.5625,10.5459,-2.9834,16,0
huang2024,29,7,the,1.6335,2.9243,-1.2909,16,0
huang2024,29,8,same,0.0953,7.3682,-7.2729,16,0
huang2024,29,9,despite,5.1613,9.2103,-4.0490,16,0
huang2024,29,10,his,3.3023,5.7322,-2.4299,16,0
huang2024,29,11,sudden,8.3651,10.5926,-2.2276,16,0
huang2024,29,12,fame,8.3130,10.7290,-2.4160,16,0
huang2024,29,13,and,2.0845,3.6613,-1.5767,16,0
huang2024,29,14,wealth,4.2451,10.3374,-6.0922,16,0
huang2024,29,15,.,1.5174,2.3026,-0.7851,16,0
huang2024,29,16,<eos>,5.2089,2.3026,2.9064,16,0
huang2024,30,0,The,3.9734,2.9243,1.0490,14,0
huang2024,30,1,recent,7.1515,9.1150,-1.9636,14,0
huang2024,30,2,hire,10.8694,10.5926,0.2768,14,0
huang2024,30,3,claimed,8.5593,10.0382,-1.4789,14,0
huang2024,30,4,the,2.6310,2.9243,-0.2933,14,0
huang2024,30,5,job,3.4000,8.0598,-4.6598,14,0
huang2024,30,6,prepared,12.4952,9.8082,2.6871,14,0
huang2024,30,7,many,7.4371,7.1148,0.3223,14,0
huang2024,30,8,students,5.6711,8.6337,-2.9627,14,0
huang2024,30,9,for,1.3341,4.5854,-3.2513,14,0
huang2024,30,10,careers,5.7916,11.3306,-5.5390,14,0
huang2024,30,11,in,0.9933,3.9846,-2.9913,14,0
huang2024,30,12,media,6.4969,8.5172,-2.0203,14,0
huang2024,30,13,.,2.1758,2.3026,-0.1268,14,0
huang2024,30,14,<eos>,6.1551,2.3026,3.8525,14,0
huang2024,31,0,Once,7.9343,7.9895,-0.0552,15,0
huang2024,31,1,the,2.2953,2.9243,-0.6290,15,0
huang2024,31,2,recent,7.8409,9.1150,-1.2741,15,0
huang2024,31,3,hire,9.5887,10.5926,-1.0039,15,0
huang2024,31,4,started,6.7604,8.3143,-1.5538,15,0
huang2024,31,5,the,4.2527,2.9243,1.3284,15,0
huang2024,31,6,job,3.4780,8.0598,-4.5818,15,0
huang2024,31,7,prepared,12.1602,9.8082,2.3521,15,0
huang2024,31,8,many,8.1771,7.1148,1.0623,15,0
huang2024,31,9,students,5.5834,8.6337,-3.0503,15,0
huang2024,31,10,for,2.0995,4.5854,-2.4859,15,0
huang2024,31,11,careers,5.2060,11.3306,-6.1246,15,0
huang2024,31,12,in,1.3318,3.9846,-2.6528,15,0
huang2024,31,13,media,6.7284,8.5172,-1.7888,15,0
huang2024,31,14,.,2.2610,2.3026,-0.0416,15,0
huang2024,31,15,<eos>,6.7875,2.3026,4.4849,15,0
huang2024,32,0,The,3.9734,2.9243,1.0490,14,0
huang2024,32,1,recent,7.1515,9.1150,-1.9636,14,0
huang2024,32,2,hire,10.8694,10.5926,0.2768,14,0
huang2024,32,3,offered,7.5961,9.5333,-1.9372,14,0
huang2024,32,4,the,3.0709,2.9243,0.1466,14,0
huang2024,32,5,job,5.4814,8.0598,-2.5784,14,0
huang2024,32,6,prepared,11.8104,9.8082,2.0022,14,0
huang2024,32,7,many,7.7194,7.1148,0.6047,14,0
huang2024,32,8,students,5.8927,8.6337,-2.7410,14,0
huang2024,32,9,for,1.4677,4.5854,-3.1177,14,0
huang2024,32,10,careers,5.1262,11.3306,-6.2044,14,0
huang2024,32,11,in,0.8731,3.9846,-3.1115,14,0
huang2024,32,12,media,6.4896,8.5172,-2.0276,14,0
huang2024,32,13,.,2.3773,2.3026,0.0747,14,0
huang2024,32,14,<eos>,6.6451,2.3026,4.3425,14,0
huang2024,33,0,The,3.9738,2.9243,1.0495,13,0
huang2024,33,1,assistant,11.7573,9.8547,1.9026,13,0
huang2024,33,2,manager,3.1192,9.2797,-6.1605,13,0
huang2024,33,3,discovered,9.6430,9.8082,-0.1652,13,0
huang2024,33,4,the,1.8185,2.9243,-1.1059,13,0
huang2024,33,5,training,8.5375,8.7982,-0.2607,13,0
huang2024,33,6,seemed,10.8786,9.6243,1.2542,13,0
huang2024,33,7,unnecessarily,9.0559,12.8485,-3.7927,13,0
huang2024,33,8,demanding,4.9649,11.2128,-6.2479,13,0
huang2024,33,9,for,3.2953,4.5854,-1.2901,13,0
huang2024,33,10,new,5.2726,6.3311,-1.0586,13,0
huang2024,33,11,staff,4.4105,9.0280,-4.6176,13,0
huang2024,33,12,.,1.2778,2.3026,-1.0247,13,0
huang2024,33,13,<eos>,5.7376,2.3026,3.4351,13,0
huang2024,34,0,While,7.2205,7.2307,-0.0102,13,0
huang2024,34,1,the,1.7674,2.9243,-1.1570,13,0
huang2024,34,2,assistant,11.5297,9.8547,1.6750,13,0
huang2024,34,3,manager,3.1754,9.2797,-6.1043,13,0
huang2024,34,4,worked,6.7970,8.8388,-2.0418,13,0
huang2024,34,5,the,4.9283,2.9243,2.0040,13,0
huang2024,34,6,training,8.0302,8.7982,-0.7680,13,0
huang2024,34,7,seemed,9.1371,9.6243,-0.4872,13,0
huang2024,34,8,unnecessarily,8.8375,12.8485,-4.0110,13,0
huang2024,34,9,demanding,4.9207,11.2128,-6.2922,13,0
huang2024,34,10,to,2.0206,3.6156,-1.5950,13,0
huang2024,34,11,him,4.3769,6.6531,-2.2762,13,0
huang2024,34,12,.,3.2180,2.3026,0.9154,13,0
huang2024,34,13,<eos>,6.3454,2.3026,4.0428,13,0
huang2024,35,0,The,3.9738,2.9243,1.0495,13,0
huang2024,35,1,assistant,11.7573,9.8547,1.9026,13,0
huang2024,35,2,manager,3.1192,9.2797,-6.1605,13,0
huang2024,35,3,assigned,7.1398,10.6168,-3.4771,13,0
huang2024,35,4,the,2.3098,2.9243,-0.6145,13,0
huang2024,35,5,training,6.9974,8.7982,-1.8008,13,0
huang2024,35,6,seemed,12.0944,9.6243,2.4701,13,0
huang2024,35,7,unnecessarily,9.7924,12.8485,-3.0561,13,0
huang2024,35,8,demanding,4.8476,11.2128,-6.3652,13,0
huang2024,35,9,to,2.0181,3.6156,-1.5975,13,0
huang2024,35,10,new,6.6443,6.3311,0.3132,13,0
huang2024,35,11,staff,3.6239,9.0280,-5.4042,13,0
huang2024,35,12,.,1.2057,2.3026,-1.0969,13,0
huang2024,35,13,<eos>,6.2229,2.3026,3.9203,13,0
huang2024,36,0,The,3.9738,2.9243,1.0495,13,0
huang2024,36,1,mayor,9.5457,10.0850,-0.5393,13,0
huang2024,36,2,showed,8.4732,9.5333,-1.0601,13,0
huang2024,36,3,the,2.5361,2.9243,-0.3882,13,0
huang2024,36,4,document,9.7511,10.3624,-0.6113,13,0
huang2024,36,5,provided,7.8401,9.1616,-1.3215,13,0
huang2024,36,6,sufficient,7.7063,10.7758,-3.0695,13,0
huang2024,36,7,evidence,2.3772,8.8883,-6.5111,13,0
huang2024,36,8,to,1.0512,3.6156,-2.5644,13,0
huang2024,36,9,prove,4.0553,9.7397,-5.6844,13,0
huang2024,36,10,her,5.4511,6.2146,-0.7635,13,0
huang2024,36,11,innocence,2.8387,11.9045,-9.0658,13,0
huang2024,36,12,.,0.8865,2.3026,-1.4161,13,0
huang2024,36,13,<eos>,4.5181,2.3026,2.2155,13,0
huang2024,37,0,Although,7.1752,8.5172,-1.3420,15,0
huang2024,37,1,the,1.6885,2.9243,-1.2359,15,0
huang2024,37,2,mayor,8.4942,10.0850,-1.5909,15,0
huang2024,37,3,changed,9.2692,9.0533,0.2159,15,0
huang2024,37,4,the,1.0386,2.9243,-1.8858,15,0
huang2024,37,5,document,8.5169,10.3624,-1.8455,15,0
huang2024,37,6,provided,10.0845,9.1616,0.9229,15,0
huang2024,37,7,sufficient,8.8126,10.7758,-1.9632,15,0
huang2024,37,8,evidence,2.8459,8.8883,-6.0424,15,0
huang2024,37,9,for,1.6116,4.5854,-2.9737,15,0
huang2024,37,10,what,5.4193,6.0323,-0.6130,15,0
huang2024,37,11,he,1.4549,5.3185,-3.8636,15,0
huang2024,37,12,had,3.4580,6.1469,-2.6890,15,0
huang2024,37,13,promised,6.0922,10.3848,-4.2925,15,0
huang2024,37,14,.,2.7834,2.3026,0.4808,15,0
huang2024,37,15,<eos>,4.9349,2.3026,2.6323,15,0
huang2024,38,0,The,3.9745,2.9243,1.0501,14,0
huang2024,38,1,mayor,9.5455,10.0850,-0.5395,14,0
huang2024,38,2,sent,7.6730,8.8388,-1.1657,14,0
huang2024,38,3,the,2.3615,2.9243,-0.5629,14,0
huang2024,38,4,document,6.3795,10.3624,-3.9828,14,0
huang2024,38,5,provided,10.9262,9.1616,1.7647,14,0
huang2024,38,6,sufficient,8.4897,10.7758,-2.2860,14,0
huang2024,38,7,evidence,2.2490,8.8883,-6.6392,14,0
huang2024,38,8,that,1.5523,4.5854,-3.0330,14,0
huang2024,38,9,it,3.5719,4.7206,-1.1486,14,0
huang2024,38,10,was,1.2528,5.0192,-3.7664,14,0
huang2024,38,11,simply,6.6747,9.0280,-2.3533,14,0
huang2024,38,12,blackmail,12.8600,12.8039,0.0561,14,0
huang2024,38,13,.,3.5833,2.3026,1.2807,14,0
huang2024,38,14,<eos>,5.1831,2.3026,2.8805,14,0
huang2024,39,0,The,3.9738,2.9243,1.0495,13,0
huang2024,39,1,basketball,11.2927,10.2237,1.0690,13,0
huang2024,39,2,player,4.1061,8.7721,-4.6660,13,0
huang2024,39,3,mentioned,7.7459,9.6019,-1.8560,13,0
huang2024,39,4,the,2.1221,2.9243,-0.8022,13,0
huang2024,39,5,contract,9.3278,9.3485,-0.0207,13,0
huang2024,39,6,created,9.5451,9.0970,0.4481,13,0
huang2024,39,7,another,8.8196,7.5056,1.3140,13,0
huang2024,39,8,controversy,6.1009,10.9141,-4.8132,13,0
huang2024,39,9,in,2.8091,3.9846,-1.1755,13,0
huang2024,39,10,the,1.2366,2.9243,-1.6877,13,0
huang2024,39,11,NBA,3.1683,10.6168,-7.4485,13,0
huang2024,39,12,.,1.6112,2.3026,-0.6914,13,0
huang2024,39,13,<eos>,5.9299,2.3026,3.6274,13,0
huang2024,40,0,After,6.4077,6.6531,-0.2454,14,0
huang2024,40,1,the,2.6594,2.9243,-0.2649,14,0
huang2024,40,2,basketball,10.2502,10.2237,0.0265,14,0
huang2024,40,3,player,6.0067,8.7721,-2.7653,14,0
huang2024,40,4,signed,5.3889,9.5557,-4.1667,14,0
huang2024,40,5,the,2.6078,2.9243,-0.3165,14,0
huang2024,40,6,contract,4.4117,9.3485,-4.9367,14,0
huang2024,40,7,created,12.4108,9.0970,3.3138,14,0
huang2024,40,8,another,6.5722,7.5056,-0.9334,14,0
huang2024,40,9,controversy,6.7635,10.9141,-4.1506,14,0
huang2024,40,10,in,3.1402,3.9846,-0.8444,14,0
huang2024,40,11,the,1.2207,2.9243,-1.7037,14,0
huang2024,40,12,NBA,3.0956,10.6168,-7.5213,14,0
huang2024,40,13,.,1.8883,2.3026,-0.4143,14,0
huang2024,40,14,<eos>,6.2881,2.3026,3.9855,14,0
huang2024,41,0,The,3.9738,2.9243,1.0495,13,0
huang2024,41,1,basketball,11.2927,10.2237,1.0690,13,0
huang2024,41,2,player,4.1061,8.7721,-4.6660,13,0
huang2024,41,3,handed,8.7497,10.5459,-1.7963,13,0
huang2024,41,4,the,1.9816,2.9243,-0.9428,13,0
huang2024,41,5,contract,6.9029,9.3485,-2.4456,13,0
huang2024,41,6,created,10.9382,9.0970,1.8412,13,0
huang2024,41,7,another,7.8602,7.5056,0.3546,13,0
huang2024,41,8,controversy,6.9461,10.9141,-3.9680,13,0
huang2024,41,9,in,3.1131,3.9846,-0.8715,13,0
huang2024,41,10,the,1.3492,2.9243,-1.5751,13,0
huang2024,41,11,NBA,3.4268,10.6168,-7.1900,13,0
huang2024,41,12,.,1.7332,2.3026,-0.5693,13,0
huang2024,41,13,<eos>,6.3002,2.3026,3.9977,13,0
huang2024,42,0,The,3.9742,2.9243,1.0498,12,0
huang2024,42,1,engineer,11.4789,10.3624,1.1165,12,0
huang2024,42,2,maintained,9.2724,10.6375,-1.3650,12,0
huang2024,42,3,the,1.3183,2.9243,-1.6061,12,0
huang2024,42,4,equipment,6.5995,9.4861,-2.8866,12,0
huang2024,42,5,required,4.7580,9.1616,-4.4035,12,0
huang2024,42,6,constant,8.5674,10.2688,-1.7014,12,0
huang2024,42,7,supervision,7.2467,11.6510,-4.4043,12,0
huang2024,42,8,from,4.3735,5.4561,-1.0826,12,0
huang2024,42,9,senior,8.1809,9.3943,-1.2133,12,0
huang2024,42,10,technicians,5.4814,12.5018,-7.0204,12,0
huang2024,42,11,.,1.9832,2.3026,-0.3194,12,0
huang2024,42,12,<eos>,5.2899,2.3026,2.9873,12,0
huang2024,43,0,After,6.4085,6.6531,-0.2446,13,0
huang2024,43,1,the,2.6593,2.9243,-0.2651,13,0
huang2024,43,2,engineer,11.0527,10.3624,0.6903,13,0
huang2024,43,3,moved,6.3610,9.1905,-2.8296,13,0
huang2024,43,4,the,2.8281,2.9243,-0.0962,13,0
huang2024,43,5,equipment,5.6387,9.4861,-3.8474,13,0
huang2024,43,6,required,7.3970,9.1616,-1.7645,13,0
huang2024,43,7,constant,10.2204,10.2688,-0.0483,13,0
huang2024,43,8,supervision,7.6133,11.6510,-4.0378,13,0
huang2024,43,9,from,4.1847,5.4561,-1.2714,13,0
huang2024,43,10,senior,8.9624,9.3943,-0.4318,13,0
huang2024,43,11,technicians,5.7139,12.5018,-6.7879,13,0
huang2024,43,12,.,3.2791,2.3026,0.9765,13,0
huang2024,43,13,<eos>,5.4451,2.3026,3.1425,13,0
huang2024,44,0,The,3.9742,2.9243,1.0498,12,0
huang2024,44,1,engineer,11.4789,10.3624,1.1165,12,0
huang2024,44,2,brought,7.7629,8.8388,-1.0759,12,0
huang2024,44,3,the,1.7252,2.9243,-1.1992,12,0
huang2024,44,4,equipment,7.5099,9.4861,-1.9762,12,0
huang2024,44,5,required,6.9318,9.1616,-2.2297,12,0
huang2024,44,6,constant,10.1055,10.2688,-0.1633,12,0
huang2024,44,7,supervision,6.7837,11.6510,-4.8673,12,0
huang2024,44,8,from,3.8626,5.4561,-1.5936,12,0
huang2024,44,9,senior,8.0487,9.3943,-1.3455,12,0
huang2024,44,10,technicians,5.8003,12.5018,-6.7015,12,0
huang2024,44,11,.,2.1466,2.3026,-0.1560,12,0
huang2024,44,12,<eos>,5.7935,2.3026,3.4909,12,0
huang2024,45,0,The,3.9745,2.9243,1.0501,16,0
huang2024,45,1,little,9.2818,7.4840,1.7978,16,0
huang2024,45,2,girl,4.2058,8.3349,-4.1291,16,0
huang2024,45,3,found,6.4222,7.6438,-1.2216,16,0
huang2024,45,4,the,2.5334,2.9243,-0.3909,16,0
huang2024,45,5,lamb,10.7355,11.4641,-0.7286,16,0
huang2024,45,6,remained,11.7361,10.0850,1.6511,16,0
huang2024,45,7,relatively,6.0864,9.9934,-3.9071,16,0
huang2024,45,8,calm,3.2274,10.2688,-7.0414,16,0
huang2024,45,9,despite,4.7345,9.2103,-4.4758,16,0
huang2024,45,10,the,1.2414,2.9243,-1.6829,16,0
huang2024,45,11,absence,6.2307,10.7290,-4.4983,16,0
huang2024,45,12,of,0.0301,3.6849,-3.6547,16,0
huang2024,45,13,its,7.6743,6.5857,1.0887,16,0
huang2024,45,14,mother,3.7029,8.6565,-4.9536,16,0
huang2024,45,15,.,0.8809,2.3026,-1.4217,16,0
huang2024,45,16,<eos>,4.6312,2.3026,2.3287,16,0
huang2024,46,0,When,5.5059,6.0576,-0.5517,15,0
huang2024,46,1,the,2.5304,2.9243,-0.3939,15,0
huang2024,46,2,little,8.6633,7.4840,1.1793,15,0
huang2024,46,3,girl,2.8098,8.3349,-5.5250,15,0
huang2024,46,4,attacked,9.0105,10.3160,-1.3055,15,0
huang2024,46,5,the,1.9682,2.9243,-0.9561,15,0
huang2024,46,6,lamb,9.9366,11.4641,-1.5276,15,0
huang2024,46,7,remained,13.3250,10.0850,3.2400,15,0
huang2024,46,8,relatively,7.3178,9.9934,-2.6756,15,0
huang2024,46,9,calm,2.1476,10.2688,-8.1211,15,0
huang2024,46,10,despite,5.4092,9.2103,-3.8012,15,0
huang2024,46,11,the,1.2260,2.9243,-1.6983,15,0
huang2024,46,12,sudden,6.2943,10.5926,-4.2984,15,0
huang2024,46,13,assault,5.6593,10.5013,-4.8420,15,0
huang2024,46,14,.,1.7765,2.3026,-0.5261,15,0
huang2024,46,15,<eos>,5.6248,2.3026,3.3222,15,0
huang2024,47,0,The,3.9745,2.9243,1.0501,15,0
huang2024,47,1,little,9.2818,7.4840,1.7978,15,0
huang2024,47,2,girl,4.2058,8.3349,-4.1291,15,0
huang2024,47,3,fed,10.4775,10.3374,0.1401,15,0
huang2024,47,4,the,2.5104,2.9243,-0.4140,15,0
huang2024,47,5,lamb,6.7591,11.4641,-4.7050,15,0
huang2024,47,6,remained,11.6450,10.0850,1.5600,15,0
huang2024,47,7,relatively,6.2149,9.9934,-3.7785,15,0
huang2024,47,8,calm,3.0815,10.2688,-7.1873,15,0
huang2024,47,9,despite,4.6549,9.2103,-4.5555,15,0
huang2024,47,10,having,3.4115,7.8519,-4.4404,15,0
huang2024,47,11,asked,7.8533,8.5172,-0.6639,15,0
huang2024,47,12,for,1.9420,4.5854,-2.6433,15,0
huang2024,47,13,beef,8.6451,10.8451,-2.2000,15,0
huang2024,47,14,.,1.8108,2.3026,-0.4918,15,0
huang2024,47,15,<eos>,5.5194,2.3026,3.2168,15,0
huang2024,48,0,The,3.9738,2.9243,1.0495,13,0
huang2024,48,1,yoga,12.5296,11.0555,1.4741,13,0
huang2024,48,2,instructor,4.8468,11.4641,-6.6173,13,0
huang2024,48,3,demonstrated,8.5257,11.0061,-2.4804,13,0
huang2024,48,4,the,2.3357,2.9243,-0.5887,13,0
huang2024,48,5,position,8.5387,8.7279,-0.1892,13,0
huang2024,48,6,demanded,12.6642,11.2353,1.4289,13,0
huang2024,48,7,immense,9.2473,11.7887,-2.5414,13,0
huang2024,48,8,physical,5.5568,9.3485,-3.7917,13,0
huang2024,48,9,effort,3.6828,9.3943,-5.7115,13,0
huang2024,48,10,from,3.1195,5.4561,-2.3366,13,0
huang2024,48,11,everyone,6.2602,8.1285,-1.8683,13,0
huang2024,48,12,.,1.7159,2.3026,-0.5866,13,0
huang2024,48,13,<eos>,5.3733,2.3026,3.0707,13,0
huang2024,49,0,Before,8.2526,7.0691,1.1835,14,0
huang2024,49,1,the,2.2404,2.9243,-0.6839,14,0
huang2024,49,2,yoga,11.2735,11.0555,0.2180,14,0
huang2024,49,3,instructor,4.9956,11.4641,-6.4685,14,0
huang2024,49,4,left,4.9360,7.7824,-2.8464,14,0
huang2024,49,5,the,1.4973,2.9243,-1.4270,14,0
huang2024,49,6,position,7.9620,8.7279,-0.7659,14,0
huang2024,49,7,demanded,11.8682,11.2353,0.6329,14,0
huang2024,49,8,immense,10.1790,11.7887,-1.6097,14,0
huang2024,49,9,physical,6.6077,9.3485,-2.7407,14,0
huang2024,49,10,effort,4.0072,9.3943,-5.3871,14,0
huang2024,49,11,from,3.2871,5.4561,-2.1691,14,0
huang2024,49,12,everyone,5.6619,8.1285,-2.4666,14,0
huang2024,49,13,.,1.7240,2.3026,-0.5786,14,0
huang2024,49,14,<eos>,6.6446,2.3026,4.3420,14,0
huang2024,50,0,The,3.9738,2.9243,1.0495,13,0
huang2024,50,1,yoga,12.5296,11.0555,1.4741,13,0
huang2024,50,2,instructor,4.8468,11.4641,-6.6173,13,0
huang2024,50,3,offered,7.1332,9.5333,-2.4001,13,0
huang2024,50,4,the,2.3547,2.9243,-0.5696,13,0
huang2024,50,5,position,7.0951,8.7279,-1.6328,13,0
huang2024,50,6,demanded,12.2817,11.2353,1.0464,13,0
huang2024,50,7,immense,9.3307,11.7887,-2.4579,13,0
huang2024,50,8,physical,6.0333,9.3485,-3.3151,13,0
huang2024,50,9,effort,3.8248,9.3943,-5.5695,13,0
huang2024,50,10,from,3.3267,5.4561,-2.1294,13,0
huang2024,50,11,everyone,5.9662,8.1285,-2.1623,13,0
huang2024,50,12,.,1.5060,2.3026,-0.7965,13,0
huang2024,50,13,<eos>,6.0862,2.3026,3.7837,13,0
huang2024,51,0,The,3.9738,2.9243,1.0495,13,0
huang2024,51,1,governor,9.4372,9.8778,-0.4406,13,0
huang2024,51,2,noticed,10.0826,10.0613,0.0213,13,0
huang2024,51,3,the,2.3270,2.9243,-0.5973,13,0
huang2024,51,4,contract,10.2398,9.3485,0.8913,13,0
huang2024,51,5,received,8.5866,8.8388,-0.2522,13,0
huang2024,51,6,sweeping,12.5573,11.9958,0.5615,13,0
huang2024,51,7,support,4.7590,7.9895,-3.2306,13,0
huang2024,51,8,across,6.4331,8.6337,-2.2007,13,0
huang2024,51,9,the,0.5618,2.9243,-2.3625,13,0
huang2024,51,10,entire,4.4694,9.0033,-4.5340,13,0
huang2024,51,11,state,3.3034,7.4136,-4.1102,13,0
huang2024,51,12,.,1.2500,2.3026,-1.0526,13,0
huang2024,51,13,<eos>,5.4991,2.3026,3.1965,13,0
huang2024,52,0,While,7.2209,7.2307,-0.0098,16,0
huang2024,52,1,the,1.7675,2.9243,-1.1568,16,0
huang2024,52,2,governor,8.5252,9.8778,-1.3526,16,0
huang2024,52,3,read,9.2893,7.9662,1.3231,16,0
huang2024,52,4,the,1.1392,2.9243,-1.7852,16,0
huang2024,52,5,contract,7.6932,9.3485,-1.6552,16,0
huang2024,52,6,received,10.7063,8.8388,1.8676,16,0
huang2024,52,7,sweeping,11.5443,11.9958,-0.4515,16,0
huang2024,52,8,support,4.6809,7.9895,-3.3086,16,0
huang2024,52,9,from,0.6394,5.4561,-4.8167,16,0
huang2024,52,10,the,1.0105,2.9243,-1.9138,16,0
huang2024,52,11,audience,7.4726,9.8321,-2.3595,16,0
huang2024,52,12,at,3.6581,5.2963,-1.6382,16,0
huang2024,52,13,the,0.8595,2.9243,-2.0648,16,0
huang2024,52,14,rally,7.3471,10.7290,-3.3819,16,0
huang2024,52,15,.,3.2484,2.3026,0.9458,16,0
huang2024,52,16,<eos>,6.1497,2.3026,3.8472,16,0
huang2024,53,0,The,3.9738,2.9243,1.0495,13,0
huang2024,53,1,governor,9.4372,9.8778,-0.4406,13,0
huang2024,53,2,awarded,8.5291,10.7064,-2.1774,13,0
huang2024,53,3,the,1.4256,2.9243,-1.4988,13,0
huang2024,53,4,contract,6.3705,9.3485,-2.9779,13,0
huang2024,53,5,received,10.9351,8.8388,2.0963,13,0
huang2024,53,6,sweeping,12.4549,11.9958,0.4591,13,0
huang2024,53,7,support,3.7955,7.9895,-4.1941,13,0
huang2024,53,8,across,6.7482,8.6337,-1.8855,13,0
huang2024,53,9,the,0.6276,2.9243,-2.2968,13,0
huang2024,53,10,entire,4.7422,9.0033,-4.2611,13,0
huang2024,53,11,state,2.9633,7.4136,-4.4503,13,0
huang2024,53,12,.,1.4281,2.3026,-0.8745,13,0
huang2024,53,13,<eos>,5.3798,2.3026,3.0773,13,0
huang2024,54,0,The,3.9738,2.9243,1.0495,13,0
huang2024,54,1,patient,8.2915,9.7397,-1.4482,13,0
huang2024,54,2,reported,5.7156,9.2103,-3.4948,13,0
huang2024,54,3,the,3.7366,2.9243,0.8123,13,0
huang2024,54,4,treatment,5.8847,9.1905,-3.3058,13,0
huang2024,54,5,continued,10.7869,9.3025,1.4844,13,0
huang2024,54,6,causing,10.4193,10.2921,0.1272,13,0
huang2024,54,7,uncomfortable,9.3812,11.0747,-1.6934,13,0
huang2024,54,8,side,5.9738,8.0598,-2.0859,13,0
huang2024,54,9,effects,0.6495,9.4639,-8.8144,13,0
huang2024,54,10,like,4.7321,5.9638,-1.2318,13,0
huang2024,54,11,nausea,3.5516,12.5714,-9.0197,13,0
huang2024,54,12,.,3.6522,2.3026,1.3496,13,0
huang2024,54,13,<eos>,4.2561,2.3026,1.9535,13,0
huang2024,55,0,Before,8.2526,7.0691,1.1835,14,0
huang2024,55,1,the,2.2404,2.9243,-0.6839,14,0
huang2024,55,2,patient,9.4589,9.7397,-0.2807,14,0
huang2024,55,3,called,9.7009,7.8519,1.8489,14,0
huang2024,55,4,the,2.7419,2.9243,-0.1824,14,0
huang2024,55,5,treatment,6.5423,9.1905,-2.6482,14,0
huang2024,55,6,continued,9.6792,9.3025,0.3768,14,0
huang2024,55,7,causing,9.7381,10.2921,-0.5540,14,0
huang2024,55,8,uncomfortable,8.2675,11.0747,-2.8072,14,0
huang2024,55,9,side,6.7684,8.0598,-1.2914,14,0
huang2024,55,10,effects,0.6744,9.4639,-8.7895,14,0
huang2024,55,11,like,4.2393,5.9638,-1.7245,14,0
huang2024,55,12,nausea,3.7137,12.5714,-8.8577,14,0
huang2024,55,13,.,3.5946,2.3026,1.2920,14,0
huang2024,55,14,<eos>,4.8244,2.3026,2.5218,14,0
huang2024,56,0,The,3.9738,2.9243,1.0495,13,0
huang2024,56,1,patient,8.2915,9.7397,-1.4482,13,0
huang2024,56,2,refused,8.0448,10.2688,-2.2240,13,0
huang2024,56,3,the,2.9689,2.9243,0.0446,13,0
huang2024,56,4,treatment,4.3603,9.1905,-4.8302,13,0
huang2024,56,5,continued,9.5976,9.3025,0.2951,13,0
huang2024,56,6,causing,10.1073,10.2921,-0.1848,13,0
huang2024,56,7,uncomfortable,8.3721,11.0747,-2.7025,13,0
huang2024,56,8,scenes,9.8203,10.1779,-0.3576,13,0
huang2024,56,9,in,1.6989,3.9846,-2.2857,13,0
huang2024,56,10,the,0.8378,2.9243,-2.0866,13,0
huang2024,56,11,ER,8.5678,10.9590,-2.3912,13,0
huang2024,56,12,.,2.1408,2.3026,-0.1618,13,0
huang2024,56,13,<eos>,4.1471,2.3026,1.8445,13,0
huang2024,57,0,The,3.9738,2.9243,1.0495,13,0
huang2024,57,1,operator,9.9154,10.7758,-0.8604,13,0
huang2024,57,2,observed,9.6521,10.6168,-0.9647,13,0
huang2024,57,3,the,2.0225,2.9243,-0.9019,13,0
huang2024,57,4,machine,8.5129,9.4410,-0.9281,13,0
huang2024,57,5,started,10.3237,8.3143,2.0094,13,0
huang2024,57,6,working,3.9061,8.1736,-4.2675,13,0
huang2024,57,7,efficiently,7.0848,11.9958,-4.9110,13,0
huang2024,57,8,all,6.4683,5.7108,0.7575,13,0
huang2024,57,9,of,2.1676,3.6849,-1.5173,13,0
huang2024,57,10,a,2.8267,3.7766,-0.9499,13,0
huang2024,57,11,sudden,2.9312,10.5926,-7.6614,13,0
huang2024,57,12,.,1.6985,2.3026,-0.6041,13,0
huang2024,57,13,<eos>,5.4348,2.3026,3.1322,13,0
huang2024,58,0,Once,7.9339,7.9895,-0.0556,13,0
huang2024,58,1,the,2.2956,2.9243,-0.6288,13,0
huang2024,58,2,operator,8.7167,10.7758,-2.0590,13,0
huang2024,58,3,stopped,7.7927,9.5785,-1.7858,13,0
huang2024,58,4,the,2.2112,2.9243,-0.7132,13,0
huang2024,58,5,machine,4.8502,9.4410,-4.5908,13,0
huang2024,58,6,started,9.6614,8.3143,1.3472,13,0
huang2024,58,7,working,3.4059,8.1736,-4.7677,13,0
huang2024,58,8,efficiently,7.4347,11.9958,-4.5611,13,0
huang2024,58,9,without,4.5784,7.6211,-3.0427,13,0
huang2024,58,10,any,2.2822,6.7508,-4.4685,13,0
huang2024,58,11,supervision,7.9841,11.6510,-3.6669,13,0
huang2024,58,12,.,1.8656,2.3026,-0.4370,13,0
huang2024,58,13,<eos>,5.7309,2.3026,3.4284,13,0
huang2024,59,0,The,3.9738,2.9243,1.0495,13,0
huang2024,59,1,operator,9.9154,10.7758,-0.8604,13,0
huang2024,59,2,brought,10.1465,8.8388,1.3077,13,0
huang2024,59,3,the,1.9801,2.9243,-0.9443,13,0
huang2024,59,4,machine,7.4811,9.4410,-1.9599,13,0
huang2024,59,5,started,10.6580,8.3143,2.3438,13,0
huang2024,59,6,working,3.6409,8.1736,-4.5327,13,0
huang2024,59,7,efficiently,7.5369,11.9958,-4.4589,13,0
huang2024,59,8,with,2.0431,4.9505,-2.9074,13,0
huang2024,59,9,the,1.3860,2.9243,-1.5383,13,0
huang2024,59,10,added,7.5064,8.8388,-1.3324,13,0
huang2024,59,11,automation,6.6723,11.9734,-5.3011,13,0
huang2024,59,12,.,1.9560,2.3026,-0.3466,13,0
huang2024,59,13,<eos>,5.2668,2.3026,2.9642,13,0
huang2024,60,0,The,3.9734,2.9243,1.0490,14,0
huang2024,60,1,dancer,12.5384,11.5362,1.0022,14,0
huang2024,60,2,knew,7.9249,8.7529,-0.8281,14,0
huang2024,60,3,the,2.4000,2.9243,-0.5244,14,0
huang2024,60,4,ballet,7.5115,11.6283,-4.1169,14,0
huang2024,60,5,achieved,11.3665,10.3848,0.9818,14,0
huang2024,60,6,incredible,6.8012,10.0613,-3.2601,14,0
huang2024,60,7,success,1.8130,9.0706,-7.2576,14,0
huang2024,60,8,for,3.7693,4.5854,-0.8161,14,0
huang2024,60,9,a,3.2589,3.7766,-0.5177,14,0
huang2024,60,10,small,5.5569,8.0348,-2.4779,14,0
huang2024,60,11,local,6.6840,8.2208,-1.5368,14,0
huang2024,60,12,production,6.2575,8.8883,-2.6307,14,0
huang2024,60,13,.,1.4459,2.3026,-0.8567,14,0
huang2024,60,14,<eos>,5.0340,2.3026,2.7314,14,0
huang2024,61,0,Once,7.9343,7.9895,-0.0552,17,0
huang2024,61,1,the,2.2953,2.9243,-0.6290,17,0
huang2024,61,2,dancer,11.6067,11.5362,0.0705,17,0
huang2024,61,3,began,6.4135,9.0533,-2.6398,17,0
huang2024,61,4,the,3.8035,2.9243,0.8791,17,0
huang2024,61,5,ballet,6.0592,11.6283,-5.5691,17,0
huang2024,61,6,achieved,13.9520,10.3848,3.5672,17,0
huang2024,61,7,incredible,7.2915,10.0613,-2.7698,17,0
huang2024,61,8,success,1.3785,9.0706,-7.6921,17,0
huang2024,61,9,for,4.1417,4.5854,-0.4437,17,0
huang2024,61,10,a,3.4659,3.7766,-0.3107,17,0
huang2024,61,11,show,5.0230,7.6438,-2.6208,17,0
huang2024,61,12,with,4.2324,4.9505,-0.7181,17,0
huang2024,61,13,a,2.1896,3.7766,-1.5870,17,0
huang2024,61,14,new,3.3566,6.3311,-2.9745,17,0
huang2024,61,15,performer,7.2997,11.9734,-4.6736,17,0
huang2024,61,16,.,1.3154,2.3026,-0.9872,17,0
huang2024,61,17,<eos>,5.3468,2.3026,3.0442,17,0
huang2024,62,0,The,3.9738,2.9243,1.0495,13,0
huang2024,62,1,dancer,12.5383,11.5362,1.0021,13,0
huang2024,62,2,assigned,8.4763,10.6168,-2.1405,13,0
huang2024,62,3,the,3.0524,2.9243,0.1281,13,0
huang2024,62,4,ballet,7.0613,11.6283,-4.5670,13,0
huang2024,62,5,achieved,13.3288,10.3848,2.9440,13,0
huang2024,62,6,incredible,6.9226,10.0613,-3.1387,13,0
huang2024,62,7,success,2.0859,9.0706,-6.9847,13,0
huang2024,62,8,for,3.6290,4.5854,-0.9564,13,0
huang2024,62,9,a,3.2291,3.7766,-0.5475,13,0
huang2024,62,10,new,3.7862,6.3311,-2.5449,13,0
huang2024,62,11,performer,7.1930,11.9734,-4.7804,13,0
huang2024,62,12,.,1.5173,2.3026,-0.7853,13,0
huang2024,62,13,<eos>,4.9827,2.3026,2.6801,13,0
huang2024,63,0,The,3.9745,2.9243,1.0501,16,0
huang2024,63,1,contestant,12.6676,12.7103,-0.0426,16,0
huang2024,63,2,revealed,7.8290,10.0155,-2.1865,16,0
huang2024,63,3,the,2.0116,2.9243,-0.9128,16,0
huang2024,63,4,money,8.8441,7.7356,1.1086,16,0
huang2024,63,5,became,10.4291,8.8668,1.5623,16,0
huang2024,63,6,unavailable,7.3179,12.3639,-5.0459,16,0
huang2024,63,7,to,1.9770,3.6156,-1.6386,16,0
huang2024,63,8,him,4.9340,6.6531,-1.7191,16,0
huang2024,63,9,when,3.9255,6.0576,-2.1321,16,0
huang2024,63,10,the,2.3786,2.9243,-0.5457,16,0
huang2024,63,11,show,4.4040,7.6438,-3.2398,16,0
huang2024,63,12,'s,3.9272,2.3026,1.6246,16,0
huang2024,63,13,budget,7.8404,9.6243,-1.7839,16,0
huang2024,63,14,shrank,7.0695,14.0462,-6.9767,16,0
huang2024,63,15,.,0.9865,2.3026,-1.3161,16,0
huang2024,63,16,<eos>,4.5747,2.3026,2.2721,16,0
huang2024,64,0,After,6.4088,6.6531,-0.2443,17,0
huang2024,64,1,the,2.6594,2.9243,-0.2649,17,0
huang2024,64,2,contestant,13.5140,12.7103,0.8037,17,0
huang2024,64,3,lost,6.1714,8.3143,-2.1429,17,0
huang2024,64,4,the,1.5803,2.9243,-1.3441,17,0
huang2024,64,5,money,7.5097,7.7356,-0.2259,17,0
huang2024,64,6,became,11.2133,8.8668,2.3465,17,0
huang2024,64,7,unavailable,7.6784,12.3639,-4.6855,17,0
huang2024,64,8,despite,7.5579,9.2103,-1.6524,17,0
huang2024,64,9,his,3.3215,5.7322,-2.4107,17,0
huang2024,64,10,previous,5.1283,9.2103,-4.0820,17,0
huang2024,64,11,three,6.8557,7.4136,-0.5579,17,0
huang2024,64,12,wins,3.7250,9.9015,-6.1765,17,0
huang2024,64,13,in,2.8465,3.9846,-1.1381,17,0
huang2024,64,14,a,1.9820,3.7766,-1.7946,17,0
huang2024,64,15,row,0.9529,10.1316,-9.1788,17,0
huang2024,64,16,.,1.6012,2.3026,-0.7013,17,0
huang2024,64,17,<eos>,4.7149,2.3026,2.4123,17,0
huang2024,65,0,The,3.9734,2.9243,1.0490,13,0
huang2024,65,1,contestant,12.6679,12.7103,-0.0424,13,0
huang2024,65,2,paid,9.1383,8.9327,0.2056,13,0
huang2024,65,3,the,2.2911,2.9243,-0.6332,13,0
huang2024,65,4,money,5.5673,7.7356,-2.1683,13,0
huang2024,65,5,became,12.5269,8.8668,3.6602,13,0
huang2024,65,6,unavailable,8.3007,12.3639,-4.0632,13,0
huang2024,65,7,and,3.7475,3.6613,0.0862,13,0
huang2024,65,8,suddenly,6.9636,9.9237,-2.9601,13,0
huang2024,65,9,terminated,8.8517,12.0892,-3.2375,13,0
huang2024,65,10,his,1.7111,5.7322,-4.0211,13,0
huang2024,65,11,contract,1.5911,9.3485,-7.7574,13,0
huang2024,65,12,.,1.7055,2.3026,-0.5971,13,0
huang2024,65,13,<eos>,5.0395,2.3026,2.7369,13,0
huang2024,66,0,The,3.9734,2.9243,1.0490,13,0
huang2024,66,1,new,5.7408,6.3311,-0.5903,13,0
huang2024,66,2,chef,11.2698,10.9823,0.2875,13,0
huang2024,66,3,claimed,10.1541,10.0382,0.1159,13,0
huang2024,66,4,the,2.3338,2.9243,-0.5906,13,0
huang2024,66,5,restaurant,5.4409,9.9464,-4.5055,13,0
huang2024,66,6,separated,12.6918,10.8198,1.8720,13,0
huang2024,66,7,mediocre,12.2806,12.6186,-0.3380,13,0
huang2024,66,8,cooks,8.5200,12.3181,-3.7981,13,0
huang2024,66,9,from,0.6218,5.4561,-4.8343,13,0
huang2024,66,10,gifted,11.0749,11.7665,-0.6917,13,0
huang2024,66,11,ones,6.2758,9.0533,-2.7775,13,0
huang2024,66,12,.,1.6382,2.3026,-0.6644,13,0
huang2024,66,13,<eos>,5.0807,2.3026,2.7781,13,0
huang2024,67,0,Once,7.9343,7.9895,-0.0552,14,0
huang2024,67,1,the,2.2953,2.9243,-0.6290,14,0
huang2024,67,2,new,5.3715,6.3311,-0.9597,14,0
huang2024,67,3,chef,10.3453,10.9823,-0.6370,14,0
huang2024,67,4,started,5.4975,8.3143,-2.8167,14,0
huang2024,67,5,the,3.1143,2.9243,0.1899,14,0
huang2024,67,6,restaurant,4.8881,9.9464,-5.0583,14,0
huang2024,67,7,separated,13.3709,10.8198,2.5511,14,0
huang2024,67,8,mediocre,13.1378,12.6186,0.5192,14,0
huang2024,67,9,cooks,7.3686,12.3181,-4.9495,14,0
huang2024,67,10,from,0.8368,5.4561,-4.6193,14,0
huang2024,67,11,gifted,11.8391,11.7665,0.0726,14,0
huang2024,67,12,ones,6.4680,9.0533,-2.5853,14,0
huang2024,67,13,.,2.2694,2.3026,-0.0332,14,0
huang2024,67,14,<eos>,5.7417,2.3026,3.4391,14,0
huang2024,68,0,The,3.9734,2.9243,1.0490,13,0
huang2024,68,1,new,5.7408,6.3311,-0.5903,13,0
huang2024,68,2,chef,11.2698,10.9823,0.2875,13,0
huang2024,68,3,offered,7.4319,9.5333,-2.1014,13,0
huang2024,68,4,the,2.2775,2.9243,-0.6469,13,0
huang2024,68,5,restaurant,7.0411,9.9464,-2.9052,13,0
huang2024,68,6,separated,14.2005,10.8198,3.3808,13,0
huang2024,68,7,mediocre,12.3843,12.6186,-0.2342,13,0
huang2024,68,8,cooks,8.0177,12.3181,-4.3004,13,0
huang2024,68,9,from,0.9755,5.4561,-4.4806,13,0
huang2024,68,10,gifted,11.0315,11.7665,-0.7351,13,0
huang2024,68,11,ones,6.2654,9.0533,-2.7879,13,0
huang2024,68,12,.,1.8058,2.3026,-0.4968,13,0
huang2024,68,13,<eos>,5.2319,2.3026,2.9293,13,0
huang2024,69,0,The,3.9745,2.9243,1.0501,15,0
huang2024,69,1,apprentice,13.4590,12.2041,1.2549,15,0
huang2024,69,2,baker,10.6936,10.9823,-0.2887,15,0
huang2024,69,3,discovered,7.7522,9.8082,-2.0560,15,0
huang2024,69,4,the,1.9498,2.9243,-0.9746,15,0
huang2024,69,5,oven,10.2219,11.3996,-1.1777,15,0
huang2024,69,6,produced,9.3308,9.5101,-0.1793,15,0
huang2024,69,7,smaller,10.7470,9.6708,1.0762,15,0
huang2024,69,8,cakes,5.3774,11.8582,-6.4809,15,0
huang2024,69,9,because,5.7518,6.8401,-1.0883,15,0
huang2024,69,10,it,2.1474,4.7206,-2.5732,15,0
huang2024,69,11,heated,6.7906,11.3059,-4.5154,15,0
huang2024,69,12,too,6.0010,7.0232,-1.0222,15,0
huang2024,69,13,fast,1.5246,8.9102,-7.3856,15,0
huang2024,69,14,.,1.1764,2.3026,-1.1262,15,0
huang2024,69,15,<eos>,4.3918,2.3026,2.0892,15,0
huang2024,70,0,When,5.5059,6.0576,-0.5517,15,0
huang2024,70,1,the,2.5304,2.9243,-0.3939,15,0
huang2024,70,2,apprentice,11.7824,12.2041,-0.4217,15,0
huang2024,70,3,baker,10.8468,10.9823,-0.1355,15,0
huang2024,70,4,worked,7.0047,8.8388,-1.8341,15,0
huang2024,70,5,the,4.3483,2.9243,1.4240,15,0
huang2024,70,6,oven,7.6650,11.3996,-3.7346,15,0
huang2024,70,7,produced,9.6547,9.5101,0.1446,15,0
huang2024,70,8,smaller,9.0225,9.6708,-0.6483,15,0
huang2024,70,9,cakes,4.8974,11.8582,-6.9608,15,0
huang2024,70,10,because,5.5399,6.8401,-1.3002,15,0
huang2024,70,11,he,2.6715,5.3185,-2.6471,15,0
huang2024,70,12,lacked,6.6266,11.9734,-5.3467,15,0
huang2024,70,13,experience,7.2741,8.5898,-1.3157,15,0
huang2024,70,14,.,2.8407,2.3026,0.5382,15,0
huang2024,70,15,<eos>,4.9080,2.3026,2.6055,15,0
huang2024,71,0,The,3.9745,2.9243,1.0501,14,0
huang2024,71,1,apprentice,13.4590,12.2041,1.2549,14,0
huang2024,71,2,baker,10.6936,10.9823,-0.2887,14,0
huang2024,71,3,assigned,8.8862,10.6168,-1.7306,14,0
huang2024,71,4,the,2.8697,2.9243,-0.0546,14,0
huang2024,71,5,oven,8.6256,11.3996,-2.7740,14,0
huang2024,71,6,produced,10.7700,9.5101,1.2599,14,0
huang2024,71,7,smaller,10.1784,9.6708,0.5076,14,0
huang2024,71,8,cakes,5.3438,11.8582,-6.5145,14,0
huang2024,71,9,because,5.8754,6.8401,-0.9647,14,0
huang2024,71,10,he,2.6601,5.3185,-2.6584,14,0
huang2024,71,11,lacked,6.5759,11.9734,-5.3975,14,0
huang2024,71,12,experience,7.4320,8.5898,-1.1578,14,0
huang2024,71,13,.,3.1354,2.3026,0.8328,14,0
huang2024,71,14,<eos>,4.6539,2.3026,2.3513,14,0
huang2024,72,0,The,3.9734,2.9243,1.0490,14,0
huang2024,72,1,suspect,10.5267,10.3374,0.1894,14,0
huang2024,72,2,showed,7.5540,9.5333,-1.9793,14,0
huang2024,72,3,that,1.9531,4.5854,-2.6323,14,0
huang2024,72,4,the,1.7418,2.9243,-1.1825,14,0
huang2024,72,5,file,7.7592,9.7866,-2.0274,14,0
huang2024,72,6,deserved,12.6875,11.1908,1.4966,14,0
huang2024,72,7,further,7.5903,8.4974,-0.9071,14,0
huang2024,72,8,investigation,1.6338,9.7866,-8.1528,14,0
huang2024,72,9,during,6.5389,7.5521,-1.0132,14,0
huang2024,72,10,the,1.0931,2.9243,-1.8312,14,0
huang2024,72,11,murder,5.6268,9.5333,-3.9065,14,0
huang2024,72,12,trial,2.0400,9.5101,-7.4701,14,0
huang2024,72,13,.,1.1090,2.3026,-1.1936,14,0
huang2024,72,14,<eos>,4.0003,2.3026,1.6977,14,0
huang2024,73,0,Because,7.4904,6.8401,0.6503,15,0
huang2024,73,1,the,2.4508,2.9243,-0.4736,15,0
huang2024,73,2,suspect,10.8972,10.3374,0.5598,15,0
huang2024,73,3,changed,8.5902,9.0533,-0.4631,15,0
huang2024,73,4,",",3.8810,2.3026,1.5784,15,0
huang2024,73,5,the,1.8532,2.9243,-1.0712,15,0
huang2024,73,6,file,7.3425,9.7866,-2.4441,15,0
huang2024,73,7,deserved,13.0430,11.1908,1.8522,15,0
huang2024,73,8,further,7.1019,8.4974,-1.3955,15,0
huang2024,73,9,investigation,1.9088,9.7866,-7.8778,15,0
huang2024,73,10,during,6.7606,7.5521,-0.7915,15,0
huang2024,73,11,the,0.8411,2.9243,-2.0833,15,0
huang2024,73,12,jury,7.0240,10.3848,-3.3608,15,0
huang2024,73,13,discussions,9.7310,10.8658,-1.1348,15,0
huang2024,73,14,.,0.7182,2.3026,-1.5844,15,0
huang2024,73,15,<eos>,4.4245,2.3026,2.1219,15,0
huang2024,74,0,The,3.9745,2.9243,1.0501,15,0
huang2024,74,1,suspect,10.5270,10.3374,0.1896,15,0
huang2024,74,2,who,4.1772,6.1239,-1.9466,15,0
huang2024,74,3,was,2.1330,5.0192,-2.8862,15,0
huang2024,74,4,sent,5.7877,8.8388,-3.0510,15,0
huang2024,74,5,the,4.8101,2.9243,1.8858,15,0
huang2024,74,6,file,6.8342,9.7866,-2.9524,15,0
huang2024,74,7,deserved,11.8096,11.1908,0.6187,15,0
huang2024,74,8,further,8.7270,8.4974,0.2296,15,0
huang2024,74,9,investigation,1.9716,9.7866,-7.8150,15,0
huang2024,74,10,given,9.4407,8.2664,1.1742,15,0
huang2024,74,11,the,0.9096,2.9243,-2.0148,15,0
huang2024,74,12,new,5.3560,6.3311,-0.9752,15,0
huang2024,74,13,evidence,3.8217,8.8883,-5.0665,15,0
huang2024,74,14,.,1.6329,2.3026,-0.6697,15,0
huang2024,74,15,<eos>,4.1427,2.3026,1.8401,15,0
huang2024,75,0,The,3.9745,2.9243,1.0501,14,0
huang2024,75,1,corrupt,11.3393,11.1908,0.1485,14,0
huang2024,75,2,politician,5.9632,11.1414,-5.1782,14,0
huang2024,75,3,mentioned,7.2521,9.6019,-2.3498,14,0
huang2024,75,4,that,2.3465,4.5854,-2.2389,14,0
huang2024,75,5,the,1.6707,2.9243,-1.2536,14,0
huang2024,75,6,bill,7.0398,8.8668,-1.8269,14,0
huang2024,75,7,received,7.3841,8.8388,-1.4546,14,0
huang2024,75,8,unwelcome,12.5359,13.4934,-0.9575,14,0
huang2024,75,9,attention,0.4087,8.9557,-8.5470,14,0
huang2024,75,10,from,1.8803,5.4561,-3.5759,14,0
huang2024,75,11,southern,10.0297,9.5785,0.4512,14,0
huang2024,75,12,voters,5.2865,10.4551,-5.1687,14,0
huang2024,75,13,.,2.0085,2.3026,-0.2941,14,0
huang2024,75,14,<eos>,6.2311,2.3026,3.9285,14,0
huang2024,76,0,After,6.4088,6.6531,-0.2443,15,0
huang2024,76,1,the,2.6594,2.9243,-0.2649,15,0
huang2024,76,2,corrupt,10.7657,11.1908,-0.4251,15,0
huang2024,76,3,politician,5.6147,11.1414,-5.5267,15,0
huang2024,76,4,signed,8.0151,9.5557,-1.5405,15,0
huang2024,76,5,",",4.8670,2.3026,2.5644,15,0
huang2024,76,6,the,1.4949,2.9243,-1.4294,15,0
huang2024,76,7,bill,6.1631,8.8668,-2.7037,15,0
huang2024,76,8,received,7.2048,8.8388,-1.6340,15,0
huang2024,76,9,unwelcome,13.2046,13.4934,-0.2888,15,0
huang2024,76,10,attention,0.7153,8.9557,-8.2404,15,0
huang2024,76,11,from,1.9468,5.4561,-3.5093,15,0
huang2024,76,12,southern,10.3391,9.5785,0.7606,15,0
huang2024,76,13,voters,5.3260,10.4551,-5.1292,15,0
huang2024,76,14,.,1.8104,2.3026,-0.4921,15,0
huang2024,76,15,<eos>,6.2875,2.3026,3.9849,15,0
huang2024,77,0,The,3.9745,2.9243,1.0501,15,0
huang2024,77,1,corrupt,11.3393,11.1908,0.1485,15,0
huang2024,77,2,politician,5.9632,11.1414,-5.1782,15,0
huang2024,77,3,who,3.0083,6.1239,-3.1155,15,0
huang2024,77,4,was,3.1653,5.0192,-1.8539,15,0
huang2024,77,5,handed,7.2991,10.5459,-3.2469,15,0
huang2024,77,6,the,0.9968,2.9243,-1.9275,15,0
huang2024,77,7,bill,6.5360,8.8668,-2.3308,15,0
huang2024,77,8,received,8.6081,8.8388,-0.2307,15,0
huang2024,77,9,unwelcome,11.7611,13.4934,-1.7324,15,0
huang2024,77,10,attention,0.9315,8.9557,-8.0242,15,0
huang2024,77,11,from,2.0965,5.4561,-3.3597,15,0
huang2024,77,12,southern,10.1406,9.5785,0.5621,15,0
huang2024,77,13,voters,5.6839,10.4551,-4.7713,15,0
huang2024,77,14,.,1.9522,2.3026,-0.3504,15,0
huang2024,77,15,<eos>,6.1816,2.3026,3.8790,15,0
huang2024,78,0,The,3.9734,2.9243,1.0490,13,0
huang2024,78,1,woman,8.5272,8.4039,0.1233,13,0
huang2024,78,2,maintained,10.4291,10.6375,-0.2083,13,0
huang2024,78,3,that,3.8978,4.5854,-0.6876,13,0
huang2024,78,4,the,1.8201,2.9243,-1.1043,13,0
huang2024,78,5,mail,9.1617,9.8547,-0.6930,13,0
huang2024,78,6,disappeared,9.7950,10.9141,-1.1191,13,0
huang2024,78,7,mysteriously,8.3189,13.2167,-4.8977,13,0
huang2024,78,8,from,2.1800,5.4561,-3.2762,13,0
huang2024,78,9,her,1.5161,6.2146,-4.6985,13,0
huang2024,78,10,front,6.3859,8.5632,-2.1773,13,0
huang2024,78,11,porch,1.6607,11.8582,-10.1975,13,0
huang2024,78,12,.,1.8198,2.3026,-0.4828,13,0
huang2024,78,13,<eos>,5.5132,2.3026,3.2106,13,0
huang2024,79,0,After,6.4088,6.6531,-0.2443,14,0
huang2024,79,1,the,2.6594,2.9243,-0.2649,14,0
huang2024,79,2,woman,9.0592,8.4039,0.6553,14,0
huang2024,79,3,moved,7.7272,9.1905,-1.4634,14,0
huang2024,79,4,",",4.6954,2.3026,2.3928,14,0
huang2024,79,5,the,1.8928,2.9243,-1.0315,14,0
huang2024,79,6,mail,8.1071,9.8547,-1.7476,14,0
huang2024,79,7,disappeared,7.5096,10.9141,-3.4045,14,0
huang2024,79,8,mysteriously,9.5388,13.2167,-3.6779,14,0
huang2024,79,9,from,2.9144,5.4561,-2.5418,14,0
huang2024,79,10,the,0.6852,2.9243,-2.2391,14,0
huang2024,79,11,delivery,7.8372,10.1545,-2.3173,14,0
huang2024,79,12,system,3.1393,7.9211,-4.7818,14,0
huang2024,79,13,.,1.1305,2.3026,-1.1721,14,0
huang2024,79,14,<eos>,4.8585,2.3026,2.5559,14,0
huang2024,80,0,The,3.9745,2.9243,1.0501,17,0
huang2024,80,1,woman,8.5272,8.4039,0.1233,17,0
huang2024,80,2,who,2.2356,6.1239,-3.8883,17,0
huang2024,80,3,was,2.7237,5.0192,-2.2955,17,0
huang2024,80,4,brought,5.5574,8.8388,-3.2813,17,0
huang2024,80,5,the,7.1092,2.9243,4.1848,17,0
huang2024,80,6,mail,9.0890,9.8547,-0.7657,17,0
huang2024,80,7,disappeared,13.8640,10.9141,2.9499,17,0
huang2024,80,8,mysteriously,8.9100,13.2167,-4.3066,17,0
huang2024,80,9,after,3.0168,6.6531,-3.6363,17,0
huang2024,80,10,reading,6.3236,8.8883,-2.5646,17,0
huang2024,80,11,the,1.1256,2.9243,-1.7988,17,0
huang2024,80,12,bad,8.4470,7.9895,0.4575,17,0
huang2024,80,13,news,0.4691,8.1987,-7.7297,17,0
huang2024,80,14,in,3.3488,3.9846,-0.6357,17,0
huang2024,80,15,it,6.3658,4.7206,1.6452,17,0
huang2024,80,16,.,0.9286,2.3026,-1.3740,17,0
huang2024,80,17,<eos>,4.8988,2.3026,2.5962,17,0
huang2024,81,0,The,3.9734,2.9243,1.0490,14,0
huang2024,81,1,boy,9.7213,8.8183,0.9030,14,0
huang2024,81,2,found,7.2568,7.6438,-0.3870,14,0
huang2024,81,3,that,3.1258,4.5854,-1.4596,14,0
huang2024,81,4,the,1.8431,2.9243,-1.0812,14,0
huang2024,81,5,chicken,8.8030,10.0613,-1.2583,14,0
huang2024,81,6,stayed,10.1013,10.2921,-0.1908,14,0
huang2024,81,7,surprisingly,8.5881,11.3059,-2.7178,14,0
huang2024,81,8,happy,4.3922,8.4039,-4.0116,14,0
huang2024,81,9,in,3.0178,3.9846,-0.9668,14,0
huang2024,81,10,the,1.0592,2.9243,-1.8651,14,0
huang2024,81,11,new,6.3166,6.3311,-0.0145,14,0
huang2024,81,12,barn,7.1116,11.5362,-4.4246,14,0
huang2024,81,13,.,1.5657,2.3026,-0.7369,14,0
huang2024,81,14,<eos>,5.3374,2.3026,3.0348,14,0
huang2024,82,0,Although,7.1752,8.5172,-1.3420,15,0
huang2024,82,1,the,1.6885,2.9243,-1.2359,15,0
huang2024,82,2,boy,9.2999,8.8183,0.4816,15,0
huang2024,82,3,attacked,9.3437,10.3160,-0.9722,15,0
huang2024,82,4,",",3.9697,2.3026,1.6671,15,0
huang2024,82,5,the,2.3301,2.9243,-0.5943,15,0
huang2024,82,6,chicken,9.2088,10.0613,-0.8525,15,0
huang2024,82,7,stayed,9.4835,10.2921,-0.8086,15,0
huang2024,82,8,surprisingly,9.3514,11.3059,-1.9545,15,0
huang2024,82,9,happy,4.6732,8.4039,-3.7307,15,0
huang2024,82,10,as,4.7083,5.1345,-0.4262,15,0
huang2024,82,11,if,5.8098,5.8260,-0.0161,15,0
huang2024,82,12,nothing,4.5327,7.9434,-3.4107,15,0
huang2024,82,13,happened,1.4438,8.7529,-7.3092,15,0
huang2024,82,14,.,0.6073,2.3026,-1.6953,15,0
huang2024,82,15,<eos>,4.8164,2.3026,2.5138,15,0
huang2024,83,0,The,3.9745,2.9243,1.0501,17,0
huang2024,83,1,boy,9.7213,8.8183,0.9030,17,0
huang2024,83,2,who,3.7223,6.1239,-2.4015,17,0
huang2024,83,3,was,2.1034,5.0192,-2.9158,17,0
huang2024,83,4,fed,8.1120,10.3374,-2.2253,17,0
huang2024,83,5,the,1.8758,2.9243,-1.0485,17,0
huang2024,83,6,chicken,5.9522,10.0613,-4.1091,17,0
huang2024,83,7,stayed,13.0617,10.2921,2.7696,17,0
huang2024,83,8,surprisingly,9.9334,11.3059,-1.3725,17,0
huang2024,83,9,happy,2.9001,8.4039,-5.5038,17,0
huang2024,83,10,despite,5.4407,9.2103,-3.7696,17,0
huang2024,83,11,having,2.8418,7.8519,-5.0102,17,0
huang2024,83,12,a,1.8095,3.7766,-1.9671,17,0
huang2024,83,13,mild,7.6732,11.2583,-3.5851,17,0
huang2024,83,14,allergic,4.3646,12.0188,-7.6542,17,0
huang2024,83,15,reaction,0.1071,9.8321,-9.7250,17,0
huang2024,83,16,.,1.3889,2.3026,-0.9137,17,0
huang2024,83,17,<eos>,4.4187,2.3026,2.1161,17,0
huang2024,84,0,The,3.9738,2.9243,1.0495,13,0
huang2024,84,1,new,5.7409,6.3311,-0.5902,13,0
huang2024,84,2,doctor,8.4956,9.4410,-0.9455,13,0
huang2024,84,3,demonstrated,9.6438,11.0061,-1.3623,13,0
huang2024,84,4,that,1.4604,4.5854,-3.1249,13,0
huang2024,84,5,the,1.8123,2.9243,-1.1121,13,0
huang2024,84,6,operation,7.6460,9.3943,-1.7483,13,0
huang2024,84,7,appeared,8.3143,9.6019,-1.2876,13,0
huang2024,84,8,increasingly,8.1184,10.6375,-2.5191,13,0
huang2024,84,9,likely,4.5926,8.7529,-4.1603,13,0
huang2024,84,10,to,0.4910,3.6156,-3.1246,13,0
huang2024,84,11,succeed,5.5525,10.8451,-5.2926,13,0
huang2024,84,12,.,2.5543,2.3026,0.2517,13,0
huang2024,84,13,<eos>,5.0525,2.3026,2.7499,13,0
huang2024,85,0,After,6.4077,6.6531,-0.2454,14,0
huang2024,85,1,the,2.6594,2.9243,-0.2649,14,0
huang2024,85,2,new,6.3439,6.3311,0.0128,14,0
huang2024,85,3,doctor,8.2944,9.4410,-1.1466,14,0
huang2024,85,4,left,6.4054,7.7824,-1.3770,14,0
huang2024,85,5,",",1.7168,2.3026,-0.5858,14,0
huang2024,85,6,the,2.0181,2.9243,-0.9062,14,0
huang2024,85,7,operation,7.6566,9.3943,-1.7376,14,0
huang2024,85,8,appeared,6.7238,9.6019,-2.8781,14,0
huang2024,85,9,increasingly,8.4056,10.6375,-2.2318,14,0
huang2024,85,10,likely,5.5187,8.7529,-3.2343,14,0
huang2024,85,11,to,1.2111,3.6156,-2.4045,14,0
huang2024,85,12,succeed,5.9365,10.8451,-4.9086,14,0
huang2024,85,13,.,0.8638,2.3026,-1.4388,14,0
huang2024,85,14,<eos>,5.6450,2.3026,3.3425,14,0
huang2024,86,0,The,3.9745,2.9243,1.0501,17,0
huang2024,86,1,new,5.7411,6.3311,-0.5901,17,0
huang2024,86,2,doctor,8.4955,9.4410,-0.9455,17,0
huang2024,86,3,who,4.5490,6.1239,-1.5749,17,0
huang2024,86,4,was,3.2120,5.0192,-1.8071,17,0
huang2024,86,5,offered,6.8756,9.5333,-2.6577,17,0
huang2024,86,6,the,1.6997,2.9243,-1.2246,17,0
huang2024,86,7,operation,9.1806,9.3943,-0.2137,17,0
huang2024,86,8,appeared,9.1069,9.6019,-0.4950,17,0
huang2024,86,9,increasingly,9.5970,10.6375,-1.0404,17,0
huang2024,86,10,likely,4.7445,8.7529,-4.0084,17,0
huang2024,86,11,to,0.1879,3.6156,-3.4277,17,0
huang2024,86,12,succeed,5.8290,10.8451,-5.0160,17,0
huang2024,86,13,in,1.2754,3.9846,-2.7092,17,0
huang2024,86,14,her,5.5875,6.2146,-0.6271,17,0
huang2024,86,15,career,2.5380,9.0533,-6.5154,17,0
huang2024,86,16,.,0.9767,2.3026,-1.3259,17,0
huang2024,86,17,<eos>,5.2185,2.3026,2.9159,17,0
huang2024,87,0,The,3.9734,2.9243,1.0490,13,0
huang2024,87,1,professor,9.8154,9.4410,0.3744,13,0
huang2024,87,2,noticed,7.3552,10.0613,-2.7061,13,0
huang2024,87,3,that,0.9099,4.5854,-3.6755,13,0
huang2024,87,4,the,1.5096,2.9243,-1.4147,13,0
huang2024,87,5,grant,10.7241,9.9696,0.7545,13,0
huang2024,87,6,gained,11.5532,10.3848,1.1685,13,0
huang2024,87,7,more,4.1115,6.0792,-1.9677,13,0
huang2024,87,8,attention,2.5787,8.9557,-6.3770,13,0
huang2024,87,9,from,2.5353,5.4561,-2.9209,13,0
huang2024,87,10,marine,11.6062,10.2921,1.3141,13,0
huang2024,87,11,biologists,3.6609,13.2616,-9.6008,13,0
huang2024,87,12,.,2.3401,2.3026,0.0375,13,0
huang2024,87,13,<eos>,5.7830,2.3026,3.4804,13,0
huang2024,88,0,After,6.4088,6.6531,-0.2443,16,0
huang2024,88,1,the,2.6594,2.9243,-0.2649,16,0
huang2024,88,2,professor,9.3349,9.4410,-0.1061,16,0
huang2024,88,3,read,6.1983,7.9662,-1.7679,16,0
huang2024,88,4,",",4.7921,2.3026,2.4895,16,0
huang2024,88,5,the,2.3586,2.9243,-0.5658,16,0
huang2024,88,6,grant,9.6936,9.9696,-0.2760,16,0
huang2024,88,7,gained,10.7616,10.3848,0.3769,16,0
huang2024,88,8,more,4.7755,6.0792,-1.3037,16,0
huang2024,88,9,attention,3.1795,8.9557,-5.7762,16,0
huang2024,88,10,due,5.1897,8.4039,-3.2142,16,0
huang2024,88,11,to,0.0447,3.6156,-3.5709,16,0
huang2024,88,12,her,5.2955,6.2146,-0.9191,16,0
huang2024,88,13,excellent,6.6534,9.8321,-3.1787,16,0
huang2024,88,14,description,7.4393,9.8321,-2.3928,16,0
huang2024,88,15,.,3.6857,2.3026,1.3831,16,0
huang2024,88,16,<eos>,4.9441,2.3026,2.6415,16,0
huang2024,89,0,The,3.9745,2.9243,1.0501,14,0
huang2024,89,1,professor,9.8153,9.4410,0.3743,14,0
huang2024,89,2,who,4.3616,6.1239,-1.7623,14,0
huang2024,89,3,was,3.2466,5.0192,-1.7726,14,0
huang2024,89,4,awarded,4.7198,10.7064,-5.9866,14,0
huang2024,89,5,the,0.4046,2.9243,-2.5198,14,0
huang2024,89,6,grant,7.7477,9.9696,-2.2220,14,0
huang2024,89,7,gained,10.1088,10.3848,-0.2759,14,0
huang2024,89,8,more,4.3443,6.0792,-1.7349,14,0
huang2024,89,9,attention,3.3381,8.9557,-5.6176,14,0
huang2024,89,10,from,2.3970,5.4561,-3.0591,14,0
huang2024,89,11,marine,11.6556,10.2921,1.3635,14,0
huang2024,89,12,biologists,3.1154,13.2616,-10.1463,14,0
huang2024,89,13,.,2.3202,2.3026,0.0177,14,0
huang2024,89,14,<eos>,5.4787,2.3026,3.1762,14,0
huang2024,90,0,The,3.9745,2.9243,1.0501,15,0
huang2024,90,1,technician,12.9271,12.2041,0.7230,15,0
huang2024,90,2,reported,6.6492,9.2103,-2.5612,15,0
huang2024,90,3,that,1.2960,4.5854,-3.2893,15,0
huang2024,90,4,the,1.4464,2.9243,-1.4779,15,0
huang2024,90,5,service,6.6664,8.0822,-1.4157,15,0
huang2024,90,6,stopped,7.6129,9.5785,-1.9656,15,0
huang2024,90,7,working,2.6595,8.1736,-5.5141,15,0
huang2024,90,8,almost,6.7821,8.3143,-1.5322,15,0
huang2024,90,9,immediately,1.2763,9.2564,-7.9801,15,0
huang2024,90,10,after,1.5962,6.6531,-5.0569,15,0
huang2024,90,11,the,1.0809,2.9243,-1.8434,15,0
huang2024,90,12,storm,7.6970,9.9934,-2.2964,15,0
huang2024,90,13,started,3.6570,8.3143,-4.6573,15,0
huang2024,90,14,.,1.2536,2.3026,-1.0490,15,0
huang2024,90,15,<eos>,4.9030,2.3026,2.6004,15,0
huang2024,91,0,After,6.4088,6.6531,-0.2443,15,0
huang2024,91,1,the,2.6594,2.9243,-0.2649,15,0
huang2024,91,2,technician,13.1444,12.2041,0.9403,15,0
huang2024,91,3,called,6.7817,7.8519,-1.0703,15,0
huang2024,91,4,",",2.9567,2.3026,0.6541,15,0
huang2024,91,5,the,2.2426,2.9243,-0.6817,15,0
huang2024,91,6,service,6.7314,8.0822,-1.3508,15,0
huang2024,91,7,stopped,5.4404,9.5785,-4.1381,15,0
huang2024,91,8,working,2.3512,8.1736,-5.8224,15,0
huang2024,91,9,almost,7.6824,8.3143,-0.6318,15,0
huang2024,91,10,immediately,1.1773,9.2564,-8.0790,15,0
huang2024,91,11,to,4.3672,3.6156,0.7516,15,0
huang2024,91,12,his,8.3242,5.7322,2.5920,15,0
huang2024,91,13,surprise,3.4466,9.7866,-6.3400,15,0
huang2024,91,14,.,0.8120,2.3026,-1.4906,15,0
huang2024,91,15,<eos>,6.0400,2.3026,3.7375,15,0
huang2024,92,0,The,3.9745,2.9243,1.0501,15,0
huang2024,92,1,technician,12.9271,12.2041,0.7230,15,0
huang2024,92,2,who,3.0372,6.1239,-3.0866,15,0
huang2024,92,3,was,3.3303,5.0192,-1.6889,15,0
huang2024,92,4,refused,9.5871,10.2688,-0.6816,15,0
huang2024,92,5,the,1.8855,2.9243,-1.0388,15,0
huang2024,92,6,service,5.1878,8.0822,-2.8943,15,0
huang2024,92,7,stopped,9.1548,9.5785,-0.4237,15,0
huang2024,92,8,working,3.6938,8.1736,-4.4798,15,0
huang2024,92,9,almost,7.7511,8.3143,-0.5631,15,0
huang2024,92,10,immediately,1.3142,9.2564,-7.9422,15,0
huang2024,92,11,after,2.1904,6.6531,-4.4627,15,0
huang2024,92,12,the,1.1672,2.9243,-1.7571,15,0
huang2024,92,13,argument,9.0822,10.0382,-0.9560,15,0
huang2024,92,14,.,3.3146,2.3026,1.0120,15,0
huang2024,92,15,<eos>,5.0734,2.3026,2.7709,15,0
huang2024,93,0,The,3.9734,2.9243,1.0490,14,0
huang2024,93,1,mechanic,12.4299,11.9958,0.4341,14,0
huang2024,93,2,observed,9.6644,10.6168,-0.9524,14,0
huang2024,93,3,that,0.9801,4.5854,-3.6052,14,0
huang2024,93,4,the,1.3790,2.9243,-1.5454,14,0
huang2024,93,5,truck,7.3414,10.0382,-2.6967,14,0
huang2024,93,6,needed,7.3951,8.7982,-1.4031,14,0
huang2024,93,7,several,6.6527,8.3143,-1.6616,14,0
huang2024,93,8,more,4.4510,6.0792,-1.6282,14,0
huang2024,93,9,hours,2.4011,8.2901,-5.8889,14,0
huang2024,93,10,to,0.5064,3.6156,-3.1092,14,0
huang2024,93,11,be,3.6918,5.0881,-1.3963,14,0
huang2024,93,12,repaired,5.2179,12.0423,-6.8244,14,0
huang2024,93,13,.,1.1498,2.3026,-1.1527,14,0
huang2024,93,14,<eos>,5.2253,2.3026,2.9227,14,0
huang2024,94,0,Because,7.4904,6.8401,0.6503,18,0
huang2024,94,1,the,2.4508,2.9243,-0.4736,18,0
huang2024,94,2,mechanic,12.0457,11.9958,0.0499,18,0
huang2024,94,3,stopped,9.0646,9.5785,-0.5139,18,0
huang2024,94,4,",",4.5553,2.3026,2.2527,18,0
huang2024,94,5,the,1.8256,2.9243,-1.0987,18,0
huang2024,94,6,truck,6.9015,10.0382,-3.1367,18,0
huang2024,94,7,needed,6.3448,8.7982,-2.4534,18,0
huang2024,94,8,several,7.0577,8.3143,-1.2565,18,0
huang2024,94,9,more,4.0032,6.0792,-2.0760,18,0
huang2024,94,10,hours,2.3788,8.2901,-5.9113,18,0
huang2024,94,11,before,3.4950,7.0691,-3.5740,18,0
huang2024,94,12,it,1.5485,4.7206,-3.1721,18,0
huang2024,94,13,could,2.6549,6.7680,-4.1131,18,0
huang2024,94,14,be,1.2465,5.0881,-3.8415,18,0
huang2024,94,15,fully,5.8417,9.4639,-3.6222,18,0
huang2024,94,16,repaired,3.5890,12.0423,-8.4532,18,0
huang2024,94,17,.,0.5337,2.3026,-1.7689,18,0
huang2024,94,18,<eos>,4.9620,2.3026,2.6595,18,0
huang2024,95,0,The,3.9745,2.9243,1.0501,16,0
huang2024,95,1,mechanic,12.4303,11.9958,0.4345,16,0
huang2024,95,2,who,3.7170,6.1239,-2.4068,16,0
huang2024,95,3,was,3.8759,5.0192,-1.1433,16,0
huang2024,95,4,brought,5.8986,8.8388,-2.9402,16,0
huang2024,95,5,the,7.3702,2.9243,4.4459,16,0
huang2024,95,6,truck,6.9483,10.0382,-3.0899,16,0
huang2024,95,7,needed,10.1935,8.7982,1.3952,16,0
huang2024,95,8,several,6.8971,8.3143,-1.4172,16,0
huang2024,95,9,more,4.1439,6.0792,-1.9353,16,0
huang2024,95,10,hours,2.2962,8.2901,-5.9939,16,0
huang2024,95,11,to,0.6727,3.6156,-2.9429,16,0
huang2024,95,12,fully,6.6742,9.4639,-2.7897,16,0
huang2024,95,13,repair,4.0164,10.5690,-6.5526,16,0
huang2024,95,14,it,3.0334,4.7206,-1.6872,16,0
huang2024,95,15,.,0.8370,2.3026,-1.4656,16,0
huang2024,95,16,<eos>,5.2967,2.3026,2.9941,16,0
huang2024,96,0,The,3.9745,2.9243,1.0501,16,0
huang2024,96,1,guitarist,12.4380,12.3639,0.0741,16,0
huang2024,96,2,knew,7.8952,8.7529,-0.8577,16,0
huang2024,96,3,that,1.7346,4.5854,-2.8507,16,0
huang2024,96,4,the,1.7531,2.9243,-1.1712,16,0
huang2024,96,5,song,3.8428,8.6115,-4.7687,16,0
huang2024,96,6,failed,7.9516,9.6243,-1.6728,16,0
huang2024,96,7,dramatically,9.9168,11.6283,-1.7115,16,0
huang2024,96,8,because,3.4227,6.8401,-3.4174,16,0
huang2024,96,9,of,1.8321,3.6849,-1.8528,16,0
huang2024,96,10,the,1.0255,2.9243,-1.8988,16,0
huang2024,96,11,tensions,8.8665,12.0188,-3.1523,16,0
huang2024,96,12,within,5.1660,8.1987,-3.0327,16,0
huang2024,96,13,the,0.4514,2.9243,-2.4729,16,0
huang2024,96,14,band,1.5093,9.3943,-7.8850,16,0
huang2024,96,15,.,1.1249,2.3026,-1.1777,16,0
huang2024,96,16,<eos>,5.2722,2.3026,2.9696,16,0
huang2024,97,0,After,6.4088,6.6531,-0.2443,16,0
huang2024,97,1,the,2.6594,2.9243,-0.2649,16,0
huang2024,97,2,guitarist,13.3175,12.3639,0.9536,16,0
huang2024,97,3,began,6.6584,9.0533,-2.3949,16,0
huang2024,97,4,",",5.6667,2.3026,3.3641,16,0
huang2024,97,5,the,2.0691,2.9243,-0.8553,16,0
huang2024,97,6,song,4.1842,8.6115,-4.4274,16,0
huang2024,97,7,failed,7.7618,9.6243,-1.8625,16,0
huang2024,97,8,dramatically,9.2019,11.6283,-2.4264,16,0
huang2024,97,9,because,4.3114,6.8401,-2.5287,16,0
huang2024,97,10,he,1.9590,5.3185,-3.3595,16,0
huang2024,97,11,skipped,8.1546,12.2960,-4.1414,16,0
huang2024,97,12,the,1.2169,2.9243,-1.7074,16,0
huang2024,97,13,sound,6.2986,8.8668,-2.5682,16,0
huang2024,97,14,check,6.7385,8.4974,-1.7589,16,0
huang2024,97,15,.,1.4803,2.3026,-0.8223,16,0
huang2024,97,16,<eos>,4.8395,2.3026,2.5369,16,0
huang2024,98,0,The,3.9745,2.9243,1.0501,15,0
huang2024,98,1,guitarist,12.4380,12.3639,0.0741,15,0
huang2024,98,2,who,4.2330,6.1239,-1.8908,15,0
huang2024,98,3,was,3.0636,5.0192,-1.9555,15,0
huang2024,98,4,assigned,5.8952,10.6168,-4.7217,15,0
huang2024,98,5,the,3.3853,2.9243,0.4610,15,0
huang2024,98,6,song,4.3347,8.6115,-4.2768,15,0
huang2024,98,7,failed,10.3156,9.6243,0.6913,15,0
huang2024,98,8,dramatically,10.3428,11.6283,-1.2856,15,0
huang2024,98,9,because,3.6779,6.8401,-3.1622,15,0
huang2024,98,10,he,1.1211,5.3185,-4.1975,15,0
huang2024,98,11,never,4.8962,7.1148,-2.2186,15,0
huang2024,98,12,practiced,8.2399,11.9269,-3.6871,15,0
huang2024,98,13,enough,5.8510,7.9662,-2.1152,15,0
huang2024,98,14,.,1.6712,2.3026,-0.6313,15,0
huang2024,98,15,<eos>,4.4201,2.3026,2.1175,15,0
huang2024,99,0,The,3.9745,2.9243,1.0501,16,0
huang2024,99,1,player,9.0348,8.7721,0.2627,16,0
huang2024,99,2,revealed,8.9856,10.0155,-1.0300,16,0
huang2024,99,3,that,1.3483,4.5854,-3.2370,16,0
huang2024,99,4,the,1.6357,2.9243,-1.2887,16,0
huang2024,99,5,bonus,9.6477,10.4762,-0.8285,16,0
huang2024,99,6,remained,9.6716,10.0850,-0.4134,16,0
huang2024,99,7,essentially,6.4498,10.5459,-4.0962,16,0
huang2024,99,8,the,1.3969,2.9243,-1.5274,16,0
huang2024,99,9,same,0.0777,7.3682,-7.2905,16,0
huang2024,99,10,as,2.0146,5.1345,-3.1199,16,0
huang2024,99,11,in,4.4666,3.9846,0.4820,16,0
huang2024,99,12,the,0.8188,2.9243,-2.1056,16,0
huang2024,99,13,original,3.1389,8.8388,-5.6998,16,0
huang2024,99,14,contract,5.4121,9.3485,-3.9363,16,0
huang2024,99,15,.,1.1820,2.3026,-1.1206,16,0
huang2024,99,16,<eos>,4.7628,2.3026,2.4602,16,0
huang2024,100,0,Although,7.1752,8.5172,-1.3420,17,0
huang2024,100,1,the,1.6885,2.9243,-1.2359,17,0
huang2024,100,2,player,8.2689,8.7721,-0.5031,17,0
huang2024,100,3,lost,7.6067,8.3143,-0.7076,17,0
huang2024,100,4,",",3.9989,2.3026,1.6964,17,0
huang2024,100,5,the,1.9305,2.9243,-0.9939,17,0
huang2024,100,6,bonus,9.2094,10.4762,-1.2667,17,0
huang2024,100,7,remained,9.1760,10.0850,-0.9090,17,0
huang2024,100,8,essentially,6.8749,10.5459,-3.6711,17,0
huang2024,100,9,the,1.3266,2.9243,-1.5978,17,0
huang2024,100,10,same,0.1157,7.3682,-7.2525,17,0
huang2024,100,11,as,2.2973,5.1345,-2.8372,17,0
huang2024,100,12,in,4.0759,3.9846,0.0913,17,0
huang2024,100,13,the,0.8642,2.9243,-2.0601,17,0
huang2024,100,14,original,3.0972,8.8388,-5.7416,17,0
huang2024,100,15,contract,5.1352,9.3485,-4.2133,17,0
huang2024,100,16,.,1.2150,2.3026,-1.0876,17,0
huang2024,100,17,<eos>,5.5313,2.3026,3.2287,17,0
huang2024,101,0,The,3.9745,2.9243,1.0501,18,0
huang2024,101,1,player,9.0348,8.7721,0.2627,18,0
huang2024,101,2,who,3.2320,6.1239,-2.8918,18,0
huang2024,101,3,was,3.2961,5.0192,-1.7231,18,0
huang2024,101,4,paid,6.1869,8.9327,-2.7458,18,0
huang2024,101,5,the,3.4374,2.9243,0.5131,18,0
huang2024,101,6,bonus,6.3502,10.4762,-4.1260,18,0
huang2024,101,7,remained,11.6642,10.0850,1.5792,18,0
huang2024,101,8,essentially,7.7088,10.5459,-2.8371,18,0
huang2024,101,9,the,1.4633,2.9243,-1.4611,18,0
huang2024,101,10,same,0.1898,7.3682,-7.1784,18,0
huang2024,101,11,despite,5.3772,9.2103,-3.8332,18,0
huang2024,101,12,his,2.8120,5.7322,-2.9202,18,0
huang2024,101,13,sudden,8.6572,10.5926,-1.9354,18,0
huang2024,101,14,fame,7.8707,10.7290,-2.8583,18,0
huang2024,101,15,and,1.9576,3.6613,-1.7037,18,0
huang2024,101,16,wealth,4.1291,10.3374,-6.2083,18,0
huang2024,101,17,.,1.3649,2.3026,-0.9377,18,0
huang2024,101,18,<eos>,4.9079,2.3026,2.6053,18,0
huang2024,102,0,The,3.9745,2.9243,1.0501,15,0
huang2024,102,1,recent,7.1512,9.1150,-1.9638,15,0
huang2024,102,2,hire,10.8695,10.5926,0.2768,15,0
huang2024,102,3,claimed,8.5597,10.0382,-1.4785,15,0
huang2024,102,4,that,1.0156,4.5854,-3.5698,15,0
huang2024,102,5,the,1.7868,2.9243,-1.1375,15,0
huang2024,102,6,job,5.2350,8.0598,-2.8248,15,0
huang2024,102,7,prepared,12.2389,9.8082,2.4307,15,0
huang2024,102,8,many,7.2556,7.1148,0.1408,15,0
huang2024,102,9,students,5.5678,8.6337,-3.0659,15,0
huang2024,102,10,for,1.1507,4.5854,-3.4347,15,0
huang2024,102,11,careers,5.6640,11.3306,-5.6666,15,0
huang2024,102,12,in,1.0955,3.9846,-2.8891,15,0
huang2024,102,13,media,6.4110,8.5172,-2.1062,15,0
huang2024,102,14,.,2.3038,2.3026,0.0012,15,0
huang2024,102,15,<eos>,6.4859,2.3026,4.1834,15,0
huang2024,103,0,Once,7.9343,7.9895,-0.0552,16,0
huang2024,103,1,the,2.2953,2.9243,-0.6290,16,0
huang2024,103,2,recent,7.8409,9.1150,-1.2741,16,0
huang2024,103,3,hire,9.5887,10.5926,-1.0039,16,0
huang2024,103,4,started,6.7604,8.3143,-1.5538,16,0
huang2024,103,5,",",0.6750,2.3026,-1.6276,16,0
huang2024,103,6,the,1.7891,2.9243,-1.1352,16,0
huang2024,103,7,job,4.5236,8.0598,-3.5362,16,0
huang2024,103,8,prepared,11.2633,9.8082,1.4552,16,0
huang2024,103,9,many,7.5467,7.1148,0.4320,16,0
huang2024,103,10,students,5.8474,8.6337,-2.7863,16,0
huang2024,103,11,for,1.5617,4.5854,-3.0236,16,0
huang2024,103,12,careers,4.8915,11.3306,-6.4391,16,0
huang2024,103,13,in,1.2839,3.9846,-2.7007,16,0
huang2024,103,14,media,6.6428,8.5172,-1.8744,16,0
huang2024,103,15,.,2.0563,2.3026,-0.2463,16,0
huang2024,103,16,<eos>,6.9902,2.3026,4.6876,16,0
huang2024,104,0,The,3.9745,2.9243,1.0501,16,0
huang2024,104,1,recent,7.1512,9.1150,-1.9638,16,0
huang2024,104,2,hire,10.8695,10.5926,0.2768,16,0
huang2024,104,3,who,7.3291,6.1239,1.2052,16,0
huang2024,104,4,was,2.9079,5.0192,-2.1113,16,0
huang2024,104,5,offered,6.0730,9.5333,-3.4603,16,0
huang2024,104,6,the,1.8884,2.9243,-1.0359,16,0
huang2024,104,7,job,2.7222,8.0598,-5.3376,16,0
huang2024,104,8,prepared,11.0870,9.8082,1.2788,16,0
huang2024,104,9,many,7.2422,7.1148,0.1274,16,0
huang2024,104,10,students,5.5250,8.6337,-3.1087,16,0
huang2024,104,11,for,1.2181,4.5854,-3.3672,16,0
huang2024,104,12,careers,6.0117,11.3306,-5.3189,16,0
huang2024,104,13,in,1.0257,3.9846,-2.9589,16,0
huang2024,104,14,media,6.5977,8.5172,-1.9195,16,0
huang2024,104,15,.,2.2955,2.3026,-0.0070,16,0
huang2024,104,16,<eos>,6.3204,2.3026,4.0179,16,0
huang2024,105,0,The,3.9734,2.9243,1.0490,14,0
huang2024,105,1,assistant,11.7571,9.8547,1.9024,14,0
huang2024,105,2,manager,3.1188,9.2797,-6.1609,14,0
huang2024,105,3,discovered,9.6430,9.8082,-0.1652,14,0
huang2024,105,4,that,1.8941,4.5854,-2.6912,14,0
huang2024,105,5,the,1.6312,2.9243,-1.2931,14,0
huang2024,105,6,training,7.6390,8.7982,-1.1593,14,0
huang2024,105,7,seemed,8.1777,9.6243,-1.4467,14,0
huang2024,105,8,unnecessarily,8.8658,12.8485,-3.9828,14,0
huang2024,105,9,demanding,4.6801,11.2128,-6.5327,14,0
huang2024,105,10,for,2.9287,4.5854,-1.6567,14,0
huang2024,105,11,new,5.3781,6.3311,-0.9530,14,0
huang2024,105,12,staff,4.6327,9.0280,-4.3954,14,0
huang2024,105,13,.,1.2973,2.3026,-1.0052,14,0
huang2024,105,14,<eos>,5.8966,2.3026,3.5940,14,0
huang2024,106,0,While,7.2201,7.2307,-0.0106,14,0
huang2024,106,1,the,1.7672,2.9243,-1.1572,14,0
huang2024,106,2,assistant,11.5299,9.8547,1.6752,14,0
huang2024,106,3,manager,3.1755,9.2797,-6.1041,14,0
huang2024,106,4,worked,6.7975,8.8388,-2.0413,14,0
huang2024,106,5,",",4.4230,2.3026,2.1204,14,0
huang2024,106,6,the,1.8601,2.9243,-1.0642,14,0
huang2024,106,7,training,7.4226,8.7982,-1.3756,14,0
huang2024,106,8,seemed,5.8491,9.6243,-3.7752,14,0
huang2024,106,9,unnecessarily,8.7988,12.8485,-4.0497,14,0
huang2024,106,10,demanding,5.1964,11.2128,-6.0164,14,0
huang2024,106,11,to,2.5688,3.6156,-1.0468,14,0
huang2024,106,12,him,3.1824,6.6531,-3.4707,14,0
huang2024,106,13,.,0.9152,2.3026,-1.3874,14,0
huang2024,106,14,<eos>,6.1467,2.3026,3.8441,14,0
huang2024,107,0,The,3.9745,2.9243,1.0501,15,0
huang2024,107,1,assistant,11.7569,9.8547,1.9022,15,0
huang2024,107,2,manager,3.1190,9.2797,-6.1607,15,0
huang2024,107,3,who,4.1522,6.1239,-1.9717,15,0
huang2024,107,4,was,2.7476,5.0192,-2.2716,15,0
huang2024,107,5,assigned,4.4814,10.6168,-6.1355,15,0
huang2024,107,6,the,3.4414,2.9243,0.5171,15,0
huang2024,107,7,training,6.3702,8.7982,-2.4280,15,0
huang2024,107,8,seemed,11.3275,9.6243,1.7032,15,0
huang2024,107,9,unnecessarily,10.2441,12.8485,-2.6044,15,0
huang2024,107,10,demanding,5.3982,11.2128,-5.8147,15,0
huang2024,107,11,to,1.7855,3.6156,-1.8301,15,0
huang2024,107,12,new,7.6422,6.3311,1.3111,15,0
huang2024,107,13,staff,3.3621,9.0280,-5.6659,15,0
huang2024,107,14,.,1.1405,2.3026,-1.1621,15,0
huang2024,107,15,<eos>,6.0853,2.3026,3.7827,15,0
huang2024,108,0,The,3.9734,2.9243,1.0490,14,0
huang2024,108,1,mayor,9.5455,10.0850,-0.5395,14,0
huang2024,108,2,showed,8.4729,9.5333,-1.0604,14,0
huang2024,108,3,that,1.9361,4.5854,-2.6493,14,0
huang2024,108,4,the,1.4226,2.9243,-1.5018,14,0
huang2024,108,5,document,9.2849,10.3624,-1.0774,14,0
huang2024,108,6,provided,6.2860,9.1616,-2.8756,14,0
huang2024,108,7,sufficient,6.5258,10.7758,-4.2500,14,0
huang2024,108,8,evidence,2.3758,8.8883,-6.5124,14,0
huang2024,108,9,to,1.0900,3.6156,-2.5256,14,0
huang2024,108,10,prove,3.9324,9.7397,-5.8073,14,0
huang2024,108,11,her,5.5973,6.2146,-0.6173,14,0
huang2024,108,12,innocence,2.7957,11.9045,-9.1088,14,0
huang2024,108,13,.,0.9963,2.3026,-1.3063,14,0
huang2024,108,14,<eos>,4.6831,2.3026,2.3805,14,0
huang2024,109,0,Although,7.1752,8.5172,-1.3420,16,0
huang2024,109,1,the,1.6885,2.9243,-1.2359,16,0
huang2024,109,2,mayor,8.4942,10.0850,-1.5909,16,0
huang2024,109,3,changed,9.2692,9.0533,0.2159,16,0
huang2024,109,4,",",5.4905,2.3026,3.1879,16,0
huang2024,109,5,the,2.0144,2.9243,-0.9099,16,0
huang2024,109,6,document,8.9688,10.3624,-1.3936,16,0
huang2024,109,7,provided,6.5995,9.1616,-2.5621,16,0
huang2024,109,8,sufficient,8.4104,10.7758,-2.3654,16,0
huang2024,109,9,evidence,2.7277,8.8883,-6.1606,16,0
huang2024,109,10,for,1.6021,4.5854,-2.9833,16,0
huang2024,109,11,what,4.9838,6.0323,-1.0485,16,0
huang2024,109,12,he,1.6334,5.3185,-3.6851,16,0
huang2024,109,13,had,3.4930,6.1469,-2.6540,16,0
huang2024,109,14,promised,6.1822,10.3848,-4.2026,16,0
huang2024,109,15,.,1.8678,2.3026,-0.4348,16,0
huang2024,109,16,<eos>,4.8928,2.3026,2.5902,16,0
huang2024,110,0,The,3.9745,2.9243,1.0501,16,0
huang2024,110,1,mayor,9.5455,10.0850,-0.5395,16,0
huang2024,110,2,who,6.5202,6.1239,0.3964,16,0
huang2024,110,3,was,3.2985,5.0192,-1.7207,16,0
huang2024,110,4,sent,6.2309,8.8388,-2.6078,16,0
huang2024,110,5,the,3.2074,2.9243,0.2831,16,0
huang2024,110,6,document,6.7077,10.3624,-3.6546,16,0
huang2024,110,7,provided,8.7142,9.1616,-0.4473,16,0
huang2024,110,8,sufficient,6.6217,10.7758,-4.1540,16,0
huang2024,110,9,evidence,1.7771,8.8883,-7.1112,16,0
huang2024,110,10,that,1.5304,4.5854,-3.0550,16,0
huang2024,110,11,it,3.4814,4.7206,-1.2391,16,0
huang2024,110,12,was,0.9922,5.0192,-4.0269,16,0
huang2024,110,13,simply,6.5911,9.0280,-2.4369,16,0
huang2024,110,14,blackmail,12.3387,12.8039,-0.4652,16,0
huang2024,110,15,.,3.7519,2.3026,1.4493,16,0
huang2024,110,16,<eos>,4.9982,2.3026,2.6956,16,0
huang2024,111,0,The,3.9734,2.9243,1.0490,14,0
huang2024,111,1,basketball,11.2925,10.2237,1.0688,14,0
huang2024,111,2,player,4.1059,8.7721,-4.6662,14,0
huang2024,111,3,mentioned,7.7461,9.6019,-1.8558,14,0
huang2024,111,4,that,2.4193,4.5854,-2.1661,14,0
huang2024,111,5,the,2.0106,2.9243,-0.9138,14,0
huang2024,111,6,contract,8.5398,9.3485,-0.8086,14,0
huang2024,111,7,created,8.3681,9.0970,-0.7289,14,0
huang2024,111,8,another,6.2963,7.5056,-1.2093,14,0
huang2024,111,9,controversy,5.2529,10.9141,-5.6612,14,0
huang2024,111,10,in,2.7343,3.9846,-1.2503,14,0
huang2024,111,11,the,1.2070,2.9243,-1.7174,14,0
huang2024,111,12,NBA,2.9281,10.6168,-7.6887,14,0
huang2024,111,13,.,1.4037,2.3026,-0.8989,14,0
huang2024,111,14,<eos>,6.1272,2.3026,3.8246,14,0
huang2024,112,0,After,6.4088,6.6531,-0.2443,16,0
huang2024,112,1,the,2.6594,2.9243,-0.2649,16,0
huang2024,112,2,basketball,10.2502,10.2237,0.0265,16,0
huang2024,112,3,player,6.0063,8.7721,-2.7658,16,0
huang2024,112,4,signed,5.3891,9.5557,-4.1666,16,0
huang2024,112,5,",",4.2948,2.3026,1.9922,16,0
huang2024,112,6,the,1.7440,2.9243,-1.1804,16,0
huang2024,112,7,contract,6.9979,9.3485,-2.3505,16,0
huang2024,112,8,created,7.4863,9.0970,-1.6107,16,0
huang2024,112,9,another,5.7771,7.5056,-1.7285,16,0
huang2024,112,10,political,8.6736,8.5425,0.1311,16,0
huang2024,112,11,controversy,3.5038,10.9141,-7.4103,16,0
huang2024,112,12,in,3.3462,3.9846,-0.6383,16,0
huang2024,112,13,the,1.2713,2.9243,-1.6530,16,0
huang2024,112,14,NBA,2.9311,10.6168,-7.6857,16,0
huang2024,112,15,.,1.2401,2.3026,-1.0625,16,0
huang2024,112,16,<eos>,6.4177,2.3026,4.1152,16,0
huang2024,113,0,The,3.9745,2.9243,1.0501,15,0
huang2024,113,1,basketball,11.2932,10.2237,1.0695,15,0
huang2024,113,2,player,4.1059,8.7721,-4.6661,15,0
huang2024,113,3,who,2.9508,6.1239,-3.1730,15,0
huang2024,113,4,was,2.7024,5.0192,-2.3168,15,0
huang2024,113,5,handed,7.2110,10.5459,-3.3350,15,0
huang2024,113,6,the,0.6867,2.9243,-2.2376,15,0
huang2024,113,7,contract,6.3829,9.3485,-2.9655,15,0
huang2024,113,8,created,9.4955,9.0970,0.3985,15,0
huang2024,113,9,another,5.5592,7.5056,-1.9464,15,0
huang2024,113,10,controversy,6.3670,10.9141,-4.5471,15,0
huang2024,113,11,in,3.0323,3.9846,-0.9523,15,0
huang2024,113,12,the,1.2467,2.9243,-1.6776,15,0
huang2024,113,13,NBA,3.4952,10.6168,-7.1216,15,0
huang2024,113,14,.,1.6246,2.3026,-0.6780,15,0
huang2024,113,15,<eos>,5.8929,2.3026,3.5904,15,0
huang2024,114,0,The,3.9738,2.9243,1.0495,13,0
huang2024,114,1,engineer,11.4790,10.3624,1.1166,13,0
huang2024,114,2,maintained,9.2724,10.6375,-1.3651,13,0
huang2024,114,3,that,3.0713,4.5854,-1.5141,13,0
huang2024,114,4,the,1.1958,2.9243,-1.7285,13,0
huang2024,114,5,equipment,7.0821,9.4861,-2.4040,13,0
huang2024,114,6,required,2.7068,9.1616,-6.4548,13,0
huang2024,114,7,constant,9.6869,10.2688,-0.5819,13,0
huang2024,114,8,supervision,7.6496,11.6510,-4.0014,13,0
huang2024,114,9,from,4.6688,5.4561,-0.7873,13,0
huang2024,114,10,senior,8.7142,9.3943,-0.6801,13,0
huang2024,114,11,technicians,5.3505,12.5018,-7.1513,13,0
huang2024,114,12,.,3.6869,2.3026,1.3843,13,0
huang2024,114,13,<eos>,5.4271,2.3026,3.1245,13,0
huang2024,115,0,After,6.4077,6.6531,-0.2454,14,0
huang2024,115,1,the,2.6594,2.9243,-0.2649,14,0
huang2024,115,2,engineer,11.0529,10.3624,0.6906,14,0
huang2024,115,3,moved,6.3614,9.1905,-2.8291,14,0
huang2024,115,4,",",5.4755,2.3026,3.1729,14,0
huang2024,115,5,the,1.6246,2.9243,-1.2997,14,0
huang2024,115,6,equipment,6.9851,9.4861,-2.5010,14,0
huang2024,115,7,required,5.4667,9.1616,-3.6949,14,0
huang2024,115,8,constant,8.9379,10.2688,-1.3308,14,0
huang2024,115,9,supervision,7.5176,11.6510,-4.1334,14,0
huang2024,115,10,from,4.3766,5.4561,-1.0796,14,0
huang2024,115,11,senior,8.9960,9.3943,-0.3983,14,0
huang2024,115,12,technicians,5.3341,12.5018,-7.1677,14,0
huang2024,115,13,.,2.6839,2.3026,0.3813,14,0
huang2024,115,14,<eos>,5.5138,2.3026,3.2112,14,0
huang2024,116,0,The,3.9734,2.9243,1.0490,14,0
huang2024,116,1,engineer,11.4789,10.3624,1.1165,14,0
huang2024,116,2,who,2.8977,6.1239,-3.2261,14,0
huang2024,116,3,was,3.4896,5.0192,-1.5296,14,0
huang2024,116,4,brought,5.9645,8.8388,-2.8743,14,0
huang2024,116,5,the,6.7176,2.9243,3.7933,14,0
huang2024,116,6,equipment,8.1685,9.4861,-1.3176,14,0
huang2024,116,7,required,8.0582,9.1616,-1.1034,14,0
huang2024,116,8,constant,7.9611,10.2688,-2.3077,14,0
huang2024,116,9,supervision,5.5272,11.6510,-6.1238,14,0
huang2024,116,10,from,3.5758,5.4561,-1.8803,14,0
huang2024,116,11,senior,8.0545,9.3943,-1.3397,14,0
huang2024,116,12,technicians,5.8295,12.5018,-6.6723,14,0
huang2024,116,13,.,2.4934,2.3026,0.1908,14,0
huang2024,116,14,<eos>,5.3782,2.3026,3.0756,14,0
huang2024,117,0,The,3.9745,2.9243,1.0501,17,0
huang2024,117,1,little,9.2818,7.4840,1.7978,17,0
huang2024,117,2,girl,4.2058,8.3349,-4.1291,17,0
huang2024,117,3,found,6.4222,7.6438,-1.2216,17,0
huang2024,117,4,that,4.0593,4.5854,-0.5260,17,0
huang2024,117,5,the,1.9139,2.9243,-1.0105,17,0
huang2024,117,6,lamb,10.0704,11.4641,-1.3937,17,0
huang2024,117,7,remained,8.8585,10.0850,-1.2265,17,0
huang2024,117,8,relatively,5.8744,9.9934,-4.1190,17,0
huang2024,117,9,calm,3.3913,10.2688,-6.8774,17,0
huang2024,117,10,despite,4.7048,9.2103,-4.5055,17,0
huang2024,117,11,the,1.1125,2.9243,-1.8119,17,0
huang2024,117,12,absence,6.1019,10.7290,-4.6271,17,0
huang2024,117,13,of,0.0266,3.6849,-3.6583,17,0
huang2024,117,14,its,7.3319,6.5857,0.7463,17,0
huang2024,117,15,mother,3.5714,8.6565,-5.0851,17,0
huang2024,117,16,.,1.0230,2.3026,-1.2796,17,0
huang2024,117,17,<eos>,4.6743,2.3026,2.3717,17,0
huang2024,118,0,When,5.5059,6.0576,-0.5517,16,0
huang2024,118,1,the,2.5304,2.9243,-0.3939,16,0
huang2024,118,2,little,8.6633,7.4840,1.1793,16,0
huang2024,118,3,girl,2.8098,8.3349,-5.5250,16,0
huang2024,118,4,attacked,9.0105,10.3160,-1.3055,16,0
huang2024,118,5,",",4.0643,2.3026,1.7617,16,0
huang2024,118,6,the,2.1537,2.9243,-0.7706,16,0
huang2024,118,7,lamb,9.9940,11.4641,-1.4701,16,0
huang2024,118,8,remained,7.6514,10.0850,-2.4336,16,0
huang2024,118,9,relatively,7.2954,9.9934,-2.6980,16,0
huang2024,118,10,calm,2.5274,10.2688,-7.7413,16,0
huang2024,118,11,despite,5.8914,9.2103,-3.3190,16,0
huang2024,118,12,the,1.0817,2.9243,-1.8427,16,0
huang2024,118,13,sudden,6.2755,10.5926,-4.3171,16,0
huang2024,118,14,assault,5.6641,10.5013,-4.8372,16,0
huang2024,118,15,.,1.0310,2.3026,-1.2716,16,0
huang2024,118,16,<eos>,5.7124,2.3026,3.4098,16,0
huang2024,119,0,The,3.9745,2.9243,1.0501,17,0
huang2024,119,1,little,9.2818,7.4840,1.7978,17,0
huang2024,119,2,girl,4.2058,8.3349,-4.1291,17,0
huang2024,119,3,who,3.0444,6.1239,-3.0795,17,0
huang2024,119,4,was,2.7165,5.0192,-2.3026,17,0
huang2024,119,5,fed,7.8129,10.3374,-2.5244,17,0
huang2024,119,6,the,1.9829,2.9243,-0.9414,17,0
huang2024,119,7,lamb,7.4746,11.4641,-3.9896,17,0
huang2024,119,8,remained,11.6191,10.0850,1.5341,17,0
huang2024,119,9,relatively,7.1497,9.9934,-2.8437,17,0
huang2024,119,10,calm,3.0796,10.2688,-7.1892,17,0
huang2024,119,11,despite,4.7665,9.2103,-4.4438,17,0
huang2024,119,12,having,3.3293,7.8519,-4.5226,17,0
huang2024,119,13,asked,7.7073,8.5172,-0.8098,17,0
huang2024,119,14,for,2.1336,4.5854,-2.4517,17,0
huang2024,119,15,beef,8.5710,10.8451,-2.2741,17,0
huang2024,119,16,.,1.7329,2.3026,-0.5696,17,0
huang2024,119,17,<eos>,5.3271,2.3026,3.0245,17,0
huang2024,120,0,The,3.9734,2.9243,1.0490,14,0
huang2024,120,1,yoga,12.5290,11.0555,1.4735,14,0
huang2024,120,2,instructor,4.8468,11.4641,-6.6174,14,0
huang2024,120,3,demonstrated,8.5259,11.0061,-2.4802,14,0
huang2024,120,4,that,1.5908,4.5854,-2.9946,14,0
huang2024,120,5,the,1.7860,2.9243,-1.1383,14,0
huang2024,120,6,position,7.8359,8.7279,-0.8920,14,0
huang2024,120,7,demanded,10.6909,11.2353,-0.5444,14,0
huang2024,120,8,immense,8.9049,11.7887,-2.8837,14,0
huang2024,120,9,physical,5.0855,9.3485,-4.2629,14,0
huang2024,120,10,effort,3.6915,9.3943,-5.7028,14,0
huang2024,120,11,from,2.9586,5.4561,-2.4975,14,0
huang2024,120,12,everyone,6.3596,8.1285,-1.7689,14,0
huang2024,120,13,.,1.6277,2.3026,-0.6749,14,0
huang2024,120,14,<eos>,5.4132,2.3026,3.1106,14,0
huang2024,121,0,Before,8.2534,7.0691,1.1843,15,0
huang2024,121,1,the,2.2399,2.9243,-0.6844,15,0
huang2024,121,2,yoga,11.2736,11.0555,0.2181,15,0
huang2024,121,3,instructor,4.9956,11.4641,-6.4686,15,0
huang2024,121,4,left,4.9361,7.7824,-2.8463,15,0
huang2024,121,5,",",2.0384,2.3026,-0.2641,15,0
huang2024,121,6,the,2.6462,2.9243,-0.2782,15,0
huang2024,121,7,position,8.6435,8.7279,-0.0844,15,0
huang2024,121,8,demanded,9.2665,11.2353,-1.9688,15,0
huang2024,121,9,immense,9.9079,11.7887,-1.8808,15,0
huang2024,121,10,physical,6.3213,9.3485,-3.0272,15,0
huang2024,121,11,effort,3.5413,9.3943,-5.8529,15,0
huang2024,121,12,from,3.4648,5.4561,-1.9913,15,0
huang2024,121,13,everyone,6.0133,8.1285,-2.1152,15,0
huang2024,121,14,.,1.3010,2.3026,-1.0016,15,0
huang2024,121,15,<eos>,7.0126,2.3026,4.7100,15,0
huang2024,122,0,The,3.9745,2.9243,1.0501,15,0
huang2024,122,1,yoga,12.5294,11.0555,1.4739,15,0
huang2024,122,2,instructor,4.8466,11.4641,-6.6176,15,0
huang2024,122,3,who,4.0277,6.1239,-2.0961,15,0
huang2024,122,4,was,3.2856,5.0192,-1.7336,15,0
huang2024,122,5,offered,6.7991,9.5333,-2.7342,15,0
huang2024,122,6,the,1.4193,2.9243,-1.5050,15,0
huang2024,122,7,position,5.0420,8.7279,-3.6859,15,0
huang2024,122,8,demanded,11.7285,11.2353,0.4932,15,0
huang2024,122,9,immense,8.7558,11.7887,-3.0329,15,0
huang2024,122,10,physical,5.9395,9.3485,-3.4089,15,0
huang2024,122,11,effort,3.9833,9.3943,-5.4109,15,0
huang2024,122,12,from,2.9588,5.4561,-2.4974,15,0
huang2024,122,13,everyone,5.8439,8.1285,-2.2846,15,0
huang2024,122,14,.,1.5746,2.3026,-0.7280,15,0
huang2024,122,15,<eos>,6.1457,2.3026,3.8431,15,0
huang2024,123,0,The,3.9734,2.9243,1.0490,14,0
huang2024,123,1,governor,9.4371,9.8778,-0.4407,14,0
huang2024,123,2,noticed,10.0824,10.0613,0.0211,14,0
huang2024,123,3,that,0.8372,4.5854,-3.7481,14,0
huang2024,123,4,the,1.4096,2.9243,-1.5148,14,0
huang2024,123,5,contract,9.0954,9.3485,-0.2530,14,0
huang2024,123,6,received,8.0539,8.8388,-0.7849,14,0
huang2024,123,7,sweeping,12.0549,11.9958,0.0591,14,0
huang2024,123,8,support,4.9141,7.9895,-3.0754,14,0
huang2024,123,9,across,6.4035,8.6337,-2.2303,14,0
huang2024,123,10,the,0.5540,2.9243,-2.3703,14,0
huang2024,123,11,entire,4.4285,9.0033,-4.5748,14,0
huang2024,123,12,state,3.6123,7.4136,-3.8013,14,0
huang2024,123,13,.,1.2938,2.3026,-1.0088,14,0
huang2024,123,14,<eos>,5.7649,2.3026,3.4623,14,0
huang2024,124,0,While,7.2209,7.2307,-0.0098,17,0
huang2024,124,1,the,1.7675,2.9243,-1.1568,17,0
huang2024,124,2,governor,8.5252,9.8778,-1.3526,17,0
huang2024,124,3,read,9.2893,7.9662,1.3231,17,0
huang2024,124,4,",",4.7093,2.3026,2.4068,17,0
huang2024,124,5,the,2.9720,2.9243,0.0477,17,0
huang2024,124,6,contract,8.7095,9.3485,-0.6390,17,0
huang2024,124,7,received,7.9837,8.8388,-0.8551,17,0
huang2024,124,8,sweeping,12.1342,11.9958,0.1384,17,0
huang2024,124,9,support,4.6794,7.9895,-3.3101,17,0
huang2024,124,10,from,0.4988,5.4561,-4.9574,17,0
huang2024,124,11,the,0.9580,2.9243,-1.9663,17,0
huang2024,124,12,audience,7.5736,9.8321,-2.2585,17,0
huang2024,124,13,at,3.7587,5.2963,-1.5376,17,0
huang2024,124,14,the,0.7999,2.9243,-2.1244,17,0
huang2024,124,15,rally,7.2759,10.7290,-3.4531,17,0
huang2024,124,16,.,1.1448,2.3026,-1.1578,17,0
huang2024,124,17,<eos>,6.1208,2.3026,3.8182,17,0
huang2024,125,0,The,3.9745,2.9243,1.0501,15,0
huang2024,125,1,governor,9.4371,9.8778,-0.4407,15,0
huang2024,125,2,who,6.4028,6.1239,0.2790,15,0
huang2024,125,3,was,3.1266,5.0192,-1.8926,15,0
huang2024,125,4,awarded,6.0585,10.7064,-4.6480,15,0
huang2024,125,5,the,0.4345,2.9243,-2.4898,15,0
huang2024,125,6,contract,6.7725,9.3485,-2.5759,15,0
huang2024,125,7,received,8.0979,8.8388,-0.7409,15,0
huang2024,125,8,sweeping,11.8347,11.9958,-0.1611,15,0
huang2024,125,9,support,4.1292,7.9895,-3.8603,15,0
huang2024,125,10,across,7.0912,8.6337,-1.5425,15,0
huang2024,125,11,the,0.5814,2.9243,-2.3429,15,0
huang2024,125,12,entire,4.8712,9.0033,-4.1321,15,0
huang2024,125,13,state,2.7773,7.4136,-4.6363,15,0
huang2024,125,14,.,1.3134,2.3026,-0.9892,15,0
huang2024,125,15,<eos>,5.3927,2.3026,3.0902,15,0
huang2024,126,0,The,3.9734,2.9243,1.0490,14,0
huang2024,126,1,patient,8.2912,9.7397,-1.4484,14,0
huang2024,126,2,reported,5.7154,9.2103,-3.4950,14,0
huang2024,126,3,that,2.4643,4.5854,-2.1211,14,0
huang2024,126,4,the,1.7902,2.9243,-1.1341,14,0
huang2024,126,5,treatment,5.2497,9.1905,-3.9409,14,0
huang2024,126,6,continued,7.2921,9.3025,-2.0103,14,0
huang2024,126,7,causing,9.6781,10.2921,-0.6140,14,0
huang2024,126,8,uncomfortable,9.4391,11.0747,-1.6356,14,0
huang2024,126,9,side,6.1037,8.0598,-1.9561,14,0
huang2024,126,10,effects,0.6282,9.4639,-8.8357,14,0
huang2024,126,11,like,4.6783,5.9638,-1.2855,14,0
huang2024,126,12,nausea,3.3896,12.5714,-9.1817,14,0
huang2024,126,13,.,3.9328,2.3026,1.6303,14,0
huang2024,126,14,<eos>,4.5296,2.3026,2.2271,14,0
huang2024,127,0,Before,8.2534,7.0691,1.1843,15,0
huang2024,127,1,the,2.2399,2.9243,-0.6844,15,0
huang2024,127,2,patient,9.4591,9.7397,-0.2806,15,0
huang2024,127,3,called,9.7011,7.8519,1.8491,15,0
huang2024,127,4,",",2.5017,2.3026,0.1991,15,0
huang2024,127,5,the,2.6932,2.9243,-0.2311,15,0
huang2024,127,6,treatment,7.3994,9.1905,-1.7912,15,0
huang2024,127,7,continued,6.8227,9.3025,-2.4798,15,0
huang2024,127,8,causing,9.4903,10.2921,-0.8018,15,0
huang2024,127,9,uncomfortable,7.9169,11.0747,-3.1578,15,0
huang2024,127,10,side,6.8445,8.0598,-1.2153,15,0
huang2024,127,11,effects,0.7080,9.4639,-8.7559,15,0
huang2024,127,12,like,4.1820,5.9638,-1.7819,15,0
huang2024,127,13,nausea,3.4543,12.5714,-9.1170,15,0
huang2024,127,14,.,3.3123,2.3026,1.0097,15,0
huang2024,127,15,<eos>,5.1606,2.3026,2.8580,15,0
huang2024,128,0,The,3.9745,2.9243,1.0501,15,0
huang2024,128,1,patient,8.2914,9.7397,-1.4483,15,0
huang2024,128,2,who,4.6543,6.1239,-1.4696,15,0
huang2024,128,3,was,2.1993,5.0192,-2.8199,15,0
huang2024,128,4,refused,8.3969,10.2688,-1.8718,15,0
huang2024,128,5,the,2.0435,2.9243,-0.8808,15,0
huang2024,128,6,treatment,4.3953,9.1905,-4.7952,15,0
huang2024,128,7,continued,8.1205,9.3025,-1.1819,15,0
huang2024,128,8,causing,9.9217,10.2921,-0.3704,15,0
huang2024,128,9,uncomfortable,8.2529,11.0747,-2.8218,15,0
huang2024,128,10,scenes,9.8991,10.1779,-0.2789,15,0
huang2024,128,11,in,1.6919,3.9846,-2.2927,15,0
huang2024,128,12,the,0.9151,2.9243,-2.0092,15,0
huang2024,128,13,ER,8.3936,10.9590,-2.5654,15,0
huang2024,128,14,.,1.9268,2.3026,-0.3758,15,0
huang2024,128,15,<eos>,4.0111,2.3026,1.7085,15,0
huang2024,129,0,The,3.9734,2.9243,1.0490,14,0
huang2024,129,1,operator,9.9153,10.7758,-0.8605,14,0
huang2024,129,2,observed,9.6511,10.6168,-0.9657,14,0
huang2024,129,3,that,1.2487,4.5854,-3.3366,14,0
huang2024,129,4,the,1.2824,2.9243,-1.6419,14,0
huang2024,129,5,machine,7.5451,9.4410,-1.8959,14,0
huang2024,129,6,started,8.7203,8.3143,0.4061,14,0
huang2024,129,7,working,3.7215,8.1736,-4.4522,14,0
huang2024,129,8,efficiently,6.8831,11.9958,-5.1127,14,0
huang2024,129,9,all,6.3778,5.7108,0.6670,14,0
huang2024,129,10,of,2.0409,3.6849,-1.6440,14,0
huang2024,129,11,a,2.7274,3.7766,-1.0492,14,0
huang2024,129,12,sudden,1.5499,10.5926,-9.0428,14,0
huang2024,129,13,.,2.0270,2.3026,-0.2755,14,0
huang2024,129,14,<eos>,5.4061,2.3026,3.1036,14,0
huang2024,130,0,Once,7.9337,7.9895,-0.0558,14,0
huang2024,130,1,the,2.2955,2.9243,-0.6288,14,0
huang2024,130,2,operator,8.7179,10.7758,-2.0579,14,0
huang2024,130,3,stopped,7.7929,9.5785,-1.7856,14,0
huang2024,130,4,",",3.0259,2.3026,0.7233,14,0
huang2024,130,5,the,1.2931,2.9243,-1.6313,14,0
huang2024,130,6,machine,5.2805,9.4410,-4.1605,14,0
huang2024,130,7,started,4.4357,8.3143,-3.8785,14,0
huang2024,130,8,working,3.5654,8.1736,-4.6082,14,0
huang2024,130,9,efficiently,7.6711,11.9958,-4.3247,14,0
huang2024,130,10,without,4.2371,7.6211,-3.3841,14,0
huang2024,130,11,any,2.2861,6.7508,-4.4647,14,0
huang2024,130,12,supervision,7.8207,11.6510,-3.8303,14,0
huang2024,130,13,.,0.7022,2.3026,-1.6004,14,0
huang2024,130,14,<eos>,5.7859,2.3026,3.4833,14,0
huang2024,131,0,The,3.9745,2.9243,1.0501,15,0
huang2024,131,1,operator,9.9156,10.7758,-0.8601,15,0
huang2024,131,2,who,5.8970,6.1239,-0.2269,15,0
huang2024,131,3,was,4.0445,5.0192,-0.9747,15,0
huang2024,131,4,brought,6.5331,8.8388,-2.3057,15,0
huang2024,131,5,the,6.7003,2.9243,3.7760,15,0
huang2024,131,6,machine,7.4234,9.4410,-2.0176,15,0
huang2024,131,7,started,9.9299,8.3143,1.6156,15,0
huang2024,131,8,working,3.9802,8.1736,-4.1934,15,0
huang2024,131,9,efficiently,8.2342,11.9958,-3.7616,15,0
huang2024,131,10,with,2.1874,4.9505,-2.7631,15,0
huang2024,131,11,the,1.2393,2.9243,-1.6851,15,0
huang2024,131,12,added,7.6781,8.8388,-1.1606,15,0
huang2024,131,13,automation,6.5930,11.9734,-5.3804,15,0
huang2024,131,14,.,2.0746,2.3026,-0.2280,15,0
huang2024,131,15,<eos>,5.1291,2.3026,2.8265,15,0
huang2024,132,0,The,3.9745,2.9243,1.0501,15,0
huang2024,132,1,dancer,12.5382,11.5362,1.0020,15,0
huang2024,132,2,knew,7.9224,8.7529,-0.8305,15,0
huang2024,132,3,that,1.9015,4.5854,-2.6838,15,0
huang2024,132,4,the,1.9190,2.9243,-1.0054,15,0
huang2024,132,5,ballet,6.7140,11.6283,-4.9143,15,0
huang2024,132,6,achieved,9.8379,10.3848,-0.5468,15,0
huang2024,132,7,incredible,6.7919,10.0613,-3.2694,15,0
huang2024,132,8,success,1.8049,9.0706,-7.2657,15,0
huang2024,132,9,for,3.8191,4.5854,-0.7662,15,0
huang2024,132,10,a,3.1341,3.7766,-0.6425,15,0
huang2024,132,11,small,5.5506,8.0348,-2.4842,15,0
huang2024,132,12,local,6.6929,8.2208,-1.5279,15,0
huang2024,132,13,production,6.5380,8.8883,-2.3502,15,0
huang2024,132,14,.,1.3114,2.3026,-0.9911,15,0
huang2024,132,15,<eos>,5.1235,2.3026,2.8209,15,0
huang2024,133,0,Once,7.9343,7.9895,-0.0552,18,0
huang2024,133,1,the,2.2953,2.9243,-0.6290,18,0
huang2024,133,2,dancer,11.6067,11.5362,0.0705,18,0
huang2024,133,3,began,6.4135,9.0533,-2.6398,18,0
huang2024,133,4,",",5.1538,2.3026,2.8512,18,0
huang2024,133,5,the,1.7697,2.9243,-1.1547,18,0
huang2024,133,6,ballet,6.2260,11.6283,-5.4023,18,0
huang2024,133,7,achieved,9.5344,10.3848,-0.8504,18,0
huang2024,133,8,incredible,6.7351,10.0613,-3.3262,18,0
huang2024,133,9,success,1.2376,9.0706,-7.8329,18,0
huang2024,133,10,for,3.9370,4.5854,-0.6484,18,0
huang2024,133,11,a,3.2956,3.7766,-0.4810,18,0
huang2024,133,12,show,5.2549,7.6438,-2.3889,18,0
huang2024,133,13,with,4.1751,4.9505,-0.7753,18,0
huang2024,133,14,a,2.0435,3.7766,-1.7332,18,0
huang2024,133,15,new,3.4828,6.3311,-2.8484,18,0
huang2024,133,16,performer,7.4532,11.9734,-4.5201,18,0
huang2024,133,17,.,1.1742,2.3026,-1.1284,18,0
huang2024,133,18,<eos>,5.2055,2.3026,2.9029,18,0
huang2024,134,0,The,3.9745,2.9243,1.0501,15,0
huang2024,134,1,dancer,12.5382,11.5362,1.0020,15,0
huang2024,134,2,who,3.2737,6.1239,-2.8502,15,0
huang2024,134,3,was,2.9147,5.0192,-2.1044,15,0
huang2024,134,4,assigned,5.5676,10.6168,-5.0492,15,0
huang2024,134,5,the,3.0274,2.9243,0.1031,15,0
huang2024,134,6,ballet,7.0928,11.6283,-4.5356,15,0
huang2024,134,7,achieved,13.4589,10.3848,3.0742,15,0
huang2024,134,8,incredible,6.7253,10.0613,-3.3360,15,0
huang2024,134,9,success,2.0965,9.0706,-6.9741,15,0
huang2024,134,10,for,4.0552,4.5854,-0.5302,15,0
huang2024,134,11,a,3.2990,3.7766,-0.4776,15,0
huang2024,134,12,new,3.8644,6.3311,-2.4668,15,0
huang2024,134,13,performer,7.2370,11.9734,-4.7364,15,0
huang2024,134,14,.,1.4783,2.3026,-0.8243,15,0
huang2024,134,15,<eos>,5.0029,2.3026,2.7003,15,0
huang2024,135,0,The,3.9745,2.9243,1.0501,17,0
huang2024,135,1,contestant,12.6676,12.7103,-0.0426,17,0
huang2024,135,2,revealed,7.8290,10.0155,-2.1865,17,0
huang2024,135,3,that,1.3894,4.5854,-3.1960,17,0
huang2024,135,4,the,1.7690,2.9243,-1.1554,17,0
huang2024,135,5,money,8.1522,7.7356,0.4166,17,0
huang2024,135,6,became,8.2927,8.8668,-0.5740,17,0
huang2024,135,7,unavailable,6.9689,12.3639,-5.3950,17,0
huang2024,135,8,to,1.8025,3.6156,-1.8131,17,0
huang2024,135,9,him,4.3507,6.6531,-2.3024,17,0
huang2024,135,10,when,3.3933,6.0576,-2.6643,17,0
huang2024,135,11,the,2.3118,2.9243,-0.6125,17,0
huang2024,135,12,show,4.4421,7.6438,-3.2017,17,0
huang2024,135,13,'s,4.0646,2.3026,1.7620,17,0
huang2024,135,14,budget,7.5839,9.6243,-2.0405,17,0
huang2024,135,15,shrank,6.9770,14.0462,-7.0692,17,0
huang2024,135,16,.,0.9291,2.3026,-1.3735,17,0
huang2024,135,17,<eos>,4.6339,2.3026,2.3313,17,0
huang2024,136,0,After,6.4088,6.6531,-0.2443,18,0
huang2024,136,1,the,2.6594,2.9243,-0.2649,18,0
huang2024,136,2,contestant,13.5140,12.7103,0.8037,18,0
huang2024,136,3,lost,6.1714,8.3143,-2.1429,18,0
huang2024,136,4,",",2.9568,2.3026,0.6542,18,0
huang2024,136,5,the,1.6555,2.9243,-1.2689,18,0
huang2024,136,6,money,8.5539,7.7356,0.8184,18,0
huang2024,136,7,became,5.3873,8.8668,-3.4794,18,0
huang2024,136,8,unavailable,5.8563,12.3639,-6.5076,18,0
huang2024,136,9,despite,7.0970,9.2103,-2.1133,18,0
huang2024,136,10,his,4.1116,5.7322,-1.6206,18,0
huang2024,136,11,previous,5.2746,9.2103,-3.9357,18,0
huang2024,136,12,three,6.7969,7.4136,-0.6167,18,0
huang2024,136,13,wins,3.6891,9.9015,-6.2124,18,0
huang2024,136,14,in,2.8485,3.9846,-1.1361,18,0
huang2024,136,15,a,1.9873,3.7766,-1.7893,18,0
huang2024,136,16,row,0.9295,10.1316,-9.2022,18,0
huang2024,136,17,.,0.7417,2.3026,-1.5609,18,0
huang2024,136,18,<eos>,4.6711,2.3026,2.3685,18,0
huang2024,137,0,The,3.9745,2.9243,1.0501,15,0
huang2024,137,1,contestant,12.6676,12.7103,-0.0426,15,0
huang2024,137,2,who,4.2526,6.1239,-1.8712,15,0
huang2024,137,3,was,3.5004,5.0192,-1.5188,15,0
huang2024,137,4,paid,6.3192,8.9327,-2.6135,15,0
huang2024,137,5,the,2.7603,2.9243,-0.1641,15,0
huang2024,137,6,money,5.1585,7.7356,-2.5771,15,0
huang2024,137,7,became,9.9203,8.8668,1.0536,15,0
huang2024,137,8,unavailable,7.9356,12.3639,-4.4283,15,0
huang2024,137,9,and,3.7330,3.6613,0.0717,15,0
huang2024,137,10,suddenly,6.7612,9.9237,-3.1625,15,0
huang2024,137,11,terminated,8.0731,12.0892,-4.0160,15,0
huang2024,137,12,his,1.9096,5.7322,-3.8225,15,0
huang2024,137,13,contract,1.5638,9.3485,-7.7846,15,0
huang2024,137,14,.,1.6589,2.3026,-0.6436,15,0
huang2024,137,15,<eos>,4.8673,2.3026,2.5647,15,0
huang2024,138,0,The,3.9745,2.9243,1.0501,14,0
huang2024,138,1,new,5.7411,6.3311,-0.5901,14,0
huang2024,138,2,chef,11.2696,10.9823,0.2873,14,0
huang2024,138,3,claimed,10.1538,10.0382,0.1156,14,0
huang2024,138,4,that,1.2484,4.5854,-3.3370,14,0
huang2024,138,5,the,1.6375,2.9243,-1.2868,14,0
huang2024,138,6,restaurant,5.2483,9.9464,-4.6981,14,0
huang2024,138,7,separated,12.3569,10.8198,1.5372,14,0
huang2024,138,8,mediocre,12.0208,12.6186,-0.5978,14,0
huang2024,138,9,cooks,8.1290,12.3181,-4.1891,14,0
huang2024,138,10,from,0.5332,5.4561,-4.9229,14,0
huang2024,138,11,gifted,10.9772,11.7665,-0.7893,14,0
huang2024,138,12,ones,6.0910,9.0533,-2.9624,14,0
huang2024,138,13,.,1.7183,2.3026,-0.5842,14,0
huang2024,138,14,<eos>,5.4229,2.3026,3.1203,14,0
huang2024,139,0,Once,7.9343,7.9895,-0.0552,15,0
huang2024,139,1,the,2.2953,2.9243,-0.6290,15,0
huang2024,139,2,new,5.3715,6.3311,-0.9597,15,0
huang2024,139,3,chef,10.3453,10.9823,-0.6370,15,0
huang2024,139,4,started,5.4975,8.3143,-2.8167,15,0
huang2024,139,5,",",2.3678,2.3026,0.0652,15,0
huang2024,139,6,the,1.9323,2.9243,-0.9920,15,0
huang2024,139,7,restaurant,4.8389,9.9464,-5.1075,15,0
huang2024,139,8,separated,11.0936,10.8198,0.2738,15,0
huang2024,139,9,mediocre,12.8740,12.6186,0.2555,15,0
huang2024,139,10,cooks,7.6382,12.3181,-4.6800,15,0
huang2024,139,11,from,0.9257,5.4561,-4.5305,15,0
huang2024,139,12,gifted,12.0529,11.7665,0.2863,15,0
huang2024,139,13,ones,6.4495,9.0533,-2.6039,15,0
huang2024,139,14,.,1.7520,2.3026,-0.5506,15,0
huang2024,139,15,<eos>,6.0787,2.3026,3.7761,15,0
huang2024,140,0,The,3.9745,2.9243,1.0501,15,0
huang2024,140,1,new,5.7411,6.3311,-0.5901,15,0
huang2024,140,2,chef,11.2696,10.9823,0.2873,15,0
huang2024,140,3,who,5.3917,6.1239,-0.7322,15,0
huang2024,140,4,was,3.4005,5.0192,-1.6187,15,0
huang2024,140,5,offered,6.9259,9.5333,-2.6074,15,0
huang2024,140,6,the,1.4181,2.9243,-1.5063,15,0
huang2024,140,7,restaurant,6.2893,9.9464,-3.6571,15,0
huang2024,140,8,separated,14.3569,10.8198,3.5371,15,0
huang2024,140,9,mediocre,13.2087,12.6186,0.5902,15,0
huang2024,140,10,cooks,7.8285,12.3181,-4.4897,15,0
huang2024,140,11,from,0.9126,5.4561,-4.5436,15,0
huang2024,140,12,gifted,10.8756,11.7665,-0.8909,15,0
huang2024,140,13,ones,5.8490,9.0533,-3.2044,15,0
huang2024,140,14,.,1.7138,2.3026,-0.5888,15,0
huang2024,140,15,<eos>,5.0632,2.3026,2.7606,15,0
huang2024,141,0,The,3.9745,2.9243,1.0501,16,0
huang2024,141,1,apprentice,13.4590,12.2041,1.2549,16,0
huang2024,141,2,baker,10.6936,10.9823,-0.2887,16,0
huang2024,141,3,discovered,7.7522,9.8082,-2.0560,16,0
huang2024,141,4,that,2.0797,4.5854,-2.5057,16,0
huang2024,141,5,the,1.5936,2.9243,-1.3308,16,0
huang2024,141,6,oven,7.9308,11.3996,-3.4688,16,0
huang2024,141,7,produced,7.4978,9.5101,-2.0123,16,0
huang2024,141,8,smaller,9.2073,9.6708,-0.4635,16,0
huang2024,141,9,cakes,5.5295,11.8582,-6.3287,16,0
huang2024,141,10,because,5.4954,6.8401,-1.3447,16,0
huang2024,141,11,it,2.2430,4.7206,-2.4775,16,0
huang2024,141,12,heated,6.4648,11.3059,-4.8411,16,0
huang2024,141,13,too,5.7437,7.0232,-1.2795,16,0
huang2024,141,14,fast,1.5192,8.9102,-7.3910,16,0
huang2024,141,15,.,1.0935,2.3026,-1.2091,16,0
huang2024,141,16,<eos>,4.4710,2.3026,2.1684,16,0
huang2024,142,0,When,5.5059,6.0576,-0.5517,16,0
huang2024,142,1,the,2.5304,2.9243,-0.3939,16,0
huang2024,142,2,apprentice,11.7824,12.2041,-0.4217,16,0
huang2024,142,3,baker,10.8468,10.9823,-0.1355,16,0
huang2024,142,4,worked,7.0047,8.8388,-1.8341,16,0
huang2024,142,5,",",2.9463,2.3026,0.6437,16,0
huang2024,142,6,the,1.9085,2.9243,-1.0159,16,0
huang2024,142,7,oven,8.0578,11.3996,-3.3418,16,0
huang2024,142,8,produced,6.8344,9.5101,-2.6757,16,0
huang2024,142,9,smaller,8.7966,9.6708,-0.8742,16,0
huang2024,142,10,cakes,5.1109,11.8582,-6.7473,16,0
huang2024,142,11,because,5.6089,6.8401,-1.2312,16,0
huang2024,142,12,he,3.0599,5.3185,-2.2587,16,0
huang2024,142,13,lacked,6.4978,11.9734,-5.4756,16,0
huang2024,142,14,experience,7.9527,8.5898,-0.6371,16,0
huang2024,142,15,.,2.3045,2.3026,0.0019,16,0
huang2024,142,16,<eos>,5.0027,2.3026,2.7002,16,0
huang2024,143,0,The,3.9745,2.9243,1.0501,16,0
huang2024,143,1,apprentice,13.4590,12.2041,1.2549,16,0
huang2024,143,2,baker,10.6936,10.9823,-0.2887,16,0
huang2024,143,3,who,3.6648,6.1239,-2.4591,16,0
huang2024,143,4,was,3.1053,5.0192,-1.9139,16,0
huang2024,143,5,assigned,6.2430,10.6168,-4.3738,16,0
huang2024,143,6,the,3.7695,2.9243,0.8451,16,0
huang2024,143,7,oven,9.5923,11.3996,-1.8073,16,0
huang2024,143,8,produced,10.0886,9.5101,0.5785,16,0
huang2024,143,9,smaller,10.1824,9.6708,0.5116,16,0
huang2024,143,10,cakes,5.1483,11.8582,-6.7100,16,0
huang2024,143,11,because,5.4608,6.8401,-1.3793,16,0
huang2024,143,12,he,1.9141,5.3185,-3.4044,16,0
huang2024,143,13,lacked,6.2334,11.9734,-5.7400,16,0
huang2024,143,14,experience,7.1557,8.5898,-1.4341,16,0
huang2024,143,15,.,3.2451,2.3026,0.9426,16,0
huang2024,143,16,<eos>,4.4096,2.3026,2.1070,16,0
