dataset,sentence_id,unit_idx,unit,s_lm,s_uni,rel,n_units,has_context
ryskin2021,0,0,Someone,10.8313,7.7587,3.0726,11,0
ryskin2021,0,1,who,3.4384,6.1239,-2.6855,11,0
ryskin2021,0,2,has,2.3992,6.0576,-3.6584,11,0
ryskin2021,0,3,fought,7.8142,10.3848,-2.5705,11,0
ryskin2021,0,4,in,2.3662,3.9846,-1.6184,11,0
ryskin2021,0,5,a,3.3160,3.7766,-0.4606,11,0
ryskin2021,0,6,war,2.5344,8.1526,-5.6182,11,0
ryskin2021,0,7,is,6.4256,4.4482,1.9775,11,0
ryskin2021,0,8,a,2.4017,3.7766,-1.3749,11,0
ryskin2021,0,9,veteran,8.1794,11.0305,-2.8511,11,0
ryskin2021,0,10,.,2.6901,2.3026,0.3875,11,0
ryskin2021,0,11,<eos>,6.3346,2.3026,4.0320,11,0
ryskin2021,1,0,Someone,10.8312,7.7587,3.0725,11,0
ryskin2021,1,1,who,3.4385,6.1239,-2.6854,11,0
ryskin2021,1,2,has,2.3992,6.0576,-3.6584,11,0
ryskin2021,1,3,fought,7.8141,10.3848,-2.5706,11,0
ryskin2021,1,4,in,2.3665,3.9846,-1.6181,11,0
ryskin2021,1,5,a,3.3159,3.7766,-0.4608,11,0
ryskin2021,1,6,war,2.5344,8.1526,-5.6182,11,0
ryskin2021,1,7,is,6.4274,4.4482,1.9792,11,0
ryskin2021,1,8,a,2.4017,3.7766,-1.3749,11,0
ryskin2021,1,9,veterinarian,11.7687,13.3773,-1.6085,11,0
ryskin2021,1,10,.,1.2102,2.3026,-1.0924,11,0
ryskin2021,1,11,<eos>,6.4053,2.3026,4.1027,11,0
ryskin2021,2,0,Someone,10.8312,7.7587,3.0725,11,0
ryskin2021,2,1,who,3.4385,6.1239,-2.6854,11,0
ryskin2021,2,2,has,2.3992,6.0576,-3.6584,11,0
ryskin2021,2,3,fought,7.8141,10.3848,-2.5706,11,0
ryskin2021,2,4,in,2.3665,3.9846,-1.6181,11,0
ryskin2021,2,5,a,3.3159,3.7766,-0.4608,11,0
ryskin2021,2,6,war,2.5344,8.1526,-5.6182,11,0
ryskin2021,2,7,is,6.4274,4.4482,1.9792,11,0
ryskin2021,2,8,a,2.4017,3.7766,-1.3749,11,0
ryskin2021,2,9,rhinestone,18.1053,14.7368,3.3685,11,0
ryskin2021,2,10,.,2.1088,2.3026,-0.1938,11,0
ryskin2021,2,11,<eos>,6.4539,2.3026,4.1514,11,0
ryskin2021,3,0,Someone,10.8313,7.7587,3.0726,11,0
ryskin2021,3,1,who,3.4384,6.1239,-2.6855,11,0
ryskin2021,3,2,has,2.3992,6.0576,-3.6584,11,0
ryskin2021,3,3,fought,7.8142,10.3848,-2.5705,11,0
ryskin2021,3,4,in,2.3662,3.9846,-1.6184,11,0
ryskin2021,3,5,a,3.3160,3.7766,-0.4606,11,0
ryskin2021,3,6,war,2.5344,8.1526,-5.6182,11,0
ryskin2021,3,7,is,6.4256,4.4482,1.9775,11,0
ryskin2021,3,8,a,2.4017,3.7766,-1.3749,11,0
ryskin2021,3,9,veterans,10.4440,10.7290,-0.2850,11,0
ryskin2021,3,10,.,4.4088,2.3026,2.1062,11,0
ryskin2021,3,11,<eos>,6.5613,2.3026,4.2587,11,0
ryskin2021,4,0,The,3.9738,2.9243,1.0495,11,0
ryskin2021,4,1,woman,8.5275,8.4039,0.1237,11,0
ryskin2021,4,2,brought,7.1501,8.8388,-1.6887,11,0
ryskin2021,4,3,her,2.0500,6.2146,-4.1646,11,0
ryskin2021,4,4,sick,8.6672,9.4861,-0.8189,11,0
ryskin2021,4,5,pet,6.2332,10.4762,-4.2430,11,0
ryskin2021,4,6,dog,4.9396,8.9792,-4.0397,11,0
ryskin2021,4,7,to,1.1407,3.6156,-2.4750,11,0
ryskin2021,4,8,a,2.2798,3.7766,-1.4968,11,0
ryskin2021,4,9,veterinarian,4.3214,13.3773,-9.0558,11,0
ryskin2021,4,10,.,1.8836,2.3026,-0.4190,11,0
ryskin2021,4,11,<eos>,5.7735,2.3026,3.4709,11,0
ryskin2021,5,0,The,3.9742,2.9243,1.0498,11,0
ryskin2021,5,1,woman,8.5278,8.4039,0.1240,11,0
ryskin2021,5,2,brought,7.1500,8.8388,-1.6888,11,0
ryskin2021,5,3,her,2.0498,6.2146,-4.1648,11,0
ryskin2021,5,4,sick,8.6671,9.4861,-0.8190,11,0
ryskin2021,5,5,pet,6.2333,10.4762,-4.2429,11,0
ryskin2021,5,6,dog,4.9389,8.9792,-4.0403,11,0
ryskin2021,5,7,to,1.1407,3.6156,-2.4750,11,0
ryskin2021,5,8,a,2.2794,3.7766,-1.4972,11,0
ryskin2021,5,9,veteran,12.6392,11.0305,1.6087,11,0
ryskin2021,5,10,.,3.5300,2.3026,1.2275,11,0
ryskin2021,5,11,<eos>,6.1103,2.3026,3.8078,11,0
ryskin2021,6,0,The,3.9742,2.9243,1.0498,11,0
ryskin2021,6,1,woman,8.5278,8.4039,0.1240,11,0
ryskin2021,6,2,brought,7.1500,8.8388,-1.6888,11,0
ryskin2021,6,3,her,2.0498,6.2146,-4.1648,11,0
ryskin2021,6,4,sick,8.6671,9.4861,-0.8190,11,0
ryskin2021,6,5,pet,6.2333,10.4762,-4.2429,11,0
ryskin2021,6,6,dog,4.9389,8.9792,-4.0403,11,0
ryskin2021,6,7,to,1.1407,3.6156,-2.4750,11,0
ryskin2021,6,8,a,2.2794,3.7766,-1.4972,11,0
ryskin2021,6,9,carton,11.5899,13.3773,-1.7873,11,0
ryskin2021,6,10,.,2.3109,2.3026,0.0083,11,0
ryskin2021,6,11,<eos>,6.1773,2.3026,3.8747,11,0
ryskin2021,7,0,The,3.9738,2.9243,1.0495,11,0
ryskin2021,7,1,woman,8.5275,8.4039,0.1237,11,0
ryskin2021,7,2,brought,7.1501,8.8388,-1.6887,11,0
ryskin2021,7,3,her,2.0500,6.2146,-4.1646,11,0
ryskin2021,7,4,sick,8.6672,9.4861,-0.8189,11,0
ryskin2021,7,5,pet,6.2332,10.4762,-4.2430,11,0
ryskin2021,7,6,dog,4.9396,8.9792,-4.0397,11,0
ryskin2021,7,7,to,1.1407,3.6156,-2.4750,11,0
ryskin2021,7,8,a,2.2798,3.7766,-1.4968,11,0
ryskin2021,7,9,veterinarians,15.7962,14.0691,1.7271,11,0
ryskin2021,7,10,.,4.6061,2.3026,2.3035,11,0
ryskin2021,7,11,<eos>,5.8718,2.3026,3.5692,11,0
ryskin2021,8,0,The,3.9742,2.9243,1.0498,11,0
ryskin2021,8,1,vintage,11.2048,11.1008,0.1040,11,0
ryskin2021,8,2,wedding,8.9312,9.6019,-0.6707,11,0
ryskin2021,8,3,dress,3.7015,9.7637,-6.0623,11,0
ryskin2021,8,4,was,3.0423,5.0192,-1.9769,11,0
ryskin2021,8,5,big,7.5943,7.6670,-0.0727,11,0
ryskin2021,8,6,and,1.6665,3.6613,-1.9948,11,0
ryskin2021,8,7,required,8.5406,9.1616,-0.6209,11,0
ryskin2021,8,8,an,3.9664,5.6869,-1.7205,11,0
ryskin2021,8,9,alteration,6.5399,13.0547,-6.5148,11,0
ryskin2021,8,10,.,2.6019,2.3026,0.2993,11,0
ryskin2021,8,11,<eos>,5.9773,2.3026,3.6747,11,0
ryskin2021,9,0,The,3.9742,2.9243,1.0498,11,0
ryskin2021,9,1,vintage,11.2048,11.1008,0.1040,11,0
ryskin2021,9,2,wedding,8.9312,9.6019,-0.6707,11,0
ryskin2021,9,3,dress,3.7015,9.7637,-6.0623,11,0
ryskin2021,9,4,was,3.0423,5.0192,-1.9769,11,0
ryskin2021,9,5,big,7.5943,7.6670,-0.0727,11,0
ryskin2021,9,6,and,1.6665,3.6613,-1.9948,11,0
ryskin2021,9,7,required,8.5406,9.1616,-0.6209,11,0
ryskin2021,9,8,an,3.9664,5.6869,-1.7205,11,0
ryskin2021,9,9,altercation,9.9532,13.5379,-3.5847,11,0
ryskin2021,9,10,.,1.5503,2.3026,-0.7523,11,0
ryskin2021,9,11,<eos>,5.7676,2.3026,3.4650,11,0
ryskin2021,10,0,The,3.9742,2.9243,1.0498,11,0
ryskin2021,10,1,vintage,11.2048,11.1008,0.1040,11,0
ryskin2021,10,2,wedding,8.9312,9.6019,-0.6707,11,0
ryskin2021,10,3,dress,3.7015,9.7637,-6.0623,11,0
ryskin2021,10,4,was,3.0423,5.0192,-1.9769,11,0
ryskin2021,10,5,big,7.5943,7.6670,-0.0727,11,0
ryskin2021,10,6,and,1.6665,3.6613,-1.9948,11,0
ryskin2021,10,7,required,8.5406,9.1616,-0.6209,11,0
ryskin2021,10,8,an,3.9664,5.6869,-1.7205,11,0
ryskin2021,10,9,inferno,12.4165,13.1224,-0.7059,11,0
ryskin2021,10,10,.,1.6417,2.3026,-0.6609,11,0
ryskin2021,10,11,<eos>,5.8902,2.3026,3.5876,11,0
ryskin2021,11,0,The,3.9742,2.9243,1.0498,11,0
ryskin2021,11,1,vintage,11.2048,11.1008,0.1040,11,0
ryskin2021,11,2,wedding,8.9312,9.6019,-0.6707,11,0
ryskin2021,11,3,dress,3.7015,9.7637,-6.0623,11,0
ryskin2021,11,4,was,3.0423,5.0192,-1.9769,11,0
ryskin2021,11,5,big,7.5943,7.6670,-0.0727,11,0
ryskin2021,11,6,and,1.6665,3.6613,-1.9948,11,0
ryskin2021,11,7,required,8.5406,9.1616,-0.6209,11,0
ryskin2021,11,8,an,3.9664,5.6869,-1.7205,11,0
ryskin2021,11,9,alterations,10.3605,12.5714,-2.2109,11,0
ryskin2021,11,10,.,2.5314,2.3026,0.2288,11,0
ryskin2021,11,11,<eos>,5.9841,2.3026,3.6815,11,0
ryskin2021,12,0,Mediators,19.9004,13.9309,5.9695,11,0
ryskin2021,12,1,prevented,12.5413,11.3059,1.2354,11,0
ryskin2021,12,2,the,2.1112,2.9243,-0.8131,11,0
ryskin2021,12,3,dispute,10.8337,10.8923,-0.0586,11,0
ryskin2021,12,4,from,4.5149,5.4561,-0.9413,11,0
ryskin2021,12,5,escalating,4.5386,13.1949,-8.6564,11,0
ryskin2021,12,6,into,2.8730,6.6531,-3.7802,11,0
ryskin2021,12,7,a,1.0530,3.7766,-2.7236,11,0
ryskin2021,12,8,violent,5.9787,10.4551,-4.4764,11,0
ryskin2021,12,9,altercation,5.8951,13.5379,-7.6428,11,0
ryskin2021,12,10,.,1.8748,2.3026,-0.4278,11,0
ryskin2021,12,11,<eos>,5.3096,2.3026,3.0070,11,0
ryskin2021,13,0,Mediators,19.8994,13.9309,5.9685,11,0
ryskin2021,13,1,prevented,12.5415,11.3059,1.2356,11,0
ryskin2021,13,2,the,2.1113,2.9243,-0.8130,11,0
ryskin2021,13,3,dispute,10.8337,10.8923,-0.0587,11,0
ryskin2021,13,4,from,4.5176,5.4561,-0.9386,11,0
ryskin2021,13,5,escalating,4.5390,13.1949,-8.6560,11,0
ryskin2021,13,6,into,2.8741,6.6531,-3.7790,11,0
ryskin2021,13,7,a,1.0528,3.7766,-2.7238,11,0
ryskin2021,13,8,violent,5.9790,10.4551,-4.4762,11,0
ryskin2021,13,9,alteration,10.6170,13.0547,-2.4377,11,0
ryskin2021,13,10,.,3.2307,2.3026,0.9281,11,0
ryskin2021,13,11,<eos>,5.5211,2.3026,3.2185,11,0
ryskin2021,14,0,Mediators,19.9004,13.9309,5.9695,11,0
ryskin2021,14,1,prevented,12.5413,11.3059,1.2354,11,0
ryskin2021,14,2,the,2.1112,2.9243,-0.8131,11,0
ryskin2021,14,3,dispute,10.8337,10.8923,-0.0586,11,0
ryskin2021,14,4,from,4.5149,5.4561,-0.9413,11,0
ryskin2021,14,5,escalating,4.5386,13.1949,-8.6564,11,0
ryskin2021,14,6,into,2.8730,6.6531,-3.7802,11,0
ryskin2021,14,7,a,1.0530,3.7766,-2.7236,11,0
ryskin2021,14,8,violent,5.9787,10.4551,-4.4764,11,0
ryskin2021,14,9,muskrat,19.5460,15.1742,4.3718,11,0
ryskin2021,14,10,.,2.3093,2.3026,0.0067,11,0
ryskin2021,14,11,<eos>,5.4489,2.3026,3.1463,11,0
ryskin2021,15,0,Mediators,19.9004,13.9309,5.9695,11,0
ryskin2021,15,1,prevented,12.5413,11.3059,1.2354,11,0
ryskin2021,15,2,the,2.1112,2.9243,-0.8131,11,0
ryskin2021,15,3,dispute,10.8337,10.8923,-0.0586,11,0
ryskin2021,15,4,from,4.5149,5.4561,-0.9413,11,0
ryskin2021,15,5,escalating,4.5386,13.1949,-8.6564,11,0
ryskin2021,15,6,into,2.8730,6.6531,-3.7802,11,0
ryskin2021,15,7,a,1.0530,3.7766,-2.7236,11,0
ryskin2021,15,8,violent,5.9787,10.4551,-4.4764,11,0
ryskin2021,15,9,altercations,13.0173,15.3342,-2.3169,11,0
ryskin2021,15,10,.,1.9799,2.3026,-0.3227,11,0
ryskin2021,15,11,<eos>,5.5129,2.3026,3.2103,11,0
ryskin2021,16,0,The,3.9734,2.9243,1.0490,11,0
ryskin2021,16,1,storyteller,18.8448,13.6332,5.2116,11,0
ryskin2021,16,2,could,6.8725,6.7680,0.1045,11,0
ryskin2021,16,3,turn,6.3210,8.4732,-2.1522,11,0
ryskin2021,16,4,any,6.3833,6.7508,-0.3675,11,0
ryskin2021,16,5,incident,10.5224,10.2688,0.2536,11,0
ryskin2021,16,6,into,2.0438,6.6531,-4.6093,11,0
ryskin2021,16,7,an,2.2506,5.6869,-3.4364,11,0
ryskin2021,16,8,amusing,8.6116,12.0663,-3.4547,11,0
ryskin2021,16,9,anecdote,5.3472,13.3581,-8.0108,11,0
ryskin2021,16,10,.,1.7571,2.3026,-0.5455,11,0
ryskin2021,16,11,<eos>,4.5058,2.3026,2.2033,11,0
ryskin2021,17,0,The,3.9734,2.9243,1.0490,11,0
ryskin2021,17,1,storyteller,18.8448,13.6332,5.2116,11,0
ryskin2021,17,2,could,6.8725,6.7680,0.1045,11,0
ryskin2021,17,3,turn,6.3210,8.4732,-2.1522,11,0
ryskin2021,17,4,any,6.3833,6.7508,-0.3675,11,0
ryskin2021,17,5,incident,10.5224,10.2688,0.2536,11,0
ryskin2021,17,6,into,2.0438,6.6531,-4.6093,11,0
ryskin2021,17,7,an,2.2506,5.6869,-3.4364,11,0
ryskin2021,17,8,amusing,8.6116,12.0663,-3.4547,11,0
ryskin2021,17,9,antidote,11.8886,13.2389,-1.3503,11,0
ryskin2021,17,10,.,1.7003,2.3026,-0.6023,11,0
ryskin2021,17,11,<eos>,4.3651,2.3026,2.0625,11,0
ryskin2021,18,0,The,3.9734,2.9243,1.0490,11,0
ryskin2021,18,1,storyteller,18.8448,13.6332,5.2116,11,0
ryskin2021,18,2,could,6.8725,6.7680,0.1045,11,0
ryskin2021,18,3,turn,6.3210,8.4732,-2.1522,11,0
ryskin2021,18,4,any,6.3833,6.7508,-0.3675,11,0
ryskin2021,18,5,incident,10.5224,10.2688,0.2536,11,0
ryskin2021,18,6,into,2.0438,6.6531,-4.6093,11,0
ryskin2021,18,7,an,2.2506,5.6869,-3.4364,11,0
ryskin2021,18,8,amusing,8.6116,12.0663,-3.4547,11,0
ryskin2021,18,9,hearse,14.2090,14.2760,-0.0670,11,0
ryskin2021,18,10,.,1.4906,2.3026,-0.8119,11,0
ryskin2021,18,11,<eos>,4.2648,2.3026,1.9622,11,0
ryskin2021,19,0,The,3.9734,2.9243,1.0490,11,0
ryskin2021,19,1,storyteller,18.8448,13.6332,5.2116,11,0
ryskin2021,19,2,could,6.8725,6.7680,0.1045,11,0
ryskin2021,19,3,turn,6.3210,8.4732,-2.1522,11,0
ryskin2021,19,4,any,6.3833,6.7508,-0.3675,11,0
ryskin2021,19,5,incident,10.5224,10.2688,0.2536,11,0
ryskin2021,19,6,into,2.0438,6.6531,-4.6093,11,0
ryskin2021,19,7,an,2.2506,5.6869,-3.4364,11,0
ryskin2021,19,8,amusing,8.6116,12.0663,-3.4547,11,0
ryskin2021,19,9,anecdotes,12.7109,12.9870,-0.2761,11,0
ryskin2021,19,10,.,1.6005,2.3026,-0.7021,11,0
ryskin2021,19,11,<eos>,4.3689,2.3026,2.0663,11,0
ryskin2021,20,0,She,7.2417,6.3089,0.9328,11,0
ryskin2021,20,1,saved,8.3183,9.9696,-1.6514,11,0
ryskin2021,20,2,him,6.0246,6.6531,-0.6285,11,0
ryskin2021,20,3,from,2.1877,5.4561,-3.2684,11,0
ryskin2021,20,4,the,2.4448,2.9243,-0.4795,11,0
ryskin2021,20,5,poison,9.3498,11.3306,-1.9808,11,0
ryskin2021,20,6,by,4.0574,5.3882,-1.3308,11,0
ryskin2021,20,7,administering,9.6781,13.1224,-3.4443,11,0
ryskin2021,20,8,an,2.6853,5.6869,-3.0017,11,0
ryskin2021,20,9,antidote,4.1553,13.2389,-9.0836,11,0
ryskin2021,20,10,.,1.5157,2.3026,-0.7869,11,0
ryskin2021,20,11,<eos>,4.3312,2.3026,2.0287,11,0
ryskin2021,21,0,She,7.2417,6.3089,0.9328,11,0
ryskin2021,21,1,saved,8.3183,9.9696,-1.6514,11,0
ryskin2021,21,2,him,6.0246,6.6531,-0.6285,11,0
ryskin2021,21,3,from,2.1877,5.4561,-3.2684,11,0
ryskin2021,21,4,the,2.4448,2.9243,-0.4795,11,0
ryskin2021,21,5,poison,9.3498,11.3306,-1.9808,11,0
ryskin2021,21,6,by,4.0574,5.3882,-1.3308,11,0
ryskin2021,21,7,administering,9.6781,13.1224,-3.4443,11,0
ryskin2021,21,8,an,2.6853,5.6869,-3.0017,11,0
ryskin2021,21,9,anecdote,9.0352,13.3581,-4.3229,11,0
ryskin2021,21,10,.,2.1633,2.3026,-0.1393,11,0
ryskin2021,21,11,<eos>,4.5509,2.3026,2.2483,11,0
ryskin2021,22,0,She,7.2417,6.3089,0.9328,11,0
ryskin2021,22,1,saved,8.3183,9.9696,-1.6514,11,0
ryskin2021,22,2,him,6.0246,6.6531,-0.6285,11,0
ryskin2021,22,3,from,2.1877,5.4561,-3.2684,11,0
ryskin2021,22,4,the,2.4448,2.9243,-0.4795,11,0
ryskin2021,22,5,poison,9.3498,11.3306,-1.9808,11,0
ryskin2021,22,6,by,4.0574,5.3882,-1.3308,11,0
ryskin2021,22,7,administering,9.6781,13.1224,-3.4443,11,0
ryskin2021,22,8,a,1.2645,3.7766,-2.5121,11,0
ryskin2021,22,9,matinee,16.7087,14.2295,2.4792,11,0
ryskin2021,22,10,.,3.4098,2.3026,1.1072,11,0
ryskin2021,22,11,<eos>,4.6050,2.3026,2.3024,11,0
ryskin2021,23,0,She,7.2417,6.3089,0.9328,11,0
ryskin2021,23,1,saved,8.3183,9.9696,-1.6514,11,0
ryskin2021,23,2,him,6.0246,6.6531,-0.6285,11,0
ryskin2021,23,3,from,2.1877,5.4561,-3.2684,11,0
ryskin2021,23,4,the,2.4448,2.9243,-0.4795,11,0
ryskin2021,23,5,poison,9.3498,11.3306,-1.9808,11,0
ryskin2021,23,6,by,4.0574,5.3882,-1.3308,11,0
ryskin2021,23,7,administering,9.6781,13.1224,-3.4443,11,0
ryskin2021,23,8,an,2.6853,5.6869,-3.0017,11,0
ryskin2021,23,9,antidotes,10.0915,15.6357,-5.5441,11,0
ryskin2021,23,10,.,2.1552,2.3026,-0.1474,11,0
ryskin2021,23,11,<eos>,4.4064,2.3026,2.1038,11,0
ryskin2021,24,0,Clownfish,24.2942,15.7060,8.5882,11,0
ryskin2021,24,1,have,5.4748,5.2726,0.2021,11,0
ryskin2021,24,2,evolved,4.9450,11.3059,-6.3609,11,0
ryskin2021,24,3,invulnerability,15.0138,15.5875,-0.5737,11,0
ryskin2021,24,4,to,1.3967,3.6156,-2.2189,11,0
ryskin2021,24,5,the,1.9218,2.9243,-1.0025,11,0
ryskin2021,24,6,poison,10.2884,11.3306,-1.0423,11,0
ryskin2021,24,7,tentacles,15.4718,13.3581,2.1138,11,0
ryskin2021,24,8,of,1.0957,3.6849,-2.5892,11,0
ryskin2021,24,9,anemones,16.9891,15.0814,1.9078,11,0
ryskin2021,24,10,.,1.6547,2.3026,-0.6479,11,0
ryskin2021,24,11,<eos>,5.6270,2.3026,3.3244,11,0
ryskin2021,25,0,Clownfish,24.2942,15.7060,8.5882,11,0
ryskin2021,25,1,have,5.4748,5.2726,0.2021,11,0
ryskin2021,25,2,evolved,4.9450,11.3059,-6.3609,11,0
ryskin2021,25,3,invulnerability,15.0138,15.5875,-0.5737,11,0
ryskin2021,25,4,to,1.3967,3.6156,-2.2189,11,0
ryskin2021,25,5,the,1.9218,2.9243,-1.0025,11,0
ryskin2021,25,6,poison,10.2884,11.3306,-1.0423,11,0
ryskin2021,25,7,tentacles,15.4718,13.3581,2.1138,11,0
ryskin2021,25,8,of,1.0957,3.6849,-2.5892,11,0
ryskin2021,25,9,amenities,16.9689,12.5947,4.3742,11,0
ryskin2021,25,10,.,3.0003,2.3026,0.6977,11,0
ryskin2021,25,11,<eos>,5.7946,2.3026,3.4920,11,0
ryskin2021,26,0,Clownfish,24.2942,15.7060,8.5882,11,0
ryskin2021,26,1,have,5.4748,5.2726,0.2021,11,0
ryskin2021,26,2,evolved,4.9450,11.3059,-6.3609,11,0
ryskin2021,26,3,invulnerability,15.0138,15.5875,-0.5737,11,0
ryskin2021,26,4,to,1.3967,3.6156,-2.2189,11,0
ryskin2021,26,5,the,1.9218,2.9243,-1.0025,11,0
ryskin2021,26,6,poison,10.2884,11.3306,-1.0423,11,0
ryskin2021,26,7,tentacles,15.4718,13.3581,2.1138,11,0
ryskin2021,26,8,of,1.0957,3.6849,-2.5892,11,0
ryskin2021,26,9,ornaments,15.3825,12.9194,2.4631,11,0
ryskin2021,26,10,.,1.9594,2.3026,-0.3432,11,0
ryskin2021,26,11,<eos>,5.9145,2.3026,3.6119,11,0
ryskin2021,27,0,Clownfish,24.2942,15.7060,8.5882,11,0
ryskin2021,27,1,have,5.4748,5.2726,0.2021,11,0
ryskin2021,27,2,evolved,4.9450,11.3059,-6.3609,11,0
ryskin2021,27,3,invulnerability,15.0138,15.5875,-0.5737,11,0
ryskin2021,27,4,to,1.3967,3.6156,-2.2189,11,0
ryskin2021,27,5,the,1.9218,2.9243,-1.0025,11,0
ryskin2021,27,6,poison,10.2884,11.3306,-1.0423,11,0
ryskin2021,27,7,tentacles,15.4718,13.3581,2.1138,11,0
ryskin2021,27,8,of,1.0957,3.6849,-2.5892,11,0
ryskin2021,27,9,anemone,15.0400,14.8289,0.2112,11,0
ryskin2021,27,10,.,3.8089,2.3026,1.5063,11,0
ryskin2021,27,11,<eos>,5.3683,2.3026,3.0657,11,0
ryskin2021,28,0,The,3.9742,2.9243,1.0498,11,0
ryskin2021,28,1,upscale,14.5286,13.1477,1.3809,11,0
ryskin2021,28,2,apartment,7.5557,10.0155,-2.4599,11,0
ryskin2021,28,3,was,4.1853,5.0192,-0.8339,11,0
ryskin2021,28,4,complete,7.1001,8.9792,-1.8791,11,0
ryskin2021,28,5,with,2.0624,4.9505,-2.8881,11,0
ryskin2021,28,6,all,4.3874,5.7108,-1.3234,11,0
ryskin2021,28,7,these,6.9173,6.8124,0.1049,11,0
ryskin2021,28,8,modern,6.7040,9.0533,-2.3493,11,0
ryskin2021,28,9,amenities,3.1361,12.5947,-9.4586,11,0
ryskin2021,28,10,.,1.7251,2.3026,-0.5775,11,0
ryskin2021,28,11,<eos>,6.5490,2.3026,4.2465,11,0
ryskin2021,29,0,The,3.9734,2.9243,1.0490,11,0
ryskin2021,29,1,upscale,14.5285,13.1477,1.3808,11,0
ryskin2021,29,2,apartment,7.5557,10.0155,-2.4598,11,0
ryskin2021,29,3,was,4.1856,5.0192,-0.8335,11,0
ryskin2021,29,4,complete,7.1001,8.9792,-1.8792,11,0
ryskin2021,29,5,with,2.0622,4.9505,-2.8883,11,0
ryskin2021,29,6,all,4.3878,5.7108,-1.3230,11,0
ryskin2021,29,7,these,6.9169,6.8124,0.1045,11,0
ryskin2021,29,8,modern,6.7044,9.0533,-2.3490,11,0
ryskin2021,29,9,anemones,16.6280,15.0814,1.5466,11,0
ryskin2021,29,10,.,1.7412,2.3026,-0.5613,11,0
ryskin2021,29,11,<eos>,5.7780,2.3026,3.4754,11,0
ryskin2021,30,0,The,3.9742,2.9243,1.0498,11,0
ryskin2021,30,1,upscale,14.5286,13.1477,1.3809,11,0
ryskin2021,30,2,apartment,7.5557,10.0155,-2.4599,11,0
ryskin2021,30,3,was,4.1853,5.0192,-0.8339,11,0
ryskin2021,30,4,complete,7.1001,8.9792,-1.8791,11,0
ryskin2021,30,5,with,2.0624,4.9505,-2.8881,11,0
ryskin2021,30,6,all,4.3874,5.7108,-1.3234,11,0
ryskin2021,30,7,these,6.9173,6.8124,0.1049,11,0
ryskin2021,30,8,modern,6.7040,9.0533,-2.3493,11,0
ryskin2021,30,9,lymph,13.0894,13.3581,-0.2686,11,0
ryskin2021,30,10,.,7.8800,2.3026,5.5774,11,0
ryskin2021,30,11,<eos>,5.8345,2.3026,3.5319,11,0
ryskin2021,31,0,The,3.9738,2.9243,1.0495,11,0
ryskin2021,31,1,upscale,14.5287,13.1477,1.3810,11,0
ryskin2021,31,2,apartment,7.5554,10.0155,-2.4601,11,0
ryskin2021,31,3,was,4.1856,5.0192,-0.8335,11,0
ryskin2021,31,4,complete,7.1000,8.9792,-1.8792,11,0
ryskin2021,31,5,with,2.0623,4.9505,-2.8881,11,0
ryskin2021,31,6,all,4.3879,5.7108,-1.3229,11,0
ryskin2021,31,7,these,6.9165,6.8124,0.1041,11,0
ryskin2021,31,8,modern,6.7039,9.0533,-2.3495,11,0
ryskin2021,31,9,amenity,12.3226,14.3918,-2.0692,11,0
ryskin2021,31,10,.,5.8152,2.3026,3.5126,11,0
ryskin2021,31,11,<eos>,6.3476,2.3026,4.0450,11,0
ryskin2021,32,0,The,3.9742,2.9243,1.0498,11,0
ryskin2021,32,1,flooded,13.4683,11.9958,1.4725,11,0
ryskin2021,32,2,river,4.2425,9.1427,-4.9002,11,0
ryskin2021,32,3,fertilized,13.2934,13.9994,-0.7060,11,0
ryskin2021,32,4,the,3.3599,2.9243,0.4355,11,0
ryskin2021,32,5,fields,8.1080,10.1316,-2.0237,11,0
ryskin2021,32,6,with,2.5272,4.9505,-2.4232,11,0
ryskin2021,32,7,a,2.2348,3.7766,-1.5418,11,0
ryskin2021,32,8,rich,6.8225,9.4174,-2.5949,11,0
ryskin2021,32,9,sediment,6.8363,12.8485,-6.0122,11,0
ryskin2021,32,10,.,2.5253,2.3026,0.2227,11,0
ryskin2021,32,11,<eos>,5.5953,2.3026,3.2927,11,0
ryskin2021,33,0,The,3.9742,2.9243,1.0498,11,0
ryskin2021,33,1,flooded,13.4683,11.9958,1.4725,11,0
ryskin2021,33,2,river,4.2425,9.1427,-4.9002,11,0
ryskin2021,33,3,fertilized,13.2934,13.9994,-0.7060,11,0
ryskin2021,33,4,the,3.3599,2.9243,0.4355,11,0
ryskin2021,33,5,fields,8.1080,10.1316,-2.0237,11,0
ryskin2021,33,6,with,2.5272,4.9505,-2.4232,11,0
ryskin2021,33,7,a,2.2348,3.7766,-1.5418,11,0
ryskin2021,33,8,rich,6.8225,9.4174,-2.5949,11,0
ryskin2021,33,9,sentiment,12.1713,11.4453,0.7260,11,0
ryskin2021,33,10,.,1.8515,2.3026,-0.4511,11,0
ryskin2021,33,11,<eos>,5.3579,2.3026,3.0553,11,0
ryskin2021,34,0,The,3.9734,2.9243,1.0490,11,0
ryskin2021,34,1,flooded,13.4688,11.9958,1.4730,11,0
ryskin2021,34,2,river,4.2425,9.1427,-4.9002,11,0
ryskin2021,34,3,fertilized,13.2931,13.9994,-0.7064,11,0
ryskin2021,34,4,the,3.3596,2.9243,0.4352,11,0
ryskin2021,34,5,fields,8.1079,10.1316,-2.0238,11,0
ryskin2021,34,6,with,2.5258,4.9505,-2.4247,11,0
ryskin2021,34,7,a,2.2351,3.7766,-1.5415,11,0
ryskin2021,34,8,rich,6.8223,9.4174,-2.5951,11,0
ryskin2021,34,9,juggler,17.3097,14.8511,2.4586,11,0
ryskin2021,34,10,.,2.2974,2.3026,-0.0052,11,0
ryskin2021,34,11,<eos>,5.9233,2.3026,3.6207,11,0
ryskin2021,35,0,The,3.9738,2.9243,1.0495,11,0
ryskin2021,35,1,flooded,13.4686,11.9958,1.4728,11,0
ryskin2021,35,2,river,4.2425,9.1427,-4.9002,11,0
ryskin2021,35,3,fertilized,13.2934,13.9994,-0.7061,11,0
ryskin2021,35,4,the,3.3599,2.9243,0.4356,11,0
ryskin2021,35,5,fields,8.1074,10.1316,-2.0243,11,0
ryskin2021,35,6,with,2.5266,4.9505,-2.4238,11,0
ryskin2021,35,7,a,2.2354,3.7766,-1.5413,11,0
ryskin2021,35,8,rich,6.8221,9.4174,-2.5953,11,0
ryskin2021,35,9,sediments,9.4231,13.2167,-3.7936,11,0
ryskin2021,35,10,.,2.2413,2.3026,-0.0613,11,0
ryskin2021,35,11,<eos>,5.6647,2.3026,3.3621,11,0
ryskin2021,36,0,Political,13.5339,8.5425,4.9913,13,0
ryskin2021,36,1,corruption,7.3550,10.7064,-3.3515,13,0
ryskin2021,36,2,and,2.5984,3.6613,-1.0628,13,0
ryskin2021,36,3,economic,4.3967,8.9792,-4.5825,13,0
ryskin2021,36,4,hardship,6.0672,12.5263,-6.4591,13,0
ryskin2021,36,5,fueled,10.1914,12.5018,-2.3104,13,0
ryskin2021,36,6,a,4.7977,3.7766,1.0211,13,0
ryskin2021,36,7,growing,3.9705,9.3485,-5.3780,13,0
ryskin2021,36,8,anti,5.6238,9.1905,-3.5668,13,0
ryskin2021,36,9,-,0.0414,2.3026,-2.2612,13,0
ryskin2021,36,10,government,9.7168,7.8966,1.8202,13,0
ryskin2021,36,11,sentiment,4.8614,11.4453,-6.5839,13,0
ryskin2021,36,12,.,2.0222,2.3026,-0.2804,13,0
ryskin2021,36,13,<eos>,6.2896,2.3026,3.9870,13,0
ryskin2021,37,0,Political,13.5339,8.5425,4.9913,13,0
ryskin2021,37,1,corruption,7.3550,10.7064,-3.3515,13,0
ryskin2021,37,2,and,2.5984,3.6613,-1.0628,13,0
ryskin2021,37,3,economic,4.3967,8.9792,-4.5825,13,0
ryskin2021,37,4,hardship,6.0672,12.5263,-6.4591,13,0
ryskin2021,37,5,fueled,10.1914,12.5018,-2.3104,13,0
ryskin2021,37,6,a,4.7977,3.7766,1.0211,13,0
ryskin2021,37,7,growing,3.9705,9.3485,-5.3780,13,0
ryskin2021,37,8,anti,5.6238,9.1905,-3.5668,13,0
ryskin2021,37,9,-,0.0414,2.3026,-2.2612,13,0
ryskin2021,37,10,government,9.7168,7.8966,1.8202,13,0
ryskin2021,37,11,sediment,15.7556,12.8485,2.9071,13,0
ryskin2021,37,12,.,5.2920,2.3026,2.9894,13,0
ryskin2021,37,13,<eos>,6.4735,2.3026,4.1709,13,0
ryskin2021,38,0,Political,13.5343,8.5425,4.9918,13,0
ryskin2021,38,1,corruption,7.3549,10.7064,-3.3516,13,0
ryskin2021,38,2,and,2.5983,3.6613,-1.0629,13,0
ryskin2021,38,3,economic,4.3961,8.9792,-4.5831,13,0
ryskin2021,38,4,hardship,6.0672,12.5263,-6.4590,13,0
ryskin2021,38,5,fueled,10.1914,12.5018,-2.3104,13,0
ryskin2021,38,6,a,4.7983,3.7766,1.0217,13,0
ryskin2021,38,7,growing,3.9710,9.3485,-5.3774,13,0
ryskin2021,38,8,anti,5.6241,9.1905,-3.5665,13,0
ryskin2021,38,9,-,0.0414,2.3026,-2.2612,13,0
ryskin2021,38,10,government,9.7166,7.8966,1.8200,13,0
ryskin2021,38,11,dalmatian,21.4386,14.5986,6.8400,13,0
ryskin2021,38,12,.,6.9329,2.3026,4.6303,13,0
ryskin2021,38,13,<eos>,6.3782,2.3026,4.0756,13,0
ryskin2021,39,0,Political,13.5339,8.5425,4.9913,13,0
ryskin2021,39,1,corruption,7.3550,10.7064,-3.3515,13,0
ryskin2021,39,2,and,2.5984,3.6613,-1.0628,13,0
ryskin2021,39,3,economic,4.3967,8.9792,-4.5825,13,0
ryskin2021,39,4,hardship,6.0672,12.5263,-6.4591,13,0
ryskin2021,39,5,fueled,10.1914,12.5018,-2.3104,13,0
ryskin2021,39,6,a,4.7977,3.7766,1.0211,13,0
ryskin2021,39,7,growing,3.9705,9.3485,-5.3780,13,0
ryskin2021,39,8,anti,5.6238,9.1905,-3.5668,13,0
ryskin2021,39,9,-,0.0414,2.3026,-2.2612,13,0
ryskin2021,39,10,government,9.7168,7.8966,1.8202,13,0
ryskin2021,39,11,sentiments,9.1653,12.5486,-3.3832,13,0
ryskin2021,39,12,.,2.1546,2.3026,-0.1480,13,0
ryskin2021,39,13,<eos>,6.3182,2.3026,4.0156,13,0
ryskin2021,40,0,Up,8.7204,6.0117,2.7087,11,0
ryskin2021,40,1,on,3.3646,4.8122,-1.4476,11,0
ryskin2021,40,2,the,1.3583,2.9243,-1.5660,11,0
ryskin2021,40,3,tree,7.1546,9.5557,-2.4010,11,0
ryskin2021,40,4,branch,6.6070,10.1779,-3.5710,11,0
ryskin2021,40,5,perched,15.9721,13.2616,2.7105,11,0
ryskin2021,40,6,a,4.3777,3.7766,0.6011,11,0
ryskin2021,40,7,bright,7.5807,10.1093,-2.5286,11,0
ryskin2021,40,8,red,2.8435,8.4732,-5.6297,11,0
ryskin2021,40,9,cardinal,10.3710,11.7436,-1.3726,11,0
ryskin2021,40,10,.,2.2625,2.3026,-0.0401,11,0
ryskin2021,40,11,<eos>,5.3030,2.3026,3.0004,11,0
ryskin2021,41,0,Up,8.7216,6.0117,2.7099,11,0
ryskin2021,41,1,on,3.3645,4.8122,-1.4477,11,0
ryskin2021,41,2,the,1.3586,2.9243,-1.5658,11,0
ryskin2021,41,3,tree,7.1548,9.5557,-2.4009,11,0
ryskin2021,41,4,branch,6.6064,10.1779,-3.5715,11,0
ryskin2021,41,5,perched,15.9728,13.2616,2.7112,11,0
ryskin2021,41,6,a,4.3779,3.7766,0.6013,11,0
ryskin2021,41,7,bright,7.5805,10.1093,-2.5288,11,0
ryskin2021,41,8,red,2.8436,8.4732,-5.6296,11,0
ryskin2021,41,9,carnival,10.5237,11.8359,-1.3122,11,0
ryskin2021,41,10,.,3.5977,2.3026,1.2951,11,0
ryskin2021,41,11,<eos>,5.4912,2.3026,3.1887,11,0
ryskin2021,42,0,Up,8.7213,6.0117,2.7096,11,0
ryskin2021,42,1,on,3.3647,4.8122,-1.4475,11,0
ryskin2021,42,2,the,1.3585,2.9243,-1.5659,11,0
ryskin2021,42,3,tree,7.1546,9.5557,-2.4010,11,0
ryskin2021,42,4,branch,6.6066,10.1779,-3.5713,11,0
ryskin2021,42,5,perched,15.9732,13.2616,2.7115,11,0
ryskin2021,42,6,a,4.3781,3.7766,0.6015,11,0
ryskin2021,42,7,bright,7.5802,10.1093,-2.5290,11,0
ryskin2021,42,8,red,2.8436,8.4732,-5.6295,11,0
ryskin2021,42,9,masquerade,12.9805,13.7022,-0.7217,11,0
ryskin2021,42,10,.,3.3017,2.3026,0.9991,11,0
ryskin2021,42,11,<eos>,5.9019,2.3026,3.5993,11,0
ryskin2021,43,0,Up,8.7216,6.0117,2.7099,11,0
ryskin2021,43,1,on,3.3645,4.8122,-1.4477,11,0
ryskin2021,43,2,the,1.3586,2.9243,-1.5658,11,0
ryskin2021,43,3,tree,7.1548,9.5557,-2.4009,11,0
ryskin2021,43,4,branch,6.6064,10.1779,-3.5715,11,0
ryskin2021,43,5,perched,15.9728,13.2616,2.7112,11,0
ryskin2021,43,6,a,4.3779,3.7766,0.6013,11,0
ryskin2021,43,7,bright,7.5805,10.1093,-2.5288,11,0
ryskin2021,43,8,red,2.8436,8.4732,-5.6296,11,0
ryskin2021,43,9,cardinals,20.8896,12.0423,8.8474,11,0
ryskin2021,43,10,.,2.5804,2.3026,0.2778,11,0
ryskin2021,43,11,<eos>,5.5776,2.3026,3.2750,11,0
ryskin2021,44,0,There,5.3077,6.1948,-0.8871,11,0
ryskin2021,44,1,is,1.2490,4.4482,-3.1992,11,0
ryskin2021,44,2,a,0.9344,3.7766,-2.8422,11,0
ryskin2021,44,3,beanbag,21.1304,15.2895,5.8408,11,0
ryskin2021,44,4,toss,13.1142,11.7199,1.3943,11,0
ryskin2021,44,5,game,6.3810,7.5521,-1.1711,11,0
ryskin2021,44,6,booth,13.0818,11.2818,1.8000,11,0
ryskin2021,44,7,at,3.3009,5.2963,-1.9954,11,0
ryskin2021,44,8,this,4.7425,5.0192,-0.2767,11,0
ryskin2021,44,9,carnival,9.8250,11.8359,-2.0109,11,0
ryskin2021,44,10,.,2.2953,2.3026,-0.0073,11,0
ryskin2021,44,11,<eos>,7.1570,2.3026,4.8544,11,0
ryskin2021,45,0,There,5.3078,6.1948,-0.8870,11,0
ryskin2021,45,1,is,1.2495,4.4482,-3.1986,11,0
ryskin2021,45,2,a,0.9343,3.7766,-2.8423,11,0
ryskin2021,45,3,beanbag,21.1300,15.2895,5.8405,11,0
ryskin2021,45,4,toss,13.1145,11.7199,1.3945,11,0
ryskin2021,45,5,game,6.3809,7.5521,-1.1712,11,0
ryskin2021,45,6,booth,13.0824,11.2818,1.8006,11,0
ryskin2021,45,7,at,3.3009,5.2963,-1.9954,11,0
ryskin2021,45,8,this,4.7423,5.0192,-0.2769,11,0
ryskin2021,45,9,cardinal,13.8183,11.7436,2.0747,11,0
ryskin2021,45,10,.,3.2549,2.3026,0.9523,11,0
ryskin2021,45,11,<eos>,7.0783,2.3026,4.7757,11,0
ryskin2021,46,0,There,5.3078,6.1948,-0.8870,11,0
ryskin2021,46,1,is,1.2495,4.4482,-3.1986,11,0
ryskin2021,46,2,a,0.9343,3.7766,-2.8423,11,0
ryskin2021,46,3,beanbag,21.1300,15.2895,5.8405,11,0
ryskin2021,46,4,toss,13.1145,11.7199,1.3945,11,0
ryskin2021,46,5,game,6.3809,7.5521,-1.1712,11,0
ryskin2021,46,6,booth,13.0824,11.2818,1.8006,11,0
ryskin2021,46,7,at,3.3009,5.2963,-1.9954,11,0
ryskin2021,46,8,this,4.7423,5.0192,-0.2769,11,0
ryskin2021,46,9,destruction,13.5076,10.6844,2.8232,11,0
ryskin2021,46,10,.,2.1463,2.3026,-0.1563,11,0
ryskin2021,46,11,<eos>,6.8133,2.3026,4.5107,11,0
ryskin2021,47,0,There,5.3077,6.1948,-0.8871,11,0
ryskin2021,47,1,is,1.2490,4.4482,-3.1992,11,0
ryskin2021,47,2,a,0.9344,3.7766,-2.8422,11,0
ryskin2021,47,3,beanbag,21.1304,15.2895,5.8408,11,0
ryskin2021,47,4,toss,13.1142,11.7199,1.3943,11,0
ryskin2021,47,5,game,6.3810,7.5521,-1.1711,11,0
ryskin2021,47,6,booth,13.0818,11.2818,1.8000,11,0
ryskin2021,47,7,at,3.3009,5.2963,-1.9954,11,0
ryskin2021,47,8,this,4.7425,5.0192,-0.2767,11,0
ryskin2021,47,9,carnivals,14.4964,14.9425,-0.4461,11,0
ryskin2021,47,10,.,1.6486,2.3026,-0.6539,11,0
ryskin2021,47,11,<eos>,7.0501,2.3026,4.7476,11,0
ryskin2021,48,0,The,3.9742,2.9243,1.0498,11,0
ryskin2021,48,1,reagents,12.7820,14.1385,-1.3565,11,0
ryskin2021,48,2,reacted,10.2023,12.3407,-2.1384,11,0
ryskin2021,48,3,faster,10.1908,10.0382,0.1527,11,0
ryskin2021,48,4,in,3.5219,3.9846,-0.4627,11,0
ryskin2021,48,5,the,1.0040,2.9243,-1.9204,11,0
ryskin2021,48,6,presence,3.6929,9.8321,-6.1392,11,0
ryskin2021,48,7,of,0.0441,3.6849,-3.6408,11,0
ryskin2021,48,8,a,2.3644,3.7766,-1.4122,11,0
ryskin2021,48,9,catalyst,4.7857,12.0663,-7.2806,11,0
ryskin2021,48,10,.,2.3767,2.3026,0.0742,11,0
ryskin2021,48,11,<eos>,5.0657,2.3026,2.7631,11,0
ryskin2021,49,0,The,3.9742,2.9243,1.0498,11,0
ryskin2021,49,1,reagents,12.7820,14.1385,-1.3565,11,0
ryskin2021,49,2,reacted,10.2023,12.3407,-2.1384,11,0
ryskin2021,49,3,faster,10.1908,10.0382,0.1527,11,0
ryskin2021,49,4,in,3.5219,3.9846,-0.4627,11,0
ryskin2021,49,5,the,1.0040,2.9243,-1.9204,11,0
ryskin2021,49,6,presence,3.6929,9.8321,-6.1392,11,0
ryskin2021,49,7,of,0.0441,3.6849,-3.6408,11,0
ryskin2021,49,8,a,2.3644,3.7766,-1.4122,11,0
ryskin2021,49,9,callus,14.3261,14.7597,-0.4336,11,0
ryskin2021,49,10,.,2.5204,2.3026,0.2179,11,0
ryskin2021,49,11,<eos>,5.5857,2.3026,3.2831,11,0
ryskin2021,50,0,The,3.9742,2.9243,1.0498,11,0
ryskin2021,50,1,reagents,12.7820,14.1385,-1.3565,11,0
ryskin2021,50,2,reacted,10.2023,12.3407,-2.1384,11,0
ryskin2021,50,3,faster,10.1908,10.0382,0.1527,11,0
ryskin2021,50,4,in,3.5219,3.9846,-0.4627,11,0
ryskin2021,50,5,the,1.0040,2.9243,-1.9204,11,0
ryskin2021,50,6,presence,3.6929,9.8321,-6.1392,11,0
ryskin2021,50,7,of,0.0441,3.6849,-3.6408,11,0
ryskin2021,50,8,an,3.8766,5.6869,-1.8103,11,0
ryskin2021,50,9,anecdote,11.8642,13.3581,-1.4939,11,0
ryskin2021,50,10,.,2.0129,2.3026,-0.2896,11,0
ryskin2021,50,11,<eos>,5.3117,2.3026,3.0091,11,0
ryskin2021,51,0,The,3.9742,2.9243,1.0498,11,0
ryskin2021,51,1,reagents,12.7820,14.1385,-1.3565,11,0
ryskin2021,51,2,reacted,10.2023,12.3407,-2.1384,11,0
ryskin2021,51,3,faster,10.1908,10.0382,0.1527,11,0
ryskin2021,51,4,in,3.5219,3.9846,-0.4627,11,0
ryskin2021,51,5,the,1.0040,2.9243,-1.9204,11,0
ryskin2021,51,6,presence,3.6929,9.8321,-6.1392,11,0
ryskin2021,51,7,of,0.0441,3.6849,-3.6408,11,0
ryskin2021,51,8,a,2.3644,3.7766,-1.4122,11,0
ryskin2021,51,9,catalysts,10.6361,13.5844,-2.9483,11,0
ryskin2021,51,10,.,3.2370,2.3026,0.9344,11,0
ryskin2021,51,11,<eos>,5.4333,2.3026,3.1307,11,0
ryskin2021,52,0,Pikemen,20.7685,16.3717,4.3968,11,0
ryskin2021,52,1,can,7.7766,5.8500,1.9267,11,0
ryskin2021,52,2,be,1.9723,5.0881,-3.1158,11,0
ryskin2021,52,3,an,3.8673,5.6869,-1.8196,11,0
ryskin2021,52,4,effective,4.6201,9.4639,-4.8439,11,0
ryskin2021,52,5,defense,8.0630,9.3717,-1.3086,11,0
ryskin2021,52,6,against,0.8956,7.6438,-6.7482,11,0
ryskin2021,52,7,a,2.9590,3.7766,-0.8176,11,0
ryskin2021,52,8,charging,10.1539,11.1209,-0.9670,11,0
ryskin2021,52,9,cavalry,11.6752,11.9734,-0.2982,11,0
ryskin2021,52,10,.,4.3086,2.3026,2.0060,11,0
ryskin2021,52,11,<eos>,5.0990,2.3026,2.7964,11,0
ryskin2021,53,0,Pikemen,20.7685,16.3717,4.3968,11,0
ryskin2021,53,1,can,7.7766,5.8500,1.9267,11,0
ryskin2021,53,2,be,1.9723,5.0881,-3.1158,11,0
ryskin2021,53,3,an,3.8673,5.6869,-1.8196,11,0
ryskin2021,53,4,effective,4.6201,9.4639,-4.8439,11,0
ryskin2021,53,5,defense,8.0630,9.3717,-1.3086,11,0
ryskin2021,53,6,against,0.8956,7.6438,-6.7482,11,0
ryskin2021,53,7,a,2.9590,3.7766,-0.8176,11,0
ryskin2021,53,8,charging,10.1539,11.1209,-0.9670,11,0
ryskin2021,53,9,cavity,12.6625,12.4119,0.2507,11,0
ryskin2021,53,10,.,1.8207,2.3026,-0.4819,11,0
ryskin2021,53,11,<eos>,5.0136,2.3026,2.7111,11,0
ryskin2021,54,0,Pikemen,20.7685,16.3717,4.3968,11,0
ryskin2021,54,1,can,7.7766,5.8500,1.9267,11,0
ryskin2021,54,2,be,1.9723,5.0881,-3.1158,11,0
ryskin2021,54,3,an,3.8673,5.6869,-1.8196,11,0
ryskin2021,54,4,effective,4.6201,9.4639,-4.8439,11,0
ryskin2021,54,5,defense,8.0630,9.3717,-1.3086,11,0
ryskin2021,54,6,against,0.8956,7.6438,-6.7482,11,0
ryskin2021,54,7,a,2.9590,3.7766,-0.8176,11,0
ryskin2021,54,8,charging,10.1539,11.1209,-0.9670,11,0
ryskin2021,54,9,stipulation,14.3731,13.9994,0.3737,11,0
ryskin2021,54,10,.,2.0227,2.3026,-0.2799,11,0
ryskin2021,54,11,<eos>,5.1688,2.3026,2.8662,11,0
ryskin2021,55,0,Pikemen,20.7693,16.3717,4.3976,11,0
ryskin2021,55,1,can,7.7765,5.8500,1.9265,11,0
ryskin2021,55,2,be,1.9728,5.0881,-3.1153,11,0
ryskin2021,55,3,an,3.8676,5.6869,-1.8194,11,0
ryskin2021,55,4,effective,4.6201,9.4639,-4.8439,11,0
ryskin2021,55,5,defense,8.0632,9.3717,-1.3085,11,0
ryskin2021,55,6,against,0.8950,7.6438,-6.7488,11,0
ryskin2021,55,7,a,2.9590,3.7766,-0.8176,11,0
ryskin2021,55,8,charging,10.1535,11.1209,-0.9674,11,0
ryskin2021,55,9,cavalries,28.0426,17.9139,10.1287,11,0
ryskin2021,55,10,.,1.9775,2.3026,-0.3250,11,0
ryskin2021,55,11,<eos>,4.7083,2.3026,2.4057,11,0
ryskin2021,56,0,The,3.9742,2.9243,1.0498,11,0
ryskin2021,56,1,dentist,11.4021,11.8359,-0.4338,11,0
ryskin2021,56,2,congratulated,13.3867,13.3331,0.0536,11,0
ryskin2021,56,3,me,2.5230,5.8025,-3.2795,11,0
ryskin2021,56,4,on,0.6123,4.8122,-4.1999,11,0
ryskin2021,56,5,not,6.6309,5.3185,1.3124,11,0
ryskin2021,56,6,having,1.3991,7.8519,-6.4528,11,0
ryskin2021,56,7,a,2.0781,3.7766,-1.6985,11,0
ryskin2021,56,8,single,5.8957,8.2664,-2.3708,11,0
ryskin2021,56,9,cavity,7.8177,12.4119,-4.5941,11,0
ryskin2021,56,10,.,2.9979,2.3026,0.6953,11,0
ryskin2021,56,11,<eos>,5.5264,2.3026,3.2238,11,0
ryskin2021,57,0,The,3.9742,2.9243,1.0498,11,0
ryskin2021,57,1,dentist,11.4021,11.8359,-0.4338,11,0
ryskin2021,57,2,congratulated,13.3867,13.3331,0.0536,11,0
ryskin2021,57,3,me,2.5230,5.8025,-3.2795,11,0
ryskin2021,57,4,on,0.6123,4.8122,-4.1999,11,0
ryskin2021,57,5,not,6.6309,5.3185,1.3124,11,0
ryskin2021,57,6,having,1.3991,7.8519,-6.4528,11,0
ryskin2021,57,7,a,2.0781,3.7766,-1.6985,11,0
ryskin2021,57,8,single,5.8957,8.2664,-2.3708,11,0
ryskin2021,57,9,cavalry,13.8965,11.9734,1.9231,11,0
ryskin2021,57,10,.,5.9737,2.3026,3.6711,11,0
ryskin2021,57,11,<eos>,5.5985,2.3026,3.2959,11,0
ryskin2021,58,0,The,3.9738,2.9243,1.0495,11,0
ryskin2021,58,1,dentist,11.4021,11.8359,-0.4338,11,0
ryskin2021,58,2,congratulated,13.3862,13.3331,0.0531,11,0
ryskin2021,58,3,me,2.5236,5.8025,-3.2789,11,0
ryskin2021,58,4,on,0.6123,4.8122,-4.1999,11,0
ryskin2021,58,5,not,6.6310,5.3185,1.3125,11,0
ryskin2021,58,6,having,1.3994,7.8519,-6.4526,11,0
ryskin2021,58,7,a,2.0781,3.7766,-1.6985,11,0
ryskin2021,58,8,single,5.8956,8.2664,-2.3708,11,0
ryskin2021,58,9,petal,12.5860,13.7202,-1.1342,11,0
ryskin2021,58,10,.,3.5415,2.3026,1.2389,11,0
ryskin2021,58,11,<eos>,4.9974,2.3026,2.6948,11,0
ryskin2021,59,0,The,3.9742,2.9243,1.0498,11,0
ryskin2021,59,1,dentist,11.4021,11.8359,-0.4338,11,0
ryskin2021,59,2,congratulated,13.3867,13.3331,0.0536,11,0
ryskin2021,59,3,me,2.5230,5.8025,-3.2795,11,0
ryskin2021,59,4,on,0.6123,4.8122,-4.1999,11,0
ryskin2021,59,5,not,6.6309,5.3185,1.3124,11,0
ryskin2021,59,6,having,1.3991,7.8519,-6.4528,11,0
ryskin2021,59,7,a,2.0781,3.7766,-1.6985,11,0
ryskin2021,59,8,single,5.8957,8.2664,-2.3708,11,0
ryskin2021,59,9,cavities,10.6109,13.1224,-2.5114,11,0
ryskin2021,59,10,.,2.8701,2.3026,0.5675,11,0
ryskin2021,59,11,<eos>,5.6494,2.3026,3.3468,11,0
ryskin2021,60,0,After,6.4080,6.6531,-0.2451,11,0
ryskin2021,60,1,my,6.1807,5.5940,0.5867,11,0
ryskin2021,60,2,root,9.3344,10.5690,-1.2346,11,0
ryskin2021,60,3,canal,2.1000,11.0061,-8.9062,11,0
ryskin2021,60,4,the,8.2490,2.9243,5.3247,11,0
ryskin2021,60,5,dentist,7.2611,11.8359,-4.5748,11,0
ryskin2021,60,6,prescribed,7.1684,11.7199,-4.5515,11,0
ryskin2021,60,7,a,1.4627,3.7766,-2.3140,11,0
ryskin2021,60,8,pain,6.4562,9.1427,-2.6864,11,0
ryskin2021,60,9,medication,2.7816,11.1693,-8.3878,11,0
ryskin2021,60,10,.,2.4574,2.3026,0.1548,11,0
ryskin2021,60,11,<eos>,6.2021,2.3026,3.8995,11,0
ryskin2021,61,0,After,6.4080,6.6531,-0.2451,11,0
ryskin2021,61,1,my,6.1807,5.5940,0.5867,11,0
ryskin2021,61,2,root,9.3344,10.5690,-1.2346,11,0
ryskin2021,61,3,canal,2.1000,11.0061,-8.9062,11,0
ryskin2021,61,4,the,8.2490,2.9243,5.3247,11,0
ryskin2021,61,5,dentist,7.2611,11.8359,-4.5748,11,0
ryskin2021,61,6,prescribed,7.1684,11.7199,-4.5515,11,0
ryskin2021,61,7,a,1.4627,3.7766,-2.3140,11,0
ryskin2021,61,8,pain,6.4562,9.1427,-2.6864,11,0
ryskin2021,61,9,meditation,12.1476,11.6283,0.5193,11,0
ryskin2021,61,10,.,2.8485,2.3026,0.5459,11,0
ryskin2021,61,11,<eos>,6.4786,2.3026,4.1760,11,0
ryskin2021,62,0,After,6.4080,6.6531,-0.2451,11,0
ryskin2021,62,1,my,6.1807,5.5940,0.5867,11,0
ryskin2021,62,2,root,9.3344,10.5690,-1.2346,11,0
ryskin2021,62,3,canal,2.1000,11.0061,-8.9062,11,0
ryskin2021,62,4,the,8.2490,2.9243,5.3247,11,0
ryskin2021,62,5,dentist,7.2611,11.8359,-4.5748,11,0
ryskin2021,62,6,prescribed,7.1684,11.7199,-4.5515,11,0
ryskin2021,62,7,a,1.4627,3.7766,-2.3140,11,0
ryskin2021,62,8,pain,6.4562,9.1427,-2.6864,11,0
ryskin2021,62,9,balcony,19.4221,12.0188,7.4033,11,0
ryskin2021,62,10,.,2.6573,2.3026,0.3547,11,0
ryskin2021,62,11,<eos>,6.0673,2.3026,3.7647,11,0
ryskin2021,63,0,After,6.4080,6.6531,-0.2451,11,0
ryskin2021,63,1,my,6.1807,5.5940,0.5867,11,0
ryskin2021,63,2,root,9.3344,10.5690,-1.2346,11,0
ryskin2021,63,3,canal,2.1000,11.0061,-8.9062,11,0
ryskin2021,63,4,the,8.2490,2.9243,5.3247,11,0
ryskin2021,63,5,dentist,7.2611,11.8359,-4.5748,11,0
ryskin2021,63,6,prescribed,7.1684,11.7199,-4.5515,11,0
ryskin2021,63,7,a,1.4627,3.7766,-2.3140,11,0
ryskin2021,63,8,pain,6.4562,9.1427,-2.6864,11,0
ryskin2021,63,9,medications,6.7247,12.0663,-5.3416,11,0
ryskin2021,63,10,.,2.4462,2.3026,0.1436,11,0
ryskin2021,63,11,<eos>,6.3797,2.3026,4.0771,11,0
ryskin2021,64,0,The,3.9742,2.9243,1.0498,11,0
ryskin2021,64,1,monk,12.7590,11.6743,1.0848,11,0
ryskin2021,64,2,sat,8.1768,10.0382,-1.8613,11,0
ryskin2021,64,3,quietly,5.6654,11.1693,-5.5039,11,0
ryskin2021,64,4,and,2.2511,3.6613,-1.4101,11,0
ryskin2021,64,5,fell,7.3168,9.5557,-2.2389,11,0
ryskin2021,64,6,into,2.7532,6.6531,-3.8999,11,0
ryskin2021,64,7,a,0.7827,3.7766,-2.9940,11,0
ryskin2021,64,8,deep,3.5706,9.0970,-5.5265,11,0
ryskin2021,64,9,meditation,4.8056,11.6283,-6.8227,11,0
ryskin2021,64,10,.,2.1039,2.3026,-0.1987,11,0
ryskin2021,64,11,<eos>,7.6077,2.3026,5.3052,11,0
ryskin2021,65,0,The,3.9742,2.9243,1.0498,11,0
ryskin2021,65,1,monk,12.7590,11.6743,1.0848,11,0
ryskin2021,65,2,sat,8.1768,10.0382,-1.8613,11,0
ryskin2021,65,3,quietly,5.6654,11.1693,-5.5039,11,0
ryskin2021,65,4,and,2.2511,3.6613,-1.4101,11,0
ryskin2021,65,5,fell,7.3168,9.5557,-2.2389,11,0
ryskin2021,65,6,into,2.7532,6.6531,-3.8999,11,0
ryskin2021,65,7,a,0.7827,3.7766,-2.9940,11,0
ryskin2021,65,8,deep,3.5706,9.0970,-5.5265,11,0
ryskin2021,65,9,medication,14.5075,11.1693,3.3382,11,0
ryskin2021,65,10,.,2.7258,2.3026,0.4233,11,0
ryskin2021,65,11,<eos>,7.3184,2.3026,5.0158,11,0
ryskin2021,66,0,The,3.9742,2.9243,1.0498,11,0
ryskin2021,66,1,monk,12.7590,11.6743,1.0848,11,0
ryskin2021,66,2,sat,8.1768,10.0382,-1.8613,11,0
ryskin2021,66,3,quietly,5.6654,11.1693,-5.5039,11,0
ryskin2021,66,4,and,2.2511,3.6613,-1.4101,11,0
ryskin2021,66,5,fell,7.3168,9.5557,-2.2389,11,0
ryskin2021,66,6,into,2.7532,6.6531,-3.8999,11,0
ryskin2021,66,7,a,0.7827,3.7766,-2.9940,11,0
ryskin2021,66,8,deep,3.5706,9.0970,-5.5265,11,0
ryskin2021,66,9,arsenal,15.5838,10.8000,4.7839,11,0
ryskin2021,66,10,.,1.7742,2.3026,-0.5284,11,0
ryskin2021,66,11,<eos>,7.4337,2.3026,5.1311,11,0
ryskin2021,67,0,The,3.9742,2.9243,1.0498,11,0
ryskin2021,67,1,monk,12.7590,11.6743,1.0848,11,0
ryskin2021,67,2,sat,8.1768,10.0382,-1.8613,11,0
ryskin2021,67,3,quietly,5.6654,11.1693,-5.5039,11,0
ryskin2021,67,4,and,2.2511,3.6613,-1.4101,11,0
ryskin2021,67,5,fell,7.3168,9.5557,-2.2389,11,0
ryskin2021,67,6,into,2.7532,6.6531,-3.8999,11,0
ryskin2021,67,7,a,0.7827,3.7766,-2.9940,11,0
ryskin2021,67,8,deep,3.5706,9.0970,-5.5265,11,0
ryskin2021,67,9,meditations,15.7309,13.8388,1.8921,11,0
ryskin2021,67,10,.,1.6365,2.3026,-0.6660,11,0
ryskin2021,67,11,<eos>,7.3069,2.3026,5.0043,11,0
ryskin2021,68,0,Her,8.4790,6.2146,2.2644,12,0
ryskin2021,68,1,grandmother,6.8628,11.1908,-4.3280,12,0
ryskin2021,68,2,'s,2.6177,2.3026,0.3151,12,0
ryskin2021,68,3,pennies,12.7809,13.0090,-0.2281,12,0
ryskin2021,68,4,inspired,9.7517,10.0613,-0.3096,12,0
ryskin2021,68,5,her,1.6654,6.2146,-4.5492,12,0
ryskin2021,68,6,to,1.4516,3.6156,-2.1641,12,0
ryskin2021,68,7,start,4.5152,7.9211,-3.4059,12,0
ryskin2021,68,8,a,1.4559,3.7766,-2.3207,12,0
ryskin2021,68,9,coin,10.3197,11.0747,-0.7550,12,0
ryskin2021,68,10,collection,5.1609,9.3025,-4.1416,12,0
ryskin2021,68,11,.,1.6311,2.3026,-0.6715,12,0
ryskin2021,68,12,<eos>,4.7165,2.3026,2.4139,12,0
ryskin2021,69,0,Her,8.4790,6.2146,2.2644,12,0
ryskin2021,69,1,grandmother,6.8628,11.1908,-4.3280,12,0
ryskin2021,69,2,'s,2.6177,2.3026,0.3151,12,0
ryskin2021,69,3,pennies,12.7809,13.0090,-0.2281,12,0
ryskin2021,69,4,inspired,9.7517,10.0613,-0.3096,12,0
ryskin2021,69,5,her,1.6654,6.2146,-4.5492,12,0
ryskin2021,69,6,to,1.4516,3.6156,-2.1641,12,0
ryskin2021,69,7,start,4.5152,7.9211,-3.4059,12,0
ryskin2021,69,8,a,1.4559,3.7766,-2.3207,12,0
ryskin2021,69,9,coin,10.3197,11.0747,-0.7550,12,0
ryskin2021,69,10,correction,11.0447,11.6283,-0.5836,12,0
ryskin2021,69,11,.,2.9476,2.3026,0.6450,12,0
ryskin2021,69,12,<eos>,4.5215,2.3026,2.2189,12,0
ryskin2021,70,0,Her,8.4788,6.2146,2.2641,12,0
ryskin2021,70,1,grandmother,6.8625,11.1908,-4.3284,12,0
ryskin2021,70,2,'s,2.6180,2.3026,0.3155,12,0
ryskin2021,70,3,pennies,12.7805,13.0090,-0.2286,12,0
ryskin2021,70,4,inspired,9.7515,10.0613,-0.3098,12,0
ryskin2021,70,5,her,1.6657,6.2146,-4.5489,12,0
ryskin2021,70,6,to,1.4508,3.6156,-2.1648,12,0
ryskin2021,70,7,start,4.5156,7.9211,-3.4055,12,0
ryskin2021,70,8,a,1.4559,3.7766,-2.3207,12,0
ryskin2021,70,9,coin,10.3199,11.0747,-0.7548,12,0
ryskin2021,70,10,parasol,16.3268,14.6665,1.6603,12,0
ryskin2021,70,11,.,2.5593,2.3026,0.2567,12,0
ryskin2021,70,12,<eos>,4.4466,2.3026,2.1440,12,0
ryskin2021,71,0,Her,8.4790,6.2146,2.2644,12,0
ryskin2021,71,1,grandmother,6.8628,11.1908,-4.3280,12,0
ryskin2021,71,2,'s,2.6177,2.3026,0.3151,12,0
ryskin2021,71,3,pennies,12.7809,13.0090,-0.2281,12,0
ryskin2021,71,4,inspired,9.7517,10.0613,-0.3096,12,0
ryskin2021,71,5,her,1.6654,6.2146,-4.5492,12,0
ryskin2021,71,6,to,1.4516,3.6156,-2.1641,12,0
ryskin2021,71,7,start,4.5152,7.9211,-3.4059,12,0
ryskin2021,71,8,a,1.4559,3.7766,-2.3207,12,0
ryskin2021,71,9,coin,10.3197,11.0747,-0.7550,12,0
ryskin2021,71,10,collections,9.0847,11.0305,-1.9458,12,0
ryskin2021,71,11,.,4.2160,2.3026,1.9134,12,0
ryskin2021,71,12,<eos>,4.8052,2.3026,2.5026,12,0
ryskin2021,72,0,The,3.9742,2.9243,1.0498,11,0
ryskin2021,72,1,teacher,10.3610,9.4861,0.8749,11,0
ryskin2021,72,2,interrupted,9.6998,11.8582,-2.1584,11,0
ryskin2021,72,3,his,2.9290,5.7322,-2.8032,11,0
ryskin2021,72,4,sentence,5.7935,10.1779,-4.3844,11,0
ryskin2021,72,5,to,2.4386,3.6156,-1.1770,11,0
ryskin2021,72,6,make,3.6997,6.7254,-3.0257,11,0
ryskin2021,72,7,a,1.7017,3.7766,-2.0749,11,0
ryskin2021,72,8,grammatical,6.9761,13.0090,-6.0329,11,0
ryskin2021,72,9,correction,5.0628,11.6283,-6.5656,11,0
ryskin2021,72,10,.,1.6902,2.3026,-0.6123,11,0
ryskin2021,72,11,<eos>,5.0073,2.3026,2.7047,11,0
ryskin2021,73,0,The,3.9742,2.9243,1.0498,11,0
ryskin2021,73,1,teacher,10.3610,9.4861,0.8749,11,0
ryskin2021,73,2,interrupted,9.6998,11.8582,-2.1584,11,0
ryskin2021,73,3,his,2.9290,5.7322,-2.8032,11,0
ryskin2021,73,4,sentence,5.7935,10.1779,-4.3844,11,0
ryskin2021,73,5,to,2.4386,3.6156,-1.1770,11,0
ryskin2021,73,6,make,3.6997,6.7254,-3.0257,11,0
ryskin2021,73,7,a,1.7017,3.7766,-2.0749,11,0
ryskin2021,73,8,grammatical,6.9761,13.0090,-6.0329,11,0
ryskin2021,73,9,collection,11.8691,9.3025,2.5666,11,0
ryskin2021,73,10,.,2.6995,2.3026,0.3969,11,0
ryskin2021,73,11,<eos>,5.1979,2.3026,2.8953,11,0
ryskin2021,74,0,The,3.9738,2.9243,1.0495,11,0
ryskin2021,74,1,teacher,10.3606,9.4861,0.8745,11,0
ryskin2021,74,2,interrupted,9.6998,11.8582,-2.1585,11,0
ryskin2021,74,3,his,2.9291,5.7322,-2.8031,11,0
ryskin2021,74,4,sentence,5.7934,10.1779,-4.3846,11,0
ryskin2021,74,5,to,2.4389,3.6156,-1.1768,11,0
ryskin2021,74,6,make,3.6997,6.7254,-3.0258,11,0
ryskin2021,74,7,a,1.7017,3.7766,-2.0749,11,0
ryskin2021,74,8,grammatical,6.9761,13.0090,-6.0329,11,0
ryskin2021,74,9,mercenary,13.9442,13.2167,0.7275,11,0
ryskin2021,74,10,.,2.5192,2.3026,0.2166,11,0
ryskin2021,74,11,<eos>,5.2078,2.3026,2.9052,11,0
ryskin2021,75,0,The,3.9742,2.9243,1.0498,11,0
ryskin2021,75,1,teacher,10.3610,9.4861,0.8749,11,0
ryskin2021,75,2,interrupted,9.6998,11.8582,-2.1584,11,0
ryskin2021,75,3,his,2.9290,5.7322,-2.8032,11,0
ryskin2021,75,4,sentence,5.7935,10.1779,-4.3844,11,0
ryskin2021,75,5,to,2.4386,3.6156,-1.1770,11,0
ryskin2021,75,6,make,3.6997,6.7254,-3.0257,11,0
ryskin2021,75,7,a,1.7017,3.7766,-2.0749,11,0
ryskin2021,75,8,grammatical,6.9761,13.0090,-6.0329,11,0
ryskin2021,75,9,corrections,8.5223,12.2263,-3.7040,11,0
ryskin2021,75,10,.,1.7111,2.3026,-0.5915,11,0
ryskin2021,75,11,<eos>,5.0452,2.3026,2.7426,11,0
ryskin2021,76,0,An,7.1817,5.6869,1.4948,11,0
ryskin2021,76,1,intense,8.3000,10.6168,-2.3168,11,0
ryskin2021,76,2,tension,7.2507,11.0061,-3.7554,11,0
ryskin2021,76,3,headache,6.4967,11.5823,-5.0855,11,0
ryskin2021,76,4,can,5.0755,5.8500,-0.7745,11,0
ryskin2021,76,5,be,1.1618,5.0881,-3.9263,11,0
ryskin2021,76,6,mistaken,7.0631,11.5590,-4.4959,11,0
ryskin2021,76,7,for,0.0646,4.5854,-4.5207,11,0
ryskin2021,76,8,a,1.0010,3.7766,-2.7756,11,0
ryskin2021,76,9,migraine,3.7765,13.0547,-9.2782,11,0
ryskin2021,76,10,.,2.2169,2.3026,-0.0857,11,0
ryskin2021,76,11,<eos>,6.2485,2.3026,3.9460,11,0
ryskin2021,77,0,An,7.1817,5.6869,1.4948,11,0
ryskin2021,77,1,intense,8.3000,10.6168,-2.3168,11,0
ryskin2021,77,2,tension,7.2507,11.0061,-3.7554,11,0
ryskin2021,77,3,headache,6.4967,11.5823,-5.0855,11,0
ryskin2021,77,4,can,5.0755,5.8500,-0.7745,11,0
ryskin2021,77,5,be,1.1618,5.0881,-3.9263,11,0
ryskin2021,77,6,mistaken,7.0631,11.5590,-4.4959,11,0
ryskin2021,77,7,for,0.0646,4.5854,-4.5207,11,0
ryskin2021,77,8,a,1.0010,3.7766,-2.7756,11,0
ryskin2021,77,9,migrant,10.7687,12.0892,-1.3205,11,0
ryskin2021,77,10,.,4.0559,2.3026,1.7533,11,0
ryskin2021,77,11,<eos>,6.3319,2.3026,4.0293,11,0
ryskin2021,78,0,An,7.1817,5.6869,1.4948,11,0
ryskin2021,78,1,intense,8.3000,10.6168,-2.3168,11,0
ryskin2021,78,2,tension,7.2507,11.0061,-3.7554,11,0
ryskin2021,78,3,headache,6.4967,11.5823,-5.0855,11,0
ryskin2021,78,4,can,5.0755,5.8500,-0.7745,11,0
ryskin2021,78,5,be,1.1618,5.0881,-3.9263,11,0
ryskin2021,78,6,mistaken,7.0631,11.5590,-4.4959,11,0
ryskin2021,78,7,for,0.0646,4.5854,-4.5207,11,0
ryskin2021,78,8,an,2.5230,5.6869,-3.1639,11,0
ryskin2021,78,9,empire,11.5637,10.2688,1.2950,11,0
ryskin2021,78,10,.,2.9351,2.3026,0.6325,11,0
ryskin2021,78,11,<eos>,6.4597,2.3026,4.1572,11,0
ryskin2021,79,0,An,7.1817,5.6869,1.4948,11,0
ryskin2021,79,1,intense,8.2997,10.6168,-2.3171,11,0
ryskin2021,79,2,tension,7.2507,11.0061,-3.7554,11,0
ryskin2021,79,3,headache,6.4975,11.5823,-5.0848,11,0
ryskin2021,79,4,can,5.0762,5.8500,-0.7737,11,0
ryskin2021,79,5,be,1.1617,5.0881,-3.9264,11,0
ryskin2021,79,6,mistaken,7.0628,11.5590,-4.4961,11,0
ryskin2021,79,7,for,0.0647,4.5854,-4.5207,11,0
ryskin2021,79,8,a,1.0009,3.7766,-2.7757,11,0
ryskin2021,79,9,migraines,9.2485,13.6332,-4.3847,11,0
ryskin2021,79,10,.,3.0991,2.3026,0.7965,11,0
ryskin2021,79,11,<eos>,6.3998,2.3026,4.0972,11,0
ryskin2021,80,0,Harvesting,16.6302,12.5947,4.0355,11,0
ryskin2021,80,1,crops,9.2908,11.3996,-2.1088,11,0
ryskin2021,80,2,is,6.5605,4.4482,2.1123,11,0
ryskin2021,80,3,often,3.6864,8.2664,-4.5800,11,0
ryskin2021,80,4,the,3.3237,2.9243,0.3993,11,0
ryskin2021,80,5,job,7.0304,8.0598,-1.0294,11,0
ryskin2021,80,6,of,0.0882,3.6849,-3.5967,11,0
ryskin2021,80,7,a,2.8639,3.7766,-0.9127,11,0
ryskin2021,80,8,seasonal,7.3881,11.5590,-4.1709,11,0
ryskin2021,80,9,migrant,7.1615,12.0892,-4.9277,11,0
ryskin2021,80,10,.,2.5482,2.3026,0.2456,11,0
ryskin2021,80,11,<eos>,8.3594,2.3026,6.0568,11,0
ryskin2021,81,0,Harvesting,16.6302,12.5947,4.0355,11,0
ryskin2021,81,1,crops,9.2908,11.3996,-2.1088,11,0
ryskin2021,81,2,is,6.5605,4.4482,2.1123,11,0
ryskin2021,81,3,often,3.6864,8.2664,-4.5800,11,0
ryskin2021,81,4,the,3.3237,2.9243,0.3993,11,0
ryskin2021,81,5,job,7.0304,8.0598,-1.0294,11,0
ryskin2021,81,6,of,0.0882,3.6849,-3.5967,11,0
ryskin2021,81,7,a,2.8639,3.7766,-0.9127,11,0
ryskin2021,81,8,seasonal,7.3881,11.5590,-4.1709,11,0
ryskin2021,81,9,migraine,15.2290,13.0547,2.1743,11,0
ryskin2021,81,10,.,3.6851,2.3026,1.3825,11,0
ryskin2021,81,11,<eos>,8.4749,2.3026,6.1723,11,0
ryskin2021,82,0,Harvesting,16.6302,12.5947,4.0355,11,0
ryskin2021,82,1,crops,9.2908,11.3996,-2.1088,11,0
ryskin2021,82,2,is,6.5605,4.4482,2.1123,11,0
ryskin2021,82,3,often,3.6864,8.2664,-4.5800,11,0
ryskin2021,82,4,the,3.3237,2.9243,0.3993,11,0
ryskin2021,82,5,job,7.0304,8.0598,-1.0294,11,0
ryskin2021,82,6,of,0.0882,3.6849,-3.5967,11,0
ryskin2021,82,7,a,2.8639,3.7766,-0.9127,11,0
ryskin2021,82,8,seasonal,7.3881,11.5590,-4.1709,11,0
ryskin2021,82,9,massage,11.7819,11.4931,0.2888,11,0
ryskin2021,82,10,.,2.1932,2.3026,-0.1094,11,0
ryskin2021,82,11,<eos>,8.7048,2.3026,6.4023,11,0
ryskin2021,83,0,Harvesting,16.6302,12.5947,4.0355,11,0
ryskin2021,83,1,crops,9.2908,11.3996,-2.1088,11,0
ryskin2021,83,2,is,6.5605,4.4482,2.1123,11,0
ryskin2021,83,3,often,3.6864,8.2664,-4.5800,11,0
ryskin2021,83,4,the,3.3237,2.9243,0.3993,11,0
ryskin2021,83,5,job,7.0304,8.0598,-1.0294,11,0
ryskin2021,83,6,of,0.0882,3.6849,-3.5967,11,0
ryskin2021,83,7,a,2.8639,3.7766,-0.9127,11,0
ryskin2021,83,8,seasonal,7.3881,11.5590,-4.1709,11,0
ryskin2021,83,9,migrants,10.7080,11.7436,-1.0356,11,0
ryskin2021,83,10,.,2.4251,2.3026,0.1226,11,0
ryskin2021,83,11,<eos>,8.3075,2.3026,6.0049,11,0
ryskin2021,84,0,The,3.9734,2.9243,1.0490,11,0
ryskin2021,84,1,child,9.2390,8.5172,0.7218,11,0
ryskin2021,84,2,wore,9.3857,10.8451,-1.4594,11,0
ryskin2021,84,3,a,0.5702,3.7766,-3.2065,11,0
ryskin2021,84,4,glittery,11.2970,14.5289,-3.2318,11,0
ryskin2021,84,5,crown,5.1462,10.2237,-5.0775,11,0
ryskin2021,84,6,with,3.3992,4.9505,-1.5513,11,0
ryskin2021,84,7,a,0.8968,3.7766,-2.8798,11,0
ryskin2021,84,8,pink,5.2702,10.3160,-5.0458,11,0
ryskin2021,84,9,rhinestone,8.2883,14.7368,-6.4485,11,0
ryskin2021,84,10,.,2.4012,2.3026,0.0987,11,0
ryskin2021,84,11,<eos>,5.1713,2.3026,2.8687,11,0
ryskin2021,85,0,The,3.9738,2.9243,1.0495,11,0
ryskin2021,85,1,child,9.2387,8.5172,0.7215,11,0
ryskin2021,85,2,wore,9.3848,10.8451,-1.4603,11,0
ryskin2021,85,3,a,0.5702,3.7766,-3.2064,11,0
ryskin2021,85,4,glittery,11.2966,14.5289,-3.2323,11,0
ryskin2021,85,5,crown,5.1464,10.2237,-5.0773,11,0
ryskin2021,85,6,with,3.3991,4.9505,-1.5514,11,0
ryskin2021,85,7,a,0.8968,3.7766,-2.8798,11,0
ryskin2021,85,8,pink,5.2703,10.3160,-5.0456,11,0
ryskin2021,85,9,rhino,10.2847,12.5018,-2.2171,11,0
ryskin2021,85,10,.,2.4418,2.3026,0.1393,11,0
ryskin2021,85,11,<eos>,5.3761,2.3026,3.0735,11,0
ryskin2021,86,0,The,3.9742,2.9243,1.0498,11,0
ryskin2021,86,1,child,9.2390,8.5172,0.7218,11,0
ryskin2021,86,2,wore,9.3858,10.8451,-1.4593,11,0
ryskin2021,86,3,a,0.5703,3.7766,-3.2064,11,0
ryskin2021,86,4,glittery,11.2969,14.5289,-3.2320,11,0
ryskin2021,86,5,crown,5.1464,10.2237,-5.0773,11,0
ryskin2021,86,6,with,3.3990,4.9505,-1.5514,11,0
ryskin2021,86,7,a,0.8969,3.7766,-2.8797,11,0
ryskin2021,86,8,pink,5.2705,10.3160,-5.0455,11,0
ryskin2021,86,9,captain,13.0250,9.4639,3.5610,11,0
ryskin2021,86,10,.,2.4395,2.3026,0.1369,11,0
ryskin2021,86,11,<eos>,5.2245,2.3026,2.9219,11,0
ryskin2021,87,0,The,3.9734,2.9243,1.0490,11,0
ryskin2021,87,1,child,9.2390,8.5172,0.7218,11,0
ryskin2021,87,2,wore,9.3857,10.8451,-1.4594,11,0
ryskin2021,87,3,a,0.5702,3.7766,-3.2065,11,0
ryskin2021,87,4,glittery,11.2970,14.5289,-3.2318,11,0
ryskin2021,87,5,crown,5.1462,10.2237,-5.0775,11,0
ryskin2021,87,6,with,3.3992,4.9505,-1.5513,11,0
ryskin2021,87,7,a,0.8968,3.7766,-2.8798,11,0
ryskin2021,87,8,pink,5.2702,10.3160,-5.0458,11,0
ryskin2021,87,9,rhinestones,12.3154,15.0363,-2.7209,11,0
ryskin2021,87,10,.,1.8732,2.3026,-0.4293,11,0
ryskin2021,87,11,<eos>,5.1269,2.3026,2.8243,11,0
ryskin2021,88,0,The,3.9742,2.9243,1.0498,11,0
ryskin2021,88,1,cause,7.8803,8.4039,-0.5236,11,0
ryskin2021,88,2,of,0.4628,3.6849,-3.2221,11,0
ryskin2021,88,3,death,0.3222,8.2901,-7.9678,11,0
ryskin2021,88,4,must,7.5588,7.6438,-0.0850,11,0
ryskin2021,88,5,be,0.3870,5.0881,-4.7011,11,0
ryskin2021,88,6,determined,4.4789,10.0382,-5.5592,11,0
ryskin2021,88,7,by,0.9714,5.3882,-4.4169,11,0
ryskin2021,88,8,a,2.6287,3.7766,-1.1480,11,0
ryskin2021,88,9,coroner,8.5771,12.8260,-4.2489,11,0
ryskin2021,88,10,.,1.8516,2.3026,-0.4510,11,0
ryskin2021,88,11,<eos>,4.5634,2.3026,2.2609,11,0
ryskin2021,89,0,The,3.9742,2.9243,1.0498,11,0
ryskin2021,89,1,cause,7.8803,8.4039,-0.5236,11,0
ryskin2021,89,2,of,0.4628,3.6849,-3.2221,11,0
ryskin2021,89,3,death,0.3222,8.2901,-7.9678,11,0
ryskin2021,89,4,must,7.5588,7.6438,-0.0850,11,0
ryskin2021,89,5,be,0.3870,5.0881,-4.7011,11,0
ryskin2021,89,6,determined,4.4789,10.0382,-5.5592,11,0
ryskin2021,89,7,by,0.9714,5.3882,-4.4169,11,0
ryskin2021,89,8,a,2.6287,3.7766,-1.1480,11,0
ryskin2021,89,9,corridor,14.0673,11.7887,2.2787,11,0
ryskin2021,89,10,.,3.1491,2.3026,0.8465,11,0
ryskin2021,89,11,<eos>,5.2451,2.3026,2.9426,11,0
ryskin2021,90,0,The,3.9742,2.9243,1.0498,11,0
ryskin2021,90,1,cause,7.8803,8.4039,-0.5236,11,0
ryskin2021,90,2,of,0.4628,3.6849,-3.2221,11,0
ryskin2021,90,3,death,0.3222,8.2901,-7.9678,11,0
ryskin2021,90,4,must,7.5588,7.6438,-0.0850,11,0
ryskin2021,90,5,be,0.3870,5.0881,-4.7011,11,0
ryskin2021,90,6,determined,4.4789,10.0382,-5.5592,11,0
ryskin2021,90,7,by,0.9714,5.3882,-4.4169,11,0
ryskin2021,90,8,a,2.6287,3.7766,-1.1480,11,0
ryskin2021,90,9,dynasty,13.2794,11.8127,1.4667,11,0
ryskin2021,90,10,.,2.6753,2.3026,0.3727,11,0
ryskin2021,90,11,<eos>,5.6832,2.3026,3.3806,11,0
ryskin2021,91,0,The,3.9742,2.9243,1.0498,11,0
ryskin2021,91,1,cause,7.8803,8.4039,-0.5236,11,0
ryskin2021,91,2,of,0.4628,3.6849,-3.2221,11,0
ryskin2021,91,3,death,0.3222,8.2901,-7.9678,11,0
ryskin2021,91,4,must,7.5588,7.6438,-0.0850,11,0
ryskin2021,91,5,be,0.3870,5.0881,-4.7011,11,0
ryskin2021,91,6,determined,4.4789,10.0382,-5.5592,11,0
ryskin2021,91,7,by,0.9714,5.3882,-4.4169,11,0
ryskin2021,91,8,a,2.6287,3.7766,-1.1480,11,0
ryskin2021,91,9,coroners,15.5539,14.7831,0.7708,11,0
ryskin2021,91,10,.,4.3847,2.3026,2.0821,11,0
ryskin2021,91,11,<eos>,4.6394,2.3026,2.3368,11,0
ryskin2021,92,0,His,10.3385,5.7322,4.6064,11,0
ryskin2021,92,1,office,6.8029,8.2901,-1.4871,11,0
ryskin2021,92,2,is,1.2892,4.4482,-3.1589,11,0
ryskin2021,92,3,down,6.0843,7.1835,-1.0992,11,0
ryskin2021,92,4,at,3.3297,5.2963,-1.9666,11,0
ryskin2021,92,5,the,1.1968,2.9243,-1.7275,11,0
ryskin2021,92,6,end,3.1383,7.6438,-4.5055,11,0
ryskin2021,92,7,of,0.2051,3.6849,-3.4798,11,0
ryskin2021,92,8,this,3.1870,5.0192,-1.8322,11,0
ryskin2021,92,9,corridor,9.7286,11.7887,-2.0601,11,0
ryskin2021,92,10,.,1.1636,2.3026,-1.1389,11,0
ryskin2021,92,11,<eos>,5.5853,2.3026,3.2827,11,0
ryskin2021,93,0,His,10.3385,5.7322,4.6064,11,0
ryskin2021,93,1,office,6.8029,8.2901,-1.4871,11,0
ryskin2021,93,2,is,1.2892,4.4482,-3.1589,11,0
ryskin2021,93,3,down,6.0843,7.1835,-1.0992,11,0
ryskin2021,93,4,at,3.3297,5.2963,-1.9666,11,0
ryskin2021,93,5,the,1.1968,2.9243,-1.7275,11,0
ryskin2021,93,6,end,3.1383,7.6438,-4.5055,11,0
ryskin2021,93,7,of,0.2051,3.6849,-3.4798,11,0
ryskin2021,93,8,this,3.1870,5.0192,-1.8322,11,0
ryskin2021,93,9,coroner,15.6985,12.8260,2.8726,11,0
ryskin2021,93,10,.,3.6047,2.3026,1.3021,11,0
ryskin2021,93,11,<eos>,4.9451,2.3026,2.6425,11,0
ryskin2021,94,0,His,10.3385,5.7322,4.6064,11,0
ryskin2021,94,1,office,6.8029,8.2901,-1.4871,11,0
ryskin2021,94,2,is,1.2892,4.4482,-3.1589,11,0
ryskin2021,94,3,down,6.0843,7.1835,-1.0992,11,0
ryskin2021,94,4,at,3.3297,5.2963,-1.9666,11,0
ryskin2021,94,5,the,1.1968,2.9243,-1.7275,11,0
ryskin2021,94,6,end,3.1383,7.6438,-4.5055,11,0
ryskin2021,94,7,of,0.2051,3.6849,-3.4798,11,0
ryskin2021,94,8,this,3.1870,5.0192,-1.8322,11,0
ryskin2021,94,9,arsenic,16.8468,13.2849,3.5619,11,0
ryskin2021,94,10,.,6.2767,2.3026,3.9741,11,0
ryskin2021,94,11,<eos>,5.7382,2.3026,3.4356,11,0
ryskin2021,95,0,His,10.3385,5.7322,4.6064,11,0
ryskin2021,95,1,office,6.8029,8.2901,-1.4871,11,0
ryskin2021,95,2,is,1.2892,4.4482,-3.1589,11,0
ryskin2021,95,3,down,6.0843,7.1835,-1.0992,11,0
ryskin2021,95,4,at,3.3297,5.2963,-1.9666,11,0
ryskin2021,95,5,the,1.1968,2.9243,-1.7275,11,0
ryskin2021,95,6,end,3.1383,7.6438,-4.5055,11,0
ryskin2021,95,7,of,0.2051,3.6849,-3.4798,11,0
ryskin2021,95,8,this,3.1870,5.0192,-1.8322,11,0
ryskin2021,95,9,corridors,14.9397,12.8260,2.1137,11,0
ryskin2021,95,10,.,1.6662,2.3026,-0.6364,11,0
ryskin2021,95,11,<eos>,5.6323,2.3026,3.3297,11,0
ryskin2021,96,0,Statisticians,20.3791,14.2760,6.1031,11,0
ryskin2021,96,1,emphasize,8.9128,12.2263,-3.3134,11,0
ryskin2021,96,2,that,1.8868,4.5854,-2.6986,11,0
ryskin2021,96,3,causation,9.8517,13.5844,-3.7327,11,0
ryskin2021,96,4,is,1.0339,4.4482,-3.4143,11,0
ryskin2021,96,5,not,1.5351,5.3185,-3.7834,11,0
ryskin2021,96,6,implied,7.6595,11.6743,-4.0148,11,0
ryskin2021,96,7,by,1.3352,5.3882,-4.0530,11,0
ryskin2021,96,8,a,3.7057,3.7766,-0.0709,11,0
ryskin2021,96,9,correlation,6.3929,11.8359,-5.4430,11,0
ryskin2021,96,10,.,4.0643,2.3026,1.7617,11,0
ryskin2021,96,11,<eos>,6.8230,2.3026,4.5204,11,0
ryskin2021,97,0,Statisticians,20.3791,14.2760,6.1031,11,0
ryskin2021,97,1,emphasize,8.9129,12.2263,-3.3134,11,0
ryskin2021,97,2,that,1.8869,4.5854,-2.6985,11,0
ryskin2021,97,3,causation,9.8515,13.5844,-3.7329,11,0
ryskin2021,97,4,is,1.0339,4.4482,-3.4143,11,0
ryskin2021,97,5,not,1.5356,5.3185,-3.7829,11,0
ryskin2021,97,6,implied,7.6595,11.6743,-4.0148,11,0
ryskin2021,97,7,by,1.3354,5.3882,-4.0529,11,0
ryskin2021,97,8,a,3.7054,3.7766,-0.0712,11,0
ryskin2021,97,9,coronation,14.2438,12.7788,1.4650,11,0
ryskin2021,97,10,.,1.4893,2.3026,-0.8133,11,0
ryskin2021,97,11,<eos>,6.5238,2.3026,4.2212,11,0
ryskin2021,98,0,Statisticians,20.3795,14.2760,6.1036,11,0
ryskin2021,98,1,emphasize,8.9133,12.2263,-3.3130,11,0
ryskin2021,98,2,that,1.8866,4.5854,-2.6988,11,0
ryskin2021,98,3,causation,9.8516,13.5844,-3.7328,11,0
ryskin2021,98,4,is,1.0339,4.4482,-3.4143,11,0
ryskin2021,98,5,not,1.5355,5.3185,-3.7831,11,0
ryskin2021,98,6,implied,7.6594,11.6743,-4.0149,11,0
ryskin2021,98,7,by,1.3355,5.3882,-4.0527,11,0
ryskin2021,98,8,a,3.7056,3.7766,-0.0710,11,0
ryskin2021,98,9,hypotenuse,15.7394,15.7465,-0.0071,11,0
ryskin2021,98,10,.,0.9814,2.3026,-1.3212,11,0
ryskin2021,98,11,<eos>,7.1932,2.3026,4.8906,11,0
ryskin2021,99,0,Statisticians,20.3791,14.2760,6.1031,11,0
ryskin2021,99,1,emphasize,8.9128,12.2263,-3.3134,11,0
ryskin2021,99,2,that,1.8868,4.5854,-2.6986,11,0
ryskin2021,99,3,causation,9.8517,13.5844,-3.7327,11,0
ryskin2021,99,4,is,1.0339,4.4482,-3.4143,11,0
ryskin2021,99,5,not,1.5351,5.3185,-3.7834,11,0
ryskin2021,99,6,implied,7.6595,11.6743,-4.0148,11,0
ryskin2021,99,7,by,1.3352,5.3882,-4.0530,11,0
ryskin2021,99,8,a,3.7057,3.7766,-0.0709,11,0
ryskin2021,99,9,correlations,11.9338,13.6085,-1.6747,11,0
ryskin2021,99,10,.,4.6186,2.3026,2.3160,11,0
ryskin2021,99,11,<eos>,6.9760,2.3026,4.6735,11,0
ryskin2021,100,0,The,3.9742,2.9243,1.0498,11,0
ryskin2021,100,1,king,9.8358,8.8183,1.0175,11,0
ryskin2021,100,2,knelt,10.2462,14.2760,-4.0297,11,0
ryskin2021,100,3,to,3.1964,3.6156,-0.4193,11,0
ryskin2021,100,4,be,4.7701,5.0881,-0.3180,11,0
ryskin2021,100,5,crowned,5.8883,12.3181,-6.4299,11,0
ryskin2021,100,6,at,3.4818,5.2963,-1.8145,11,0
ryskin2021,100,7,an,4.8341,5.6869,-0.8528,11,0
ryskin2021,100,8,official,5.6891,8.8883,-3.1992,11,0
ryskin2021,100,9,coronation,6.8692,12.7788,-5.9096,11,0
ryskin2021,100,10,.,2.5738,2.3026,0.2712,11,0
ryskin2021,100,11,<eos>,5.5582,2.3026,3.2556,11,0
ryskin2021,101,0,The,3.9742,2.9243,1.0498,11,0
ryskin2021,101,1,king,9.8358,8.8183,1.0175,11,0
ryskin2021,101,2,knelt,10.2462,14.2760,-4.0297,11,0
ryskin2021,101,3,to,3.1964,3.6156,-0.4193,11,0
ryskin2021,101,4,be,4.7701,5.0881,-0.3180,11,0
ryskin2021,101,5,crowned,5.8883,12.3181,-6.4299,11,0
ryskin2021,101,6,at,3.4818,5.2963,-1.8145,11,0
ryskin2021,101,7,an,4.8341,5.6869,-0.8528,11,0
ryskin2021,101,8,official,5.6891,8.8883,-3.1992,11,0
ryskin2021,101,9,correlation,13.2956,11.8359,1.4597,11,0
ryskin2021,101,10,.,2.3311,2.3026,0.0285,11,0
ryskin2021,101,11,<eos>,5.6308,2.3026,3.3282,11,0
ryskin2021,102,0,The,3.9742,2.9243,1.0498,11,0
ryskin2021,102,1,king,9.8358,8.8183,1.0175,11,0
ryskin2021,102,2,knelt,10.2462,14.2760,-4.0297,11,0
ryskin2021,102,3,to,3.1964,3.6156,-0.4193,11,0
ryskin2021,102,4,be,4.7701,5.0881,-0.3180,11,0
ryskin2021,102,5,crowned,5.8883,12.3181,-6.4299,11,0
ryskin2021,102,6,at,3.4818,5.2963,-1.8145,11,0
ryskin2021,102,7,an,4.8341,5.6869,-0.8528,11,0
ryskin2021,102,8,official,5.6891,8.8883,-3.1992,11,0
ryskin2021,102,9,parasite,15.9152,12.6399,3.2753,11,0
ryskin2021,102,10,.,3.2641,2.3026,0.9615,11,0
ryskin2021,102,11,<eos>,5.4042,2.3026,3.1016,11,0
ryskin2021,103,0,The,3.9742,2.9243,1.0498,11,0
ryskin2021,103,1,king,9.8358,8.8183,1.0175,11,0
ryskin2021,103,2,knelt,10.2462,14.2760,-4.0297,11,0
ryskin2021,103,3,to,3.1964,3.6156,-0.4193,11,0
ryskin2021,103,4,be,4.7701,5.0881,-0.3180,11,0
ryskin2021,103,5,crowned,5.8883,12.3181,-6.4299,11,0
ryskin2021,103,6,at,3.4818,5.2963,-1.8145,11,0
ryskin2021,103,7,an,4.8341,5.6869,-0.8528,11,0
ryskin2021,103,8,official,5.6891,8.8883,-3.1992,11,0
ryskin2021,103,9,coronations,15.2897,16.7159,-1.4262,11,0
ryskin2021,103,10,.,3.8270,2.3026,1.5244,11,0
ryskin2021,103,11,<eos>,5.7304,2.3026,3.4278,11,0
ryskin2021,104,0,The,3.9738,2.9243,1.0495,11,0
ryskin2021,104,1,moth,12.5340,12.6649,-0.1309,11,0
ryskin2021,104,2,attracted,10.6303,10.8000,-0.1697,11,0
ryskin2021,104,3,a,2.3222,3.7766,-1.4544,11,0
ryskin2021,104,4,mate,8.4913,10.2460,-1.7547,11,0
ryskin2021,104,5,by,2.7327,5.3882,-2.6555,11,0
ryskin2021,104,6,releasing,6.8578,11.1908,-4.3330,11,0
ryskin2021,104,7,a,0.8655,3.7766,-2.9111,11,0
ryskin2021,104,8,potent,9.0371,12.1108,-3.0737,11,0
ryskin2021,104,9,pheromone,4.7979,14.4830,-9.6851,11,0
ryskin2021,104,10,.,2.2012,2.3026,-0.1013,11,0
ryskin2021,104,11,<eos>,5.3054,2.3026,3.0028,11,0
ryskin2021,105,0,The,3.9742,2.9243,1.0498,11,0
ryskin2021,105,1,moth,12.5339,12.6649,-0.1310,11,0
ryskin2021,105,2,attracted,10.6282,10.8000,-0.1717,11,0
ryskin2021,105,3,a,2.3223,3.7766,-1.4543,11,0
ryskin2021,105,4,mate,8.4910,10.2460,-1.7550,11,0
ryskin2021,105,5,by,2.7325,5.3882,-2.6557,11,0
ryskin2021,105,6,releasing,6.8583,11.1908,-4.3325,11,0
ryskin2021,105,7,a,0.8653,3.7766,-2.9114,11,0
ryskin2021,105,8,potent,9.0373,12.1108,-3.0735,11,0
ryskin2021,105,9,pharaoh,14.1308,13.0783,1.0524,11,0
ryskin2021,105,10,.,2.8116,2.3026,0.5090,11,0
ryskin2021,105,11,<eos>,5.9121,2.3026,3.6096,11,0
ryskin2021,106,0,The,3.9742,2.9243,1.0498,11,0
ryskin2021,106,1,moth,12.5339,12.6649,-0.1310,11,0
ryskin2021,106,2,attracted,10.6282,10.8000,-0.1717,11,0
ryskin2021,106,3,a,2.3223,3.7766,-1.4543,11,0
ryskin2021,106,4,mate,8.4910,10.2460,-1.7550,11,0
ryskin2021,106,5,by,2.7325,5.3882,-2.6557,11,0
ryskin2021,106,6,releasing,6.8583,11.1908,-4.3325,11,0
ryskin2021,106,7,a,0.8653,3.7766,-2.9114,11,0
ryskin2021,106,8,potent,9.0373,12.1108,-3.0735,11,0
ryskin2021,106,9,admonition,14.7658,14.9425,-0.1768,11,0
ryskin2021,106,10,.,2.3633,2.3026,0.0607,11,0
ryskin2021,106,11,<eos>,5.7015,2.3026,3.3990,11,0
ryskin2021,107,0,The,3.9738,2.9243,1.0495,11,0
ryskin2021,107,1,moth,12.5340,12.6649,-0.1309,11,0
ryskin2021,107,2,attracted,10.6303,10.8000,-0.1697,11,0
ryskin2021,107,3,a,2.3222,3.7766,-1.4544,11,0
ryskin2021,107,4,mate,8.4913,10.2460,-1.7547,11,0
ryskin2021,107,5,by,2.7327,5.3882,-2.6555,11,0
ryskin2021,107,6,releasing,6.8578,11.1908,-4.3330,11,0
ryskin2021,107,7,a,0.8655,3.7766,-2.9111,11,0
ryskin2021,107,8,potent,9.0371,12.1108,-3.0737,11,0
ryskin2021,107,9,pheromones,9.9005,14.2295,-4.3290,11,0
ryskin2021,107,10,.,2.5716,2.3026,0.2690,11,0
ryskin2021,107,11,<eos>,5.3457,2.3026,3.0431,11,0
ryskin2021,108,0,The,3.9745,2.9243,1.0501,11,0
ryskin2021,108,1,archeologists,14.9539,14.9899,-0.0361,11,0
ryskin2021,108,2,found,4.8477,7.6438,-2.7961,11,0
ryskin2021,108,3,the,2.0059,2.9243,-0.9185,11,0
ryskin2021,108,4,mummy,10.0384,12.5018,-2.4634,11,0
ryskin2021,108,5,of,2.2185,3.6849,-1.4664,11,0
ryskin2021,108,6,a,1.5890,3.7766,-2.1876,11,0
ryskin2021,108,7,young,5.3261,8.2208,-2.8946,11,0
ryskin2021,108,8,egyptian,13.1755,11.0305,2.1450,11,0
ryskin2021,108,9,pharaoh,8.4315,13.0783,-4.6468,11,0
ryskin2021,108,10,.,2.5610,2.3026,0.2584,11,0
ryskin2021,108,11,<eos>,5.5506,2.3026,3.2480,11,0
ryskin2021,109,0,The,3.9745,2.9243,1.0501,11,0
ryskin2021,109,1,archeologists,14.9539,14.9899,-0.0361,11,0
ryskin2021,109,2,found,4.8477,7.6438,-2.7961,11,0
ryskin2021,109,3,the,2.0059,2.9243,-0.9185,11,0
ryskin2021,109,4,mummy,10.0384,12.5018,-2.4634,11,0
ryskin2021,109,5,of,2.2185,3.6849,-1.4664,11,0
ryskin2021,109,6,a,1.5890,3.7766,-2.1876,11,0
ryskin2021,109,7,young,5.3261,8.2208,-2.8946,11,0
ryskin2021,109,8,egyptian,13.1755,11.0305,2.1450,11,0
ryskin2021,109,9,pheromone,15.5829,14.4830,1.0999,11,0
ryskin2021,109,10,.,2.7238,2.3026,0.4212,11,0
ryskin2021,109,11,<eos>,5.0954,2.3026,2.7928,11,0
ryskin2021,110,0,The,3.9745,2.9243,1.0501,11,0
ryskin2021,110,1,archeologists,14.9539,14.9899,-0.0361,11,0
ryskin2021,110,2,found,4.8477,7.6438,-2.7961,11,0
ryskin2021,110,3,the,2.0059,2.9243,-0.9185,11,0
ryskin2021,110,4,mummy,10.0384,12.5018,-2.4634,11,0
ryskin2021,110,5,of,2.2185,3.6849,-1.4664,11,0
ryskin2021,110,6,a,1.5890,3.7766,-2.1876,11,0
ryskin2021,110,7,young,5.3261,8.2208,-2.8946,11,0
ryskin2021,110,8,egyptian,13.1755,11.0305,2.1450,11,0
ryskin2021,110,9,hearth,10.9753,13.5844,-2.6091,11,0
ryskin2021,110,10,.,2.4596,2.3026,0.1570,11,0
ryskin2021,110,11,<eos>,5.1392,2.3026,2.8366,11,0
ryskin2021,111,0,The,3.9745,2.9243,1.0501,11,0
ryskin2021,111,1,archeologists,14.9539,14.9899,-0.0361,11,0
ryskin2021,111,2,found,4.8477,7.6438,-2.7961,11,0
ryskin2021,111,3,the,2.0059,2.9243,-0.9185,11,0
ryskin2021,111,4,mummy,10.0384,12.5018,-2.4634,11,0
ryskin2021,111,5,of,2.2185,3.6849,-1.4664,11,0
ryskin2021,111,6,a,1.5890,3.7766,-2.1876,11,0
ryskin2021,111,7,young,5.3261,8.2208,-2.8946,11,0
ryskin2021,111,8,egyptian,13.1755,11.0305,2.1450,11,0
ryskin2021,111,9,pharoahs,22.9593,17.5921,5.3671,11,0
ryskin2021,111,10,.,2.6549,2.3026,0.3523,11,0
ryskin2021,111,11,<eos>,5.5612,2.3026,3.2586,11,0
ryskin2021,112,0,The,3.9742,2.9243,1.0498,11,0
ryskin2021,112,1,student,8.4602,9.1616,-0.7013,11,0
ryskin2021,112,2,went,7.5631,8.0598,-0.4966,11,0
ryskin2021,112,3,to,1.3563,3.6156,-2.2593,11,0
ryskin2021,112,4,medical,8.4682,8.8388,-0.3705,11,0
ryskin2021,112,5,school,0.2133,7.5752,-7.3620,11,0
ryskin2021,112,6,to,2.0029,3.6156,-1.6128,11,0
ryskin2021,112,7,become,4.3773,8.2901,-3.9127,11,0
ryskin2021,112,8,a,0.7171,3.7766,-3.0596,11,0
ryskin2021,112,9,physician,4.1004,11.1008,-7.0005,11,0
ryskin2021,112,10,.,1.5866,2.3026,-0.7159,11,0
ryskin2021,112,11,<eos>,6.7183,2.3026,4.4157,11,0
ryskin2021,113,0,The,3.9742,2.9243,1.0498,11,0
ryskin2021,113,1,student,8.4602,9.1616,-0.7013,11,0
ryskin2021,113,2,went,7.5631,8.0598,-0.4966,11,0
ryskin2021,113,3,to,1.3563,3.6156,-2.2593,11,0
ryskin2021,113,4,medical,8.4682,8.8388,-0.3705,11,0
ryskin2021,113,5,school,0.2133,7.5752,-7.3620,11,0
ryskin2021,113,6,to,2.0029,3.6156,-1.6128,11,0
ryskin2021,113,7,become,4.3773,8.2901,-3.9127,11,0
ryskin2021,113,8,a,0.7171,3.7766,-3.0596,11,0
ryskin2021,113,9,physicist,5.9717,12.8485,-6.8768,11,0
ryskin2021,113,10,.,1.2944,2.3026,-1.0082,11,0
ryskin2021,113,11,<eos>,6.2288,2.3026,3.9262,11,0
ryskin2021,114,0,The,3.9742,2.9243,1.0498,11,0
ryskin2021,114,1,student,8.4602,9.1616,-0.7013,11,0
ryskin2021,114,2,went,7.5631,8.0598,-0.4966,11,0
ryskin2021,114,3,to,1.3563,3.6156,-2.2593,11,0
ryskin2021,114,4,medical,8.4682,8.8388,-0.3705,11,0
ryskin2021,114,5,school,0.2133,7.5752,-7.3620,11,0
ryskin2021,114,6,to,2.0029,3.6156,-1.6128,11,0
ryskin2021,114,7,become,4.3773,8.2901,-3.9127,11,0
ryskin2021,114,8,a,0.7171,3.7766,-3.0596,11,0
ryskin2021,114,9,cardinal,9.3350,11.7436,-2.4086,11,0
ryskin2021,114,10,.,2.2387,2.3026,-0.0638,11,0
ryskin2021,114,11,<eos>,6.7443,2.3026,4.4417,11,0
ryskin2021,115,0,The,3.9742,2.9243,1.0498,11,0
ryskin2021,115,1,student,8.4602,9.1616,-0.7013,11,0
ryskin2021,115,2,went,7.5631,8.0598,-0.4966,11,0
ryskin2021,115,3,to,1.3563,3.6156,-2.2593,11,0
ryskin2021,115,4,medical,8.4682,8.8388,-0.3705,11,0
ryskin2021,115,5,school,0.2133,7.5752,-7.3620,11,0
ryskin2021,115,6,to,2.0029,3.6156,-1.6128,11,0
ryskin2021,115,7,become,4.3773,8.2901,-3.9127,11,0
ryskin2021,115,8,a,0.7171,3.7766,-3.0596,11,0
ryskin2021,115,9,physicians,10.1450,11.4176,-1.2726,11,0
ryskin2021,115,10,.,3.3708,2.3026,1.0682,11,0
ryskin2021,115,11,<eos>,7.0002,2.3026,4.6976,11,0
ryskin2021,116,0,A,4.4455,3.7766,0.6689,11,0
ryskin2021,116,1,new,3.7645,6.3311,-2.5666,11,0
ryskin2021,116,2,gravitational,9.8298,12.6873,-2.8576,11,0
ryskin2021,116,3,theory,5.9703,9.4861,-3.5158,11,0
ryskin2021,116,4,was,4.9324,5.0192,-0.0868,11,0
ryskin2021,116,5,proposed,2.6717,9.8778,-7.2061,11,0
ryskin2021,116,6,by,1.3524,5.3882,-4.0358,11,0
ryskin2021,116,7,an,5.5708,5.6869,-0.1161,11,0
ryskin2021,116,8,eminent,5.8279,12.5263,-6.6984,11,0
ryskin2021,116,9,physicist,0.6638,12.8485,-12.1847,11,0
ryskin2021,116,10,.,3.4172,2.3026,1.1147,11,0
ryskin2021,116,11,<eos>,6.5824,2.3026,4.2798,11,0
ryskin2021,117,0,A,4.4455,3.7766,0.6689,11,0
ryskin2021,117,1,new,3.7645,6.3311,-2.5666,11,0
ryskin2021,117,2,gravitational,9.8298,12.6873,-2.8576,11,0
ryskin2021,117,3,theory,5.9703,9.4861,-3.5158,11,0
ryskin2021,117,4,was,4.9324,5.0192,-0.0868,11,0
ryskin2021,117,5,proposed,2.6717,9.8778,-7.2061,11,0
ryskin2021,117,6,by,1.3524,5.3882,-4.0358,11,0
ryskin2021,117,7,an,5.5708,5.6869,-0.1161,11,0
ryskin2021,117,8,eminent,5.8279,12.5263,-6.6984,11,0
ryskin2021,117,9,physician,7.3270,11.1008,-3.7738,11,0
ryskin2021,117,10,.,3.5289,2.3026,1.2263,11,0
ryskin2021,117,11,<eos>,6.5059,2.3026,4.2033,11,0
ryskin2021,118,0,A,4.4455,3.7766,0.6689,11,0
ryskin2021,118,1,new,3.7645,6.3311,-2.5666,11,0
ryskin2021,118,2,gravitational,9.8298,12.6873,-2.8576,11,0
ryskin2021,118,3,theory,5.9703,9.4861,-3.5158,11,0
ryskin2021,118,4,was,4.9324,5.0192,-0.0868,11,0
ryskin2021,118,5,proposed,2.6717,9.8778,-7.2061,11,0
ryskin2021,118,6,by,1.3524,5.3882,-4.0358,11,0
ryskin2021,118,7,an,5.5708,5.6869,-0.1161,11,0
ryskin2021,118,8,eminent,5.8279,12.5263,-6.6984,11,0
ryskin2021,118,9,campaign,11.7833,9.2103,2.5730,11,0
ryskin2021,118,10,.,7.0743,2.3026,4.7717,11,0
ryskin2021,118,11,<eos>,6.4725,2.3026,4.1699,11,0
ryskin2021,119,0,A,4.4455,3.7766,0.6689,11,0
ryskin2021,119,1,new,3.7645,6.3311,-2.5666,11,0
ryskin2021,119,2,gravitational,9.8298,12.6873,-2.8576,11,0
ryskin2021,119,3,theory,5.9703,9.4861,-3.5158,11,0
ryskin2021,119,4,was,4.9324,5.0192,-0.0868,11,0
ryskin2021,119,5,proposed,2.6717,9.8778,-7.2061,11,0
ryskin2021,119,6,by,1.3524,5.3882,-4.0358,11,0
ryskin2021,119,7,an,5.5708,5.6869,-0.1161,11,0
ryskin2021,119,8,eminent,5.8279,12.5263,-6.6984,11,0
ryskin2021,119,9,physicists,5.9859,13.1224,-7.1364,11,0
ryskin2021,119,10,.,3.0182,2.3026,0.7156,11,0
ryskin2021,119,11,<eos>,6.4829,2.3026,4.1803,11,0
ryskin2021,120,0,Blinking,16.5315,13.1224,3.4091,11,0
ryskin2021,120,1,causes,9.7157,10.0613,-0.3456,11,0
ryskin2021,120,2,a,5.3110,3.7766,1.5344,11,0
ryskin2021,120,3,momentary,10.7395,13.6332,-2.8937,11,0
ryskin2021,120,4,pupil,11.6451,11.9499,-0.3048,11,0
ryskin2021,120,5,contraction,7.5901,12.7577,-5.1677,11,0
ryskin2021,120,6,followed,7.5391,9.0970,-1.5580,11,0
ryskin2021,120,7,by,0.0399,5.3882,-5.3484,11,0
ryskin2021,120,8,a,1.4752,3.7766,-2.3014,11,0
ryskin2021,120,9,dilation,6.9900,14.0913,-7.1013,11,0
ryskin2021,120,10,.,3.6507,2.3026,1.3481,11,0
ryskin2021,120,11,<eos>,5.8507,2.3026,3.5481,11,0
ryskin2021,121,0,Blinking,16.5315,13.1224,3.4091,11,0
ryskin2021,121,1,causes,9.7157,10.0613,-0.3456,11,0
ryskin2021,121,2,a,5.3110,3.7766,1.5344,11,0
ryskin2021,121,3,momentary,10.7395,13.6332,-2.8937,11,0
ryskin2021,121,4,pupil,11.6451,11.9499,-0.3048,11,0
ryskin2021,121,5,contraction,7.5901,12.7577,-5.1677,11,0
ryskin2021,121,6,followed,7.5391,9.0970,-1.5580,11,0
ryskin2021,121,7,by,0.0399,5.3882,-5.3484,11,0
ryskin2021,121,8,a,1.4752,3.7766,-2.3014,11,0
ryskin2021,121,9,dilution,10.0992,13.6585,-3.5593,11,0
ryskin2021,121,10,.,3.0123,2.3026,0.7097,11,0
ryskin2021,121,11,<eos>,5.6133,2.3026,3.3107,11,0
ryskin2021,122,0,Blinking,16.5315,13.1224,3.4091,11,0
ryskin2021,122,1,causes,9.7166,10.0613,-0.3447,11,0
ryskin2021,122,2,a,5.3110,3.7766,1.5343,11,0
ryskin2021,122,3,momentary,10.7409,13.6332,-2.8923,11,0
ryskin2021,122,4,pupil,11.6452,11.9499,-0.3047,11,0
ryskin2021,122,5,contraction,7.5893,12.7577,-5.1684,11,0
ryskin2021,122,6,followed,7.5392,9.0970,-1.5578,11,0
ryskin2021,122,7,by,0.0399,5.3882,-5.3484,11,0
ryskin2021,122,8,a,1.4750,3.7766,-2.3016,11,0
ryskin2021,122,9,mutiny,13.2609,13.1949,0.0660,11,0
ryskin2021,122,10,.,1.3274,2.3026,-0.9752,11,0
ryskin2021,122,11,<eos>,6.1083,2.3026,3.8057,11,0
ryskin2021,123,0,Blinking,16.5315,13.1224,3.4091,11,0
ryskin2021,123,1,causes,9.7166,10.0613,-0.3447,11,0
ryskin2021,123,2,a,5.3110,3.7766,1.5343,11,0
ryskin2021,123,3,momentary,10.7409,13.6332,-2.8923,11,0
ryskin2021,123,4,pupil,11.6452,11.9499,-0.3047,11,0
ryskin2021,123,5,contraction,7.5893,12.7577,-5.1684,11,0
ryskin2021,123,6,followed,7.5392,9.0970,-1.5578,11,0
ryskin2021,123,7,by,0.0399,5.3882,-5.3484,11,0
ryskin2021,123,8,a,1.4750,3.7766,-2.3016,11,0
ryskin2021,123,9,dilations,14.2306,17.6368,-3.4062,11,0
ryskin2021,123,10,.,2.7692,2.3026,0.4666,11,0
ryskin2021,123,11,<eos>,5.7495,2.3026,3.4469,11,0
ryskin2021,124,0,The,3.9745,2.9243,1.0501,13,0
ryskin2021,124,1,bleach,14.4701,12.6399,1.8301,13,0
ryskin2021,124,2,is,2.7608,4.4482,-1.6873,13,0
ryskin2021,124,3,too,6.3911,7.0232,-0.6321,13,0
ryskin2021,124,4,concentrated,7.4954,11.6050,-4.1097,13,0
ryskin2021,124,5,and,1.9091,3.6613,-1.7522,13,0
ryskin2021,124,6,requires,6.1727,9.9696,-3.7969,13,0
ryskin2021,124,7,a,1.6989,3.7766,-2.0777,13,0
ryskin2021,124,8,1-,8.3536,2.3026,6.0510,13,0
ryskin2021,124,9,in,8.1975,3.9846,4.2130,13,0
ryskin2021,124,10,-5,8.0449,2.3026,5.7424,13,0
ryskin2021,124,11,dilution,6.6131,13.6585,-7.0454,13,0
ryskin2021,124,12,.,2.9824,2.3026,0.6798,13,0
ryskin2021,124,13,<eos>,3.7072,2.3026,1.4046,13,0
ryskin2021,125,0,The,3.9745,2.9243,1.0501,13,0
ryskin2021,125,1,bleach,14.4701,12.6399,1.8301,13,0
ryskin2021,125,2,is,2.7608,4.4482,-1.6873,13,0
ryskin2021,125,3,too,6.3911,7.0232,-0.6321,13,0
ryskin2021,125,4,concentrated,7.4954,11.6050,-4.1097,13,0
ryskin2021,125,5,and,1.9091,3.6613,-1.7522,13,0
ryskin2021,125,6,requires,6.1727,9.9696,-3.7969,13,0
ryskin2021,125,7,a,1.6989,3.7766,-2.0777,13,0
ryskin2021,125,8,1-,8.3536,2.3026,6.0510,13,0
ryskin2021,125,9,in,8.1975,3.9846,4.2130,13,0
ryskin2021,125,10,-5,8.0449,2.3026,5.7424,13,0
ryskin2021,125,11,dilation,10.9066,14.0913,-3.1847,13,0
ryskin2021,125,12,.,1.8108,2.3026,-0.4918,13,0
ryskin2021,125,13,<eos>,3.8819,2.3026,1.5793,13,0
ryskin2021,126,0,The,3.9745,2.9243,1.0501,13,0
ryskin2021,126,1,bleach,14.4701,12.6399,1.8301,13,0
ryskin2021,126,2,is,2.7608,4.4482,-1.6873,13,0
ryskin2021,126,3,too,6.3911,7.0232,-0.6321,13,0
ryskin2021,126,4,concentrated,7.4954,11.6050,-4.1097,13,0
ryskin2021,126,5,and,1.9091,3.6613,-1.7522,13,0
ryskin2021,126,6,requires,6.1727,9.9696,-3.7969,13,0
ryskin2021,126,7,a,1.6989,3.7766,-2.0777,13,0
ryskin2021,126,8,1-,8.3536,2.3026,6.0510,13,0
ryskin2021,126,9,in,8.1975,3.9846,4.2130,13,0
ryskin2021,126,10,-5,8.0449,2.3026,5.7424,13,0
ryskin2021,126,11,shudder,12.7462,13.5609,-0.8146,13,0
ryskin2021,126,12,.,1.3640,2.3026,-0.9385,13,0
ryskin2021,126,13,<eos>,4.0322,2.3026,1.7297,13,0
ryskin2021,127,0,The,3.9745,2.9243,1.0501,13,0
ryskin2021,127,1,bleach,14.4701,12.6399,1.8301,13,0
ryskin2021,127,2,is,2.7608,4.4482,-1.6873,13,0
ryskin2021,127,3,too,6.3911,7.0232,-0.6321,13,0
ryskin2021,127,4,concentrated,7.4954,11.6050,-4.1097,13,0
ryskin2021,127,5,and,1.9091,3.6613,-1.7522,13,0
ryskin2021,127,6,requires,6.1727,9.9696,-3.7969,13,0
ryskin2021,127,7,a,1.6989,3.7766,-2.0777,13,0
ryskin2021,127,8,1-,8.3536,2.3026,6.0510,13,0
ryskin2021,127,9,in,8.1975,3.9846,4.2130,13,0
ryskin2021,127,10,-5,8.0449,2.3026,5.7424,13,0
ryskin2021,127,11,dilutions,12.4260,16.0048,-3.5787,13,0
ryskin2021,127,12,.,1.5466,2.3026,-0.7560,13,0
ryskin2021,127,13,<eos>,4.0335,2.3026,1.7309,13,0
ryskin2021,128,0,The,3.9734,2.9243,1.0490,11,0
ryskin2021,128,1,vicious,11.4708,11.9045,-0.4337,11,0
ryskin2021,128,2,cyclone,12.1338,12.6399,-0.5061,11,0
ryskin2021,128,3,tragically,13.9553,13.2167,0.7386,11,0
ryskin2021,128,4,caused,3.4849,9.4861,-6.0012,11,0
ryskin2021,128,5,many,9.0039,7.1148,1.8892,11,0
ryskin2021,128,6,deaths,2.2405,10.2921,-8.0516,11,0
ryskin2021,128,7,and,1.9580,3.6613,-1.7032,11,0
ryskin2021,128,8,much,9.1582,6.9078,2.2504,11,0
ryskin2021,128,9,destruction,5.0246,10.6844,-5.6597,11,0
ryskin2021,128,10,.,2.2721,2.3026,-0.0305,11,0
ryskin2021,128,11,<eos>,5.7701,2.3026,3.4675,11,0
ryskin2021,129,0,The,3.9734,2.9243,1.0490,11,0
ryskin2021,129,1,vicious,11.4708,11.9045,-0.4337,11,0
ryskin2021,129,2,cyclone,12.1338,12.6399,-0.5061,11,0
ryskin2021,129,3,tragically,13.9553,13.2167,0.7386,11,0
ryskin2021,129,4,caused,3.4849,9.4861,-6.0012,11,0
ryskin2021,129,5,many,9.0039,7.1148,1.8892,11,0
ryskin2021,129,6,deaths,2.2405,10.2921,-8.0516,11,0
ryskin2021,129,7,and,1.9580,3.6613,-1.7032,11,0
ryskin2021,129,8,much,9.1582,6.9078,2.2504,11,0
ryskin2021,129,9,distraction,11.6070,12.0188,-0.4117,11,0
ryskin2021,129,10,.,1.7611,2.3026,-0.5415,11,0
ryskin2021,129,11,<eos>,5.8062,2.3026,3.5036,11,0
ryskin2021,130,0,The,3.9734,2.9243,1.0490,11,0
ryskin2021,130,1,vicious,11.4708,11.9045,-0.4337,11,0
ryskin2021,130,2,cyclone,12.1338,12.6399,-0.5061,11,0
ryskin2021,130,3,tragically,13.9553,13.2167,0.7386,11,0
ryskin2021,130,4,caused,3.4849,9.4861,-6.0012,11,0
ryskin2021,130,5,many,9.0039,7.1148,1.8892,11,0
ryskin2021,130,6,deaths,2.2405,10.2921,-8.0516,11,0
ryskin2021,130,7,and,1.9580,3.6613,-1.7032,11,0
ryskin2021,130,8,much,9.1582,6.9078,2.2504,11,0
ryskin2021,130,9,aluminum,14.5110,11.4931,3.0178,11,0
ryskin2021,130,10,.,2.6666,2.3026,0.3640,11,0
ryskin2021,130,11,<eos>,5.6824,2.3026,3.3799,11,0
ryskin2021,131,0,The,3.9745,2.9243,1.0501,11,0
ryskin2021,131,1,vicious,11.4711,11.9045,-0.4334,11,0
ryskin2021,131,2,cyclone,12.1338,12.6399,-0.5061,11,0
ryskin2021,131,3,tragically,13.9548,13.2167,0.7381,11,0
ryskin2021,131,4,caused,3.4849,9.4861,-6.0012,11,0
ryskin2021,131,5,many,9.0041,7.1148,1.8893,11,0
ryskin2021,131,6,deaths,2.2407,10.2921,-8.0514,11,0
ryskin2021,131,7,and,1.9579,3.6613,-1.7033,11,0
ryskin2021,131,8,much,9.1583,6.9078,2.2506,11,0
ryskin2021,131,9,destructions,15.8611,16.1874,-0.3263,11,0
ryskin2021,131,10,.,2.3679,2.3026,0.0653,11,0
ryskin2021,131,11,<eos>,5.5890,2.3026,3.2864,11,0
ryskin2021,132,0,One,6.2040,5.8260,0.3781,11,0
ryskin2021,132,1,window,9.7026,9.6708,0.0319,11,0
ryskin2021,132,2,on,3.5531,4.8122,-1.2590,11,0
ryskin2021,132,3,the,1.0452,2.9243,-1.8791,11,0
ryskin2021,132,4,dilapidated,14.8767,13.7022,1.1746,11,0
ryskin2021,132,5,house,4.5598,7.5752,-3.0155,11,0
ryskin2021,132,6,was,2.9342,5.0192,-2.0850,11,0
ryskin2021,132,7,missing,8.3370,9.0970,-0.7600,11,0
ryskin2021,132,8,a,2.8551,3.7766,-0.9215,11,0
ryskin2021,132,9,shutter,9.4306,12.7103,-3.2797,11,0
ryskin2021,132,10,.,1.7720,2.3026,-0.5306,11,0
ryskin2021,132,11,<eos>,6.3081,2.3026,4.0056,11,0
ryskin2021,133,0,One,6.2036,5.8260,0.3777,11,0
ryskin2021,133,1,window,9.7027,9.6708,0.0319,11,0
ryskin2021,133,2,on,3.5529,4.8122,-1.2593,11,0
ryskin2021,133,3,the,1.0453,2.9243,-1.8791,11,0
ryskin2021,133,4,dilapidated,14.8768,13.7022,1.1747,11,0
ryskin2021,133,5,house,4.5601,7.5752,-3.0151,11,0
ryskin2021,133,6,was,2.9349,5.0192,-2.0843,11,0
ryskin2021,133,7,missing,8.3363,9.0970,-0.7607,11,0
ryskin2021,133,8,a,2.8551,3.7766,-0.9215,11,0
ryskin2021,133,9,shudder,12.7132,13.5609,-0.8477,11,0
ryskin2021,133,10,.,1.4733,2.3026,-0.8293,11,0
ryskin2021,133,11,<eos>,6.4822,2.3026,4.1796,11,0
ryskin2021,134,0,One,6.2040,5.8260,0.3781,11,0
ryskin2021,134,1,window,9.7026,9.6708,0.0319,11,0
ryskin2021,134,2,on,3.5531,4.8122,-1.2590,11,0
ryskin2021,134,3,the,1.0452,2.9243,-1.8791,11,0
ryskin2021,134,4,dilapidated,14.8767,13.7022,1.1746,11,0
ryskin2021,134,5,house,4.5598,7.5752,-3.0155,11,0
ryskin2021,134,6,was,2.9342,5.0192,-2.0850,11,0
ryskin2021,134,7,missing,8.3370,9.0970,-0.7600,11,0
ryskin2021,134,8,a,2.8551,3.7766,-0.9215,11,0
ryskin2021,134,9,migrant,10.8306,12.0892,-1.2586,11,0
ryskin2021,134,10,.,4.6895,2.3026,2.3870,11,0
ryskin2021,134,11,<eos>,6.4365,2.3026,4.1340,11,0
ryskin2021,135,0,One,6.2036,5.8260,0.3777,11,0
ryskin2021,135,1,window,9.7027,9.6708,0.0319,11,0
ryskin2021,135,2,on,3.5529,4.8122,-1.2593,11,0
ryskin2021,135,3,the,1.0453,2.9243,-1.8791,11,0
ryskin2021,135,4,dilapidated,14.8768,13.7022,1.1747,11,0
ryskin2021,135,5,house,4.5601,7.5752,-3.0151,11,0
ryskin2021,135,6,was,2.9349,5.0192,-2.0843,11,0
ryskin2021,135,7,missing,8.3363,9.0970,-0.7607,11,0
ryskin2021,135,8,a,2.8551,3.7766,-0.9215,11,0
ryskin2021,135,9,shutters,13.8311,13.4235,0.4076,11,0
ryskin2021,135,10,.,1.5513,2.3026,-0.7513,11,0
ryskin2021,135,11,<eos>,6.8793,2.3026,4.5768,11,0
ryskin2021,136,0,Rupert,15.9226,12.4119,3.5108,11,0
ryskin2021,136,1,murdoch,18.2628,12.6873,5.5754,11,0
ryskin2021,136,2,is,3.2469,4.4482,-1.2013,11,0
ryskin2021,136,3,the,2.4851,2.9243,-0.4392,11,0
ryskin2021,136,4,owner,5.2354,9.6019,-4.3665,11,0
ryskin2021,136,5,of,0.2228,3.6849,-3.4621,11,0
ryskin2021,136,6,a,1.6753,3.7766,-2.1013,11,0
ryskin2021,136,7,vast,6.1887,10.3848,-4.1960,11,0
ryskin2021,136,8,media,5.1311,8.5172,-3.3861,11,0
ryskin2021,136,9,empire,1.1455,10.2688,-9.1233,11,0
ryskin2021,136,10,.,2.2804,2.3026,-0.0222,11,0
ryskin2021,136,11,<eos>,7.1470,2.3026,4.8444,11,0
ryskin2021,137,0,Rupert,15.9230,12.4119,3.5112,11,0
ryskin2021,137,1,murdoch,18.2625,12.6873,5.5751,11,0
ryskin2021,137,2,is,3.2468,4.4482,-1.2014,11,0
ryskin2021,137,3,the,2.4851,2.9243,-0.4392,11,0
ryskin2021,137,4,owner,5.2346,9.6019,-4.3673,11,0
ryskin2021,137,5,of,0.2226,3.6849,-3.4623,11,0
ryskin2021,137,6,a,1.6753,3.7766,-2.1013,11,0
ryskin2021,137,7,vast,6.1888,10.3848,-4.1960,11,0
ryskin2021,137,8,media,5.1311,8.5172,-3.3861,11,0
ryskin2021,137,9,umpire,15.9421,12.9654,2.9767,11,0
ryskin2021,137,10,.,2.6408,2.3026,0.3383,11,0
ryskin2021,137,11,<eos>,7.3558,2.3026,5.0532,11,0
ryskin2021,138,0,Rupert,15.9226,12.4119,3.5108,11,0
ryskin2021,138,1,murdoch,18.2628,12.6873,5.5754,11,0
ryskin2021,138,2,is,3.2469,4.4482,-1.2013,11,0
ryskin2021,138,3,the,2.4851,2.9243,-0.4392,11,0
ryskin2021,138,4,owner,5.2354,9.6019,-4.3665,11,0
ryskin2021,138,5,of,0.2228,3.6849,-3.4621,11,0
ryskin2021,138,6,a,1.6753,3.7766,-2.1013,11,0
ryskin2021,138,7,vast,6.1887,10.3848,-4.1960,11,0
ryskin2021,138,8,media,5.1311,8.5172,-3.3861,11,0
ryskin2021,138,9,meditation,17.7489,11.6283,6.1205,11,0
ryskin2021,138,10,.,5.1504,2.3026,2.8478,11,0
ryskin2021,138,11,<eos>,7.3340,2.3026,5.0314,11,0
ryskin2021,139,0,Rupert,15.9215,12.4119,3.5096,11,0
ryskin2021,139,1,murdoch,18.2623,12.6873,5.5750,11,0
ryskin2021,139,2,is,3.2464,4.4482,-1.2017,11,0
ryskin2021,139,3,the,2.4851,2.9243,-0.4392,11,0
ryskin2021,139,4,owner,5.2345,9.6019,-4.3674,11,0
ryskin2021,139,5,of,0.2225,3.6849,-3.4624,11,0
ryskin2021,139,6,a,1.6753,3.7766,-2.1013,11,0
ryskin2021,139,7,vast,6.1890,10.3848,-4.1957,11,0
ryskin2021,139,8,media,5.1308,8.5172,-3.3863,11,0
ryskin2021,139,9,empires,15.0093,12.8952,2.1141,11,0
ryskin2021,139,10,.,2.0731,2.3026,-0.2295,11,0
ryskin2021,139,11,<eos>,7.3253,2.3026,5.0227,11,0
ryskin2021,140,0,The,3.9734,2.9243,1.0490,11,0
ryskin2021,140,1,baseball,9.9535,10.2688,-0.3153,11,0
ryskin2021,140,2,player,4.1756,8.7721,-4.5965,11,0
ryskin2021,140,3,felt,9.4982,8.9102,0.5879,11,0
ryskin2021,140,4,cheated,7.8410,11.7436,-3.9026,11,0
ryskin2021,140,5,and,2.3298,3.6613,-1.3314,11,0
ryskin2021,140,6,swore,8.5773,12.5947,-4.0174,11,0
ryskin2021,140,7,at,3.1302,5.2963,-2.1661,11,0
ryskin2021,140,8,an,5.6471,5.6869,-0.0398,11,0
ryskin2021,140,9,umpire,9.6967,12.9654,-3.2687,11,0
ryskin2021,140,10,.,2.0361,2.3026,-0.2665,11,0
ryskin2021,140,11,<eos>,5.7450,2.3026,3.4424,11,0
ryskin2021,141,0,The,3.9742,2.9243,1.0498,11,0
ryskin2021,141,1,baseball,9.9533,10.2688,-0.3155,11,0
ryskin2021,141,2,player,4.1759,8.7721,-4.5962,11,0
ryskin2021,141,3,felt,9.4987,8.9102,0.5884,11,0
ryskin2021,141,4,cheated,7.8411,11.7436,-3.9025,11,0
ryskin2021,141,5,and,2.3296,3.6613,-1.3316,11,0
ryskin2021,141,6,swore,8.5771,12.5947,-4.0176,11,0
ryskin2021,141,7,at,3.1299,5.2963,-2.1664,11,0
ryskin2021,141,8,an,5.6467,5.6869,-0.0403,11,0
ryskin2021,141,9,empire,8.6620,10.2688,-1.6068,11,0
ryskin2021,141,10,.,2.2880,2.3026,-0.0146,11,0
ryskin2021,141,11,<eos>,5.6972,2.3026,3.3947,11,0
ryskin2021,142,0,The,3.9738,2.9243,1.0495,11,0
ryskin2021,142,1,baseball,9.9537,10.2688,-0.3151,11,0
ryskin2021,142,2,player,4.1757,8.7721,-4.5964,11,0
ryskin2021,142,3,felt,9.4983,8.9102,0.5881,11,0
ryskin2021,142,4,cheated,7.8410,11.7436,-3.9026,11,0
ryskin2021,142,5,and,2.3297,3.6613,-1.3316,11,0
ryskin2021,142,6,swore,8.5768,12.5947,-4.0179,11,0
ryskin2021,142,7,at,3.1299,5.2963,-2.1664,11,0
ryskin2021,142,8,a,3.3367,3.7766,-0.4399,11,0
ryskin2021,142,9,coronation,12.6555,12.7788,-0.1233,11,0
ryskin2021,142,10,.,1.8294,2.3026,-0.4732,11,0
ryskin2021,142,11,<eos>,5.4094,2.3026,3.1068,11,0
ryskin2021,143,0,The,3.9734,2.9243,1.0490,11,0
ryskin2021,143,1,baseball,9.9535,10.2688,-0.3153,11,0
ryskin2021,143,2,player,4.1756,8.7721,-4.5965,11,0
ryskin2021,143,3,felt,9.4982,8.9102,0.5879,11,0
ryskin2021,143,4,cheated,7.8410,11.7436,-3.9026,11,0
ryskin2021,143,5,and,2.3298,3.6613,-1.3314,11,0
ryskin2021,143,6,swore,8.5773,12.5947,-4.0174,11,0
ryskin2021,143,7,at,3.1302,5.2963,-2.1661,11,0
ryskin2021,143,8,an,5.6471,5.6869,-0.0398,11,0
ryskin2021,143,9,umpires,13.3227,13.5379,-0.2152,11,0
ryskin2021,143,10,.,2.1749,2.3026,-0.1276,11,0
ryskin2021,143,11,<eos>,5.8147,2.3026,3.5121,11,0
ryskin2021,144,0,The,3.9745,2.9243,1.0501,11,0
ryskin2021,144,1,caribbean,18.1306,11.2353,6.8953,11,0
ryskin2021,144,2,cruise,9.4183,11.0061,-1.5878,11,0
ryskin2021,144,3,package,7.7598,10.4551,-2.6954,11,0
ryskin2021,144,4,includes,2.8996,9.3025,-6.4028,11,0
ryskin2021,144,5,this,7.3466,5.0192,2.3274,11,0
ryskin2021,144,6,kayaking,10.0803,13.7667,-3.6864,11,0
ryskin2021,144,7,and,3.0412,3.6613,-0.6200,11,0
ryskin2021,144,8,snorkeling,7.5481,14.5986,-7.0505,11,0
ryskin2021,144,9,excursion,4.0568,13.0547,-8.9979,11,0
ryskin2021,144,10,.,2.6431,2.3026,0.3405,11,0
ryskin2021,144,11,<eos>,5.7311,2.3026,3.4286,11,0
ryskin2021,145,0,The,3.9745,2.9243,1.0501,11,0
ryskin2021,145,1,caribbean,18.1306,11.2353,6.8953,11,0
ryskin2021,145,2,cruise,9.4183,11.0061,-1.5878,11,0
ryskin2021,145,3,package,7.7598,10.4551,-2.6954,11,0
ryskin2021,145,4,includes,2.8996,9.3025,-6.4028,11,0
ryskin2021,145,5,this,7.3466,5.0192,2.3274,11,0
ryskin2021,145,6,kayaking,10.0803,13.7667,-3.6864,11,0
ryskin2021,145,7,and,3.0412,3.6613,-0.6200,11,0
ryskin2021,145,8,snorkeling,7.5481,14.5986,-7.0505,11,0
ryskin2021,145,9,exertion,12.5189,14.0462,-1.5273,11,0
ryskin2021,145,10,.,2.3304,2.3026,0.0278,11,0
ryskin2021,145,11,<eos>,5.1357,2.3026,2.8332,11,0
ryskin2021,146,0,The,3.9745,2.9243,1.0501,11,0
ryskin2021,146,1,caribbean,18.1306,11.2353,6.8953,11,0
ryskin2021,146,2,cruise,9.4183,11.0061,-1.5878,11,0
ryskin2021,146,3,package,7.7598,10.4551,-2.6954,11,0
ryskin2021,146,4,includes,2.8996,9.3025,-6.4028,11,0
ryskin2021,146,5,this,7.3466,5.0192,2.3274,11,0
ryskin2021,146,6,kayaking,10.0803,13.7667,-3.6864,11,0
ryskin2021,146,7,and,3.0412,3.6613,-0.6200,11,0
ryskin2021,146,8,snorkeling,7.5481,14.5986,-7.0505,11,0
ryskin2021,146,9,irritation,16.6676,12.8485,3.8191,11,0
ryskin2021,146,10,.,2.4790,2.3026,0.1764,11,0
ryskin2021,146,11,<eos>,5.4500,2.3026,3.1475,11,0
ryskin2021,147,0,The,3.9745,2.9243,1.0501,11,0
ryskin2021,147,1,caribbean,18.1306,11.2353,6.8953,11,0
ryskin2021,147,2,cruise,9.4183,11.0061,-1.5878,11,0
ryskin2021,147,3,package,7.7598,10.4551,-2.6954,11,0
ryskin2021,147,4,includes,2.8996,9.3025,-6.4028,11,0
ryskin2021,147,5,this,7.3466,5.0192,2.3274,11,0
ryskin2021,147,6,kayaking,10.0803,13.7667,-3.6864,11,0
ryskin2021,147,7,and,3.0412,3.6613,-0.6200,11,0
ryskin2021,147,8,snorkeling,7.5481,14.5986,-7.0505,11,0
ryskin2021,147,9,excursions,5.3408,13.2389,-7.8981,11,0
ryskin2021,147,10,.,1.8820,2.3026,-0.4206,11,0
ryskin2021,147,11,<eos>,5.6692,2.3026,3.3666,11,0
ryskin2021,148,0,He,7.1396,5.3185,1.8211,11,0
ryskin2021,148,1,had,3.9787,6.1469,-2.1683,11,0
ryskin2021,148,2,sprinted,14.2867,14.5289,-0.2422,11,0
ryskin2021,148,3,and,4.3434,3.6613,0.6822,11,0
ryskin2021,148,4,was,3.5961,5.0192,-1.4231,11,0
ryskin2021,148,5,still,4.7952,7.0917,-2.2965,11,0
ryskin2021,148,6,sweating,8.8960,12.2960,-3.4000,11,0
ryskin2021,148,7,from,3.6651,5.4561,-1.7910,11,0
ryskin2021,148,8,this,4.5426,5.0192,-0.4766,11,0
ryskin2021,148,9,exertion,9.4020,14.0462,-4.6442,11,0
ryskin2021,148,10,.,0.8282,2.3026,-1.4744,11,0
ryskin2021,148,11,<eos>,5.6285,2.3026,3.3259,11,0
ryskin2021,149,0,He,7.1396,5.3185,1.8211,11,0
ryskin2021,149,1,had,3.9787,6.1469,-2.1683,11,0
ryskin2021,149,2,sprinted,14.2867,14.5289,-0.2422,11,0
ryskin2021,149,3,and,4.3434,3.6613,0.6822,11,0
ryskin2021,149,4,was,3.5961,5.0192,-1.4231,11,0
ryskin2021,149,5,still,4.7952,7.0917,-2.2965,11,0
ryskin2021,149,6,sweating,8.8960,12.2960,-3.4000,11,0
ryskin2021,149,7,from,3.6651,5.4561,-1.7910,11,0
ryskin2021,149,8,this,4.5426,5.0192,-0.4766,11,0
ryskin2021,149,9,excursion,7.6832,13.0547,-5.3715,11,0
ryskin2021,149,10,.,1.0698,2.3026,-1.2328,11,0
ryskin2021,149,11,<eos>,6.0449,2.3026,3.7423,11,0
ryskin2021,150,0,He,7.1394,5.3185,1.8209,11,0
ryskin2021,150,1,had,3.9788,6.1469,-2.1681,11,0
ryskin2021,150,2,sprinted,14.2874,14.5289,-0.2414,11,0
ryskin2021,150,3,and,4.3428,3.6613,0.6815,11,0
ryskin2021,150,4,was,3.5961,5.0192,-1.4230,11,0
ryskin2021,150,5,still,4.7950,7.0917,-2.2967,11,0
ryskin2021,150,6,sweating,8.8957,12.2960,-3.4003,11,0
ryskin2021,150,7,from,3.6659,5.4561,-1.7903,11,0
ryskin2021,150,8,this,4.5419,5.0192,-0.4773,11,0
ryskin2021,150,9,cardinal,13.1422,11.7436,1.3986,11,0
ryskin2021,150,10,.,3.1975,2.3026,0.8949,11,0
ryskin2021,150,11,<eos>,5.8135,2.3026,3.5109,11,0
ryskin2021,151,0,He,7.1396,5.3185,1.8211,11,0
ryskin2021,151,1,had,3.9787,6.1469,-2.1683,11,0
ryskin2021,151,2,sprinted,14.2867,14.5289,-0.2422,11,0
ryskin2021,151,3,and,4.3434,3.6613,0.6822,11,0
ryskin2021,151,4,was,3.5961,5.0192,-1.4231,11,0
ryskin2021,151,5,still,4.7952,7.0917,-2.2965,11,0
ryskin2021,151,6,sweating,8.8960,12.2960,-3.4000,11,0
ryskin2021,151,7,from,3.6651,5.4561,-1.7910,11,0
ryskin2021,151,8,this,4.5426,5.0192,-0.4766,11,0
ryskin2021,151,9,exertions,15.0187,15.1511,-0.1324,11,0
ryskin2021,151,10,.,0.8793,2.3026,-1.4233,11,0
ryskin2021,151,11,<eos>,5.8185,2.3026,3.5159,11,0
ryskin2021,152,0,The,3.9742,2.9243,1.0498,11,0
ryskin2021,152,1,study,7.0022,8.6115,-1.6093,11,0
ryskin2021,152,2,of,0.9076,3.6849,-2.7773,11,0
ryskin2021,152,3,sounds,11.0671,9.2797,1.7874,11,0
ryskin2021,152,4,in,2.0536,3.9846,-1.9310,11,0
ryskin2021,152,5,language,6.1012,8.9792,-2.8780,11,0
ryskin2021,152,6,is,4.6655,4.4482,0.2174,11,0
ryskin2021,152,7,known,6.3024,8.3143,-2.0118,11,0
ryskin2021,152,8,as,2.6812,5.1345,-2.4533,11,0
ryskin2021,152,9,phonology,6.8840,14.5986,-7.7146,11,0
ryskin2021,152,10,.,1.0334,2.3026,-1.2692,11,0
ryskin2021,152,11,<eos>,6.3679,2.3026,4.0653,11,0
ryskin2021,153,0,The,3.9738,2.9243,1.0495,11,0
ryskin2021,153,1,study,7.0019,8.6115,-1.6096,11,0
ryskin2021,153,2,of,0.9074,3.6849,-2.7774,11,0
ryskin2021,153,3,sounds,11.0675,9.2797,1.7878,11,0
ryskin2021,153,4,in,2.0537,3.9846,-1.9308,11,0
ryskin2021,153,5,language,6.1013,8.9792,-2.8779,11,0
ryskin2021,153,6,is,4.6640,4.4482,0.2159,11,0
ryskin2021,153,7,known,6.3024,8.3143,-2.0118,11,0
ryskin2021,153,8,as,2.6811,5.1345,-2.4534,11,0
ryskin2021,153,9,phrenology,14.3344,15.7060,-1.3716,11,0
ryskin2021,153,10,.,0.8302,2.3026,-1.4724,11,0
ryskin2021,153,11,<eos>,6.4266,2.3026,4.1240,11,0
ryskin2021,154,0,The,3.9742,2.9243,1.0498,11,0
ryskin2021,154,1,study,7.0022,8.6115,-1.6093,11,0
ryskin2021,154,2,of,0.9076,3.6849,-2.7773,11,0
ryskin2021,154,3,sounds,11.0671,9.2797,1.7874,11,0
ryskin2021,154,4,in,2.0536,3.9846,-1.9310,11,0
ryskin2021,154,5,language,6.1012,8.9792,-2.8780,11,0
ryskin2021,154,6,is,4.6655,4.4482,0.2174,11,0
ryskin2021,154,7,known,6.3024,8.3143,-2.0118,11,0
ryskin2021,154,8,as,2.6812,5.1345,-2.4533,11,0
ryskin2021,154,9,leisure,13.2562,11.6968,1.5594,11,0
ryskin2021,154,10,.,3.1702,2.3026,0.8677,11,0
ryskin2021,154,11,<eos>,6.4537,2.3026,4.1511,11,0
ryskin2021,155,0,The,3.9742,2.9243,1.0498,11,0
ryskin2021,155,1,study,7.0022,8.6115,-1.6093,11,0
ryskin2021,155,2,of,0.9076,3.6849,-2.7773,11,0
ryskin2021,155,3,sounds,11.0671,9.2797,1.7874,11,0
ryskin2021,155,4,in,2.0536,3.9846,-1.9310,11,0
ryskin2021,155,5,language,6.1012,8.9792,-2.8780,11,0
ryskin2021,155,6,is,4.6655,4.4482,0.2174,11,0
ryskin2021,155,7,known,6.3024,8.3143,-2.0118,11,0
ryskin2021,155,8,as,2.6812,5.1345,-2.4533,11,0
ryskin2021,155,9,phonologies,11.9148,18.4207,-6.5059,11,0
ryskin2021,155,10,.,1.1517,2.3026,-1.1509,11,0
ryskin2021,155,11,<eos>,6.2644,2.3026,3.9618,11,0
ryskin2021,156,0,The,3.9745,2.9243,1.0501,11,0
ryskin2021,156,1,pseudoscience,14.0318,14.8289,-0.7971,11,0
ryskin2021,156,2,of,0.3753,3.6849,-3.3096,11,0
ryskin2021,156,3,inferring,13.3762,14.8044,-1.4281,11,0
ryskin2021,156,4,personality,8.2097,10.2460,-2.0363,11,0
ryskin2021,156,5,from,3.1727,5.4561,-2.2835,11,0
ryskin2021,156,6,skull,8.5837,11.3059,-2.7222,11,0
ryskin2021,156,7,measurements,6.5999,11.3996,-4.7997,11,0
ryskin2021,156,8,is,4.3307,4.4482,-0.1175,11,0
ryskin2021,156,9,phrenology,19.7033,15.7060,3.9973,11,0
ryskin2021,156,10,.,0.5384,2.3026,-1.7642,11,0
ryskin2021,156,11,<eos>,5.7203,2.3026,3.4177,11,0
ryskin2021,157,0,The,3.9745,2.9243,1.0501,11,0
ryskin2021,157,1,pseudoscience,14.0318,14.8289,-0.7971,11,0
ryskin2021,157,2,of,0.3753,3.6849,-3.3096,11,0
ryskin2021,157,3,inferring,13.3762,14.8044,-1.4281,11,0
ryskin2021,157,4,personality,8.2097,10.2460,-2.0363,11,0
ryskin2021,157,5,from,3.1727,5.4561,-2.2835,11,0
ryskin2021,157,6,skull,8.5837,11.3059,-2.7222,11,0
ryskin2021,157,7,measurements,6.5999,11.3996,-4.7997,11,0
ryskin2021,157,8,is,4.3307,4.4482,-0.1175,11,0
ryskin2021,157,9,phonology,15.7434,14.5986,1.1448,11,0
ryskin2021,157,10,.,0.8006,2.3026,-1.5020,11,0
ryskin2021,157,11,<eos>,5.8084,2.3026,3.5058,11,0
ryskin2021,158,0,The,3.9745,2.9243,1.0501,11,0
ryskin2021,158,1,pseudoscience,14.0318,14.8289,-0.7971,11,0
ryskin2021,158,2,of,0.3753,3.6849,-3.3096,11,0
ryskin2021,158,3,inferring,13.3762,14.8044,-1.4281,11,0
ryskin2021,158,4,personality,8.2097,10.2460,-2.0363,11,0
ryskin2021,158,5,from,3.1727,5.4561,-2.2835,11,0
ryskin2021,158,6,skull,8.5837,11.3059,-2.7222,11,0
ryskin2021,158,7,measurements,6.5999,11.3996,-4.7997,11,0
ryskin2021,158,8,is,4.3307,4.4482,-0.1175,11,0
ryskin2021,158,9,saffron,16.3675,13.3331,3.0344,11,0
ryskin2021,158,10,.,2.5220,2.3026,0.2194,11,0
ryskin2021,158,11,<eos>,4.9613,2.3026,2.6587,11,0
ryskin2021,159,0,The,3.9745,2.9243,1.0501,11,0
ryskin2021,159,1,pseudoscience,14.0318,14.8289,-0.7971,11,0
ryskin2021,159,2,of,0.3753,3.6849,-3.3096,11,0
ryskin2021,159,3,inferring,13.3762,14.8044,-1.4281,11,0
ryskin2021,159,4,personality,8.2097,10.2460,-2.0363,11,0
ryskin2021,159,5,from,3.1727,5.4561,-2.2835,11,0
ryskin2021,159,6,skull,8.5837,11.3059,-2.7222,11,0
ryskin2021,159,7,measurements,6.5999,11.3996,-4.7997,11,0
ryskin2021,159,8,is,4.3307,4.4482,-0.1175,11,0
ryskin2021,159,9,phrenologies,22.2589,18.4207,3.8382,11,0
ryskin2021,159,10,.,1.2359,2.3026,-1.0667,11,0
ryskin2021,159,11,<eos>,5.6521,2.3026,3.3495,11,0
ryskin2021,160,0,The,3.9738,2.9243,1.0495,11,0
ryskin2021,160,1,casket,13.1005,13.2167,-0.1162,11,0
ryskin2021,160,2,was,3.5561,5.0192,-1.4631,11,0
ryskin2021,160,3,carried,7.5172,9.7397,-2.2225,11,0
ryskin2021,160,4,to,3.4985,3.6156,-0.1171,11,0
ryskin2021,160,5,the,0.5656,2.9243,-2.3587,11,0
ryskin2021,160,6,cemetery,5.4468,11.3732,-5.9263,11,0
ryskin2021,160,7,in,2.1573,3.9846,-1.8273,11,0
ryskin2021,160,8,a,3.3595,3.7766,-0.4171,11,0
ryskin2021,160,9,hearse,11.6225,14.2760,-2.6535,11,0
ryskin2021,160,10,.,2.1836,2.3026,-0.1190,11,0
ryskin2021,160,11,<eos>,5.8448,2.3026,3.5423,11,0
ryskin2021,161,0,The,3.9738,2.9243,1.0495,11,0
ryskin2021,161,1,casket,13.1005,13.2167,-0.1162,11,0
ryskin2021,161,2,was,3.5561,5.0192,-1.4631,11,0
ryskin2021,161,3,carried,7.5172,9.7397,-2.2225,11,0
ryskin2021,161,4,to,3.4985,3.6156,-0.1171,11,0
ryskin2021,161,5,the,0.5656,2.9243,-2.3587,11,0
ryskin2021,161,6,cemetery,5.4468,11.3732,-5.9263,11,0
ryskin2021,161,7,in,2.1573,3.9846,-1.8273,11,0
ryskin2021,161,8,a,3.3595,3.7766,-0.4171,11,0
ryskin2021,161,9,hearth,10.5318,13.5844,-3.0526,11,0
ryskin2021,161,10,.,1.7943,2.3026,-0.5083,11,0
ryskin2021,161,11,<eos>,5.7150,2.3026,3.4125,11,0
ryskin2021,162,0,The,3.9742,2.9243,1.0498,11,0
ryskin2021,162,1,casket,13.1004,13.2167,-0.1163,11,0
ryskin2021,162,2,was,3.5564,5.0192,-1.4627,11,0
ryskin2021,162,3,carried,7.5176,9.7397,-2.2221,11,0
ryskin2021,162,4,to,3.4977,3.6156,-0.1180,11,0
ryskin2021,162,5,the,0.5656,2.9243,-2.3587,11,0
ryskin2021,162,6,cemetery,5.4467,11.3732,-5.9264,11,0
ryskin2021,162,7,in,2.1574,3.9846,-1.8272,11,0
ryskin2021,162,8,a,3.3596,3.7766,-0.4171,11,0
ryskin2021,162,9,dilution,12.9220,13.6585,-0.7365,11,0
ryskin2021,162,10,.,3.0209,2.3026,0.7183,11,0
ryskin2021,162,11,<eos>,5.6357,2.3026,3.3331,11,0
ryskin2021,163,0,The,3.9738,2.9243,1.0495,11,0
ryskin2021,163,1,casket,13.1005,13.2167,-0.1162,11,0
ryskin2021,163,2,was,3.5561,5.0192,-1.4631,11,0
ryskin2021,163,3,carried,7.5172,9.7397,-2.2225,11,0
ryskin2021,163,4,to,3.4985,3.6156,-0.1171,11,0
ryskin2021,163,5,the,0.5656,2.9243,-2.3587,11,0
ryskin2021,163,6,cemetery,5.4468,11.3732,-5.9263,11,0
ryskin2021,163,7,in,2.1573,3.9846,-1.8273,11,0
ryskin2021,163,8,a,3.3595,3.7766,-0.4171,11,0
ryskin2021,163,9,hearses,19.8790,16.5321,3.3469,11,0
ryskin2021,163,10,.,2.9917,2.3026,0.6891,11,0
ryskin2021,163,11,<eos>,6.1064,2.3026,3.8038,11,0
ryskin2021,164,0,The,3.9742,2.9243,1.0498,11,0
ryskin2021,164,1,heat,8.9562,9.5333,-0.5771,11,0
ryskin2021,164,2,felt,9.3591,8.9102,0.4488,11,0
ryskin2021,164,3,even,6.9651,6.9310,0.0341,11,0
ryskin2021,164,4,worse,4.3590,9.4639,-5.1049,11,0
ryskin2021,164,5,because,4.7027,6.8401,-2.1374,11,0
ryskin2021,164,6,of,1.4020,3.6849,-2.2829,11,0
ryskin2021,164,7,all,5.2313,5.7108,-0.4795,11,0
ryskin2021,164,8,this,3.0334,5.0192,-1.9858,11,0
ryskin2021,164,9,humidity,6.4720,11.9045,-5.4325,11,0
ryskin2021,164,10,.,1.2511,2.3026,-1.0515,11,0
ryskin2021,164,11,<eos>,6.2586,2.3026,3.9560,11,0
ryskin2021,165,0,The,3.9742,2.9243,1.0498,11,0
ryskin2021,165,1,heat,8.9562,9.5333,-0.5771,11,0
ryskin2021,165,2,felt,9.3591,8.9102,0.4488,11,0
ryskin2021,165,3,even,6.9651,6.9310,0.0341,11,0
ryskin2021,165,4,worse,4.3590,9.4639,-5.1049,11,0
ryskin2021,165,5,because,4.7027,6.8401,-2.1374,11,0
ryskin2021,165,6,of,1.4020,3.6849,-2.2829,11,0
ryskin2021,165,7,all,5.2313,5.7108,-0.4795,11,0
ryskin2021,165,8,this,3.0334,5.0192,-1.9858,11,0
ryskin2021,165,9,humility,10.8858,12.4571,-1.5713,11,0
ryskin2021,165,10,.,1.2418,2.3026,-1.0608,11,0
ryskin2021,165,11,<eos>,6.1726,2.3026,3.8700,11,0
ryskin2021,166,0,The,3.9742,2.9243,1.0498,11,0
ryskin2021,166,1,heat,8.9562,9.5333,-0.5771,11,0
ryskin2021,166,2,felt,9.3591,8.9102,0.4488,11,0
ryskin2021,166,3,even,6.9651,6.9310,0.0341,11,0
ryskin2021,166,4,worse,4.3590,9.4639,-5.1049,11,0
ryskin2021,166,5,because,4.7027,6.8401,-2.1374,11,0
ryskin2021,166,6,of,1.4020,3.6849,-2.2829,11,0
ryskin2021,166,7,all,5.2313,5.7108,-0.4795,11,0
ryskin2021,166,8,this,3.0334,5.0192,-1.9858,11,0
ryskin2021,166,9,catalyst,11.0804,12.0663,-0.9859,11,0
ryskin2021,166,10,.,2.2864,2.3026,-0.0162,11,0
ryskin2021,166,11,<eos>,6.4049,2.3026,4.1024,11,0
ryskin2021,167,0,The,3.9742,2.9243,1.0498,11,0
ryskin2021,167,1,heat,8.9562,9.5333,-0.5771,11,0
ryskin2021,167,2,felt,9.3591,8.9102,0.4488,11,0
ryskin2021,167,3,even,6.9651,6.9310,0.0341,11,0
ryskin2021,167,4,worse,4.3590,9.4639,-5.1049,11,0
ryskin2021,167,5,because,4.7027,6.8401,-2.1374,11,0
ryskin2021,167,6,of,1.4020,3.6849,-2.2829,11,0
ryskin2021,167,7,all,5.2313,5.7108,-0.4795,11,0
ryskin2021,167,8,this,3.0334,5.0192,-1.9858,11,0
ryskin2021,167,9,humidities,12.8302,17.7275,-4.8973,11,0
ryskin2021,167,10,.,1.4669,2.3026,-0.8357,11,0
ryskin2021,167,11,<eos>,6.0651,2.3026,3.7625,11,0
ryskin2021,168,0,The,3.9738,2.9243,1.0495,11,0
ryskin2021,168,1,sermon,11.3922,12.4571,-1.0649,11,0
ryskin2021,168,2,denounced,11.7501,12.7337,-0.9837,11,0
ryskin2021,168,3,pride,11.7390,10.3848,1.3543,11,0
ryskin2021,168,4,and,1.4448,3.6613,-2.2164,11,0
ryskin2021,168,5,extolled,12.4314,15.1978,-2.7664,11,0
ryskin2021,168,6,the,2.0003,2.9243,-0.9240,11,0
ryskin2021,168,7,virtue,7.3334,11.6510,-4.3177,11,0
ryskin2021,168,8,of,0.1069,3.6849,-3.5780,11,0
ryskin2021,168,9,humility,5.3020,12.4571,-7.1551,11,0
ryskin2021,168,10,.,1.0549,2.3026,-1.2477,11,0
ryskin2021,168,11,<eos>,5.6453,2.3026,3.3427,11,0
ryskin2021,169,0,The,3.9738,2.9243,1.0495,11,0
ryskin2021,169,1,sermon,11.3922,12.4571,-1.0649,11,0
ryskin2021,169,2,denounced,11.7501,12.7337,-0.9837,11,0
ryskin2021,169,3,pride,11.7390,10.3848,1.3543,11,0
ryskin2021,169,4,and,1.4448,3.6613,-2.2164,11,0
ryskin2021,169,5,extolled,12.4314,15.1978,-2.7664,11,0
ryskin2021,169,6,the,2.0003,2.9243,-0.9240,11,0
ryskin2021,169,7,virtue,7.3334,11.6510,-4.3177,11,0
ryskin2021,169,8,of,0.1069,3.6849,-3.5780,11,0
ryskin2021,169,9,humidity,14.5788,11.9045,2.6744,11,0
ryskin2021,169,10,.,1.2661,2.3026,-1.0365,11,0
ryskin2021,169,11,<eos>,5.6276,2.3026,3.3250,11,0
ryskin2021,170,0,The,3.9738,2.9243,1.0495,11,0
ryskin2021,170,1,sermon,11.3922,12.4571,-1.0649,11,0
ryskin2021,170,2,denounced,11.7501,12.7337,-0.9837,11,0
ryskin2021,170,3,pride,11.7390,10.3848,1.3543,11,0
ryskin2021,170,4,and,1.4448,3.6613,-2.2164,11,0
ryskin2021,170,5,extolled,12.4314,15.1978,-2.7664,11,0
ryskin2021,170,6,the,2.0003,2.9243,-0.9240,11,0
ryskin2021,170,7,virtue,7.3334,11.6510,-4.3177,11,0
ryskin2021,170,8,of,0.1069,3.6849,-3.5780,11,0
ryskin2021,170,9,alumni,12.6965,11.7665,0.9300,11,0
ryskin2021,170,10,.,2.1920,2.3026,-0.1106,11,0
ryskin2021,170,11,<eos>,5.6826,2.3026,3.3800,11,0
ryskin2021,171,0,The,3.9734,2.9243,1.0490,11,0
ryskin2021,171,1,sermon,11.3918,12.4571,-1.0653,11,0
ryskin2021,171,2,denounced,11.7499,12.7337,-0.9838,11,0
ryskin2021,171,3,pride,11.7388,10.3848,1.3541,11,0
ryskin2021,171,4,and,1.4446,3.6613,-2.2166,11,0
ryskin2021,171,5,extolled,12.4309,15.1978,-2.7669,11,0
ryskin2021,171,6,the,2.0005,2.9243,-0.9239,11,0
ryskin2021,171,7,virtue,7.3334,11.6510,-4.3177,11,0
ryskin2021,171,8,of,0.1068,3.6849,-3.5781,11,0
ryskin2021,171,9,humilities,20.1557,18.4207,1.7350,11,0
ryskin2021,171,10,.,1.8700,2.3026,-0.4326,11,0
ryskin2021,171,11,<eos>,5.7826,2.3026,3.4800,11,0
ryskin2021,172,0,The,3.9742,2.9243,1.0498,11,0
ryskin2021,172,1,scientist,10.4132,11.0305,-0.6173,11,0
ryskin2021,172,2,designed,8.8084,9.3025,-0.4941,11,0
ryskin2021,172,3,an,3.5036,5.6869,-2.1834,11,0
ryskin2021,172,4,experiment,3.3151,10.6375,-7.3224,11,0
ryskin2021,172,5,to,0.9462,3.6156,-2.6695,11,0
ryskin2021,172,6,test,1.8072,8.7721,-6.9649,11,0
ryskin2021,172,7,a,3.0606,3.7766,-0.7160,11,0
ryskin2021,172,8,controversial,7.8765,10.9823,-3.1058,11,0
ryskin2021,172,9,hypothesis,2.4651,11.8127,-9.3476,11,0
ryskin2021,172,10,.,3.9884,2.3026,1.6859,11,0
ryskin2021,172,11,<eos>,6.4030,2.3026,4.1005,11,0
ryskin2021,173,0,The,3.9738,2.9243,1.0495,11,0
ryskin2021,173,1,scientist,10.4137,11.0305,-0.6168,11,0
ryskin2021,173,2,designed,8.8085,9.3025,-0.4940,11,0
ryskin2021,173,3,an,3.5035,5.6869,-2.1834,11,0
ryskin2021,173,4,experiment,3.3151,10.6375,-7.3223,11,0
ryskin2021,173,5,to,0.9464,3.6156,-2.6693,11,0
ryskin2021,173,6,test,1.8070,8.7721,-6.9651,11,0
ryskin2021,173,7,a,3.0608,3.7766,-0.7158,11,0
ryskin2021,173,8,controversial,7.8766,10.9823,-3.1057,11,0
ryskin2021,173,9,hypotenuse,17.2640,15.7465,1.5174,11,0
ryskin2021,173,10,.,2.8009,2.3026,0.4983,11,0
ryskin2021,173,11,<eos>,5.8669,2.3026,3.5643,11,0
ryskin2021,174,0,The,3.9742,2.9243,1.0498,11,0
ryskin2021,174,1,scientist,10.4132,11.0305,-0.6173,11,0
ryskin2021,174,2,designed,8.8084,9.3025,-0.4941,11,0
ryskin2021,174,3,an,3.5036,5.6869,-2.1834,11,0
ryskin2021,174,4,experiment,3.3151,10.6375,-7.3224,11,0
ryskin2021,174,5,to,0.9462,3.6156,-2.6695,11,0
ryskin2021,174,6,test,1.8072,8.7721,-6.9649,11,0
ryskin2021,174,7,a,3.0606,3.7766,-0.7160,11,0
ryskin2021,174,8,controversial,7.8765,10.9823,-3.1058,11,0
ryskin2021,174,9,gazette,12.8636,12.4119,0.4517,11,0
ryskin2021,174,10,.,2.6655,2.3026,0.3629,11,0
ryskin2021,174,11,<eos>,5.9256,2.3026,3.6230,11,0
ryskin2021,175,0,The,3.9742,2.9243,1.0498,11,0
ryskin2021,175,1,scientist,10.4132,11.0305,-0.6173,11,0
ryskin2021,175,2,designed,8.8084,9.3025,-0.4941,11,0
ryskin2021,175,3,an,3.5036,5.6869,-2.1834,11,0
ryskin2021,175,4,experiment,3.3151,10.6375,-7.3224,11,0
ryskin2021,175,5,to,0.9462,3.6156,-2.6695,11,0
ryskin2021,175,6,test,1.8072,8.7721,-6.9649,11,0
ryskin2021,175,7,a,3.0606,3.7766,-0.7160,11,0
ryskin2021,175,8,controversial,7.8765,10.9823,-3.1058,11,0
ryskin2021,175,9,hypotheses,7.0308,13.3581,-6.3273,11,0
ryskin2021,175,10,.,4.3061,2.3026,2.0035,11,0
ryskin2021,175,11,<eos>,6.4577,2.3026,4.1551,11,0
ryskin2021,176,0,Use,5.8783,7.3447,-1.4664,12,0
ryskin2021,176,1,pythagoras,24.6534,14.5516,10.1018,12,0
ryskin2021,176,2,',3.6758,2.3026,1.3732,12,0
ryskin2021,176,3,theorem,8.7510,12.1804,-3.4294,12,0
ryskin2021,176,4,to,0.6161,3.6156,-2.9995,12,0
ryskin2021,176,5,find,4.2848,7.4611,-3.1763,12,0
ryskin2021,176,6,the,1.3291,2.9243,-1.5952,12,0
ryskin2021,176,7,length,7.1169,9.7397,-2.6227,12,0
ryskin2021,176,8,of,0.1712,3.6849,-3.5137,12,0
ryskin2021,176,9,a,1.3960,3.7766,-2.3806,12,0
ryskin2021,176,10,hypotenuse,9.2816,15.7465,-6.4649,12,0
ryskin2021,176,11,.,2.1886,2.3026,-0.1140,12,0
ryskin2021,176,12,<eos>,5.5318,2.3026,3.2293,12,0
ryskin2021,177,0,Use,5.8783,7.3447,-1.4664,12,0
ryskin2021,177,1,pythagoras,24.6534,14.5516,10.1018,12,0
ryskin2021,177,2,',3.6758,2.3026,1.3732,12,0
ryskin2021,177,3,theorem,8.7510,12.1804,-3.4294,12,0
ryskin2021,177,4,to,0.6161,3.6156,-2.9995,12,0
ryskin2021,177,5,find,4.2848,7.4611,-3.1763,12,0
ryskin2021,177,6,the,1.3291,2.9243,-1.5952,12,0
ryskin2021,177,7,length,7.1169,9.7397,-2.6227,12,0
ryskin2021,177,8,of,0.1712,3.6849,-3.5137,12,0
ryskin2021,177,9,a,1.3960,3.7766,-2.3806,12,0
ryskin2021,177,10,hypothesis,10.2113,11.8127,-1.6014,12,0
ryskin2021,177,11,.,2.2990,2.3026,-0.0035,12,0
ryskin2021,177,12,<eos>,5.5305,2.3026,3.2279,12,0
ryskin2021,178,0,Use,5.8783,7.3447,-1.4664,12,0
ryskin2021,178,1,pythagoras,24.6534,14.5516,10.1018,12,0
ryskin2021,178,2,',3.6758,2.3026,1.3732,12,0
ryskin2021,178,3,theorem,8.7510,12.1804,-3.4294,12,0
ryskin2021,178,4,to,0.6161,3.6156,-2.9995,12,0
ryskin2021,178,5,find,4.2848,7.4611,-3.1763,12,0
ryskin2021,178,6,the,1.3291,2.9243,-1.5952,12,0
ryskin2021,178,7,length,7.1169,9.7397,-2.6227,12,0
ryskin2021,178,8,of,0.1712,3.6849,-3.5137,12,0
ryskin2021,178,9,a,1.3960,3.7766,-2.3806,12,0
ryskin2021,178,10,cavalry,13.0787,11.9734,1.1054,12,0
ryskin2021,178,11,.,5.3141,2.3026,3.0115,12,0
ryskin2021,178,12,<eos>,5.7303,2.3026,3.4277,12,0
ryskin2021,179,0,Use,5.8783,7.3447,-1.4664,12,0
ryskin2021,179,1,pythagoras,24.6534,14.5516,10.1018,12,0
ryskin2021,179,2,',3.6758,2.3026,1.3732,12,0
ryskin2021,179,3,theorem,8.7510,12.1804,-3.4294,12,0
ryskin2021,179,4,to,0.6161,3.6156,-2.9995,12,0
ryskin2021,179,5,find,4.2848,7.4611,-3.1763,12,0
ryskin2021,179,6,the,1.3291,2.9243,-1.5952,12,0
ryskin2021,179,7,length,7.1169,9.7397,-2.6227,12,0
ryskin2021,179,8,of,0.1712,3.6849,-3.5137,12,0
ryskin2021,179,9,a,1.3960,3.7766,-2.3806,12,0
ryskin2021,179,10,hypotenuses,20.2647,18.4207,1.8440,12,0
ryskin2021,179,11,.,2.3001,2.3026,-0.0024,12,0
ryskin2021,179,12,<eos>,5.3156,2.3026,3.0130,12,0
ryskin2021,180,0,The,3.9734,2.9243,1.0490,11,0
ryskin2021,180,1,preacher,12.8231,12.2490,0.5741,11,0
ryskin2021,180,2,believed,6.5414,9.7866,-3.2452,11,0
ryskin2021,180,3,drunkenness,14.2746,14.0691,0.2055,11,0
ryskin2021,180,4,was,1.5374,5.0192,-3.4818,11,0
ryskin2021,180,5,the,1.9399,2.9243,-0.9845,11,0
ryskin2021,180,6,cause,3.8573,8.4039,-4.5465,11,0
ryskin2021,180,7,of,0.1138,3.6849,-3.5711,11,0
ryskin2021,180,8,much,6.8815,6.9078,-0.0262,11,0
ryskin2021,180,9,immorality,14.2977,14.1608,0.1368,11,0
ryskin2021,180,10,.,1.1302,2.3026,-1.1724,11,0
ryskin2021,180,11,<eos>,6.4672,2.3026,4.1646,11,0
ryskin2021,181,0,The,3.9738,2.9243,1.0495,11,0
ryskin2021,181,1,preacher,12.8230,12.2490,0.5740,11,0
ryskin2021,181,2,believed,6.5412,9.7866,-3.2453,11,0
ryskin2021,181,3,drunkenness,14.2746,14.0691,0.2055,11,0
ryskin2021,181,4,was,1.5373,5.0192,-3.4818,11,0
ryskin2021,181,5,the,1.9399,2.9243,-0.9844,11,0
ryskin2021,181,6,cause,3.8573,8.4039,-4.5466,11,0
ryskin2021,181,7,of,0.1137,3.6849,-3.5712,11,0
ryskin2021,181,8,much,6.8815,6.9078,-0.0263,11,0
ryskin2021,181,9,immortality,14.5688,12.8716,1.6972,11,0
ryskin2021,181,10,.,1.0642,2.3026,-1.2383,11,0
ryskin2021,181,11,<eos>,6.5165,2.3026,4.2140,11,0
ryskin2021,182,0,The,3.9742,2.9243,1.0498,11,0
ryskin2021,182,1,preacher,12.8230,12.2490,0.5740,11,0
ryskin2021,182,2,believed,6.5415,9.7866,-3.2451,11,0
ryskin2021,182,3,drunkenness,14.2748,14.0691,0.2057,11,0
ryskin2021,182,4,was,1.5375,5.0192,-3.4817,11,0
ryskin2021,182,5,the,1.9398,2.9243,-0.9846,11,0
ryskin2021,182,6,cause,3.8574,8.4039,-4.5465,11,0
ryskin2021,182,7,of,0.1137,3.6849,-3.5711,11,0
ryskin2021,182,8,much,6.8804,6.9078,-0.0273,11,0
ryskin2021,182,9,irrigation,14.5372,12.2263,2.3109,11,0
ryskin2021,182,10,.,2.4708,2.3026,0.1682,11,0
ryskin2021,182,11,<eos>,6.5422,2.3026,4.2396,11,0
ryskin2021,183,0,The,3.9734,2.9243,1.0490,11,0
ryskin2021,183,1,preacher,12.8231,12.2490,0.5741,11,0
ryskin2021,183,2,believed,6.5414,9.7866,-3.2452,11,0
ryskin2021,183,3,drunkenness,14.2746,14.0691,0.2055,11,0
ryskin2021,183,4,was,1.5374,5.0192,-3.4818,11,0
ryskin2021,183,5,the,1.9399,2.9243,-0.9845,11,0
ryskin2021,183,6,cause,3.8573,8.4039,-4.5465,11,0
ryskin2021,183,7,of,0.1138,3.6849,-3.5711,11,0
ryskin2021,183,8,much,6.8815,6.9078,-0.0262,11,0
ryskin2021,183,9,immoralities,22.4037,18.0491,4.3546,11,0
ryskin2021,183,10,.,1.3622,2.3026,-0.9404,11,0
ryskin2021,183,11,<eos>,6.8400,2.3026,4.5374,11,0
ryskin2021,184,0,The,3.9742,2.9243,1.0498,11,0
ryskin2021,184,1,artist,9.2800,9.6708,-0.3908,11,0
ryskin2021,184,2,achieved,10.3881,10.3848,0.0033,11,0
ryskin2021,184,3,eternal,10.0665,11.2583,-1.1918,11,0
ryskin2021,184,4,fame,3.3673,10.7290,-7.3617,11,0
ryskin2021,184,5,despite,6.6561,9.2103,-2.5542,11,0
ryskin2021,184,6,not,3.4998,5.3185,-1.8188,11,0
ryskin2021,184,7,seeking,7.2270,10.1779,-2.9509,11,0
ryskin2021,184,8,this,5.1768,5.0192,0.1576,11,0
ryskin2021,184,9,immortality,9.5772,12.8716,-3.2944,11,0
ryskin2021,184,10,.,1.1015,2.3026,-1.2011,11,0
ryskin2021,184,11,<eos>,4.6902,2.3026,2.3876,11,0
ryskin2021,185,0,The,3.9738,2.9243,1.0495,11,0
ryskin2021,185,1,artist,9.2800,9.6708,-0.3908,11,0
ryskin2021,185,2,achieved,10.3881,10.3848,0.0033,11,0
ryskin2021,185,3,eternal,10.0669,11.2583,-1.1914,11,0
ryskin2021,185,4,fame,3.3670,10.7290,-7.3620,11,0
ryskin2021,185,5,despite,6.6567,9.2103,-2.5537,11,0
ryskin2021,185,6,not,3.4999,5.3185,-1.8186,11,0
ryskin2021,185,7,seeking,7.2276,10.1779,-2.9503,11,0
ryskin2021,185,8,this,5.1769,5.0192,0.1577,11,0
ryskin2021,185,9,immorality,12.7721,14.1608,-1.3888,11,0
ryskin2021,185,10,.,1.1718,2.3026,-1.1308,11,0
ryskin2021,185,11,<eos>,4.6471,2.3026,2.3445,11,0
ryskin2021,186,0,The,3.9742,2.9243,1.0498,11,0
ryskin2021,186,1,artist,9.2800,9.6708,-0.3908,11,0
ryskin2021,186,2,achieved,10.3881,10.3848,0.0033,11,0
ryskin2021,186,3,eternal,10.0665,11.2583,-1.1918,11,0
ryskin2021,186,4,fame,3.3673,10.7290,-7.3617,11,0
ryskin2021,186,5,despite,6.6561,9.2103,-2.5542,11,0
ryskin2021,186,6,not,3.4998,5.3185,-1.8188,11,0
ryskin2021,186,7,seeking,7.2270,10.1779,-2.9509,11,0
ryskin2021,186,8,this,5.1768,5.0192,0.1576,11,0
ryskin2021,186,9,dilation,15.8383,14.0913,1.7470,11,0
ryskin2021,186,10,.,1.4518,2.3026,-0.8507,11,0
ryskin2021,186,11,<eos>,4.6949,2.3026,2.3923,11,0
ryskin2021,187,0,The,3.9738,2.9243,1.0495,11,0
ryskin2021,187,1,artist,9.2800,9.6708,-0.3908,11,0
ryskin2021,187,2,achieved,10.3881,10.3848,0.0033,11,0
ryskin2021,187,3,eternal,10.0669,11.2583,-1.1914,11,0
ryskin2021,187,4,fame,3.3670,10.7290,-7.3620,11,0
ryskin2021,187,5,despite,6.6567,9.2103,-2.5537,11,0
ryskin2021,187,6,not,3.4999,5.3185,-1.8186,11,0
ryskin2021,187,7,seeking,7.2276,10.1779,-2.9503,11,0
ryskin2021,187,8,this,5.1769,5.0192,0.1577,11,0
ryskin2021,187,9,immortalities,19.4571,18.4207,1.0364,11,0
ryskin2021,187,10,.,1.3250,2.3026,-0.9776,11,0
ryskin2021,187,11,<eos>,4.7894,2.3026,2.4868,11,0
ryskin2021,188,0,Medics,19.0510,13.4934,5.5576,11,0
ryskin2021,188,1,cleaned,11.8993,11.4641,0.4352,11,0
ryskin2021,188,2,and,2.0316,3.6613,-1.6297,11,0
ryskin2021,188,3,bandaged,11.9861,14.4830,-2.4969,11,0
ryskin2021,188,4,the,3.7375,2.9243,0.8131,11,0
ryskin2021,188,5,wound,4.2067,10.9590,-6.7523,11,0
ryskin2021,188,6,to,4.4319,3.6156,0.8163,11,0
ryskin2021,188,7,prevent,4.1726,9.6932,-5.5207,11,0
ryskin2021,188,8,an,5.3994,5.6869,-0.2875,11,0
ryskin2021,188,9,infection,1.4958,10.7521,-9.2564,11,0
ryskin2021,188,10,.,1.5856,2.3026,-0.7170,11,0
ryskin2021,188,11,<eos>,5.0699,2.3026,2.7673,11,0
ryskin2021,189,0,Medics,19.0505,13.4934,5.5571,11,0
ryskin2021,189,1,cleaned,11.8995,11.4641,0.4353,11,0
ryskin2021,189,2,and,2.0317,3.6613,-1.6295,11,0
ryskin2021,189,3,bandaged,11.9861,14.4830,-2.4969,11,0
ryskin2021,189,4,the,3.7370,2.9243,0.8127,11,0
ryskin2021,189,5,wound,4.2070,10.9590,-6.7520,11,0
ryskin2021,189,6,to,4.4317,3.6156,0.8160,11,0
ryskin2021,189,7,prevent,4.1724,9.6932,-5.5208,11,0
ryskin2021,189,8,an,5.3994,5.6869,-0.2875,11,0
ryskin2021,189,9,inflection,11.2712,14.0913,-2.8201,11,0
ryskin2021,189,10,.,2.9434,2.3026,0.6408,11,0
ryskin2021,189,11,<eos>,4.4046,2.3026,2.1020,11,0
ryskin2021,190,0,Medics,19.0511,13.4934,5.5577,11,0
ryskin2021,190,1,cleaned,11.8990,11.4641,0.4349,11,0
ryskin2021,190,2,and,2.0315,3.6613,-1.6297,11,0
ryskin2021,190,3,bandaged,11.9860,14.4830,-2.4970,11,0
ryskin2021,190,4,the,3.7371,2.9243,0.8128,11,0
ryskin2021,190,5,wound,4.2073,10.9590,-6.7517,11,0
ryskin2021,190,6,to,4.4315,3.6156,0.8159,11,0
ryskin2021,190,7,prevent,4.1722,9.6932,-5.5210,11,0
ryskin2021,190,8,a,3.9105,3.7766,0.1339,11,0
ryskin2021,190,9,sapphire,15.3807,12.8039,2.5768,11,0
ryskin2021,190,10,.,6.4860,2.3026,4.1834,11,0
ryskin2021,190,11,<eos>,4.2722,2.3026,1.9697,11,0
ryskin2021,191,0,Medics,19.0510,13.4934,5.5576,11,0
ryskin2021,191,1,cleaned,11.8993,11.4641,0.4352,11,0
ryskin2021,191,2,and,2.0316,3.6613,-1.6297,11,0
ryskin2021,191,3,bandaged,11.9861,14.4830,-2.4969,11,0
ryskin2021,191,4,the,3.7375,2.9243,0.8131,11,0
ryskin2021,191,5,wound,4.2067,10.9590,-6.7523,11,0
ryskin2021,191,6,to,4.4319,3.6156,0.8163,11,0
ryskin2021,191,7,prevent,4.1726,9.6932,-5.5207,11,0
ryskin2021,191,8,an,5.3994,5.6869,-0.2875,11,0
ryskin2021,191,9,infections,7.7919,11.5823,-3.7904,11,0
ryskin2021,191,10,.,2.6360,2.3026,0.3334,11,0
ryskin2021,191,11,<eos>,5.1553,2.3026,2.8527,11,0
ryskin2021,192,0,This,3.9235,5.0192,-1.0957,11,0
ryskin2021,192,1,docile,15.6215,13.9769,1.6447,11,0
ryskin2021,192,2,herbivorous,18.0616,15.4051,2.6565,11,0
ryskin2021,192,3,aquatic,7.5869,12.3876,-4.8007,11,0
ryskin2021,192,4,mammal,5.7508,13.1026,-7.3518,11,0
ryskin2021,192,5,is,1.8994,4.4482,-2.5488,11,0
ryskin2021,192,6,known,3.4604,8.3143,-4.8538,11,0
ryskin2021,192,7,as,2.4812,5.1345,-2.6533,11,0
ryskin2021,192,8,a,2.0739,3.7766,-1.7028,11,0
ryskin2021,192,9,manatee,13.9394,14.4133,-0.4740,11,0
ryskin2021,192,10,.,1.8268,2.3026,-0.4758,11,0
ryskin2021,192,11,<eos>,6.6416,2.3026,4.3390,11,0
ryskin2021,193,0,This,3.9235,5.0192,-1.0957,11,0
ryskin2021,193,1,docile,15.6215,13.9769,1.6447,11,0
ryskin2021,193,2,herbivorous,18.0616,15.4051,2.6565,11,0
ryskin2021,193,3,aquatic,7.5869,12.3876,-4.8007,11,0
ryskin2021,193,4,mammal,5.7508,13.1026,-7.3518,11,0
ryskin2021,193,5,is,1.8994,4.4482,-2.5488,11,0
ryskin2021,193,6,known,3.4604,8.3143,-4.8538,11,0
ryskin2021,193,7,as,2.4812,5.1345,-2.6533,11,0
ryskin2021,193,8,a,2.0739,3.7766,-1.7028,11,0
ryskin2021,193,9,matinee,15.8585,14.2295,1.6290,11,0
ryskin2021,193,10,.,2.0107,2.3026,-0.2919,11,0
ryskin2021,193,11,<eos>,6.4273,2.3026,4.1248,11,0
ryskin2021,194,0,This,3.9235,5.0192,-1.0957,11,0
ryskin2021,194,1,docile,15.6215,13.9769,1.6447,11,0
ryskin2021,194,2,herbivorous,18.0616,15.4051,2.6565,11,0
ryskin2021,194,3,aquatic,7.5869,12.3876,-4.8007,11,0
ryskin2021,194,4,mammal,5.7508,13.1026,-7.3518,11,0
ryskin2021,194,5,is,1.8994,4.4482,-2.5488,11,0
ryskin2021,194,6,known,3.4604,8.3143,-4.8538,11,0
ryskin2021,194,7,as,2.4812,5.1345,-2.6533,11,0
ryskin2021,194,8,a,2.0739,3.7766,-1.7028,11,0
ryskin2021,194,9,stimulation,13.8773,12.2041,1.6732,11,0
ryskin2021,194,10,.,6.3471,2.3026,4.0445,11,0
ryskin2021,194,11,<eos>,6.8939,2.3026,4.5913,11,0
ryskin2021,195,0,This,3.9235,5.0192,-1.0957,11,0
ryskin2021,195,1,docile,15.6215,13.9769,1.6447,11,0
ryskin2021,195,2,herbivorous,18.0616,15.4051,2.6565,11,0
ryskin2021,195,3,aquatic,7.5869,12.3876,-4.8007,11,0
ryskin2021,195,4,mammal,5.7508,13.1026,-7.3518,11,0
ryskin2021,195,5,is,1.8994,4.4482,-2.5488,11,0
ryskin2021,195,6,known,3.4604,8.3143,-4.8538,11,0
ryskin2021,195,7,as,2.4812,5.1345,-2.6533,11,0
ryskin2021,195,8,a,2.0739,3.7766,-1.7028,11,0
ryskin2021,195,9,manatees,20.3030,15.2220,5.0810,11,0
ryskin2021,195,10,.,1.8352,2.3026,-0.4673,11,0
ryskin2021,195,11,<eos>,6.7355,2.3026,4.4329,11,0
ryskin2021,196,0,The,3.9742,2.9243,1.0498,11,0
ryskin2021,196,1,afternoon,9.8738,9.8547,0.0191,11,0
ryskin2021,196,2,showing,10.0376,9.4861,0.5515,11,0
ryskin2021,196,3,cost,9.8261,8.6565,1.1697,11,0
ryskin2021,196,4,less,8.8141,8.0822,0.7319,11,0
ryskin2021,196,5,because,7.4126,6.8401,0.5725,11,0
ryskin2021,196,6,it,2.3695,4.7206,-2.3511,11,0
ryskin2021,196,7,was,2.2970,5.0192,-2.7222,11,0
ryskin2021,196,8,a,2.2450,3.7766,-1.5317,11,0
ryskin2021,196,9,matinee,13.0174,14.2295,-1.2121,11,0
ryskin2021,196,10,.,1.6546,2.3026,-0.6480,11,0
ryskin2021,196,11,<eos>,5.7392,2.3026,3.4366,11,0
ryskin2021,197,0,The,3.9738,2.9243,1.0495,11,0
ryskin2021,197,1,afternoon,9.8731,9.8547,0.0184,11,0
ryskin2021,197,2,showing,10.0377,9.4861,0.5516,11,0
ryskin2021,197,3,cost,9.8260,8.6565,1.1695,11,0
ryskin2021,197,4,less,8.8122,8.0822,0.7300,11,0
ryskin2021,197,5,because,7.4120,6.8401,0.5719,11,0
ryskin2021,197,6,it,2.3697,4.7206,-2.3509,11,0
ryskin2021,197,7,was,2.2969,5.0192,-2.7222,11,0
ryskin2021,197,8,a,2.2449,3.7766,-1.5317,11,0
ryskin2021,197,9,manatee,17.1213,14.4133,2.7080,11,0
ryskin2021,197,10,.,1.7047,2.3026,-0.5979,11,0
ryskin2021,197,11,<eos>,6.1588,2.3026,3.8562,11,0
ryskin2021,198,0,The,3.9742,2.9243,1.0498,11,0
ryskin2021,198,1,afternoon,9.8738,9.8547,0.0191,11,0
ryskin2021,198,2,showing,10.0376,9.4861,0.5515,11,0
ryskin2021,198,3,cost,9.8261,8.6565,1.1697,11,0
ryskin2021,198,4,less,8.8141,8.0822,0.7319,11,0
ryskin2021,198,5,because,7.4126,6.8401,0.5725,11,0
ryskin2021,198,6,it,2.3695,4.7206,-2.3511,11,0
ryskin2021,198,7,was,2.2970,5.0192,-2.7222,11,0
ryskin2021,198,8,a,2.2450,3.7766,-1.5317,11,0
ryskin2021,198,9,sentiment,10.2238,11.4453,-1.2215,11,0
ryskin2021,198,10,.,3.9807,2.3026,1.6782,11,0
ryskin2021,198,11,<eos>,5.0311,2.3026,2.7285,11,0
ryskin2021,199,0,The,3.9742,2.9243,1.0498,11,0
ryskin2021,199,1,afternoon,9.8738,9.8547,0.0191,11,0
ryskin2021,199,2,showing,10.0376,9.4861,0.5515,11,0
ryskin2021,199,3,cost,9.8261,8.6565,1.1697,11,0
ryskin2021,199,4,less,8.8141,8.0822,0.7319,11,0
ryskin2021,199,5,because,7.4126,6.8401,0.5725,11,0
ryskin2021,199,6,it,2.3695,4.7206,-2.3511,11,0
ryskin2021,199,7,was,2.2970,5.0192,-2.7222,11,0
ryskin2021,199,8,a,2.2450,3.7766,-1.5317,11,0
ryskin2021,199,9,matinees,19.8084,15.8180,3.9904,11,0
ryskin2021,199,10,.,3.0538,2.3026,0.7512,11,0
ryskin2021,199,11,<eos>,5.4324,2.3026,3.1298,11,0
ryskin2021,200,0,Apply,10.1969,9.6473,0.5496,11,0
ryskin2021,200,1,this,1.5149,5.0192,-3.5043,11,0
ryskin2021,200,2,eyeliner,16.4852,13.4439,3.0412,11,0
ryskin2021,200,3,and,3.2892,3.6613,-0.3721,11,0
ryskin2021,200,4,brush,6.6151,10.9823,-4.3672,11,0
ryskin2021,200,5,your,3.9343,5.6869,-1.7526,11,0
ryskin2021,200,6,lashes,8.8841,12.8039,-3.9198,11,0
ryskin2021,200,7,with,3.1759,4.9505,-1.7746,11,0
ryskin2021,200,8,this,3.6737,5.0192,-1.3455,11,0
ryskin2021,200,9,mascara,6.3791,13.0547,-6.6756,11,0
ryskin2021,200,10,.,1.3612,2.3026,-0.9414,11,0
ryskin2021,200,11,<eos>,3.4800,2.3026,1.1774,11,0
ryskin2021,201,0,Apply,10.1980,9.6473,0.5507,11,0
ryskin2021,201,1,this,1.5149,5.0192,-3.5043,11,0
ryskin2021,201,2,eyeliner,16.4852,13.4439,3.0413,11,0
ryskin2021,201,3,and,3.2893,3.6613,-0.3720,11,0
ryskin2021,201,4,brush,6.6152,10.9823,-4.3671,11,0
ryskin2021,201,5,your,3.9345,5.6869,-1.7524,11,0
ryskin2021,201,6,lashes,8.8871,12.8039,-3.9168,11,0
ryskin2021,201,7,with,3.1760,4.9505,-1.7745,11,0
ryskin2021,201,8,this,3.6730,5.0192,-1.3461,11,0
ryskin2021,201,9,masquerade,12.7217,13.7022,-0.9804,11,0
ryskin2021,201,10,.,2.6416,2.3026,0.3390,11,0
ryskin2021,201,11,<eos>,3.9099,2.3026,1.6073,11,0
ryskin2021,202,0,Apply,10.1977,9.6473,0.5504,11,0
ryskin2021,202,1,this,1.5148,5.0192,-3.5044,11,0
ryskin2021,202,2,eyeliner,16.4849,13.4439,3.0409,11,0
ryskin2021,202,3,and,3.2891,3.6613,-0.3721,11,0
ryskin2021,202,4,brush,6.6145,10.9823,-4.3678,11,0
ryskin2021,202,5,your,3.9349,5.6869,-1.7520,11,0
ryskin2021,202,6,lashes,8.8860,12.8039,-3.9179,11,0
ryskin2021,202,7,with,3.1756,4.9505,-1.7749,11,0
ryskin2021,202,8,this,3.6736,5.0192,-1.3455,11,0
ryskin2021,202,9,audition,14.1401,12.0423,2.0978,11,0
ryskin2021,202,10,.,2.3494,2.3026,0.0468,11,0
ryskin2021,202,11,<eos>,4.0223,2.3026,1.7197,11,0
ryskin2021,203,0,Apply,10.1969,9.6473,0.5496,11,0
ryskin2021,203,1,this,1.5149,5.0192,-3.5043,11,0
ryskin2021,203,2,eyeliner,16.4852,13.4439,3.0412,11,0
ryskin2021,203,3,and,3.2892,3.6613,-0.3721,11,0
ryskin2021,203,4,brush,6.6151,10.9823,-4.3672,11,0
ryskin2021,203,5,your,3.9343,5.6869,-1.7526,11,0
ryskin2021,203,6,lashes,8.8841,12.8039,-3.9198,11,0
ryskin2021,203,7,with,3.1759,4.9505,-1.7746,11,0
ryskin2021,203,8,this,3.6737,5.0192,-1.3455,11,0
ryskin2021,203,9,mascaras,12.8731,16.1181,-3.2450,11,0
ryskin2021,203,10,.,1.8944,2.3026,-0.4082,11,0
ryskin2021,203,11,<eos>,3.4644,2.3026,1.1618,11,0
ryskin2021,204,0,She,7.2421,6.3089,0.9332,11,0
ryskin2021,204,1,danced,9.6299,12.2490,-2.6191,11,0
ryskin2021,204,2,with,2.7980,4.9505,-2.1525,11,0
ryskin2021,204,3,an,4.6692,5.6869,-1.0178,11,0
ryskin2021,204,4,elegant,6.2759,11.6283,-5.3524,11,0
ryskin2021,204,5,masked,10.3653,12.3181,-1.9528,11,0
ryskin2021,204,6,gentleman,5.7026,11.1414,-5.4388,11,0
ryskin2021,204,7,at,3.3769,5.2963,-1.9194,11,0
ryskin2021,204,8,that,5.8810,4.5854,1.2956,11,0
ryskin2021,204,9,masquerade,9.9219,13.7022,-3.7803,11,0
ryskin2021,204,10,.,3.0804,2.3026,0.7778,11,0
ryskin2021,204,11,<eos>,6.2846,2.3026,3.9820,11,0
ryskin2021,205,0,She,7.2417,6.3089,0.9328,11,0
ryskin2021,205,1,danced,9.6294,12.2490,-2.6196,11,0
ryskin2021,205,2,with,2.7983,4.9505,-2.1522,11,0
ryskin2021,205,3,an,4.6685,5.6869,-1.0184,11,0
ryskin2021,205,4,elegant,6.2758,11.6283,-5.3526,11,0
ryskin2021,205,5,masked,10.3654,12.3181,-1.9528,11,0
ryskin2021,205,6,gentleman,5.7031,11.1414,-5.4383,11,0
ryskin2021,205,7,at,3.3768,5.2963,-1.9195,11,0
ryskin2021,205,8,that,5.8805,4.5854,1.2951,11,0
ryskin2021,205,9,mascara,16.3784,13.0547,3.3237,11,0
ryskin2021,205,10,.,1.9714,2.3026,-0.3312,11,0
ryskin2021,205,11,<eos>,5.9476,2.3026,3.6451,11,0
ryskin2021,206,0,She,7.2417,6.3089,0.9328,11,0
ryskin2021,206,1,danced,9.6294,12.2490,-2.6196,11,0
ryskin2021,206,2,with,2.7983,4.9505,-2.1522,11,0
ryskin2021,206,3,an,4.6685,5.6869,-1.0184,11,0
ryskin2021,206,4,elegant,6.2758,11.6283,-5.3526,11,0
ryskin2021,206,5,masked,10.3654,12.3181,-1.9528,11,0
ryskin2021,206,6,gentleman,5.7031,11.1414,-5.4383,11,0
ryskin2021,206,7,at,3.3768,5.2963,-1.9195,11,0
ryskin2021,206,8,that,5.8805,4.5854,1.2951,11,0
ryskin2021,206,9,mortar,14.7335,12.0892,2.6444,11,0
ryskin2021,206,10,.,1.8829,2.3026,-0.4197,11,0
ryskin2021,206,11,<eos>,6.3374,2.3026,4.0349,11,0
ryskin2021,207,0,She,7.2421,6.3089,0.9332,11,0
ryskin2021,207,1,danced,9.6299,12.2490,-2.6191,11,0
ryskin2021,207,2,with,2.7980,4.9505,-2.1525,11,0
ryskin2021,207,3,an,4.6692,5.6869,-1.0178,11,0
ryskin2021,207,4,elegant,6.2759,11.6283,-5.3524,11,0
ryskin2021,207,5,masked,10.3653,12.3181,-1.9528,11,0
ryskin2021,207,6,gentleman,5.7026,11.1414,-5.4388,11,0
ryskin2021,207,7,at,3.3769,5.2963,-1.9194,11,0
ryskin2021,207,8,that,5.8810,4.5854,1.2956,11,0
ryskin2021,207,9,masquerades,15.1489,15.6798,-0.5310,11,0
ryskin2021,207,10,.,3.4621,2.3026,1.1595,11,0
ryskin2021,207,11,<eos>,6.1333,2.3026,3.8307,11,0
ryskin2021,208,0,Feudal,16.5660,12.9870,3.5790,11,0
ryskin2021,208,1,lords,10.5361,11.3306,-0.7945,11,0
ryskin2021,208,2,lived,10.1737,9.4861,0.6877,11,0
ryskin2021,208,3,off,5.3003,7.0691,-1.7688,11,0
ryskin2021,208,4,the,1.3248,2.9243,-1.5995,11,0
ryskin2021,208,5,labor,8.3114,9.7397,-1.4283,11,0
ryskin2021,208,6,of,1.9459,3.6849,-1.7389,11,0
ryskin2021,208,7,an,5.2845,5.6869,-0.4024,11,0
ryskin2021,208,8,oppressed,8.6646,12.5263,-3.8617,11,0
ryskin2021,208,9,peasantry,10.4203,14.5067,-4.0864,11,0
ryskin2021,208,10,.,2.1743,2.3026,-0.1283,11,0
ryskin2021,208,11,<eos>,6.9455,2.3026,4.6429,11,0
ryskin2021,209,0,Feudal,16.5660,12.9870,3.5790,11,0
ryskin2021,209,1,lords,10.5361,11.3306,-0.7945,11,0
ryskin2021,209,2,lived,10.1737,9.4861,0.6877,11,0
ryskin2021,209,3,off,5.3003,7.0691,-1.7688,11,0
ryskin2021,209,4,the,1.3248,2.9243,-1.5995,11,0
ryskin2021,209,5,labor,8.3114,9.7397,-1.4283,11,0
ryskin2021,209,6,of,1.9459,3.6849,-1.7389,11,0
ryskin2021,209,7,an,5.2845,5.6869,-0.4024,11,0
ryskin2021,209,8,oppressed,8.6646,12.5263,-3.8617,11,0
ryskin2021,209,9,pleasantry,18.6909,17.0623,1.6287,11,0
ryskin2021,209,10,.,1.9544,2.3026,-0.3482,11,0
ryskin2021,209,11,<eos>,6.5731,2.3026,4.2705,11,0
ryskin2021,210,0,Feudal,16.5668,12.9870,3.5798,11,0
ryskin2021,210,1,lords,10.5357,11.3306,-0.7949,11,0
ryskin2021,210,2,lived,10.1733,9.4861,0.6872,11,0
ryskin2021,210,3,off,5.3001,7.0691,-1.7690,11,0
ryskin2021,210,4,the,1.3248,2.9243,-1.5996,11,0
ryskin2021,210,5,labor,8.3113,9.7397,-1.4284,11,0
ryskin2021,210,6,of,1.9462,3.6849,-1.7387,11,0
ryskin2021,210,7,an,5.2845,5.6869,-0.4024,11,0
ryskin2021,210,8,oppressed,8.6649,12.5263,-3.8614,11,0
ryskin2021,210,9,travesty,11.5144,13.8155,-2.3011,11,0
ryskin2021,210,10,.,1.8025,2.3026,-0.5001,11,0
ryskin2021,210,11,<eos>,6.3060,2.3026,4.0034,11,0
ryskin2021,211,0,Feudal,16.5660,12.9870,3.5790,11,0
ryskin2021,211,1,lords,10.5361,11.3306,-0.7945,11,0
ryskin2021,211,2,lived,10.1737,9.4861,0.6877,11,0
ryskin2021,211,3,off,5.3003,7.0691,-1.7688,11,0
ryskin2021,211,4,the,1.3248,2.9243,-1.5995,11,0
ryskin2021,211,5,labor,8.3114,9.7397,-1.4283,11,0
ryskin2021,211,6,of,1.9459,3.6849,-1.7389,11,0
ryskin2021,211,7,an,5.2845,5.6869,-0.4024,11,0
ryskin2021,211,8,oppressed,8.6646,12.5263,-3.8617,11,0
ryskin2021,211,9,peasantries,15.7544,18.4207,-2.6663,11,0
ryskin2021,211,10,.,2.3854,2.3026,0.0828,11,0
ryskin2021,211,11,<eos>,6.9402,2.3026,4.6376,11,0
ryskin2021,212,0,The,3.9738,2.9243,1.0495,11,0
ryskin2021,212,1,hostess,14.9874,13.0090,1.9784,11,0
ryskin2021,212,2,greeted,9.0749,12.2960,-3.2211,11,0
ryskin2021,212,3,her,1.8912,6.2146,-4.3235,11,0
ryskin2021,212,4,guests,4.3379,10.5459,-6.2080,11,0
ryskin2021,212,5,with,1.8694,4.9505,-3.0811,11,0
ryskin2021,212,6,a,1.1069,3.7766,-2.6697,11,0
ryskin2021,212,7,light,6.1398,8.4495,-2.3097,11,0
ryskin2021,212,8,social,9.4102,8.2434,1.1668,11,0
ryskin2021,212,9,pleasantry,14.4569,17.0623,-2.6054,11,0
ryskin2021,212,10,.,1.7579,2.3026,-0.5447,11,0
ryskin2021,212,11,<eos>,5.7699,2.3026,3.4674,11,0
ryskin2021,213,0,The,3.9738,2.9243,1.0495,11,0
ryskin2021,213,1,hostess,14.9874,13.0090,1.9784,11,0
ryskin2021,213,2,greeted,9.0749,12.2960,-3.2211,11,0
ryskin2021,213,3,her,1.8912,6.2146,-4.3235,11,0
ryskin2021,213,4,guests,4.3379,10.5459,-6.2080,11,0
ryskin2021,213,5,with,1.8694,4.9505,-3.0811,11,0
ryskin2021,213,6,a,1.1069,3.7766,-2.6697,11,0
ryskin2021,213,7,light,6.1398,8.4495,-2.3097,11,0
ryskin2021,213,8,social,9.4102,8.2434,1.1668,11,0
ryskin2021,213,9,peasantry,19.7943,14.5067,5.2877,11,0
ryskin2021,213,10,.,2.8382,2.3026,0.5357,11,0
ryskin2021,213,11,<eos>,6.2088,2.3026,3.9062,11,0
ryskin2021,214,0,The,3.9738,2.9243,1.0495,11,0
ryskin2021,214,1,hostess,14.9874,13.0090,1.9784,11,0
ryskin2021,214,2,greeted,9.0749,12.2960,-3.2211,11,0
ryskin2021,214,3,her,1.8912,6.2146,-4.3235,11,0
ryskin2021,214,4,guests,4.3379,10.5459,-6.2080,11,0
ryskin2021,214,5,with,1.8694,4.9505,-3.0811,11,0
ryskin2021,214,6,a,1.1069,3.7766,-2.6697,11,0
ryskin2021,214,7,light,6.1398,8.4495,-2.3097,11,0
ryskin2021,214,8,social,9.4102,8.2434,1.1668,11,0
ryskin2021,214,9,escalator,15.1973,13.7667,1.4306,11,0
ryskin2021,214,10,.,1.9746,2.3026,-0.3280,11,0
ryskin2021,214,11,<eos>,6.3221,2.3026,4.0196,11,0
ryskin2021,215,0,The,3.9738,2.9243,1.0495,11,0
ryskin2021,215,1,hostess,14.9874,13.0090,1.9784,11,0
ryskin2021,215,2,greeted,9.0749,12.2960,-3.2211,11,0
ryskin2021,215,3,her,1.8912,6.2146,-4.3235,11,0
ryskin2021,215,4,guests,4.3379,10.5459,-6.2080,11,0
ryskin2021,215,5,with,1.8694,4.9505,-3.0811,11,0
ryskin2021,215,6,a,1.1069,3.7766,-2.6697,11,0
ryskin2021,215,7,light,6.1398,8.4495,-2.3097,11,0
ryskin2021,215,8,social,9.4102,8.2434,1.1668,11,0
ryskin2021,215,9,pleasantries,12.7019,14.9211,-2.2192,11,0
ryskin2021,215,10,.,1.9080,2.3026,-0.3946,11,0
ryskin2021,215,11,<eos>,5.7733,2.3026,3.4707,11,0
ryskin2021,216,0,Senator,17.1222,10.1779,6.9443,11,0
ryskin2021,216,1,mccarthy,19.4017,12.1108,7.2909,11,0
ryskin2021,216,2,accused,7.3195,10.4551,-3.1357,11,0
ryskin2021,216,3,the,3.0494,2.9243,0.1251,11,0
ryskin2021,216,4,screenwriter,11.9534,13.4235,-1.4701,11,0
ryskin2021,216,5,of,0.5307,3.6849,-3.1542,11,0
ryskin2021,216,6,being,2.8126,7.0232,-4.2105,11,0
ryskin2021,216,7,a,1.4503,3.7766,-2.3263,11,0
ryskin2021,216,8,communist,6.8947,10.7758,-3.8811,11,0
ryskin2021,216,9,sympathizer,6.2403,14.7597,-8.5194,11,0
ryskin2021,216,10,.,2.0037,2.3026,-0.2989,11,0
ryskin2021,216,11,<eos>,5.5481,2.3026,3.2456,11,0
ryskin2021,217,0,Senator,17.1222,10.1779,6.9443,11,0
ryskin2021,217,1,mccarthy,19.4017,12.1108,7.2909,11,0
ryskin2021,217,2,accused,7.3195,10.4551,-3.1357,11,0
ryskin2021,217,3,the,3.0494,2.9243,0.1251,11,0
ryskin2021,217,4,screenwriter,11.9534,13.4235,-1.4701,11,0
ryskin2021,217,5,of,0.5307,3.6849,-3.1542,11,0
ryskin2021,217,6,being,2.8126,7.0232,-4.2105,11,0
ryskin2021,217,7,a,1.4503,3.7766,-2.3263,11,0
ryskin2021,217,8,communist,6.8947,10.7758,-3.8811,11,0
ryskin2021,217,9,synthesizer,15.6580,14.2525,1.4055,11,0
ryskin2021,217,10,.,1.8522,2.3026,-0.4503,11,0
ryskin2021,217,11,<eos>,5.3136,2.3026,3.0110,11,0
ryskin2021,218,0,Senator,17.1222,10.1779,6.9443,11,0
ryskin2021,218,1,mccarthy,19.4017,12.1108,7.2909,11,0
ryskin2021,218,2,accused,7.3195,10.4551,-3.1357,11,0
ryskin2021,218,3,the,3.0494,2.9243,0.1251,11,0
ryskin2021,218,4,screenwriter,11.9534,13.4235,-1.4701,11,0
ryskin2021,218,5,of,0.5307,3.6849,-3.1542,11,0
ryskin2021,218,6,being,2.8126,7.0232,-4.2105,11,0
ryskin2021,218,7,a,1.4503,3.7766,-2.3263,11,0
ryskin2021,218,8,communist,6.8947,10.7758,-3.8811,11,0
ryskin2021,218,9,fallacy,14.2997,13.3331,0.9666,11,0
ryskin2021,218,10,.,1.9143,2.3026,-0.3882,11,0
ryskin2021,218,11,<eos>,5.4247,2.3026,3.1221,11,0
ryskin2021,219,0,Senator,17.1222,10.1779,6.9443,11,0
ryskin2021,219,1,mccarthy,19.4017,12.1108,7.2909,11,0
ryskin2021,219,2,accused,7.3195,10.4551,-3.1357,11,0
ryskin2021,219,3,the,3.0494,2.9243,0.1251,11,0
ryskin2021,219,4,screenwriter,11.9534,13.4235,-1.4701,11,0
ryskin2021,219,5,of,0.5307,3.6849,-3.1542,11,0
ryskin2021,219,6,being,2.8126,7.0232,-4.2105,11,0
ryskin2021,219,7,a,1.4503,3.7766,-2.3263,11,0
ryskin2021,219,8,communist,6.8947,10.7758,-3.8811,11,0
ryskin2021,219,9,sympathizers,11.1429,14.0691,-2.9262,11,0
ryskin2021,219,10,.,2.3088,2.3026,0.0062,11,0
ryskin2021,219,11,<eos>,5.6592,2.3026,3.3566,11,0
ryskin2021,220,0,The,3.9742,2.9243,1.0498,11,0
ryskin2021,220,1,computer,8.0980,9.2797,-1.1817,11,0
ryskin2021,220,2,could,7.0491,6.7680,0.2811,11,0
ryskin2021,220,3,read,5.7789,7.9662,-2.1873,11,0
ryskin2021,220,4,text,7.0509,9.1905,-2.1397,11,0
ryskin2021,220,5,aloud,6.3805,12.6399,-6.2595,11,0
ryskin2021,220,6,using,5.4162,8.1285,-2.7124,11,0
ryskin2021,220,7,a,1.6012,3.7766,-2.1754,11,0
ryskin2021,220,8,speech,7.6640,9.5557,-1.8916,11,0
ryskin2021,220,9,synthesizer,4.5556,14.2525,-9.6968,11,0
ryskin2021,220,10,.,1.1848,2.3026,-1.1178,11,0
ryskin2021,220,11,<eos>,4.6724,2.3026,2.3698,11,0
ryskin2021,221,0,The,3.9742,2.9243,1.0498,11,0
ryskin2021,221,1,computer,8.0980,9.2797,-1.1817,11,0
ryskin2021,221,2,could,7.0491,6.7680,0.2811,11,0
ryskin2021,221,3,read,5.7789,7.9662,-2.1873,11,0
ryskin2021,221,4,text,7.0509,9.1905,-2.1397,11,0
ryskin2021,221,5,aloud,6.3805,12.6399,-6.2595,11,0
ryskin2021,221,6,using,5.4162,8.1285,-2.7124,11,0
ryskin2021,221,7,a,1.6012,3.7766,-2.1754,11,0
ryskin2021,221,8,speech,7.6640,9.5557,-1.8916,11,0
ryskin2021,221,9,sympathizer,16.4676,14.7597,1.7079,11,0
ryskin2021,221,10,.,1.5803,2.3026,-0.7223,11,0
ryskin2021,221,11,<eos>,4.5970,2.3026,2.2944,11,0
ryskin2021,222,0,The,3.9742,2.9243,1.0498,11,0
ryskin2021,222,1,computer,8.0980,9.2797,-1.1817,11,0
ryskin2021,222,2,could,7.0491,6.7680,0.2811,11,0
ryskin2021,222,3,read,5.7789,7.9662,-2.1873,11,0
ryskin2021,222,4,text,7.0509,9.1905,-2.1397,11,0
ryskin2021,222,5,aloud,6.3805,12.6399,-6.2595,11,0
ryskin2021,222,6,using,5.4162,8.1285,-2.7124,11,0
ryskin2021,222,7,a,1.6012,3.7766,-2.1754,11,0
ryskin2021,222,8,speech,7.6640,9.5557,-1.8916,11,0
ryskin2021,222,9,baloney,17.5011,14.9211,2.5799,11,0
ryskin2021,222,10,.,2.0592,2.3026,-0.2433,11,0
ryskin2021,222,11,<eos>,4.8581,2.3026,2.5555,11,0
ryskin2021,223,0,The,3.9742,2.9243,1.0498,11,0
ryskin2021,223,1,computer,8.0980,9.2797,-1.1817,11,0
ryskin2021,223,2,could,7.0491,6.7680,0.2811,11,0
ryskin2021,223,3,read,5.7789,7.9662,-2.1873,11,0
ryskin2021,223,4,text,7.0509,9.1905,-2.1397,11,0
ryskin2021,223,5,aloud,6.3805,12.6399,-6.2595,11,0
ryskin2021,223,6,using,5.4162,8.1285,-2.7124,11,0
ryskin2021,223,7,a,1.6012,3.7766,-2.1754,11,0
ryskin2021,223,8,speech,7.6640,9.5557,-1.8916,11,0
ryskin2021,223,9,synthesizers,9.8873,14.8973,-5.0100,11,0
ryskin2021,223,10,.,1.5178,2.3026,-0.7848,11,0
ryskin2021,223,11,<eos>,4.6351,2.3026,2.3325,11,0
ryskin2021,224,0,The,3.9738,2.9243,1.0495,11,0
ryskin2021,224,1,castle,10.6871,10.4762,0.2109,11,0
ryskin2021,224,2,wall,5.6838,9.1150,-3.4312,11,0
ryskin2021,224,3,was,2.8534,5.0192,-2.1657,11,0
ryskin2021,224,4,adorned,8.1486,12.9654,-4.8167,11,0
ryskin2021,224,5,with,0.2008,4.9505,-4.7496,11,0
ryskin2021,224,6,a,1.5995,3.7766,-2.1771,11,0
ryskin2021,224,7,beautiful,5.1630,8.7035,-3.5405,11,0
ryskin2021,224,8,woven,8.0041,12.5263,-4.5222,11,0
ryskin2021,224,9,tapestry,7.9817,13.2616,-5.2799,11,0
ryskin2021,224,10,.,2.2335,2.3026,-0.0691,11,0
ryskin2021,224,11,<eos>,4.9681,2.3026,2.6655,11,0
ryskin2021,225,0,The,3.9734,2.9243,1.0490,11,0
ryskin2021,225,1,castle,10.6869,10.4762,0.2107,11,0
ryskin2021,225,2,wall,5.6843,9.1150,-3.4307,11,0
ryskin2021,225,3,was,2.8534,5.0192,-2.1657,11,0
ryskin2021,225,4,adorned,8.1483,12.9654,-4.8171,11,0
ryskin2021,225,5,with,0.2009,4.9505,-4.7496,11,0
ryskin2021,225,6,a,1.5995,3.7766,-2.1771,11,0
ryskin2021,225,7,beautiful,5.1634,8.7035,-3.5402,11,0
ryskin2021,225,8,woven,8.0038,12.5263,-4.5225,11,0
ryskin2021,225,9,travesty,15.6902,13.8155,1.8747,11,0
ryskin2021,225,10,.,2.6732,2.3026,0.3706,11,0
ryskin2021,225,11,<eos>,5.0430,2.3026,2.7404,11,0
ryskin2021,226,0,The,3.9738,2.9243,1.0495,11,0
ryskin2021,226,1,castle,10.6871,10.4762,0.2109,11,0
ryskin2021,226,2,wall,5.6838,9.1150,-3.4312,11,0
ryskin2021,226,3,was,2.8534,5.0192,-2.1657,11,0
ryskin2021,226,4,adorned,8.1486,12.9654,-4.8167,11,0
ryskin2021,226,5,with,0.2008,4.9505,-4.7496,11,0
ryskin2021,226,6,a,1.5995,3.7766,-2.1771,11,0
ryskin2021,226,7,beautiful,5.1630,8.7035,-3.5405,11,0
ryskin2021,226,8,woven,8.0041,12.5263,-4.5222,11,0
ryskin2021,226,9,abbreviation,18.1675,13.4934,4.6741,11,0
ryskin2021,226,10,.,2.4603,2.3026,0.1577,11,0
ryskin2021,226,11,<eos>,4.9314,2.3026,2.6288,11,0
ryskin2021,227,0,The,3.9734,2.9243,1.0490,11,0
ryskin2021,227,1,castle,10.6869,10.4762,0.2107,11,0
ryskin2021,227,2,wall,5.6843,9.1150,-3.4307,11,0
ryskin2021,227,3,was,2.8534,5.0192,-2.1657,11,0
ryskin2021,227,4,adorned,8.1483,12.9654,-4.8171,11,0
ryskin2021,227,5,with,0.2009,4.9505,-4.7496,11,0
ryskin2021,227,6,a,1.5995,3.7766,-2.1771,11,0
ryskin2021,227,7,beautiful,5.1634,8.7035,-3.5402,11,0
ryskin2021,227,8,woven,8.0038,12.5263,-4.5225,11,0
ryskin2021,227,9,tapestries,12.2564,14.2760,-2.0196,11,0
ryskin2021,227,10,.,1.7682,2.3026,-0.5343,11,0
ryskin2021,227,11,<eos>,5.4536,2.3026,3.1510,11,0
ryskin2021,228,0,He,7.1389,5.3185,1.8204,12,0
ryskin2021,228,1,denounced,10.7602,12.7337,-1.9735,12,0
ryskin2021,228,2,the,0.9305,2.9243,-1.9938,12,0
ryskin2021,228,3,novel,8.8139,10.0613,-1.2474,12,0
ryskin2021,228,4,'s,5.9588,2.3026,3.6562,12,0
ryskin2021,228,5,film,8.2228,8.7529,-0.5301,12,0
ryskin2021,228,6,adaptation,4.3388,11.4931,-7.1543,12,0
ryskin2021,228,7,as,3.1369,5.1345,-1.9976,12,0
ryskin2021,228,8,a,1.0797,3.7766,-2.6970,12,0
ryskin2021,228,9,complete,5.3806,8.9792,-3.5987,12,0
ryskin2021,228,10,travesty,9.3570,13.8155,-4.4585,12,0
ryskin2021,228,11,.,1.5731,2.3026,-0.7294,12,0
ryskin2021,228,12,<eos>,5.5261,2.3026,3.2235,12,0
ryskin2021,229,0,He,7.1396,5.3185,1.8211,12,0
ryskin2021,229,1,denounced,10.7602,12.7337,-1.9735,12,0
ryskin2021,229,2,the,0.9305,2.9243,-1.9939,12,0
ryskin2021,229,3,novel,8.8141,10.0613,-1.2472,12,0
ryskin2021,229,4,'s,5.9587,2.3026,3.6561,12,0
ryskin2021,229,5,film,8.2225,8.7529,-0.5304,12,0
ryskin2021,229,6,adaptation,4.3388,11.4931,-7.1543,12,0
ryskin2021,229,7,as,3.1363,5.1345,-1.9982,12,0
ryskin2021,229,8,a,1.0795,3.7766,-2.6971,12,0
ryskin2021,229,9,complete,5.3813,8.9792,-3.5979,12,0
ryskin2021,229,10,tapestry,12.7441,13.2616,-0.5176,12,0
ryskin2021,229,11,.,2.2290,2.3026,-0.0736,12,0
ryskin2021,229,12,<eos>,5.1004,2.3026,2.7978,12,0
ryskin2021,230,0,He,7.1396,5.3185,1.8211,12,0
ryskin2021,230,1,denounced,10.7602,12.7337,-1.9735,12,0
ryskin2021,230,2,the,0.9305,2.9243,-1.9939,12,0
ryskin2021,230,3,novel,8.8141,10.0613,-1.2472,12,0
ryskin2021,230,4,'s,5.9587,2.3026,3.6561,12,0
ryskin2021,230,5,film,8.2225,8.7529,-0.5304,12,0
ryskin2021,230,6,adaptation,4.3388,11.4931,-7.1543,12,0
ryskin2021,230,7,as,3.1363,5.1345,-1.9982,12,0
ryskin2021,230,8,a,1.0795,3.7766,-2.6971,12,0
ryskin2021,230,9,complete,5.3813,8.9792,-3.5979,12,0
ryskin2021,230,10,diploma,12.3859,12.0663,0.3196,12,0
ryskin2021,230,11,.,1.7376,2.3026,-0.5650,12,0
ryskin2021,230,12,<eos>,5.6643,2.3026,3.3617,12,0
ryskin2021,231,0,He,7.1389,5.3185,1.8204,12,0
ryskin2021,231,1,denounced,10.7602,12.7337,-1.9735,12,0
ryskin2021,231,2,the,0.9305,2.9243,-1.9938,12,0
ryskin2021,231,3,novel,8.8139,10.0613,-1.2474,12,0
ryskin2021,231,4,'s,5.9588,2.3026,3.6562,12,0
ryskin2021,231,5,film,8.2228,8.7529,-0.5301,12,0
ryskin2021,231,6,adaptation,4.3388,11.4931,-7.1543,12,0
ryskin2021,231,7,as,3.1369,5.1345,-1.9976,12,0
ryskin2021,231,8,a,1.0797,3.7766,-2.6970,12,0
ryskin2021,231,9,complete,5.3806,8.9792,-3.5987,12,0
ryskin2021,231,10,travesties,16.5759,16.4411,0.1348,12,0
ryskin2021,231,11,.,1.4807,2.3026,-0.8219,12,0
ryskin2021,231,12,<eos>,5.5551,2.3026,3.2525,12,0
ryskin2021,232,0,The,3.9738,2.9243,1.0495,11,0
ryskin2021,232,1,ring,9.6646,9.6473,0.0173,11,0
ryskin2021,232,2,held,7.6501,8.6565,-1.0063,11,0
ryskin2021,232,3,small,8.8311,8.0348,0.7964,11,0
ryskin2021,232,4,diamonds,7.8368,11.4641,-3.6273,11,0
ryskin2021,232,5,set,8.6186,7.8519,0.7667,11,0
ryskin2021,232,6,around,4.8179,7.4371,-2.6192,11,0
ryskin2021,232,7,this,5.2264,5.0192,0.2072,11,0
ryskin2021,232,8,blue,6.8131,8.9102,-2.0971,11,0
ryskin2021,232,9,sapphire,9.9262,12.8039,-2.8777,11,0
ryskin2021,232,10,.,2.4647,2.3026,0.1621,11,0
ryskin2021,232,11,<eos>,4.6295,2.3026,2.3269,11,0
ryskin2021,233,0,The,3.9738,2.9243,1.0495,11,0
ryskin2021,233,1,ring,9.6646,9.6473,0.0173,11,0
ryskin2021,233,2,held,7.6501,8.6565,-1.0063,11,0
ryskin2021,233,3,small,8.8311,8.0348,0.7964,11,0
ryskin2021,233,4,diamonds,7.8368,11.4641,-3.6273,11,0
ryskin2021,233,5,set,8.6186,7.8519,0.7667,11,0
ryskin2021,233,6,around,4.8179,7.4371,-2.6192,11,0
ryskin2021,233,7,this,5.2264,5.0192,0.2072,11,0
ryskin2021,233,8,blue,6.8131,8.9102,-2.0971,11,0
ryskin2021,233,9,saffron,14.1956,13.3331,0.8625,11,0
ryskin2021,233,10,.,2.6697,2.3026,0.3671,11,0
ryskin2021,233,11,<eos>,4.9553,2.3026,2.6527,11,0
ryskin2021,234,0,The,3.9742,2.9243,1.0498,11,0
ryskin2021,234,1,ring,9.6647,9.6473,0.0174,11,0
ryskin2021,234,2,held,7.6497,8.6565,-1.0068,11,0
ryskin2021,234,3,small,8.8312,8.0348,0.7964,11,0
ryskin2021,234,4,diamonds,7.8362,11.4641,-3.6279,11,0
ryskin2021,234,5,set,8.6184,7.8519,0.7665,11,0
ryskin2021,234,6,around,4.8179,7.4371,-2.6191,11,0
ryskin2021,234,7,this,5.2263,5.0192,0.2072,11,0
ryskin2021,234,8,blue,6.8130,8.9102,-2.0972,11,0
ryskin2021,234,9,medication,14.1785,11.1693,3.0091,11,0
ryskin2021,234,10,.,1.7472,2.3026,-0.5554,11,0
ryskin2021,234,11,<eos>,5.2017,2.3026,2.8991,11,0
ryskin2021,235,0,The,3.9734,2.9243,1.0490,11,0
ryskin2021,235,1,ring,9.6644,9.6473,0.0171,11,0
ryskin2021,235,2,held,7.6505,8.6565,-1.0060,11,0
ryskin2021,235,3,small,8.8308,8.0348,0.7961,11,0
ryskin2021,235,4,diamonds,7.8354,11.4641,-3.6288,11,0
ryskin2021,235,5,set,8.6182,7.8519,0.7662,11,0
ryskin2021,235,6,around,4.8180,7.4371,-2.6191,11,0
ryskin2021,235,7,this,5.2263,5.0192,0.2072,11,0
ryskin2021,235,8,blue,6.8130,8.9102,-2.0972,11,0
ryskin2021,235,9,sapphires,20.9665,14.7368,6.2297,11,0
ryskin2021,235,10,.,1.7304,2.3026,-0.5722,11,0
ryskin2021,235,11,<eos>,4.9410,2.3026,2.6384,11,0
ryskin2021,236,0,The,3.9734,2.9243,1.0490,11,0
ryskin2021,236,1,rice,11.4698,10.2460,1.2238,11,0
ryskin2021,236,2,was,5.1622,5.0192,0.1430,11,0
ryskin2021,236,3,spiced,9.9760,13.7667,-3.7907,11,0
ryskin2021,236,4,with,1.6786,4.9505,-3.2719,11,0
ryskin2021,236,5,a,2.1988,3.7766,-1.5778,11,0
ryskin2021,236,6,pinch,4.9428,12.0663,-7.1235,11,0
ryskin2021,236,7,of,0.1870,3.6849,-3.4979,11,0
ryskin2021,236,8,that,9.6769,4.5854,5.0916,11,0
ryskin2021,236,9,saffron,10.8594,13.3331,-2.4737,11,0
ryskin2021,236,10,.,2.1849,2.3026,-0.1177,11,0
ryskin2021,236,11,<eos>,5.4511,2.3026,3.1485,11,0
ryskin2021,237,0,The,3.9734,2.9243,1.0490,11,0
ryskin2021,237,1,rice,11.4698,10.2460,1.2238,11,0
ryskin2021,237,2,was,5.1622,5.0192,0.1430,11,0
ryskin2021,237,3,spiced,9.9760,13.7667,-3.7907,11,0
ryskin2021,237,4,with,1.6786,4.9505,-3.2719,11,0
ryskin2021,237,5,a,2.1988,3.7766,-1.5778,11,0
ryskin2021,237,6,pinch,4.9428,12.0663,-7.1235,11,0
ryskin2021,237,7,of,0.1870,3.6849,-3.4979,11,0
ryskin2021,237,8,that,9.6769,4.5854,5.0916,11,0
ryskin2021,237,9,sapphire,13.4829,12.8039,0.6790,11,0
ryskin2021,237,10,.,2.4288,2.3026,0.1263,11,0
ryskin2021,237,11,<eos>,5.2608,2.3026,2.9582,11,0
ryskin2021,238,0,The,3.9742,2.9243,1.0498,11,0
ryskin2021,238,1,rice,11.4700,10.2460,1.2240,11,0
ryskin2021,238,2,was,5.1658,5.0192,0.1466,11,0
ryskin2021,238,3,spiced,9.9752,13.7667,-3.7915,11,0
ryskin2021,238,4,with,1.6787,4.9505,-3.2718,11,0
ryskin2021,238,5,a,2.1989,3.7766,-1.5777,11,0
ryskin2021,238,6,pinch,4.9429,12.0663,-7.1234,11,0
ryskin2021,238,7,of,0.1870,3.6849,-3.4979,11,0
ryskin2021,238,8,that,9.6770,4.5854,5.0916,11,0
ryskin2021,238,9,message,11.6559,9.2103,2.4456,11,0
ryskin2021,238,10,.,1.8430,2.3026,-0.4595,11,0
ryskin2021,238,11,<eos>,5.4891,2.3026,3.1865,11,0
ryskin2021,239,0,The,3.9734,2.9243,1.0490,11,0
ryskin2021,239,1,rice,11.4698,10.2460,1.2238,11,0
ryskin2021,239,2,was,5.1622,5.0192,0.1430,11,0
ryskin2021,239,3,spiced,9.9760,13.7667,-3.7907,11,0
ryskin2021,239,4,with,1.6786,4.9505,-3.2719,11,0
ryskin2021,239,5,a,2.1988,3.7766,-1.5778,11,0
ryskin2021,239,6,pinch,4.9428,12.0663,-7.1235,11,0
ryskin2021,239,7,of,0.1870,3.6849,-3.4979,11,0
ryskin2021,239,8,that,9.6769,4.5854,5.0916,11,0
ryskin2021,239,9,saffrons,22.1149,18.4207,3.6942,11,0
ryskin2021,239,10,.,1.5722,2.3026,-0.7304,11,0
ryskin2021,239,11,<eos>,5.6689,2.3026,3.3663,11,0
ryskin2021,240,0,The,3.9734,2.9243,1.0490,11,0
ryskin2021,240,1,soaring,13.0207,12.8039,0.2167,11,0
ryskin2021,240,2,eagle,9.0698,11.2128,-2.1430,11,0
ryskin2021,240,3,circled,8.1396,13.4235,-5.2839,11,0
ryskin2021,240,4,and,4.4693,3.6613,0.8080,11,0
ryskin2021,240,5,glided,6.9501,15.0363,-8.0862,11,0
ryskin2021,240,6,upwards,6.6578,12.0892,-5.4314,11,0
ryskin2021,240,7,on,2.9953,4.8122,-1.8169,11,0
ryskin2021,240,8,a,2.1686,3.7766,-1.6080,11,0
ryskin2021,240,9,thermal,9.9535,11.4176,-1.4642,11,0
ryskin2021,240,10,.,7.7903,2.3026,5.4877,11,0
ryskin2021,240,11,<eos>,5.1319,2.3026,2.8294,11,0
ryskin2021,241,0,The,3.9745,2.9243,1.0501,11,0
ryskin2021,241,1,soaring,13.0208,12.8039,0.2169,11,0
ryskin2021,241,2,eagle,9.0696,11.2128,-2.1432,11,0
ryskin2021,241,3,circled,8.1400,13.4235,-5.2835,11,0
ryskin2021,241,4,and,4.4694,3.6613,0.8082,11,0
ryskin2021,241,5,glided,6.9496,15.0363,-8.0867,11,0
ryskin2021,241,6,upwards,6.6570,12.0892,-5.4322,11,0
ryskin2021,241,7,on,2.9956,4.8122,-1.8166,11,0
ryskin2021,241,8,a,2.1687,3.7766,-1.6079,11,0
ryskin2021,241,9,thermos,15.2742,14.6207,0.6535,11,0
ryskin2021,241,10,.,2.9922,2.3026,0.6897,11,0
ryskin2021,241,11,<eos>,5.5309,2.3026,3.2283,11,0
ryskin2021,242,0,The,3.9734,2.9243,1.0490,11,0
ryskin2021,242,1,soaring,13.0207,12.8039,0.2167,11,0
ryskin2021,242,2,eagle,9.0698,11.2128,-2.1430,11,0
ryskin2021,242,3,circled,8.1396,13.4235,-5.2839,11,0
ryskin2021,242,4,and,4.4693,3.6613,0.8080,11,0
ryskin2021,242,5,glided,6.9501,15.0363,-8.0862,11,0
ryskin2021,242,6,upwards,6.6578,12.0892,-5.4314,11,0
ryskin2021,242,7,on,2.9953,4.8122,-1.8169,11,0
ryskin2021,242,8,a,2.1686,3.7766,-1.6080,11,0
ryskin2021,242,9,physician,12.5909,11.1008,1.4901,11,0
ryskin2021,242,10,.,5.5893,2.3026,3.2868,11,0
ryskin2021,242,11,<eos>,5.3340,2.3026,3.0314,11,0
ryskin2021,243,0,The,3.9745,2.9243,1.0501,11,0
ryskin2021,243,1,soaring,13.0208,12.8039,0.2169,11,0
ryskin2021,243,2,eagle,9.0696,11.2128,-2.1432,11,0
ryskin2021,243,3,circled,8.1400,13.4235,-5.2835,11,0
ryskin2021,243,4,and,4.4694,3.6613,0.8082,11,0
ryskin2021,243,5,glided,6.9496,15.0363,-8.0867,11,0
ryskin2021,243,6,upwards,6.6570,12.0892,-5.4322,11,0
ryskin2021,243,7,on,2.9956,4.8122,-1.8166,11,0
ryskin2021,243,8,a,2.1687,3.7766,-1.6079,11,0
ryskin2021,243,9,thermals,20.7080,15.2220,5.4860,11,0
ryskin2021,243,10,.,3.5493,2.3026,1.2467,11,0
ryskin2021,243,11,<eos>,5.1410,2.3026,2.8384,11,0
ryskin2021,244,0,The,3.9742,2.9243,1.0498,11,0
ryskin2021,244,1,student,8.4602,9.1616,-0.7013,11,0
ryskin2021,244,2,had,5.0650,6.1469,-1.0820,11,0
ryskin2021,244,3,his,4.1330,5.7322,-1.5992,11,0
ryskin2021,244,4,editorial,10.9481,11.2583,-0.3102,11,0
ryskin2021,244,5,published,8.1691,9.0533,-0.8843,11,0
ryskin2021,244,6,in,1.4266,3.9846,-2.5580,11,0
ryskin2021,244,7,a,2.8315,3.7766,-0.9451,11,0
ryskin2021,244,8,local,5.4392,8.2208,-2.7816,11,0
ryskin2021,244,9,gazette,12.0805,12.4119,-0.3314,11,0
ryskin2021,244,10,.,1.7040,2.3026,-0.5986,11,0
ryskin2021,244,11,<eos>,5.5946,2.3026,3.2920,11,0
ryskin2021,245,0,The,3.9742,2.9243,1.0498,11,0
ryskin2021,245,1,student,8.4602,9.1616,-0.7013,11,0
ryskin2021,245,2,had,5.0650,6.1469,-1.0820,11,0
ryskin2021,245,3,his,4.1330,5.7322,-1.5992,11,0
ryskin2021,245,4,editorial,10.9481,11.2583,-0.3102,11,0
ryskin2021,245,5,published,8.1691,9.0533,-0.8843,11,0
ryskin2021,245,6,in,1.4266,3.9846,-2.5580,11,0
ryskin2021,245,7,a,2.8315,3.7766,-0.9451,11,0
ryskin2021,245,8,local,5.4392,8.2208,-2.7816,11,0
ryskin2021,245,9,gazelle,16.7204,14.1153,2.6051,11,0
ryskin2021,245,10,.,2.2538,2.3026,-0.0488,11,0
ryskin2021,245,11,<eos>,5.6223,2.3026,3.3197,11,0
ryskin2021,246,0,The,3.9742,2.9243,1.0498,11,0
ryskin2021,246,1,student,8.4602,9.1616,-0.7013,11,0
ryskin2021,246,2,had,5.0650,6.1469,-1.0820,11,0
ryskin2021,246,3,his,4.1330,5.7322,-1.5992,11,0
ryskin2021,246,4,editorial,10.9481,11.2583,-0.3102,11,0
ryskin2021,246,5,published,8.1691,9.0533,-0.8843,11,0
ryskin2021,246,6,in,1.4266,3.9846,-2.5580,11,0
ryskin2021,246,7,a,2.8315,3.7766,-0.9451,11,0
ryskin2021,246,8,local,5.4392,8.2208,-2.7816,11,0
ryskin2021,246,9,pleasantry,15.0427,17.0623,-2.0195,11,0
ryskin2021,246,10,.,1.7841,2.3026,-0.5184,11,0
ryskin2021,246,11,<eos>,5.9647,2.3026,3.6621,11,0
ryskin2021,247,0,The,3.9742,2.9243,1.0498,11,0
ryskin2021,247,1,student,8.4602,9.1616,-0.7013,11,0
ryskin2021,247,2,had,5.0650,6.1469,-1.0820,11,0
ryskin2021,247,3,his,4.1330,5.7322,-1.5992,11,0
ryskin2021,247,4,editorial,10.9481,11.2583,-0.3102,11,0
ryskin2021,247,5,published,8.1691,9.0533,-0.8843,11,0
ryskin2021,247,6,in,1.4266,3.9846,-2.5580,11,0
ryskin2021,247,7,a,2.8315,3.7766,-0.9451,11,0
ryskin2021,247,8,local,5.4392,8.2208,-2.7816,11,0
ryskin2021,247,9,gazettes,19.4444,16.4863,2.9581,11,0
ryskin2021,247,10,.,1.7591,2.3026,-0.5434,11,0
ryskin2021,247,11,<eos>,5.7820,2.3026,3.4794,11,0
ryskin2021,248,0,The,3.9745,2.9243,1.0501,11,0
ryskin2021,248,1,powerful,9.5782,9.5557,0.0226,11,0
ryskin2021,248,2,cheetah,13.7563,13.3581,0.3982,11,0
ryskin2021,248,3,sprinted,15.6431,14.5289,1.1142,11,0
ryskin2021,248,4,in,2.8738,3.9846,-1.1108,11,0
ryskin2021,248,5,pursuit,9.2083,11.2353,-2.0269,11,0
ryskin2021,248,6,of,0.0920,3.6849,-3.5929,11,0
ryskin2021,248,7,a,1.4114,3.7766,-2.3652,11,0
ryskin2021,248,8,baby,7.2651,8.6115,-1.3464,11,0
ryskin2021,248,9,gazelle,11.7279,14.1153,-2.3874,11,0
ryskin2021,248,10,.,1.9464,2.3026,-0.3562,11,0
ryskin2021,248,11,<eos>,5.6192,2.3026,3.3166,11,0
ryskin2021,249,0,The,3.9745,2.9243,1.0501,11,0
ryskin2021,249,1,powerful,9.5782,9.5557,0.0226,11,0
ryskin2021,249,2,cheetah,13.7563,13.3581,0.3982,11,0
ryskin2021,249,3,sprinted,15.6431,14.5289,1.1142,11,0
ryskin2021,249,4,in,2.8738,3.9846,-1.1108,11,0
ryskin2021,249,5,pursuit,9.2083,11.2353,-2.0269,11,0
ryskin2021,249,6,of,0.0920,3.6849,-3.5929,11,0
ryskin2021,249,7,a,1.4114,3.7766,-2.3652,11,0
ryskin2021,249,8,baby,7.2651,8.6115,-1.3464,11,0
ryskin2021,249,9,gazette,14.1729,12.4119,1.7611,11,0
ryskin2021,249,10,.,2.0384,2.3026,-0.2642,11,0
ryskin2021,249,11,<eos>,5.5524,2.3026,3.2498,11,0
ryskin2021,250,0,The,3.9734,2.9243,1.0490,11,0
ryskin2021,250,1,powerful,9.5782,9.5557,0.0226,11,0
ryskin2021,250,2,cheetah,13.7564,13.3581,0.3983,11,0
ryskin2021,250,3,sprinted,15.6438,14.5289,1.1149,11,0
ryskin2021,250,4,in,2.8740,3.9846,-1.1106,11,0
ryskin2021,250,5,pursuit,9.2083,11.2353,-2.0269,11,0
ryskin2021,250,6,of,0.0920,3.6849,-3.5929,11,0
ryskin2021,250,7,a,1.4114,3.7766,-2.3652,11,0
ryskin2021,250,8,baby,7.2651,8.6115,-1.3464,11,0
ryskin2021,250,9,addition,12.0648,9.1905,2.8742,11,0
ryskin2021,250,10,.,2.5175,2.3026,0.2149,11,0
ryskin2021,250,11,<eos>,5.3550,2.3026,3.0524,11,0
ryskin2021,251,0,The,3.9745,2.9243,1.0501,11,0
ryskin2021,251,1,powerful,9.5782,9.5557,0.0226,11,0
ryskin2021,251,2,cheetah,13.7563,13.3581,0.3982,11,0
ryskin2021,251,3,sprinted,15.6431,14.5289,1.1142,11,0
ryskin2021,251,4,in,2.8738,3.9846,-1.1108,11,0
ryskin2021,251,5,pursuit,9.2083,11.2353,-2.0269,11,0
ryskin2021,251,6,of,0.0920,3.6849,-3.5929,11,0
ryskin2021,251,7,a,1.4114,3.7766,-2.3652,11,0
ryskin2021,251,8,baby,7.2651,8.6115,-1.3464,11,0
ryskin2021,251,9,gazelles,16.7083,15.4051,1.3032,11,0
ryskin2021,251,10,.,2.1543,2.3026,-0.1483,11,0
ryskin2021,251,11,<eos>,5.8422,2.3026,3.5396,11,0
ryskin2021,252,0,You,5.5735,4.6512,0.9223,11,0
ryskin2021,252,1,cannot,5.4518,8.9557,-3.5039,11,0
ryskin2021,252,2,buy,4.3947,8.4732,-4.0785,11,0
ryskin2021,252,3,cuban,16.5153,11.6743,4.8410,11,0
ryskin2021,252,4,cigars,9.7734,12.9654,-3.1919,11,0
ryskin2021,252,5,because,4.9841,6.8401,-1.8560,11,0
ryskin2021,252,6,there,3.6925,6.1948,-2.5023,11,0
ryskin2021,252,7,is,1.2982,4.4482,-3.1499,11,0
ryskin2021,252,8,an,3.4957,5.6869,-2.1913,11,0
ryskin2021,252,9,embargo,7.7121,13.1026,-5.3904,11,0
ryskin2021,252,10,.,3.2487,2.3026,0.9461,11,0
ryskin2021,252,11,<eos>,6.5489,2.3026,4.2463,11,0
ryskin2021,253,0,You,5.5735,4.6512,0.9223,11,0
ryskin2021,253,1,cannot,5.4518,8.9557,-3.5039,11,0
ryskin2021,253,2,buy,4.3947,8.4732,-4.0785,11,0
ryskin2021,253,3,cuban,16.5153,11.6743,4.8410,11,0
ryskin2021,253,4,cigars,9.7734,12.9654,-3.1919,11,0
ryskin2021,253,5,because,4.9841,6.8401,-1.8560,11,0
ryskin2021,253,6,there,3.6925,6.1948,-2.5023,11,0
ryskin2021,253,7,is,1.2982,4.4482,-3.1499,11,0
ryskin2021,253,8,an,3.4957,5.6869,-2.1913,11,0
ryskin2021,253,9,embryo,10.2757,13.0316,-2.7559,11,0
ryskin2021,253,10,.,2.1401,2.3026,-0.1624,11,0
ryskin2021,253,11,<eos>,6.1646,2.3026,3.8621,11,0
ryskin2021,254,0,You,5.5735,4.6512,0.9223,11,0
ryskin2021,254,1,cannot,5.4518,8.9557,-3.5039,11,0
ryskin2021,254,2,buy,4.3947,8.4732,-4.0785,11,0
ryskin2021,254,3,cuban,16.5153,11.6743,4.8410,11,0
ryskin2021,254,4,cigars,9.7734,12.9654,-3.1919,11,0
ryskin2021,254,5,because,4.9841,6.8401,-1.8560,11,0
ryskin2021,254,6,there,3.6925,6.1948,-2.5023,11,0
ryskin2021,254,7,is,1.2982,4.4482,-3.1499,11,0
ryskin2021,254,8,a,1.4435,3.7766,-2.3331,11,0
ryskin2021,254,9,correction,11.6209,11.6283,-0.0075,11,0
ryskin2021,254,10,.,3.0323,2.3026,0.7297,11,0
ryskin2021,254,11,<eos>,6.0084,2.3026,3.7058,11,0
ryskin2021,255,0,You,5.5740,4.6512,0.9228,11,0
ryskin2021,255,1,cannot,5.4519,8.9557,-3.5038,11,0
ryskin2021,255,2,buy,4.3944,8.4732,-4.0788,11,0
ryskin2021,255,3,cuban,16.5140,11.6743,4.8398,11,0
ryskin2021,255,4,cigars,9.7737,12.9654,-3.1917,11,0
ryskin2021,255,5,because,4.9842,6.8401,-1.8559,11,0
ryskin2021,255,6,there,3.6921,6.1948,-2.5027,11,0
ryskin2021,255,7,is,1.2984,4.4482,-3.1498,11,0
ryskin2021,255,8,an,3.4960,5.6869,-2.1909,11,0
ryskin2021,255,9,embargos,15.2670,17.4311,-2.1641,11,0
ryskin2021,255,10,.,3.0328,2.3026,0.7302,11,0
ryskin2021,255,11,<eos>,6.4119,2.3026,4.1093,11,0
ryskin2021,256,0,Some,5.7051,6.4503,-0.7452,11,0
ryskin2021,256,1,controversial,9.1530,10.9823,-1.8293,11,0
ryskin2021,256,2,stem,10.8353,10.8198,0.0156,11,0
ryskin2021,256,3,cell,1.0299,9.5101,-8.4802,11,0
ryskin2021,256,4,research,1.6666,8.3143,-6.6477,11,0
ryskin2021,256,5,requires,6.8793,9.9696,-3.0903,11,0
ryskin2021,256,6,a,1.7759,3.7766,-2.0007,11,0
ryskin2021,256,7,fertilized,10.1434,13.9994,-3.8560,11,0
ryskin2021,256,8,human,5.5196,8.4039,-2.8843,11,0
ryskin2021,256,9,embryo,0.7409,13.0316,-12.2907,11,0
ryskin2021,256,10,.,2.6809,2.3026,0.3783,11,0
ryskin2021,256,11,<eos>,5.8728,2.3026,3.5702,11,0
ryskin2021,257,0,Some,5.7051,6.4503,-0.7452,11,0
ryskin2021,257,1,controversial,9.1530,10.9823,-1.8293,11,0
ryskin2021,257,2,stem,10.8353,10.8198,0.0156,11,0
ryskin2021,257,3,cell,1.0299,9.5101,-8.4802,11,0
ryskin2021,257,4,research,1.6666,8.3143,-6.6477,11,0
ryskin2021,257,5,requires,6.8793,9.9696,-3.0903,11,0
ryskin2021,257,6,a,1.7759,3.7766,-2.0007,11,0
ryskin2021,257,7,fertilized,10.1434,13.9994,-3.8560,11,0
ryskin2021,257,8,human,5.5196,8.4039,-2.8843,11,0
ryskin2021,257,9,embargo,18.4937,13.1026,5.3911,11,0
ryskin2021,257,10,.,1.7455,2.3026,-0.5571,11,0
ryskin2021,257,11,<eos>,5.8626,2.3026,3.5600,11,0
ryskin2021,258,0,Some,5.7051,6.4503,-0.7452,11,0
ryskin2021,258,1,controversial,9.1530,10.9823,-1.8293,11,0
ryskin2021,258,2,stem,10.8353,10.8198,0.0156,11,0
ryskin2021,258,3,cell,1.0299,9.5101,-8.4802,11,0
ryskin2021,258,4,research,1.6666,8.3143,-6.6477,11,0
ryskin2021,258,5,requires,6.8793,9.9696,-3.0903,11,0
ryskin2021,258,6,a,1.7759,3.7766,-2.0007,11,0
ryskin2021,258,7,fertilized,10.1434,13.9994,-3.8560,11,0
ryskin2021,258,8,human,5.5196,8.4039,-2.8843,11,0
ryskin2021,258,9,migraine,15.9784,13.0547,2.9237,11,0
ryskin2021,258,10,.,3.6814,2.3026,1.3788,11,0
ryskin2021,258,11,<eos>,6.4988,2.3026,4.1962,11,0
ryskin2021,259,0,Some,5.7051,6.4503,-0.7452,11,0
ryskin2021,259,1,controversial,9.1530,10.9823,-1.8293,11,0
ryskin2021,259,2,stem,10.8353,10.8198,0.0156,11,0
ryskin2021,259,3,cell,1.0299,9.5101,-8.4802,11,0
ryskin2021,259,4,research,1.6666,8.3143,-6.6477,11,0
ryskin2021,259,5,requires,6.8793,9.9696,-3.0903,11,0
ryskin2021,259,6,a,1.7759,3.7766,-2.0007,11,0
ryskin2021,259,7,fertilized,10.1434,13.9994,-3.8560,11,0
ryskin2021,259,8,human,5.5196,8.4039,-2.8843,11,0
ryskin2021,259,9,embryos,6.3292,13.1477,-6.8184,11,0
ryskin2021,259,10,.,3.2418,2.3026,0.9392,11,0
ryskin2021,259,11,<eos>,5.5764,2.3026,3.2738,11,0
ryskin2021,260,0,Agriculture,12.3110,10.6628,1.6482,11,0
ryskin2021,260,1,in,3.4809,3.9846,-0.5037,11,0
ryskin2021,260,2,this,4.6296,5.0192,-0.3895,11,0
ryskin2021,260,3,desert,7.8627,10.5926,-2.7300,11,0
ryskin2021,260,4,would,7.6032,6.2872,1.3160,11,0
ryskin2021,260,5,be,1.1279,5.0881,-3.9601,11,0
ryskin2021,260,6,impossible,6.0281,9.7162,-3.6881,11,0
ryskin2021,260,7,without,1.9425,7.6211,-5.6786,11,0
ryskin2021,260,8,this,4.9037,5.0192,-0.1154,11,0
ryskin2021,260,9,irrigation,8.6135,12.2263,-3.6128,11,0
ryskin2021,260,10,.,1.6331,2.3026,-0.6695,11,0
ryskin2021,260,11,<eos>,5.5632,2.3026,3.2606,11,0
ryskin2021,261,0,Agriculture,12.3110,10.6628,1.6482,11,0
ryskin2021,261,1,in,3.4809,3.9846,-0.5037,11,0
ryskin2021,261,2,this,4.6296,5.0192,-0.3895,11,0
ryskin2021,261,3,desert,7.8627,10.5926,-2.7300,11,0
ryskin2021,261,4,would,7.6032,6.2872,1.3160,11,0
ryskin2021,261,5,be,1.1279,5.0881,-3.9601,11,0
ryskin2021,261,6,impossible,6.0281,9.7162,-3.6881,11,0
ryskin2021,261,7,without,1.9425,7.6211,-5.6786,11,0
ryskin2021,261,8,this,4.9037,5.0192,-0.1154,11,0
ryskin2021,261,9,irritation,13.5252,12.8485,0.6767,11,0
ryskin2021,261,10,.,1.6702,2.3026,-0.6324,11,0
ryskin2021,261,11,<eos>,5.2985,2.3026,2.9959,11,0
ryskin2021,262,0,Agriculture,12.3110,10.6628,1.6482,11,0
ryskin2021,262,1,in,3.4809,3.9846,-0.5037,11,0
ryskin2021,262,2,this,4.6296,5.0192,-0.3895,11,0
ryskin2021,262,3,desert,7.8627,10.5926,-2.7300,11,0
ryskin2021,262,4,would,7.6032,6.2872,1.3160,11,0
ryskin2021,262,5,be,1.1279,5.0881,-3.9601,11,0
ryskin2021,262,6,impossible,6.0281,9.7162,-3.6881,11,0
ryskin2021,262,7,without,1.9425,7.6211,-5.6786,11,0
ryskin2021,262,8,this,4.9037,5.0192,-0.1154,11,0
ryskin2021,262,9,caption,11.8692,12.1573,-0.2881,11,0
ryskin2021,262,10,.,1.1907,2.3026,-1.1119,11,0
ryskin2021,262,11,<eos>,4.7633,2.3026,2.4607,11,0
ryskin2021,263,0,Agriculture,12.3112,10.6628,1.6484,11,0
ryskin2021,263,1,in,3.4808,3.9846,-0.5038,11,0
ryskin2021,263,2,this,4.6297,5.0192,-0.3895,11,0
ryskin2021,263,3,desert,7.8629,10.5926,-2.7298,11,0
ryskin2021,263,4,would,7.6039,6.2872,1.3167,11,0
ryskin2021,263,5,be,1.1281,5.0881,-3.9600,11,0
ryskin2021,263,6,impossible,6.0282,9.7162,-3.6880,11,0
ryskin2021,263,7,without,1.9431,7.6211,-5.6780,11,0
ryskin2021,263,8,this,4.9038,5.0192,-0.1154,11,0
ryskin2021,263,9,irrigations,16.9966,17.9633,-0.9667,11,0
ryskin2021,263,10,.,1.4121,2.3026,-0.8905,11,0
ryskin2021,263,11,<eos>,5.3517,2.3026,3.0491,11,0
ryskin2021,264,0,The,3.9742,2.9243,1.0498,11,0
ryskin2021,264,1,poor,9.0850,9.0033,0.0816,11,0
ryskin2021,264,2,stayed,12.7460,10.2921,2.4539,11,0
ryskin2021,264,3,poor,6.2221,9.0033,-2.7812,11,0
ryskin2021,264,4,because,4.8271,6.8401,-2.0130,11,0
ryskin2021,264,5,of,1.2441,3.6849,-2.4408,11,0
ryskin2021,264,6,this,3.8988,5.0192,-1.1204,11,0
ryskin2021,264,7,limited,8.2338,9.1616,-0.9277,11,0
ryskin2021,264,8,upward,10.9175,12.1804,-1.2629,11,0
ryskin2021,264,9,mobility,1.2905,11.3996,-10.1091,11,0
ryskin2021,264,10,.,0.9304,2.3026,-1.3722,11,0
ryskin2021,264,11,<eos>,5.3020,2.3026,2.9994,11,0
ryskin2021,265,0,The,3.9742,2.9243,1.0498,11,0
ryskin2021,265,1,poor,9.0850,9.0033,0.0816,11,0
ryskin2021,265,2,stayed,12.7460,10.2921,2.4539,11,0
ryskin2021,265,3,poor,6.2221,9.0033,-2.7812,11,0
ryskin2021,265,4,because,4.8271,6.8401,-2.0130,11,0
ryskin2021,265,5,of,1.2441,3.6849,-2.4408,11,0
ryskin2021,265,6,this,3.8988,5.0192,-1.1204,11,0
ryskin2021,265,7,limited,8.2338,9.1616,-0.9277,11,0
ryskin2021,265,8,upward,10.9175,12.1804,-1.2629,11,0
ryskin2021,265,9,nobility,14.1438,12.7337,1.4101,11,0
ryskin2021,265,10,.,1.3317,2.3026,-0.9709,11,0
ryskin2021,265,11,<eos>,5.7935,2.3026,3.4909,11,0
ryskin2021,266,0,The,3.9742,2.9243,1.0498,11,0
ryskin2021,266,1,poor,9.0850,9.0033,0.0816,11,0
ryskin2021,266,2,stayed,12.7460,10.2921,2.4539,11,0
ryskin2021,266,3,poor,6.2221,9.0033,-2.7812,11,0
ryskin2021,266,4,because,4.8271,6.8401,-2.0130,11,0
ryskin2021,266,5,of,1.2441,3.6849,-2.4408,11,0
ryskin2021,266,6,this,3.8988,5.0192,-1.1204,11,0
ryskin2021,266,7,limited,8.2338,9.1616,-0.9277,11,0
ryskin2021,266,8,upward,10.9175,12.1804,-1.2629,11,0
ryskin2021,266,9,spinster,15.2829,14.5289,0.7540,11,0
ryskin2021,266,10,.,2.7730,2.3026,0.4704,11,0
ryskin2021,266,11,<eos>,4.8901,2.3026,2.5875,11,0
ryskin2021,267,0,The,3.9742,2.9243,1.0498,11,0
ryskin2021,267,1,poor,9.0850,9.0033,0.0816,11,0
ryskin2021,267,2,stayed,12.7460,10.2921,2.4539,11,0
ryskin2021,267,3,poor,6.2221,9.0033,-2.7812,11,0
ryskin2021,267,4,because,4.8271,6.8401,-2.0130,11,0
ryskin2021,267,5,of,1.2441,3.6849,-2.4408,11,0
ryskin2021,267,6,this,3.8988,5.0192,-1.1204,11,0
ryskin2021,267,7,limited,8.2338,9.1616,-0.9277,11,0
ryskin2021,267,8,upward,10.9175,12.1804,-1.2629,11,0
ryskin2021,267,9,mobilities,14.9120,16.5321,-1.6201,11,0
ryskin2021,267,10,.,1.0363,2.3026,-1.2663,11,0
ryskin2021,267,11,<eos>,5.5899,2.3026,3.2873,11,0
ryskin2021,268,0,Champagne,19.3996,11.7436,7.6560,11,0
ryskin2021,268,1,was,5.7255,5.0192,0.7063,11,0
ryskin2021,268,2,once,5.9254,7.9895,-2.0641,11,0
ryskin2021,268,3,reserved,7.8850,11.1008,-3.2158,11,0
ryskin2021,268,4,exclusively,7.3971,10.9590,-3.5620,11,0
ryskin2021,268,5,for,0.2373,4.5854,-4.3481,11,0
ryskin2021,268,6,the,1.6413,2.9243,-1.2830,11,0
ryskin2021,268,7,royalty,9.7277,11.9734,-2.2456,11,0
ryskin2021,268,8,and,3.4329,3.6613,-0.2284,11,0
ryskin2021,268,9,nobility,8.6968,12.7337,-4.0369,11,0
ryskin2021,268,10,.,1.6272,2.3026,-0.6754,11,0
ryskin2021,268,11,<eos>,6.6969,2.3026,4.3944,11,0
ryskin2021,269,0,Champagne,19.3996,11.7436,7.6560,11,0
ryskin2021,269,1,was,5.7255,5.0192,0.7063,11,0
ryskin2021,269,2,once,5.9254,7.9895,-2.0641,11,0
ryskin2021,269,3,reserved,7.8850,11.1008,-3.2158,11,0
ryskin2021,269,4,exclusively,7.3971,10.9590,-3.5620,11,0
ryskin2021,269,5,for,0.2373,4.5854,-4.3481,11,0
ryskin2021,269,6,the,1.6413,2.9243,-1.2830,11,0
ryskin2021,269,7,royalty,9.7277,11.9734,-2.2456,11,0
ryskin2021,269,8,and,3.4329,3.6613,-0.2284,11,0
ryskin2021,269,9,mobility,14.2316,11.3996,2.8320,11,0
ryskin2021,269,10,.,4.9202,2.3026,2.6177,11,0
ryskin2021,269,11,<eos>,6.5742,2.3026,4.2716,11,0
ryskin2021,270,0,Champagne,19.3985,11.7436,7.6549,11,0
ryskin2021,270,1,was,5.7241,5.0192,0.7049,11,0
ryskin2021,270,2,once,5.9254,7.9895,-2.0641,11,0
ryskin2021,270,3,reserved,7.8848,11.1008,-3.2160,11,0
ryskin2021,270,4,exclusively,7.3965,10.9590,-3.5625,11,0
ryskin2021,270,5,for,0.2373,4.5854,-4.3481,11,0
ryskin2021,270,6,the,1.6415,2.9243,-1.2828,11,0
ryskin2021,270,7,royalty,9.7273,11.9734,-2.2461,11,0
ryskin2021,270,8,and,3.4325,3.6613,-0.2288,11,0
ryskin2021,270,9,pheromone,14.7622,14.4830,0.2792,11,0
ryskin2021,270,10,.,5.2813,2.3026,2.9787,11,0
ryskin2021,270,11,<eos>,6.2125,2.3026,3.9099,11,0
ryskin2021,271,0,Champagne,19.3996,11.7436,7.6560,11,0
ryskin2021,271,1,was,5.7235,5.0192,0.7044,11,0
ryskin2021,271,2,once,5.9251,7.9895,-2.0644,11,0
ryskin2021,271,3,reserved,7.8847,11.1008,-3.2161,11,0
ryskin2021,271,4,exclusively,7.3967,10.9590,-3.5624,11,0
ryskin2021,271,5,for,0.2373,4.5854,-4.3480,11,0
ryskin2021,271,6,the,1.6417,2.9243,-1.2826,11,0
ryskin2021,271,7,royalty,9.7272,11.9734,-2.2462,11,0
ryskin2021,271,8,and,3.4325,3.6613,-0.2288,11,0
ryskin2021,271,9,nobilities,17.6385,17.9633,-0.3248,11,0
ryskin2021,271,10,.,2.9704,2.3026,0.6678,11,0
ryskin2021,271,11,<eos>,6.3666,2.3026,4.0640,11,0
ryskin2021,272,0,The,3.9745,2.9243,1.0501,11,0
ryskin2021,272,1,lecherous,20.1779,15.3342,4.8438,11,0
ryskin2021,272,2,satyr,12.4338,15.0363,-2.6025,11,0
ryskin2021,272,3,chased,14.5434,12.1108,2.4327,11,0
ryskin2021,272,4,after,3.9682,6.6531,-2.6849,11,0
ryskin2021,272,5,a,1.8578,3.7766,-1.9188,11,0
ryskin2021,272,6,beautiful,7.6153,8.7035,-1.0882,11,0
ryskin2021,272,7,lithe,12.3985,15.0128,-2.6144,11,0
ryskin2021,272,8,wood,6.4956,9.7162,-3.2206,11,0
ryskin2021,272,9,nymph,10.2301,14.1153,-3.8852,11,0
ryskin2021,272,10,.,2.5096,2.3026,0.2071,11,0
ryskin2021,272,11,<eos>,5.0173,2.3026,2.7147,11,0
ryskin2021,273,0,The,3.9745,2.9243,1.0501,11,0
ryskin2021,273,1,lecherous,20.1779,15.3342,4.8438,11,0
ryskin2021,273,2,satyr,12.4338,15.0363,-2.6025,11,0
ryskin2021,273,3,chased,14.5434,12.1108,2.4327,11,0
ryskin2021,273,4,after,3.9682,6.6531,-2.6849,11,0
ryskin2021,273,5,a,1.8578,3.7766,-1.9188,11,0
ryskin2021,273,6,beautiful,7.6153,8.7035,-1.0882,11,0
ryskin2021,273,7,lithe,12.3985,15.0128,-2.6144,11,0
ryskin2021,273,8,wood,6.4956,9.7162,-3.2206,11,0
ryskin2021,273,9,lymph,15.8618,13.3581,2.5037,11,0
ryskin2021,273,10,.,4.7451,2.3026,2.4425,11,0
ryskin2021,273,11,<eos>,5.0618,2.3026,2.7592,11,0
ryskin2021,274,0,The,3.9745,2.9243,1.0501,11,0
ryskin2021,274,1,lecherous,20.1779,15.3342,4.8438,11,0
ryskin2021,274,2,satyr,12.4338,15.0363,-2.6025,11,0
ryskin2021,274,3,chased,14.5434,12.1108,2.4327,11,0
ryskin2021,274,4,after,3.9682,6.6531,-2.6849,11,0
ryskin2021,274,5,a,1.8578,3.7766,-1.9188,11,0
ryskin2021,274,6,beautiful,7.6153,8.7035,-1.0882,11,0
ryskin2021,274,7,lithe,12.3985,15.0128,-2.6144,11,0
ryskin2021,274,8,wood,6.4956,9.7162,-3.2206,11,0
ryskin2021,274,9,destiny,17.5115,11.0747,6.4368,11,0
ryskin2021,274,10,.,1.9945,2.3026,-0.3081,11,0
ryskin2021,274,11,<eos>,4.9940,2.3026,2.6914,11,0
ryskin2021,275,0,The,3.9745,2.9243,1.0501,11,0
ryskin2021,275,1,lecherous,20.1779,15.3342,4.8438,11,0
ryskin2021,275,2,satyr,12.4338,15.0363,-2.6025,11,0
ryskin2021,275,3,chased,14.5434,12.1108,2.4327,11,0
ryskin2021,275,4,after,3.9682,6.6531,-2.6849,11,0
ryskin2021,275,5,a,1.8578,3.7766,-1.9188,11,0
ryskin2021,275,6,beautiful,7.6153,8.7035,-1.0882,11,0
ryskin2021,275,7,lithe,12.3985,15.0128,-2.6144,11,0
ryskin2021,275,8,wood,6.4956,9.7162,-3.2206,11,0
ryskin2021,275,9,nymphs,15.1682,14.2525,0.9157,11,0
ryskin2021,275,10,.,2.2974,2.3026,-0.0052,11,0
ryskin2021,275,11,<eos>,5.6149,2.3026,3.3123,11,0
ryskin2021,276,0,Two,7.5503,6.6766,0.8737,11,0
ryskin2021,276,1,important,6.0018,8.1987,-2.1969,11,0
ryskin2021,276,2,fluids,13.2308,12.1347,1.0961,11,0
ryskin2021,276,3,in,2.3041,3.9846,-1.6805,11,0
ryskin2021,276,4,the,1.5306,2.9243,-1.3937,11,0
ryskin2021,276,5,body,4.0176,8.2901,-4.2725,11,0
ryskin2021,276,6,are,1.4952,5.2030,-3.7078,11,0
ryskin2021,276,7,blood,6.5657,8.9792,-2.4135,11,0
ryskin2021,276,8,and,0.5917,3.6613,-3.0696,11,0
ryskin2021,276,9,lymph,4.8805,13.3581,-8.4776,11,0
ryskin2021,276,10,.,2.0263,2.3026,-0.2763,11,0
ryskin2021,276,11,<eos>,5.8202,2.3026,3.5176,11,0
ryskin2021,277,0,Two,7.5503,6.6766,0.8737,11,0
ryskin2021,277,1,important,6.0018,8.1987,-2.1969,11,0
ryskin2021,277,2,fluids,13.2308,12.1347,1.0961,11,0
ryskin2021,277,3,in,2.3041,3.9846,-1.6805,11,0
ryskin2021,277,4,the,1.5306,2.9243,-1.3937,11,0
ryskin2021,277,5,body,4.0176,8.2901,-4.2725,11,0
ryskin2021,277,6,are,1.4952,5.2030,-3.7078,11,0
ryskin2021,277,7,blood,6.5657,8.9792,-2.4135,11,0
ryskin2021,277,8,and,0.5917,3.6613,-3.0696,11,0
ryskin2021,277,9,nymph,13.2315,14.1153,-0.8838,11,0
ryskin2021,277,10,.,3.2080,2.3026,0.9054,11,0
ryskin2021,277,11,<eos>,5.9635,2.3026,3.6609,11,0
ryskin2021,278,0,Two,7.5503,6.6766,0.8737,11,0
ryskin2021,278,1,important,6.0018,8.1987,-2.1969,11,0
ryskin2021,278,2,fluids,13.2308,12.1347,1.0961,11,0
ryskin2021,278,3,in,2.3041,3.9846,-1.6805,11,0
ryskin2021,278,4,the,1.5306,2.9243,-1.3937,11,0
ryskin2021,278,5,body,4.0176,8.2901,-4.2725,11,0
ryskin2021,278,6,are,1.4952,5.2030,-3.7078,11,0
ryskin2021,278,7,blood,6.5657,8.9792,-2.4135,11,0
ryskin2021,278,8,and,0.5917,3.6613,-3.0696,11,0
ryskin2021,278,9,campaign,14.7554,9.2103,5.5450,11,0
ryskin2021,278,10,.,3.2471,2.3026,0.9445,11,0
ryskin2021,278,11,<eos>,6.2384,2.3026,3.9358,11,0
ryskin2021,279,0,Two,7.5503,6.6766,0.8737,11,0
ryskin2021,279,1,important,6.0018,8.1987,-2.1969,11,0
ryskin2021,279,2,fluids,13.2308,12.1347,1.0961,11,0
ryskin2021,279,3,in,2.3041,3.9846,-1.6805,11,0
ryskin2021,279,4,the,1.5306,2.9243,-1.3937,11,0
ryskin2021,279,5,body,4.0176,8.2901,-4.2725,11,0
ryskin2021,279,6,are,1.4952,5.2030,-3.7078,11,0
ryskin2021,279,7,blood,6.5657,8.9792,-2.4135,11,0
ryskin2021,279,8,and,0.5917,3.6613,-3.0696,11,0
ryskin2021,279,9,lymphs,12.6936,18.4207,-5.7271,11,0
ryskin2021,279,10,.,0.9362,2.3026,-1.3664,11,0
ryskin2021,279,11,<eos>,5.9332,2.3026,3.6307,11,0
ryskin2021,280,0,The,3.9734,2.9243,1.0490,11,0
ryskin2021,280,1,child,9.2390,8.5172,0.7218,11,0
ryskin2021,280,2,made,7.5137,7.0917,0.4220,11,0
ryskin2021,280,3,a,1.2599,3.7766,-2.5168,11,0
ryskin2021,280,4,caterpillar,12.7186,12.9400,-0.2215,11,0
ryskin2021,280,5,from,4.7816,5.4561,-0.6746,11,0
ryskin2021,280,6,an,3.6391,5.6869,-2.0478,11,0
ryskin2021,280,7,old,2.5889,7.4840,-4.8951,11,0
ryskin2021,280,8,egg,5.6224,10.4551,-4.8327,11,0
ryskin2021,280,9,carton,6.0724,13.3773,-7.3049,11,0
ryskin2021,280,10,.,1.5056,2.3026,-0.7970,11,0
ryskin2021,280,11,<eos>,5.5841,2.3026,3.2815,11,0
ryskin2021,281,0,The,3.9738,2.9243,1.0495,11,0
ryskin2021,281,1,child,9.2387,8.5172,0.7215,11,0
ryskin2021,281,2,made,7.5145,7.0917,0.4229,11,0
ryskin2021,281,3,a,1.2606,3.7766,-2.5160,11,0
ryskin2021,281,4,caterpillar,12.7183,12.9400,-0.2217,11,0
ryskin2021,281,5,from,4.7816,5.4561,-0.6746,11,0
ryskin2021,281,6,an,3.6390,5.6869,-2.0479,11,0
ryskin2021,281,7,old,2.5891,7.4840,-4.8949,11,0
ryskin2021,281,8,egg,5.6233,10.4551,-4.8319,11,0
ryskin2021,281,9,cartoon,10.1958,11.3306,-1.1348,11,0
ryskin2021,281,10,.,1.7570,2.3026,-0.5455,11,0
ryskin2021,281,11,<eos>,5.2739,2.3026,2.9713,11,0
ryskin2021,282,0,The,3.9738,2.9243,1.0495,11,0
ryskin2021,282,1,child,9.2387,8.5172,0.7215,11,0
ryskin2021,282,2,made,7.5145,7.0917,0.4229,11,0
ryskin2021,282,3,a,1.2606,3.7766,-2.5160,11,0
ryskin2021,282,4,caterpillar,12.7183,12.9400,-0.2217,11,0
ryskin2021,282,5,from,4.7816,5.4561,-0.6746,11,0
ryskin2021,282,6,an,3.6390,5.6869,-2.0479,11,0
ryskin2021,282,7,old,2.5891,7.4840,-4.8949,11,0
ryskin2021,282,8,egg,5.6233,10.4551,-4.8319,11,0
ryskin2021,282,9,campaign,10.5474,9.2103,1.3371,11,0
ryskin2021,282,10,.,1.6194,2.3026,-0.6832,11,0
ryskin2021,282,11,<eos>,5.7452,2.3026,3.4426,11,0
ryskin2021,283,0,The,3.9734,2.9243,1.0490,11,0
ryskin2021,283,1,child,9.2390,8.5172,0.7218,11,0
ryskin2021,283,2,made,7.5137,7.0917,0.4220,11,0
ryskin2021,283,3,a,1.2599,3.7766,-2.5168,11,0
ryskin2021,283,4,caterpillar,12.7186,12.9400,-0.2215,11,0
ryskin2021,283,5,from,4.7816,5.4561,-0.6746,11,0
ryskin2021,283,6,an,3.6391,5.6869,-2.0478,11,0
ryskin2021,283,7,old,2.5889,7.4840,-4.8951,11,0
ryskin2021,283,8,egg,5.6224,10.4551,-4.8327,11,0
ryskin2021,283,9,cartons,13.1974,14.0691,-0.8717,11,0
ryskin2021,283,10,.,1.4154,2.3026,-0.8872,11,0
ryskin2021,283,11,<eos>,5.6900,2.3026,3.3874,11,0
ryskin2021,284,0,Handling,14.3052,10.6168,3.6883,11,0
ryskin2021,284,1,the,2.2470,2.9243,-0.6774,11,0
ryskin2021,284,2,rough,8.5150,10.3848,-1.8698,11,0
ryskin2021,284,3,wooden,7.1078,10.7521,-3.6443,11,0
ryskin2021,284,4,plank,8.2201,12.7577,-4.5376,11,0
ryskin2021,284,5,gave,10.5880,8.6337,1.9543,11,0
ryskin2021,284,6,the,2.5877,2.9243,-0.3367,11,0
ryskin2021,284,7,woman,5.9047,8.4039,-2.4992,11,0
ryskin2021,284,8,a,1.0535,3.7766,-2.7231,11,0
ryskin2021,284,9,splinter,10.8747,13.1684,-2.2937,11,0
ryskin2021,284,10,.,2.6269,2.3026,0.3243,11,0
ryskin2021,284,11,<eos>,5.8123,2.3026,3.5097,11,0
ryskin2021,285,0,Handling,14.3052,10.6168,3.6883,11,0
ryskin2021,285,1,the,2.2470,2.9243,-0.6774,11,0
ryskin2021,285,2,rough,8.5150,10.3848,-1.8698,11,0
ryskin2021,285,3,wooden,7.1078,10.7521,-3.6443,11,0
ryskin2021,285,4,plank,8.2201,12.7577,-4.5376,11,0
ryskin2021,285,5,gave,10.5880,8.6337,1.9543,11,0
ryskin2021,285,6,the,2.5877,2.9243,-0.3367,11,0
ryskin2021,285,7,woman,5.9047,8.4039,-2.4992,11,0
ryskin2021,285,8,a,1.0535,3.7766,-2.7231,11,0
ryskin2021,285,9,spinster,15.0709,14.5289,0.5421,11,0
ryskin2021,285,10,.,2.5758,2.3026,0.2732,11,0
ryskin2021,285,11,<eos>,5.7836,2.3026,3.4810,11,0
ryskin2021,286,0,Handling,14.3059,10.6168,3.6891,11,0
ryskin2021,286,1,the,2.2470,2.9243,-0.6773,11,0
ryskin2021,286,2,rough,8.5151,10.3848,-1.8697,11,0
ryskin2021,286,3,wooden,7.1081,10.7521,-3.6440,11,0
ryskin2021,286,4,plank,8.2199,12.7577,-4.5379,11,0
ryskin2021,286,5,gave,10.5866,8.6337,1.9529,11,0
ryskin2021,286,6,the,2.5876,2.9243,-0.3367,11,0
ryskin2021,286,7,woman,5.9047,8.4039,-2.4992,11,0
ryskin2021,286,8,a,1.0536,3.7766,-2.7230,11,0
ryskin2021,286,9,nobility,13.4289,12.7337,0.6952,11,0
ryskin2021,286,10,.,3.6512,2.3026,1.3486,11,0
ryskin2021,286,11,<eos>,6.3966,2.3026,4.0940,11,0
ryskin2021,287,0,Handling,14.3052,10.6168,3.6883,11,0
ryskin2021,287,1,the,2.2470,2.9243,-0.6774,11,0
ryskin2021,287,2,rough,8.5150,10.3848,-1.8698,11,0
ryskin2021,287,3,wooden,7.1078,10.7521,-3.6443,11,0
ryskin2021,287,4,plank,8.2201,12.7577,-4.5376,11,0
ryskin2021,287,5,gave,10.5880,8.6337,1.9543,11,0
ryskin2021,287,6,the,2.5877,2.9243,-0.3367,11,0
ryskin2021,287,7,woman,5.9047,8.4039,-2.4992,11,0
ryskin2021,287,8,a,1.0535,3.7766,-2.7231,11,0
ryskin2021,287,9,splinters,16.2720,14.2984,1.9736,11,0
ryskin2021,287,10,.,3.5370,2.3026,1.2344,11,0
ryskin2021,287,11,<eos>,5.7710,2.3026,3.4684,11,0
ryskin2021,288,0,Cats,13.7732,10.4551,3.3180,11,0
ryskin2021,288,1,were,6.4611,6.1239,0.3372,11,0
ryskin2021,288,2,the,3.2690,2.9243,0.3446,11,0
ryskin2021,288,3,only,3.2211,6.6301,-3.4090,11,0
ryskin2021,288,4,company,6.2861,7.8291,-1.5430,11,0
ryskin2021,288,5,for,4.6898,4.5854,0.1044,11,0
ryskin2021,288,6,this,3.6266,5.0192,-1.3926,11,0
ryskin2021,288,7,lonely,12.0057,10.9363,1.0694,11,0
ryskin2021,288,8,old,5.0931,7.4840,-2.3909,11,0
ryskin2021,288,9,spinster,10.8013,14.5289,-3.7276,11,0
ryskin2021,288,10,.,2.0004,2.3026,-0.3022,11,0
ryskin2021,288,11,<eos>,5.8656,2.3026,3.5630,11,0
ryskin2021,289,0,Cats,13.7732,10.4551,3.3180,11,0
ryskin2021,289,1,were,6.4611,6.1239,0.3372,11,0
ryskin2021,289,2,the,3.2690,2.9243,0.3446,11,0
ryskin2021,289,3,only,3.2211,6.6301,-3.4090,11,0
ryskin2021,289,4,company,6.2861,7.8291,-1.5430,11,0
ryskin2021,289,5,for,4.6898,4.5854,0.1044,11,0
ryskin2021,289,6,this,3.6266,5.0192,-1.3926,11,0
ryskin2021,289,7,lonely,12.0057,10.9363,1.0694,11,0
ryskin2021,289,8,old,5.0931,7.4840,-2.3909,11,0
ryskin2021,289,9,splinter,13.3716,13.1684,0.2032,11,0
ryskin2021,289,10,.,2.5013,2.3026,0.1987,11,0
ryskin2021,289,11,<eos>,5.9742,2.3026,3.6716,11,0
ryskin2021,290,0,Cats,13.7732,10.4551,3.3180,11,0
ryskin2021,290,1,were,6.4611,6.1239,0.3372,11,0
ryskin2021,290,2,the,3.2690,2.9243,0.3446,11,0
ryskin2021,290,3,only,3.2211,6.6301,-3.4090,11,0
ryskin2021,290,4,company,6.2861,7.8291,-1.5430,11,0
ryskin2021,290,5,for,4.6898,4.5854,0.1044,11,0
ryskin2021,290,6,this,3.6266,5.0192,-1.3926,11,0
ryskin2021,290,7,lonely,12.0057,10.9363,1.0694,11,0
ryskin2021,290,8,old,5.0931,7.4840,-2.3909,11,0
ryskin2021,290,9,radium,17.4135,14.2760,3.1375,11,0
ryskin2021,290,10,.,2.2538,2.3026,-0.0488,11,0
ryskin2021,290,11,<eos>,5.8462,2.3026,3.5436,11,0
ryskin2021,291,0,Cats,13.7732,10.4551,3.3180,11,0
ryskin2021,291,1,were,6.4611,6.1239,0.3372,11,0
ryskin2021,291,2,the,3.2690,2.9243,0.3446,11,0
ryskin2021,291,3,only,3.2211,6.6301,-3.4090,11,0
ryskin2021,291,4,company,6.2861,7.8291,-1.5430,11,0
ryskin2021,291,5,for,4.6898,4.5854,0.1044,11,0
ryskin2021,291,6,this,3.6266,5.0192,-1.3926,11,0
ryskin2021,291,7,lonely,12.0057,10.9363,1.0694,11,0
ryskin2021,291,8,old,5.0931,7.4840,-2.3909,11,0
ryskin2021,291,9,spinsters,14.0040,16.0048,-2.0007,11,0
ryskin2021,291,10,.,1.5865,2.3026,-0.7160,11,0
ryskin2021,291,11,<eos>,5.8732,2.3026,3.5706,11,0
ryskin2021,292,0,He,7.1394,5.3185,1.8209,11,0
ryskin2021,292,1,had,3.9788,6.1469,-2.1681,11,0
ryskin2021,292,2,a,1.5448,3.7766,-2.2319,11,0
ryskin2021,292,3,short,6.1563,8.4495,-2.2933,11,0
ryskin2021,292,4,attention,6.8605,8.9557,-2.0952,11,0
ryskin2021,292,5,span,0.1376,11.3559,-11.2183,11,0
ryskin2021,292,6,and,1.9173,3.6613,-1.7440,11,0
ryskin2021,292,7,needed,7.1284,8.7982,-1.6698,11,0
ryskin2021,292,8,constant,7.6184,10.2688,-2.6503,11,0
ryskin2021,292,9,stimulation,6.9240,12.2041,-5.2801,11,0
ryskin2021,292,10,.,1.9021,2.3026,-0.4005,11,0
ryskin2021,292,11,<eos>,6.2799,2.3026,3.9774,11,0
ryskin2021,293,0,He,7.1394,5.3185,1.8209,11,0
ryskin2021,293,1,had,3.9788,6.1469,-2.1681,11,0
ryskin2021,293,2,a,1.5448,3.7766,-2.2319,11,0
ryskin2021,293,3,short,6.1563,8.4495,-2.2933,11,0
ryskin2021,293,4,attention,6.8605,8.9557,-2.0952,11,0
ryskin2021,293,5,span,0.1376,11.3559,-11.2183,11,0
ryskin2021,293,6,and,1.9173,3.6613,-1.7440,11,0
ryskin2021,293,7,needed,7.1284,8.7982,-1.6698,11,0
ryskin2021,293,8,constant,7.6184,10.2688,-2.6503,11,0
ryskin2021,293,9,stipulation,13.7954,13.9994,-0.2041,11,0
ryskin2021,293,10,.,1.9539,2.3026,-0.3487,11,0
ryskin2021,293,11,<eos>,6.0384,2.3026,3.7358,11,0
ryskin2021,294,0,He,7.1394,5.3185,1.8209,11,0
ryskin2021,294,1,had,3.9788,6.1469,-2.1681,11,0
ryskin2021,294,2,a,1.5448,3.7766,-2.2319,11,0
ryskin2021,294,3,short,6.1563,8.4495,-2.2933,11,0
ryskin2021,294,4,attention,6.8605,8.9557,-2.0952,11,0
ryskin2021,294,5,span,0.1376,11.3559,-11.2183,11,0
ryskin2021,294,6,and,1.9173,3.6613,-1.7440,11,0
ryskin2021,294,7,needed,7.1284,8.7982,-1.6698,11,0
ryskin2021,294,8,constant,7.6184,10.2688,-2.6503,11,0
ryskin2021,294,9,sediment,13.6195,12.8485,0.7709,11,0
ryskin2021,294,10,.,4.6833,2.3026,2.3807,11,0
ryskin2021,294,11,<eos>,6.4919,2.3026,4.1893,11,0
ryskin2021,295,0,He,7.1394,5.3185,1.8209,11,0
ryskin2021,295,1,had,3.9788,6.1469,-2.1681,11,0
ryskin2021,295,2,a,1.5448,3.7766,-2.2319,11,0
ryskin2021,295,3,short,6.1563,8.4495,-2.2933,11,0
ryskin2021,295,4,attention,6.8605,8.9557,-2.0952,11,0
ryskin2021,295,5,span,0.1376,11.3559,-11.2183,11,0
ryskin2021,295,6,and,1.9173,3.6613,-1.7440,11,0
ryskin2021,295,7,needed,7.1284,8.7982,-1.6698,11,0
ryskin2021,295,8,constant,7.6184,10.2688,-2.6503,11,0
ryskin2021,295,9,stimulations,12.0340,16.3717,-4.3377,11,0
ryskin2021,295,10,.,1.5776,2.3026,-0.7249,11,0
ryskin2021,295,11,<eos>,6.3686,2.3026,4.0660,11,0
ryskin2021,296,0,She,7.2417,6.3089,0.9328,11,0
ryskin2021,296,1,was,2.7801,5.0192,-2.2391,11,0
ryskin2021,296,2,vaccinated,9.7574,13.0783,-3.3209,11,0
ryskin2021,296,3,so,7.3378,5.7108,1.6270,11,0
ryskin2021,296,4,her,4.1631,6.2146,-2.0515,11,0
ryskin2021,296,5,body,4.0389,8.2901,-4.2512,11,0
ryskin2021,296,6,would,3.0942,6.2872,-3.1930,11,0
ryskin2021,296,7,developed,12.2303,9.3258,2.9046,11,0
ryskin2021,296,8,an,3.1049,5.6869,-2.5820,11,0
ryskin2021,296,9,immunity,2.9035,11.7199,-8.8164,11,0
ryskin2021,296,10,.,4.8205,2.3026,2.5180,11,0
ryskin2021,296,11,<eos>,5.3212,2.3026,3.0187,11,0
ryskin2021,297,0,She,7.2417,6.3089,0.9328,11,0
ryskin2021,297,1,was,2.7801,5.0192,-2.2391,11,0
ryskin2021,297,2,vaccinated,9.7574,13.0783,-3.3209,11,0
ryskin2021,297,3,so,7.3378,5.7108,1.6270,11,0
ryskin2021,297,4,her,4.1631,6.2146,-2.0515,11,0
ryskin2021,297,5,body,4.0389,8.2901,-4.2512,11,0
ryskin2021,297,6,would,3.0942,6.2872,-3.1930,11,0
ryskin2021,297,7,developed,12.2303,9.3258,2.9046,11,0
ryskin2021,297,8,a,1.4055,3.7766,-2.3711,11,0
ryskin2021,297,9,mutiny,13.7192,13.1949,0.5242,11,0
ryskin2021,297,10,.,2.6373,2.3026,0.3347,11,0
ryskin2021,297,11,<eos>,5.5382,2.3026,3.2356,11,0
ryskin2021,298,0,She,7.2417,6.3089,0.9328,11,0
ryskin2021,298,1,was,2.7801,5.0192,-2.2391,11,0
ryskin2021,298,2,vaccinated,9.7574,13.0783,-3.3209,11,0
ryskin2021,298,3,so,7.3378,5.7108,1.6270,11,0
ryskin2021,298,4,her,4.1631,6.2146,-2.0515,11,0
ryskin2021,298,5,body,4.0389,8.2901,-4.2512,11,0
ryskin2021,298,6,would,3.0942,6.2872,-3.1930,11,0
ryskin2021,298,7,developed,12.2303,9.3258,2.9046,11,0
ryskin2021,298,8,a,1.4055,3.7766,-2.3711,11,0
ryskin2021,298,9,cartoon,11.3379,11.3306,0.0073,11,0
ryskin2021,298,10,.,3.7894,2.3026,1.4868,11,0
ryskin2021,298,11,<eos>,5.3597,2.3026,3.0571,11,0
ryskin2021,299,0,She,7.2417,6.3089,0.9328,11,0
ryskin2021,299,1,was,2.7801,5.0192,-2.2391,11,0
ryskin2021,299,2,vaccinated,9.7574,13.0783,-3.3209,11,0
ryskin2021,299,3,so,7.3378,5.7108,1.6270,11,0
ryskin2021,299,4,her,4.1631,6.2146,-2.0515,11,0
ryskin2021,299,5,body,4.0389,8.2901,-4.2512,11,0
ryskin2021,299,6,would,3.0942,6.2872,-3.1930,11,0
ryskin2021,299,7,developed,12.2303,9.3258,2.9046,11,0
ryskin2021,299,8,an,3.1049,5.6869,-2.5820,11,0
ryskin2021,299,9,immunities,15.1271,14.8511,0.2759,11,0
ryskin2021,299,10,.,5.0352,2.3026,2.7326,11,0
ryskin2021,299,11,<eos>,4.9039,2.3026,2.6013,11,0
ryskin2021,300,0,The,3.9742,2.9243,1.0498,11,0
ryskin2021,300,1,mason,12.7392,11.1908,1.5484,11,0
ryskin2021,300,2,built,9.9900,9.0533,0.9366,11,0
ryskin2021,300,3,his,4.5156,5.7322,-1.2166,11,0
ryskin2021,300,4,own,2.8556,7.5056,-4.6500,11,0
ryskin2021,300,5,house,5.4637,7.5752,-2.1116,11,0
ryskin2021,300,6,of,4.1115,3.6849,0.4266,11,0
ryskin2021,300,7,brick,8.0975,10.9363,-2.8388,11,0
ryskin2021,300,8,and,1.8118,3.6613,-1.8495,11,0
ryskin2021,300,9,mortar,3.6778,12.0892,-8.4114,11,0
ryskin2021,300,10,.,1.6734,2.3026,-0.6292,11,0
ryskin2021,300,11,<eos>,6.3727,2.3026,4.0701,11,0
ryskin2021,301,0,The,3.9742,2.9243,1.0498,11,0
ryskin2021,301,1,mason,12.7392,11.1908,1.5484,11,0
ryskin2021,301,2,built,9.9900,9.0533,0.9366,11,0
ryskin2021,301,3,his,4.5156,5.7322,-1.2166,11,0
ryskin2021,301,4,own,2.8556,7.5056,-4.6500,11,0
ryskin2021,301,5,house,5.4637,7.5752,-2.1116,11,0
ryskin2021,301,6,of,4.1115,3.6849,0.4266,11,0
ryskin2021,301,7,brick,8.0975,10.9363,-2.8388,11,0
ryskin2021,301,8,and,1.8118,3.6613,-1.8495,11,0
ryskin2021,301,9,mortal,13.2151,11.8359,1.3792,11,0
ryskin2021,301,10,.,3.9322,2.3026,1.6296,11,0
ryskin2021,301,11,<eos>,5.7901,2.3026,3.4875,11,0
ryskin2021,302,0,The,3.9742,2.9243,1.0498,11,0
ryskin2021,302,1,mason,12.7392,11.1908,1.5484,11,0
ryskin2021,302,2,built,9.9900,9.0533,0.9366,11,0
ryskin2021,302,3,his,4.5156,5.7322,-1.2166,11,0
ryskin2021,302,4,own,2.8556,7.5056,-4.6500,11,0
ryskin2021,302,5,house,5.4637,7.5752,-2.1116,11,0
ryskin2021,302,6,of,4.1115,3.6849,0.4266,11,0
ryskin2021,302,7,brick,8.0975,10.9363,-2.8388,11,0
ryskin2021,302,8,and,1.8118,3.6613,-1.8495,11,0
ryskin2021,302,9,humidity,13.1542,11.9045,1.2497,11,0
ryskin2021,302,10,.,2.4565,2.3026,0.1540,11,0
ryskin2021,302,11,<eos>,5.7861,2.3026,3.4835,11,0
ryskin2021,303,0,The,3.9738,2.9243,1.0495,11,0
ryskin2021,303,1,mason,12.7394,11.1908,1.5485,11,0
ryskin2021,303,2,built,9.9909,9.0533,0.9375,11,0
ryskin2021,303,3,his,4.5161,5.7322,-1.2160,11,0
ryskin2021,303,4,own,2.8552,7.5056,-4.6504,11,0
ryskin2021,303,5,house,5.4636,7.5752,-2.1117,11,0
ryskin2021,303,6,of,4.1116,3.6849,0.4267,11,0
ryskin2021,303,7,brick,8.0978,10.9363,-2.8385,11,0
ryskin2021,303,8,and,1.8117,3.6613,-1.8495,11,0
ryskin2021,303,9,mortars,11.8425,13.4934,-1.6509,11,0
ryskin2021,303,10,.,1.3549,2.3026,-0.9476,11,0
ryskin2021,303,11,<eos>,5.8785,2.3026,3.5759,11,0
ryskin2021,304,0,The,3.9742,2.9243,1.0498,11,0
ryskin2021,304,1,goddess,10.7323,11.4931,-0.7608,11,0
ryskin2021,304,2,refused,10.8227,10.2688,0.5539,11,0
ryskin2021,304,3,to,0.2786,3.6156,-3.3370,11,0
ryskin2021,304,4,be,2.3084,5.0881,-2.7797,11,0
ryskin2021,304,5,bested,11.1175,14.4599,-3.3424,11,0
ryskin2021,304,6,by,0.4061,5.3882,-4.9822,11,0
ryskin2021,304,7,a,2.7317,3.7766,-1.0450,11,0
ryskin2021,304,8,mere,7.5130,11.2128,-3.6999,11,0
ryskin2021,304,9,mortal,4.3726,11.8359,-7.4633,11,0
ryskin2021,304,10,.,1.5142,2.3026,-0.7884,11,0
ryskin2021,304,11,<eos>,5.3794,2.3026,3.0768,11,0
ryskin2021,305,0,The,3.9742,2.9243,1.0498,11,0
ryskin2021,305,1,goddess,10.7323,11.4931,-0.7608,11,0
ryskin2021,305,2,refused,10.8227,10.2688,0.5539,11,0
ryskin2021,305,3,to,0.2786,3.6156,-3.3370,11,0
ryskin2021,305,4,be,2.3084,5.0881,-2.7797,11,0
ryskin2021,305,5,bested,11.1175,14.4599,-3.3424,11,0
ryskin2021,305,6,by,0.4061,5.3882,-4.9822,11,0
ryskin2021,305,7,a,2.7317,3.7766,-1.0450,11,0
ryskin2021,305,8,mere,7.5130,11.2128,-3.6999,11,0
ryskin2021,305,9,mortar,12.0705,12.0892,-0.0187,11,0
ryskin2021,305,10,.,2.1009,2.3026,-0.2017,11,0
ryskin2021,305,11,<eos>,5.3648,2.3026,3.0622,11,0
ryskin2021,306,0,The,3.9742,2.9243,1.0498,11,0
ryskin2021,306,1,goddess,10.7323,11.4931,-0.7608,11,0
ryskin2021,306,2,refused,10.8227,10.2688,0.5539,11,0
ryskin2021,306,3,to,0.2786,3.6156,-3.3370,11,0
ryskin2021,306,4,be,2.3084,5.0881,-2.7797,11,0
ryskin2021,306,5,bested,11.1175,14.4599,-3.3424,11,0
ryskin2021,306,6,by,0.4061,5.3882,-4.9822,11,0
ryskin2021,306,7,a,2.7317,3.7766,-1.0450,11,0
ryskin2021,306,8,mere,7.5130,11.2128,-3.6999,11,0
ryskin2021,306,9,expectation,9.7966,11.5362,-1.7396,11,0
ryskin2021,306,10,.,2.2710,2.3026,-0.0316,11,0
ryskin2021,306,11,<eos>,5.3092,2.3026,3.0066,11,0
ryskin2021,307,0,The,3.9738,2.9243,1.0495,11,0
ryskin2021,307,1,goddess,10.7324,11.4931,-0.7607,11,0
ryskin2021,307,2,refused,10.8223,10.2688,0.5536,11,0
ryskin2021,307,3,to,0.2785,3.6156,-3.3371,11,0
ryskin2021,307,4,be,2.3085,5.0881,-2.7796,11,0
ryskin2021,307,5,bested,11.1174,14.4599,-3.3425,11,0
ryskin2021,307,6,by,0.4059,5.3882,-4.9823,11,0
ryskin2021,307,7,a,2.7317,3.7766,-1.0449,11,0
ryskin2021,307,8,mere,7.5130,11.2128,-3.6998,11,0
ryskin2021,307,9,mortals,10.0783,13.3773,-3.2990,11,0
ryskin2021,307,10,.,1.4451,2.3026,-0.8575,11,0
ryskin2021,307,11,<eos>,5.3648,2.3026,3.0622,11,0
ryskin2021,308,0,The,3.9745,2.9243,1.0501,11,0
ryskin2021,308,1,thesaurus,14.5685,14.0913,0.4772,11,0
ryskin2021,308,2,shows,7.4280,8.6797,-1.2517,11,0
ryskin2021,308,3,that,2.1893,4.5854,-2.3961,11,0
ryskin2021,308,4,a,2.8038,3.7766,-0.9728,11,0
ryskin2021,308,5,synonym,9.4135,13.5154,-4.1020,11,0
ryskin2021,308,6,for,0.7204,4.5854,-3.8650,11,0
ryskin2021,308,7,drunkenness,14.0314,14.0691,-0.0377,11,0
ryskin2021,308,8,is,1.5929,4.4482,-2.8553,11,0
ryskin2021,308,9,inebriation,19.5590,16.0504,3.5085,11,0
ryskin2021,308,10,.,1.0497,2.3026,-1.2529,11,0
ryskin2021,308,11,<eos>,4.6193,2.3026,2.3167,11,0
ryskin2021,309,0,The,3.9745,2.9243,1.0501,11,0
ryskin2021,309,1,thesaurus,14.5685,14.0913,0.4772,11,0
ryskin2021,309,2,shows,7.4280,8.6797,-1.2517,11,0
ryskin2021,309,3,that,2.1893,4.5854,-2.3961,11,0
ryskin2021,309,4,a,2.8038,3.7766,-0.9728,11,0
ryskin2021,309,5,synonym,9.4135,13.5154,-4.1020,11,0
ryskin2021,309,6,for,0.7204,4.5854,-3.8650,11,0
ryskin2021,309,7,drunkenness,14.0314,14.0691,-0.0377,11,0
ryskin2021,309,8,is,1.5929,4.4482,-2.8553,11,0
ryskin2021,309,9,abbreviation,12.5421,13.4934,-0.9513,11,0
ryskin2021,309,10,.,2.6554,2.3026,0.3528,11,0
ryskin2021,309,11,<eos>,4.5616,2.3026,2.2590,11,0
ryskin2021,310,0,The,3.9745,2.9243,1.0501,11,0
ryskin2021,310,1,thesaurus,14.5685,14.0913,0.4772,11,0
ryskin2021,310,2,shows,7.4280,8.6797,-1.2517,11,0
ryskin2021,310,3,that,2.1893,4.5854,-2.3961,11,0
ryskin2021,310,4,a,2.8038,3.7766,-0.9728,11,0
ryskin2021,310,5,synonym,9.4135,13.5154,-4.1020,11,0
ryskin2021,310,6,for,0.7204,4.5854,-3.8650,11,0
ryskin2021,310,7,drunkenness,14.0314,14.0691,-0.0377,11,0
ryskin2021,310,8,is,1.5929,4.4482,-2.8553,11,0
ryskin2021,310,9,splinter,15.4076,13.1684,2.2391,11,0
ryskin2021,310,10,.,4.1301,2.3026,1.8275,11,0
ryskin2021,310,11,<eos>,4.7486,2.3026,2.4460,11,0
ryskin2021,311,0,The,3.9745,2.9243,1.0501,11,0
ryskin2021,311,1,thesaurus,14.5685,14.0913,0.4772,11,0
ryskin2021,311,2,shows,7.4280,8.6797,-1.2517,11,0
ryskin2021,311,3,that,2.1893,4.5854,-2.3961,11,0
ryskin2021,311,4,a,2.8038,3.7766,-0.9728,11,0
ryskin2021,311,5,synonym,9.4135,13.5154,-4.1020,11,0
ryskin2021,311,6,for,0.7204,4.5854,-3.8650,11,0
ryskin2021,311,7,drunkenness,14.0314,14.0691,-0.0377,11,0
ryskin2021,311,8,is,1.5929,4.4482,-2.8553,11,0
ryskin2021,311,9,inebriations,25.1276,18.4207,6.7069,11,0
ryskin2021,311,10,.,1.0807,2.3026,-1.2219,11,0
ryskin2021,311,11,<eos>,4.7250,2.3026,2.4224,11,0
ryskin2021,312,0,A,4.4458,3.7766,0.6692,11,0
ryskin2021,312,1,lolcat,21.3052,17.5004,3.8048,11,0
ryskin2021,312,2,is,2.7413,4.4482,-1.7069,11,0
ryskin2021,312,3,cat,10.0869,9.7162,0.3707,11,0
ryskin2021,312,4,photograph,12.0115,10.9823,1.0292,11,0
ryskin2021,312,5,with,3.8593,4.9505,-1.0912,11,0
ryskin2021,312,6,a,1.2405,3.7766,-2.5361,11,0
ryskin2021,312,7,humorous,10.2488,12.4342,-2.1854,11,0
ryskin2021,312,8,ungrammatical,18.0694,16.1181,1.9513,11,0
ryskin2021,312,9,caption,7.0604,12.1573,-5.0969,11,0
ryskin2021,312,10,.,2.3819,2.3026,0.0793,11,0
ryskin2021,312,11,<eos>,4.5306,2.3026,2.2280,11,0
ryskin2021,313,0,A,4.4458,3.7766,0.6692,11,0
ryskin2021,313,1,lolcat,21.3052,17.5004,3.8048,11,0
ryskin2021,313,2,is,2.7413,4.4482,-1.7069,11,0
ryskin2021,313,3,cat,10.0869,9.7162,0.3707,11,0
ryskin2021,313,4,photograph,12.0115,10.9823,1.0292,11,0
ryskin2021,313,5,with,3.8593,4.9505,-1.0912,11,0
ryskin2021,313,6,a,1.2405,3.7766,-2.5361,11,0
ryskin2021,313,7,humorous,10.2488,12.4342,-2.1854,11,0
ryskin2021,313,8,ungrammatical,18.0694,16.1181,1.9513,11,0
ryskin2021,313,9,captain,12.8349,9.4639,3.3710,11,0
ryskin2021,313,10,.,1.3270,2.3026,-0.9756,11,0
ryskin2021,313,11,<eos>,4.2826,2.3026,1.9800,11,0
ryskin2021,314,0,A,4.4458,3.7766,0.6692,11,0
ryskin2021,314,1,lolcat,21.3052,17.5004,3.8048,11,0
ryskin2021,314,2,is,2.7413,4.4482,-1.7069,11,0
ryskin2021,314,3,cat,10.0869,9.7162,0.3707,11,0
ryskin2021,314,4,photograph,12.0115,10.9823,1.0292,11,0
ryskin2021,314,5,with,3.8593,4.9505,-1.0912,11,0
ryskin2021,314,6,a,1.2405,3.7766,-2.5361,11,0
ryskin2021,314,7,humorous,10.2488,12.4342,-2.1854,11,0
ryskin2021,314,8,ungrammatical,18.0694,16.1181,1.9513,11,0
ryskin2021,314,9,radius,11.4878,11.8359,-0.3481,11,0
ryskin2021,314,10,.,1.4190,2.3026,-0.8836,11,0
ryskin2021,314,11,<eos>,3.5128,2.3026,1.2103,11,0
ryskin2021,315,0,A,4.4458,3.7766,0.6692,11,0
ryskin2021,315,1,lolcat,21.3052,17.5004,3.8048,11,0
ryskin2021,315,2,is,2.7413,4.4482,-1.7069,11,0
ryskin2021,315,3,cat,10.0869,9.7162,0.3707,11,0
ryskin2021,315,4,photograph,12.0115,10.9823,1.0292,11,0
ryskin2021,315,5,with,3.8593,4.9505,-1.0912,11,0
ryskin2021,315,6,a,1.2405,3.7766,-2.5361,11,0
ryskin2021,315,7,humorous,10.2488,12.4342,-2.1854,11,0
ryskin2021,315,8,ungrammatical,18.0694,16.1181,1.9513,11,0
ryskin2021,315,9,captions,13.4772,13.3773,0.0999,11,0
ryskin2021,315,10,.,1.3494,2.3026,-0.9532,11,0
ryskin2021,315,11,<eos>,3.6965,2.3026,1.3939,11,0
ryskin2021,316,0,The,3.9742,2.9243,1.0498,11,0
ryskin2021,316,1,sailors,12.5588,12.0892,0.4697,11,0
ryskin2021,316,2,feared,9.2501,11.6510,-2.4010,11,0
ryskin2021,316,3,the,1.9413,2.9243,-0.9830,11,0
ryskin2021,316,4,harsh,7.9179,11.1908,-3.2729,11,0
ryskin2021,316,5,discipline,7.8064,10.9823,-3.1759,11,0
ryskin2021,316,6,of,0.3905,3.6849,-3.2943,11,0
ryskin2021,316,7,this,4.5246,5.0192,-0.4946,11,0
ryskin2021,316,8,ship,6.3309,9.3717,-3.0408,11,0
ryskin2021,316,9,captain,8.0193,9.4639,-1.4446,11,0
ryskin2021,316,10,.,1.6628,2.3026,-0.6398,11,0
ryskin2021,316,11,<eos>,7.0300,2.3026,4.7274,11,0
ryskin2021,317,0,The,3.9742,2.9243,1.0498,11,0
ryskin2021,317,1,sailors,12.5588,12.0892,0.4697,11,0
ryskin2021,317,2,feared,9.2501,11.6510,-2.4010,11,0
ryskin2021,317,3,the,1.9413,2.9243,-0.9830,11,0
ryskin2021,317,4,harsh,7.9179,11.1908,-3.2729,11,0
ryskin2021,317,5,discipline,7.8064,10.9823,-3.1759,11,0
ryskin2021,317,6,of,0.3905,3.6849,-3.2943,11,0
ryskin2021,317,7,this,4.5246,5.0192,-0.4946,11,0
ryskin2021,317,8,ship,6.3309,9.3717,-3.0408,11,0
ryskin2021,317,9,caption,17.2767,12.1573,5.1194,11,0
ryskin2021,317,10,.,3.5486,2.3026,1.2460,11,0
ryskin2021,317,11,<eos>,5.7094,2.3026,3.4068,11,0
ryskin2021,318,0,The,3.9738,2.9243,1.0495,11,0
ryskin2021,318,1,sailors,12.5586,12.0892,0.4694,11,0
ryskin2021,318,2,feared,9.2500,11.6510,-2.4011,11,0
ryskin2021,318,3,the,1.9411,2.9243,-0.9832,11,0
ryskin2021,318,4,harsh,7.9179,11.1908,-3.2729,11,0
ryskin2021,318,5,discipline,7.8065,10.9823,-3.1758,11,0
ryskin2021,318,6,of,0.3904,3.6849,-3.2945,11,0
ryskin2021,318,7,this,4.5247,5.0192,-0.4944,11,0
ryskin2021,318,8,ship,6.3312,9.3717,-3.0405,11,0
ryskin2021,318,9,phrenology,20.7818,15.7060,5.0758,11,0
ryskin2021,318,10,.,1.5084,2.3026,-0.7942,11,0
ryskin2021,318,11,<eos>,6.2238,2.3026,3.9213,11,0
ryskin2021,319,0,The,3.9742,2.9243,1.0498,11,0
ryskin2021,319,1,sailors,12.5588,12.0892,0.4697,11,0
ryskin2021,319,2,feared,9.2501,11.6510,-2.4010,11,0
ryskin2021,319,3,the,1.9413,2.9243,-0.9830,11,0
ryskin2021,319,4,harsh,7.9179,11.1908,-3.2729,11,0
ryskin2021,319,5,discipline,7.8064,10.9823,-3.1759,11,0
ryskin2021,319,6,of,0.3905,3.6849,-3.2943,11,0
ryskin2021,319,7,this,4.5246,5.0192,-0.4946,11,0
ryskin2021,319,8,ship,6.3309,9.3717,-3.0408,11,0
ryskin2021,319,9,captains,12.4942,12.3876,0.1066,11,0
ryskin2021,319,10,.,1.6811,2.3026,-0.6215,11,0
ryskin2021,319,11,<eos>,6.7071,2.3026,4.4045,11,0
ryskin2021,320,0,The,3.9742,2.9243,1.0498,11,0
ryskin2021,320,1,teacher,10.3610,9.4861,0.8749,11,0
ryskin2021,320,2,taught,5.7113,9.9464,-4.2351,11,0
ryskin2021,320,3,that,3.8291,4.5854,-0.7563,11,0
ryskin2021,320,4,subtraction,11.6792,14.0225,-2.3433,11,0
ryskin2021,320,5,was,4.1638,5.0192,-0.8554,11,0
ryskin2021,320,6,the,2.5178,2.9243,-0.4066,11,0
ryskin2021,320,7,opposite,7.7458,10.0850,-2.3393,11,0
ryskin2021,320,8,of,0.0517,3.6849,-3.6331,11,0
ryskin2021,320,9,addition,7.7780,9.1905,-1.4125,11,0
ryskin2021,320,10,.,1.0950,2.3026,-1.2076,11,0
ryskin2021,320,11,<eos>,5.9529,2.3026,3.6503,11,0
ryskin2021,321,0,The,3.9742,2.9243,1.0498,11,0
ryskin2021,321,1,teacher,10.3610,9.4861,0.8749,11,0
ryskin2021,321,2,taught,5.7113,9.9464,-4.2351,11,0
ryskin2021,321,3,that,3.8291,4.5854,-0.7563,11,0
ryskin2021,321,4,subtraction,11.6792,14.0225,-2.3433,11,0
ryskin2021,321,5,was,4.1638,5.0192,-0.8554,11,0
ryskin2021,321,6,the,2.5178,2.9243,-0.4066,11,0
ryskin2021,321,7,opposite,7.7458,10.0850,-2.3393,11,0
ryskin2021,321,8,of,0.0517,3.6849,-3.6331,11,0
ryskin2021,321,9,audition,10.9638,12.0423,-1.0785,11,0
ryskin2021,321,10,.,1.6826,2.3026,-0.6200,11,0
ryskin2021,321,11,<eos>,6.4746,2.3026,4.1720,11,0
ryskin2021,322,0,The,3.9742,2.9243,1.0498,11,0
ryskin2021,322,1,teacher,10.3610,9.4861,0.8749,11,0
ryskin2021,322,2,taught,5.7113,9.9464,-4.2351,11,0
ryskin2021,322,3,that,3.8291,4.5854,-0.7563,11,0
ryskin2021,322,4,subtraction,11.6792,14.0225,-2.3433,11,0
ryskin2021,322,5,was,4.1638,5.0192,-0.8554,11,0
ryskin2021,322,6,the,2.5178,2.9243,-0.4066,11,0
ryskin2021,322,7,opposite,7.7458,10.0850,-2.3393,11,0
ryskin2021,322,8,of,0.0517,3.6849,-3.6331,11,0
ryskin2021,322,9,humility,10.7502,12.4571,-1.7069,11,0
ryskin2021,322,10,.,0.9678,2.3026,-1.3348,11,0
ryskin2021,322,11,<eos>,6.2217,2.3026,3.9191,11,0
ryskin2021,323,0,The,3.9742,2.9243,1.0498,11,0
ryskin2021,323,1,teacher,10.3610,9.4861,0.8749,11,0
ryskin2021,323,2,taught,5.7113,9.9464,-4.2351,11,0
ryskin2021,323,3,that,3.8291,4.5854,-0.7563,11,0
ryskin2021,323,4,subtraction,11.6792,14.0225,-2.3433,11,0
ryskin2021,323,5,was,4.1638,5.0192,-0.8554,11,0
ryskin2021,323,6,the,2.5178,2.9243,-0.4066,11,0
ryskin2021,323,7,opposite,7.7458,10.0850,-2.3393,11,0
ryskin2021,323,8,of,0.0517,3.6849,-3.6331,11,0
ryskin2021,323,9,additions,12.2681,11.9734,0.2947,11,0
ryskin2021,323,10,.,1.5495,2.3026,-0.7530,11,0
ryskin2021,323,11,<eos>,6.0664,2.3026,3.7638,11,0
ryskin2021,324,0,The,3.9738,2.9243,1.0495,11,0
ryskin2021,324,1,flute,14.8361,12.6186,2.2176,11,0
ryskin2021,324,2,player,5.3431,8.7721,-3.4290,11,0
ryskin2021,324,3,nervously,12.3416,13.1949,-0.8534,11,0
ryskin2021,324,4,prepared,8.8245,9.8082,-0.9836,11,0
ryskin2021,324,5,an,6.1454,5.6869,0.4584,11,0
ryskin2021,324,6,excerpt,7.3899,12.6399,-5.2500,11,0
ryskin2021,324,7,for,3.8644,4.5854,-0.7209,11,0
ryskin2021,324,8,an,3.8507,5.6869,-1.8363,11,0
ryskin2021,324,9,audition,6.3041,12.0423,-5.7382,11,0
ryskin2021,324,10,.,2.6451,2.3026,0.3425,11,0
ryskin2021,324,11,<eos>,5.3522,2.3026,3.0496,11,0
ryskin2021,325,0,The,3.9738,2.9243,1.0495,11,0
ryskin2021,325,1,flute,14.8361,12.6186,2.2176,11,0
ryskin2021,325,2,player,5.3431,8.7721,-3.4290,11,0
ryskin2021,325,3,nervously,12.3416,13.1949,-0.8534,11,0
ryskin2021,325,4,prepared,8.8245,9.8082,-0.9836,11,0
ryskin2021,325,5,an,6.1454,5.6869,0.4584,11,0
ryskin2021,325,6,excerpt,7.3899,12.6399,-5.2500,11,0
ryskin2021,325,7,for,3.8644,4.5854,-0.7209,11,0
ryskin2021,325,8,an,3.8507,5.6869,-1.8363,11,0
ryskin2021,325,9,addition,8.9964,9.1905,-0.1942,11,0
ryskin2021,325,10,.,3.2985,2.3026,0.9960,11,0
ryskin2021,325,11,<eos>,4.9930,2.3026,2.6905,11,0
ryskin2021,326,0,The,3.9738,2.9243,1.0495,11,0
ryskin2021,326,1,flute,14.8361,12.6186,2.2176,11,0
ryskin2021,326,2,player,5.3431,8.7721,-3.4290,11,0
ryskin2021,326,3,nervously,12.3416,13.1949,-0.8534,11,0
ryskin2021,326,4,prepared,8.8245,9.8082,-0.9836,11,0
ryskin2021,326,5,an,6.1454,5.6869,0.4584,11,0
ryskin2021,326,6,excerpt,7.3899,12.6399,-5.2500,11,0
ryskin2021,326,7,for,3.8644,4.5854,-0.7209,11,0
ryskin2021,326,8,a,2.3082,3.7766,-1.4684,11,0
ryskin2021,326,9,corridor,11.5569,11.7887,-0.2318,11,0
ryskin2021,326,10,.,3.5236,2.3026,1.2210,11,0
ryskin2021,326,11,<eos>,5.5438,2.3026,3.2412,11,0
ryskin2021,327,0,The,3.9734,2.9243,1.0490,11,0
ryskin2021,327,1,flute,14.8363,12.6186,2.2177,11,0
ryskin2021,327,2,player,5.3441,8.7721,-3.4280,11,0
ryskin2021,327,3,nervously,12.3413,13.1949,-0.8537,11,0
ryskin2021,327,4,prepared,8.8244,9.8082,-0.9838,11,0
ryskin2021,327,5,an,6.1457,5.6869,0.4587,11,0
ryskin2021,327,6,excerpt,7.3898,12.6399,-5.2502,11,0
ryskin2021,327,7,for,3.8644,4.5854,-0.7210,11,0
ryskin2021,327,8,an,3.8507,5.6869,-1.8362,11,0
ryskin2021,327,9,auditions,12.8992,12.8952,0.0040,11,0
ryskin2021,327,10,.,3.2074,2.3026,0.9048,11,0
ryskin2021,327,11,<eos>,5.5351,2.3026,3.2325,11,0
ryskin2021,328,0,The,3.9742,2.9243,1.0498,11,0
ryskin2021,328,1,museum,9.9412,9.8778,0.0633,11,0
ryskin2021,328,2,pass,11.3216,9.0970,2.2246,11,0
ryskin2021,328,3,provides,6.6634,9.6708,-3.0073,11,0
ryskin2021,328,4,five,7.6701,8.1736,-0.5035,11,0
ryskin2021,328,5,dollars,7.6780,9.7162,-2.0382,11,0
ryskin2021,328,6,off,5.9136,7.0691,-1.1555,11,0
ryskin2021,328,7,of,1.8003,3.6849,-1.8846,11,0
ryskin2021,328,8,each,6.0262,7.6211,-1.5950,11,0
ryskin2021,328,9,admission,8.5038,11.1693,-2.6656,11,0
ryskin2021,328,10,.,1.9852,2.3026,-0.3174,11,0
ryskin2021,328,11,<eos>,5.5678,2.3026,3.2652,11,0
ryskin2021,329,0,The,3.9742,2.9243,1.0498,11,0
ryskin2021,329,1,museum,9.9412,9.8778,0.0633,11,0
ryskin2021,329,2,pass,11.3216,9.0970,2.2246,11,0
ryskin2021,329,3,provides,6.6634,9.6708,-3.0073,11,0
ryskin2021,329,4,five,7.6701,8.1736,-0.5035,11,0
ryskin2021,329,5,dollars,7.6780,9.7162,-2.0382,11,0
ryskin2021,329,6,off,5.9136,7.0691,-1.1555,11,0
ryskin2021,329,7,of,1.8003,3.6849,-1.8846,11,0
ryskin2021,329,8,each,6.0262,7.6211,-1.5950,11,0
ryskin2021,329,9,admonition,16.7127,14.9425,1.7702,11,0
ryskin2021,329,10,.,1.8986,2.3026,-0.4040,11,0
ryskin2021,329,11,<eos>,5.2195,2.3026,2.9169,11,0
ryskin2021,330,0,The,3.9742,2.9243,1.0498,11,0
ryskin2021,330,1,museum,9.9412,9.8778,0.0633,11,0
ryskin2021,330,2,pass,11.3216,9.0970,2.2246,11,0
ryskin2021,330,3,provides,6.6634,9.6708,-3.0073,11,0
ryskin2021,330,4,five,7.6701,8.1736,-0.5035,11,0
ryskin2021,330,5,dollars,7.6780,9.7162,-2.0382,11,0
ryskin2021,330,6,off,5.9136,7.0691,-1.1555,11,0
ryskin2021,330,7,of,1.8003,3.6849,-1.8846,11,0
ryskin2021,330,8,each,6.0262,7.6211,-1.5950,11,0
ryskin2021,330,9,carnival,12.7353,11.8359,0.8994,11,0
ryskin2021,330,10,.,3.3688,2.3026,1.0662,11,0
ryskin2021,330,11,<eos>,5.5800,2.3026,3.2774,11,0
ryskin2021,331,0,The,3.9742,2.9243,1.0498,11,0
ryskin2021,331,1,museum,9.9412,9.8778,0.0633,11,0
ryskin2021,331,2,pass,11.3216,9.0970,2.2246,11,0
ryskin2021,331,3,provides,6.6634,9.6708,-3.0073,11,0
ryskin2021,331,4,five,7.6701,8.1736,-0.5035,11,0
ryskin2021,331,5,dollars,7.6780,9.7162,-2.0382,11,0
ryskin2021,331,6,off,5.9136,7.0691,-1.1555,11,0
ryskin2021,331,7,of,1.8003,3.6849,-1.8846,11,0
ryskin2021,331,8,each,6.0262,7.6211,-1.5950,11,0
ryskin2021,331,9,admissions,12.9508,12.0663,0.8845,11,0
ryskin2021,331,10,.,3.3887,2.3026,1.0861,11,0
ryskin2021,331,11,<eos>,5.8432,2.3026,3.5407,11,0
ryskin2021,332,0,Old,11.0778,7.4840,3.5938,11,0
ryskin2021,332,1,car,10.3775,8.1736,2.2039,11,0
ryskin2021,332,2,engines,8.0295,10.7064,-2.6770,11,0
ryskin2021,332,3,mixed,9.2898,10.0382,-0.7483,11,0
ryskin2021,332,4,fuel,8.6632,9.8547,-1.1915,11,0
ryskin2021,332,5,and,2.6015,3.6613,-1.0598,11,0
ryskin2021,332,6,air,4.3911,8.3602,-3.9691,11,0
ryskin2021,332,7,in,6.0784,3.9846,2.0938,11,0
ryskin2021,332,8,a,2.0108,3.7766,-1.7659,11,0
ryskin2021,332,9,carburetor,8.9836,14.2295,-5.2459,11,0
ryskin2021,332,10,.,1.7108,2.3026,-0.5918,11,0
ryskin2021,332,11,<eos>,5.4527,2.3026,3.1502,11,0
ryskin2021,333,0,Old,11.0777,7.4840,3.5937,11,0
ryskin2021,333,1,car,10.3772,8.1736,2.2036,11,0
ryskin2021,333,2,engines,8.0295,10.7064,-2.6770,11,0
ryskin2021,333,3,mixed,9.2900,10.0382,-0.7482,11,0
ryskin2021,333,4,fuel,8.6640,9.8547,-1.1907,11,0
ryskin2021,333,5,and,2.6017,3.6613,-1.0596,11,0
ryskin2021,333,6,air,4.3898,8.3602,-3.9704,11,0
ryskin2021,333,7,in,6.0791,3.9846,2.0945,11,0
ryskin2021,333,8,a,2.0108,3.7766,-1.7658,11,0
ryskin2021,333,9,cabaret,12.9943,13.2616,-0.2674,11,0
ryskin2021,333,10,.,2.6686,2.3026,0.3660,11,0
ryskin2021,333,11,<eos>,5.6456,2.3026,3.3430,11,0
ryskin2021,334,0,Old,11.0777,7.4840,3.5937,11,0
ryskin2021,334,1,car,10.3772,8.1736,2.2036,11,0
ryskin2021,334,2,engines,8.0295,10.7064,-2.6770,11,0
ryskin2021,334,3,mixed,9.2900,10.0382,-0.7482,11,0
ryskin2021,334,4,fuel,8.6640,9.8547,-1.1907,11,0
ryskin2021,334,5,and,2.6017,3.6613,-1.0596,11,0
ryskin2021,334,6,air,4.3898,8.3602,-3.9704,11,0
ryskin2021,334,7,in,6.0791,3.9846,2.0945,11,0
ryskin2021,334,8,a,2.0108,3.7766,-1.7658,11,0
ryskin2021,334,9,callus,15.0361,14.7597,0.2764,11,0
ryskin2021,334,10,.,2.0188,2.3026,-0.2838,11,0
ryskin2021,334,11,<eos>,5.4185,2.3026,3.1159,11,0
ryskin2021,335,0,Old,11.0779,7.4840,3.5939,11,0
ryskin2021,335,1,car,10.3773,8.1736,2.2037,11,0
ryskin2021,335,2,engines,8.0296,10.7064,-2.6768,11,0
ryskin2021,335,3,mixed,9.2900,10.0382,-0.7482,11,0
ryskin2021,335,4,fuel,8.6645,9.8547,-1.1902,11,0
ryskin2021,335,5,and,2.6013,3.6613,-1.0600,11,0
ryskin2021,335,6,air,4.3906,8.3602,-3.9696,11,0
ryskin2021,335,7,in,6.0788,3.9846,2.0942,11,0
ryskin2021,335,8,a,2.0109,3.7766,-1.7657,11,0
ryskin2021,335,9,carburetors,12.1050,15.5875,-3.4824,11,0
ryskin2021,335,10,.,3.8461,2.3026,1.5435,11,0
ryskin2021,335,11,<eos>,6.0555,2.3026,3.7529,11,0
ryskin2021,336,0,Edith,15.3777,12.5018,2.8759,12,0
ryskin2021,336,1,piaf,17.9958,15.6113,2.3846,12,0
ryskin2021,336,2,'s,3.2059,2.3026,0.9033,12,0
ryskin2021,336,3,extraordinary,8.3119,10.6844,-2.3725,12,0
ryskin2021,336,4,singing,8.8613,10.1545,-1.2932,12,0
ryskin2021,336,5,career,4.0403,9.0533,-5.0131,12,0
ryskin2021,336,6,was,2.4763,5.0192,-2.5429,12,0
ryskin2021,336,7,begun,7.6912,10.6844,-2.9932,12,0
ryskin2021,336,8,in,0.9919,3.9846,-2.9927,12,0
ryskin2021,336,9,a,3.9191,3.7766,0.1425,12,0
ryskin2021,336,10,cabaret,8.8834,13.2616,-4.3782,12,0
ryskin2021,336,11,.,4.3750,2.3026,2.0725,12,0
ryskin2021,336,12,<eos>,6.5109,2.3026,4.2083,12,0
ryskin2021,337,0,Edith,15.3777,12.5018,2.8759,12,0
ryskin2021,337,1,piaf,17.9958,15.6113,2.3846,12,0
ryskin2021,337,2,'s,3.2059,2.3026,0.9033,12,0
ryskin2021,337,3,extraordinary,8.3119,10.6844,-2.3725,12,0
ryskin2021,337,4,singing,8.8613,10.1545,-1.2932,12,0
ryskin2021,337,5,career,4.0403,9.0533,-5.0131,12,0
ryskin2021,337,6,was,2.4763,5.0192,-2.5429,12,0
ryskin2021,337,7,begun,7.6912,10.6844,-2.9932,12,0
ryskin2021,337,8,in,0.9919,3.9846,-2.9927,12,0
ryskin2021,337,9,a,3.9191,3.7766,0.1425,12,0
ryskin2021,337,10,carburetor,14.9008,14.2295,0.6713,12,0
ryskin2021,337,11,.,3.4797,2.3026,1.1771,12,0
ryskin2021,337,12,<eos>,5.7519,2.3026,3.4493,12,0
ryskin2021,338,0,Edith,15.3777,12.5018,2.8759,12,0
ryskin2021,338,1,piaf,17.9958,15.6113,2.3846,12,0
ryskin2021,338,2,'s,3.2059,2.3026,0.9033,12,0
ryskin2021,338,3,extraordinary,8.3119,10.6844,-2.3725,12,0
ryskin2021,338,4,singing,8.8613,10.1545,-1.2932,12,0
ryskin2021,338,5,career,4.0403,9.0533,-5.0131,12,0
ryskin2021,338,6,was,2.4763,5.0192,-2.5429,12,0
ryskin2021,338,7,begun,7.6912,10.6844,-2.9932,12,0
ryskin2021,338,8,in,0.9919,3.9846,-2.9927,12,0
ryskin2021,338,9,a,3.9191,3.7766,0.1425,12,0
ryskin2021,338,10,thermos,14.6185,14.6207,-0.0022,12,0
ryskin2021,338,11,.,4.1070,2.3026,1.8044,12,0
ryskin2021,338,12,<eos>,6.2009,2.3026,3.8983,12,0
ryskin2021,339,0,Edith,15.3777,12.5018,2.8759,12,0
ryskin2021,339,1,piaf,17.9958,15.6113,2.3846,12,0
ryskin2021,339,2,'s,3.2059,2.3026,0.9033,12,0
ryskin2021,339,3,extraordinary,8.3119,10.6844,-2.3725,12,0
ryskin2021,339,4,singing,8.8613,10.1545,-1.2932,12,0
ryskin2021,339,5,career,4.0403,9.0533,-5.0131,12,0
ryskin2021,339,6,was,2.4763,5.0192,-2.5429,12,0
ryskin2021,339,7,begun,7.6912,10.6844,-2.9932,12,0
ryskin2021,339,8,in,0.9919,3.9846,-2.9927,12,0
ryskin2021,339,9,a,3.9191,3.7766,0.1425,12,0
ryskin2021,339,10,cabarets,17.5258,15.9611,1.5647,12,0
ryskin2021,339,11,.,3.9472,2.3026,1.6446,12,0
ryskin2021,339,12,<eos>,6.4570,2.3026,4.1544,12,0
ryskin2021,340,0,On,6.5402,4.8122,1.7280,11,0
ryskin2021,340,1,the,1.3060,2.9243,-1.6183,11,0
ryskin2021,340,2,mountaintop,12.5045,14.4373,-1.9328,11,0
ryskin2021,340,3,we,5.1157,5.6636,-0.5479,11,0
ryskin2021,340,4,felt,9.5183,8.9102,0.6080,11,0
ryskin2021,340,5,dizzy,11.0852,12.8260,-1.7408,11,0
ryskin2021,340,6,because,4.7003,6.8401,-2.1398,11,0
ryskin2021,340,7,of,1.8095,3.6849,-1.8754,11,0
ryskin2021,340,8,this,3.4283,5.0192,-1.5908,11,0
ryskin2021,340,9,altitude,8.7433,11.6968,-2.9536,11,0
ryskin2021,340,10,.,2.5834,2.3026,0.2808,11,0
ryskin2021,340,11,<eos>,5.8224,2.3026,3.5199,11,0
ryskin2021,341,0,On,6.5402,4.8122,1.7280,11,0
ryskin2021,341,1,the,1.3060,2.9243,-1.6183,11,0
ryskin2021,341,2,mountaintop,12.5045,14.4373,-1.9328,11,0
ryskin2021,341,3,we,5.1157,5.6636,-0.5479,11,0
ryskin2021,341,4,felt,9.5183,8.9102,0.6080,11,0
ryskin2021,341,5,dizzy,11.0852,12.8260,-1.7408,11,0
ryskin2021,341,6,because,4.7003,6.8401,-2.1398,11,0
ryskin2021,341,7,of,1.8095,3.6849,-1.8754,11,0
ryskin2021,341,8,this,3.4283,5.0192,-1.5908,11,0
ryskin2021,341,9,attitude,8.0016,10.1779,-2.1764,11,0
ryskin2021,341,10,.,1.3958,2.3026,-0.9068,11,0
ryskin2021,341,11,<eos>,5.9956,2.3026,3.6930,11,0
ryskin2021,342,0,On,6.5402,4.8122,1.7280,11,0
ryskin2021,342,1,the,1.3060,2.9243,-1.6183,11,0
ryskin2021,342,2,mountaintop,12.5045,14.4373,-1.9328,11,0
ryskin2021,342,3,we,5.1157,5.6636,-0.5479,11,0
ryskin2021,342,4,felt,9.5183,8.9102,0.6080,11,0
ryskin2021,342,5,dizzy,11.0852,12.8260,-1.7408,11,0
ryskin2021,342,6,because,4.7003,6.8401,-2.1398,11,0
ryskin2021,342,7,of,1.8095,3.6849,-1.8754,11,0
ryskin2021,342,8,this,3.4283,5.0192,-1.5908,11,0
ryskin2021,342,9,conscience,14.0105,11.6050,2.4054,11,0
ryskin2021,342,10,.,1.3183,2.3026,-0.9843,11,0
ryskin2021,342,11,<eos>,5.7005,2.3026,3.3979,11,0
ryskin2021,343,0,On,6.5415,4.8122,1.7293,11,0
ryskin2021,343,1,the,1.3061,2.9243,-1.6183,11,0
ryskin2021,343,2,mountaintop,12.5042,14.4373,-1.9330,11,0
ryskin2021,343,3,we,5.1158,5.6636,-0.5478,11,0
ryskin2021,343,4,felt,9.5182,8.9102,0.6080,11,0
ryskin2021,343,5,dizzy,11.0846,12.8260,-1.7414,11,0
ryskin2021,343,6,because,4.7002,6.8401,-2.1399,11,0
ryskin2021,343,7,of,1.8093,3.6849,-1.8756,11,0
ryskin2021,343,8,this,3.4284,5.0192,-1.5907,11,0
ryskin2021,343,9,altitudes,14.8480,13.4439,1.4040,11,0
ryskin2021,343,10,.,1.8116,2.3026,-0.4910,11,0
ryskin2021,343,11,<eos>,5.7160,2.3026,3.4134,11,0
ryskin2021,344,0,The,3.9742,2.9243,1.0498,11,0
ryskin2021,344,1,coach,11.6329,9.3025,2.3305,11,0
ryskin2021,344,2,scolded,12.8039,13.9076,-1.1037,11,0
ryskin2021,344,3,the,1.8254,2.9243,-1.0990,11,0
ryskin2021,344,4,player,4.5094,8.7721,-4.2627,11,0
ryskin2021,344,5,for,1.1071,4.5854,-3.4783,11,0
ryskin2021,344,6,having,3.1761,7.8519,-4.6758,11,0
ryskin2021,344,7,a,2.1811,3.7766,-1.5955,11,0
ryskin2021,344,8,bad,3.9606,7.9895,-4.0289,11,0
ryskin2021,344,9,attitude,3.6157,10.1779,-6.5622,11,0
ryskin2021,344,10,.,1.5506,2.3026,-0.7520,11,0
ryskin2021,344,11,<eos>,5.2773,2.3026,2.9747,11,0
ryskin2021,345,0,The,3.9742,2.9243,1.0498,11,0
ryskin2021,345,1,coach,11.6329,9.3025,2.3305,11,0
ryskin2021,345,2,scolded,12.8039,13.9076,-1.1037,11,0
ryskin2021,345,3,the,1.8254,2.9243,-1.0990,11,0
ryskin2021,345,4,player,4.5094,8.7721,-4.2627,11,0
ryskin2021,345,5,for,1.1071,4.5854,-3.4783,11,0
ryskin2021,345,6,having,3.1761,7.8519,-4.6758,11,0
ryskin2021,345,7,a,2.1811,3.7766,-1.5955,11,0
ryskin2021,345,8,bad,3.9606,7.9895,-4.0289,11,0
ryskin2021,345,9,altitude,14.2109,11.6968,2.5141,11,0
ryskin2021,345,10,.,1.7913,2.3026,-0.5113,11,0
ryskin2021,345,11,<eos>,5.3770,2.3026,3.0744,11,0
ryskin2021,346,0,The,3.9742,2.9243,1.0498,11,0
ryskin2021,346,1,coach,11.6329,9.3025,2.3305,11,0
ryskin2021,346,2,scolded,12.8039,13.9076,-1.1037,11,0
ryskin2021,346,3,the,1.8254,2.9243,-1.0990,11,0
ryskin2021,346,4,player,4.5094,8.7721,-4.2627,11,0
ryskin2021,346,5,for,1.1071,4.5854,-3.4783,11,0
ryskin2021,346,6,having,3.1761,7.8519,-4.6758,11,0
ryskin2021,346,7,a,2.1811,3.7766,-1.5955,11,0
ryskin2021,346,8,bad,3.9606,7.9895,-4.0289,11,0
ryskin2021,346,9,shutter,13.7391,12.7103,1.0289,11,0
ryskin2021,346,10,.,2.8097,2.3026,0.5071,11,0
ryskin2021,346,11,<eos>,5.1315,2.3026,2.8289,11,0
ryskin2021,347,0,The,3.9742,2.9243,1.0498,11,0
ryskin2021,347,1,coach,11.6329,9.3025,2.3305,11,0
ryskin2021,347,2,scolded,12.8039,13.9076,-1.1037,11,0
ryskin2021,347,3,the,1.8254,2.9243,-1.0990,11,0
ryskin2021,347,4,player,4.5094,8.7721,-4.2627,11,0
ryskin2021,347,5,for,1.1071,4.5854,-3.4783,11,0
ryskin2021,347,6,having,3.1761,7.8519,-4.6758,11,0
ryskin2021,347,7,a,2.1811,3.7766,-1.5955,11,0
ryskin2021,347,8,bad,3.9606,7.9895,-4.0289,11,0
ryskin2021,347,9,attitudes,11.2273,11.4931,-0.2658,11,0
ryskin2021,347,10,.,2.7096,2.3026,0.4070,11,0
ryskin2021,347,11,<eos>,5.3744,2.3026,3.0719,11,0
ryskin2021,348,0,The,3.9742,2.9243,1.0498,11,0
ryskin2021,348,1,college,9.3762,8.5898,0.7865,11,0
ryskin2021,348,2,sent,8.8097,8.8388,-0.0290,11,0
ryskin2021,348,3,out,2.9630,6.0323,-3.0693,11,0
ryskin2021,348,4,a,0.9354,3.7766,-2.8412,11,0
ryskin2021,348,5,newsletter,6.7470,12.0663,-5.3193,11,0
ryskin2021,348,6,to,1.5416,3.6156,-2.0740,11,0
ryskin2021,348,7,all,2.9605,5.7108,-2.7503,11,0
ryskin2021,348,8,its,4.5440,6.5857,-2.0417,11,0
ryskin2021,348,9,alumni,5.0148,11.7665,-6.7517,11,0
ryskin2021,348,10,.,2.3227,2.3026,0.0201,11,0
ryskin2021,348,11,<eos>,6.3728,2.3026,4.0702,11,0
ryskin2021,349,0,The,3.9742,2.9243,1.0498,11,0
ryskin2021,349,1,college,9.3762,8.5898,0.7865,11,0
ryskin2021,349,2,sent,8.8097,8.8388,-0.0290,11,0
ryskin2021,349,3,out,2.9630,6.0323,-3.0693,11,0
ryskin2021,349,4,a,0.9354,3.7766,-2.8412,11,0
ryskin2021,349,5,newsletter,6.7470,12.0663,-5.3193,11,0
ryskin2021,349,6,to,1.5416,3.6156,-2.0740,11,0
ryskin2021,349,7,all,2.9605,5.7108,-2.7503,11,0
ryskin2021,349,8,its,4.5440,6.5857,-2.0417,11,0
ryskin2021,349,9,aluminum,13.5283,11.4931,2.0352,11,0
ryskin2021,349,10,.,5.3722,2.3026,3.0696,11,0
ryskin2021,349,11,<eos>,6.5631,2.3026,4.2605,11,0
ryskin2021,350,0,The,3.9742,2.9243,1.0498,11,0
ryskin2021,350,1,college,9.3762,8.5898,0.7865,11,0
ryskin2021,350,2,sent,8.8097,8.8388,-0.0290,11,0
ryskin2021,350,3,out,2.9630,6.0323,-3.0693,11,0
ryskin2021,350,4,a,0.9354,3.7766,-2.8412,11,0
ryskin2021,350,5,newsletter,6.7470,12.0663,-5.3193,11,0
ryskin2021,350,6,to,1.5416,3.6156,-2.0740,11,0
ryskin2021,350,7,all,2.9605,5.7108,-2.7503,11,0
ryskin2021,350,8,its,4.5440,6.5857,-2.0417,11,0
ryskin2021,350,9,dynamite,15.4760,12.4571,3.0189,11,0
ryskin2021,350,10,.,3.4865,2.3026,1.1839,11,0
ryskin2021,350,11,<eos>,6.5360,2.3026,4.2334,11,0
ryskin2021,351,0,The,3.9738,2.9243,1.0495,11,0
ryskin2021,351,1,college,9.3764,8.5898,0.7867,11,0
ryskin2021,351,2,sent,8.8085,8.8388,-0.0303,11,0
ryskin2021,351,3,out,2.9629,6.0323,-3.0694,11,0
ryskin2021,351,4,a,0.9353,3.7766,-2.8414,11,0
ryskin2021,351,5,newsletter,6.7468,12.0663,-5.3195,11,0
ryskin2021,351,6,to,1.5416,3.6156,-2.0740,11,0
ryskin2021,351,7,all,2.9603,5.7108,-2.7506,11,0
ryskin2021,351,8,its,4.5438,6.5857,-2.0419,11,0
ryskin2021,351,9,alumnus,13.5628,14.0225,-0.4598,11,0
ryskin2021,351,10,.,2.2924,2.3026,-0.0102,11,0
ryskin2021,351,11,<eos>,6.0077,2.3026,3.7051,11,0
ryskin2021,352,0,Soda,16.0292,11.4176,4.6115,11,0
ryskin2021,352,1,cans,10.3651,11.9734,-1.6083,11,0
ryskin2021,352,2,and,3.1383,3.6613,-0.5230,11,0
ryskin2021,352,3,tin,8.0911,11.4453,-3.3541,11,0
ryskin2021,352,4,foil,4.3578,12.0663,-7.7085,11,0
ryskin2021,352,5,are,2.7367,5.2030,-2.4664,11,0
ryskin2021,352,6,both,5.1232,7.3906,-2.2675,11,0
ryskin2021,352,7,made,4.8741,7.0917,-2.2175,11,0
ryskin2021,352,8,of,2.5570,3.6849,-1.1279,11,0
ryskin2021,352,9,aluminum,2.7272,11.4931,-8.7660,11,0
ryskin2021,352,10,.,1.9930,2.3026,-0.3096,11,0
ryskin2021,352,11,<eos>,4.6716,2.3026,2.3690,11,0
ryskin2021,353,0,Soda,16.0292,11.4176,4.6115,11,0
ryskin2021,353,1,cans,10.3651,11.9734,-1.6083,11,0
ryskin2021,353,2,and,3.1383,3.6613,-0.5230,11,0
ryskin2021,353,3,tin,8.0911,11.4453,-3.3541,11,0
ryskin2021,353,4,foil,4.3578,12.0663,-7.7085,11,0
ryskin2021,353,5,are,2.7367,5.2030,-2.4664,11,0
ryskin2021,353,6,both,5.1232,7.3906,-2.2675,11,0
ryskin2021,353,7,made,4.8741,7.0917,-2.2175,11,0
ryskin2021,353,8,of,2.5570,3.6849,-1.1279,11,0
ryskin2021,353,9,alumni,13.9183,11.7665,2.1518,11,0
ryskin2021,353,10,.,2.5586,2.3026,0.2560,11,0
ryskin2021,353,11,<eos>,4.8650,2.3026,2.5624,11,0
ryskin2021,354,0,Soda,16.0292,11.4176,4.6116,11,0
ryskin2021,354,1,cans,10.3646,11.9734,-1.6087,11,0
ryskin2021,354,2,and,3.1385,3.6613,-0.5227,11,0
ryskin2021,354,3,tin,8.0917,11.4453,-3.3536,11,0
ryskin2021,354,4,foil,4.3582,12.0663,-7.7081,11,0
ryskin2021,354,5,are,2.7379,5.2030,-2.4651,11,0
ryskin2021,354,6,both,5.1231,7.3906,-2.2675,11,0
ryskin2021,354,7,made,4.8746,7.0917,-2.2171,11,0
ryskin2021,354,8,of,2.5568,3.6849,-1.1281,11,0
ryskin2021,354,9,exertion,15.0887,14.0462,1.0425,11,0
ryskin2021,354,10,.,3.7801,2.3026,1.4775,11,0
ryskin2021,354,11,<eos>,4.4648,2.3026,2.1622,11,0
ryskin2021,355,0,Soda,16.0292,11.4176,4.6116,11,0
ryskin2021,355,1,cans,10.3646,11.9734,-1.6087,11,0
ryskin2021,355,2,and,3.1385,3.6613,-0.5227,11,0
ryskin2021,355,3,tin,8.0917,11.4453,-3.3536,11,0
ryskin2021,355,4,foil,4.3582,12.0663,-7.7081,11,0
ryskin2021,355,5,are,2.7379,5.2030,-2.4651,11,0
ryskin2021,355,6,both,5.1231,7.3906,-2.2675,11,0
ryskin2021,355,7,made,4.8746,7.0917,-2.2171,11,0
ryskin2021,355,8,of,2.5568,3.6849,-1.1281,11,0
ryskin2021,355,9,aluminums,15.3795,18.4207,-3.0412,11,0
ryskin2021,355,10,.,1.8886,2.3026,-0.4140,11,0
ryskin2021,355,11,<eos>,4.9462,2.3026,2.6436,11,0
ryskin2021,356,0,The,3.9738,2.9243,1.0495,13,0
ryskin2021,356,1,princess,12.3712,10.2921,2.0791,13,0
ryskin2021,356,2,arrived,8.2481,9.6932,-1.4452,13,0
ryskin2021,356,3,at,1.8056,5.2963,-3.4907,13,0
ryskin2021,356,4,the,0.9688,2.9243,-1.9555,13,0
ryskin2021,356,5,ball,7.7921,9.1150,-1.3229,13,0
ryskin2021,356,6,in,3.1996,3.9846,-0.7850,13,0
ryskin2021,356,7,a,2.4499,3.7766,-1.3268,13,0
ryskin2021,356,8,horse,8.6646,9.7637,-1.0991,13,0
ryskin2021,356,9,-,2.1192,2.3026,-0.1834,13,0
ryskin2021,356,10,drawn,14.3188,10.2921,4.0267,13,0
ryskin2021,356,11,carriage,4.0257,11.8582,-7.8326,13,0
ryskin2021,356,12,.,2.4756,2.3026,0.1730,13,0
ryskin2021,356,13,<eos>,6.1016,2.3026,3.7990,13,0
ryskin2021,357,0,The,3.9738,2.9243,1.0495,13,0
ryskin2021,357,1,princess,12.3712,10.2921,2.0791,13,0
ryskin2021,357,2,arrived,8.2481,9.6932,-1.4452,13,0
ryskin2021,357,3,at,1.8056,5.2963,-3.4907,13,0
ryskin2021,357,4,the,0.9688,2.9243,-1.9555,13,0
ryskin2021,357,5,ball,7.7921,9.1150,-1.3229,13,0
ryskin2021,357,6,in,3.1996,3.9846,-0.7850,13,0
ryskin2021,357,7,a,2.4499,3.7766,-1.3268,13,0
ryskin2021,357,8,horse,8.6646,9.7637,-1.0991,13,0
ryskin2021,357,9,-,2.1192,2.3026,-0.1834,13,0
ryskin2021,357,10,drawn,14.3188,10.2921,4.0267,13,0
ryskin2021,357,11,cartridge,9.2771,12.5018,-3.2247,13,0
ryskin2021,357,12,.,2.2175,2.3026,-0.0850,13,0
ryskin2021,357,13,<eos>,5.8206,2.3026,3.5180,13,0
ryskin2021,358,0,The,3.9738,2.9243,1.0495,13,0
ryskin2021,358,1,princess,12.3712,10.2921,2.0791,13,0
ryskin2021,358,2,arrived,8.2481,9.6932,-1.4452,13,0
ryskin2021,358,3,at,1.8056,5.2963,-3.4907,13,0
ryskin2021,358,4,the,0.9688,2.9243,-1.9555,13,0
ryskin2021,358,5,ball,7.7921,9.1150,-1.3229,13,0
ryskin2021,358,6,in,3.1996,3.9846,-0.7850,13,0
ryskin2021,358,7,a,2.4499,3.7766,-1.3268,13,0
ryskin2021,358,8,horse,8.6646,9.7637,-1.0991,13,0
ryskin2021,358,9,-,2.1192,2.3026,-0.1834,13,0
ryskin2021,358,10,drawn,14.3188,10.2921,4.0267,13,0
ryskin2021,358,11,thermal,11.5735,11.4176,0.1559,13,0
ryskin2021,358,12,.,5.9266,2.3026,3.6241,13,0
ryskin2021,358,13,<eos>,5.6926,2.3026,3.3900,13,0
ryskin2021,359,0,The,3.9734,2.9243,1.0490,13,0
ryskin2021,359,1,princess,12.3708,10.2921,2.0787,13,0
ryskin2021,359,2,arrived,8.2479,9.6932,-1.4454,13,0
ryskin2021,359,3,at,1.8054,5.2963,-3.4909,13,0
ryskin2021,359,4,the,0.9688,2.9243,-1.9555,13,0
ryskin2021,359,5,ball,7.7921,9.1150,-1.3229,13,0
ryskin2021,359,6,in,3.1992,3.9846,-0.7854,13,0
ryskin2021,359,7,a,2.4495,3.7766,-1.3271,13,0
ryskin2021,359,8,horse,8.6647,9.7637,-1.0990,13,0
ryskin2021,359,9,-,2.1193,2.3026,-0.1833,13,0
ryskin2021,359,10,drawn,14.3187,10.2921,4.0266,13,0
ryskin2021,359,11,carriages,12.0772,12.9654,-0.8882,13,0
ryskin2021,359,12,.,2.2170,2.3026,-0.0855,13,0
ryskin2021,359,13,<eos>,6.3516,2.3026,4.0490,13,0
ryskin2021,360,0,The,3.9742,2.9243,1.0498,11,0
ryskin2021,360,1,printer,10.4661,11.6743,-1.2082,11,0
ryskin2021,360,2,needed,8.7675,8.7982,-0.0307,11,0
ryskin2021,360,3,more,5.2797,6.0792,-0.7995,11,0
ryskin2021,360,4,paper,5.3321,9.0533,-3.7213,11,0
ryskin2021,360,5,and,2.2511,3.6613,-1.4101,11,0
ryskin2021,360,6,a,3.5288,3.7766,-0.2478,11,0
ryskin2021,360,7,new,3.2784,6.3311,-3.0528,11,0
ryskin2021,360,8,ink,4.0923,11.3559,-7.2637,11,0
ryskin2021,360,9,cartridge,1.6971,12.5018,-10.8047,11,0
ryskin2021,360,10,.,1.9018,2.3026,-0.4008,11,0
ryskin2021,360,11,<eos>,4.3413,2.3026,2.0387,11,0
ryskin2021,361,0,The,3.9742,2.9243,1.0498,11,0
ryskin2021,361,1,printer,10.4661,11.6743,-1.2082,11,0
ryskin2021,361,2,needed,8.7675,8.7982,-0.0307,11,0
ryskin2021,361,3,more,5.2797,6.0792,-0.7995,11,0
ryskin2021,361,4,paper,5.3321,9.0533,-3.7213,11,0
ryskin2021,361,5,and,2.2511,3.6613,-1.4101,11,0
ryskin2021,361,6,a,3.5288,3.7766,-0.2478,11,0
ryskin2021,361,7,new,3.2784,6.3311,-3.0528,11,0
ryskin2021,361,8,ink,4.0923,11.3559,-7.2637,11,0
ryskin2021,361,9,carriage,8.8152,11.8582,-3.0431,11,0
ryskin2021,361,10,.,2.0200,2.3026,-0.2826,11,0
ryskin2021,361,11,<eos>,4.5229,2.3026,2.2203,11,0
ryskin2021,362,0,The,3.9742,2.9243,1.0498,11,0
ryskin2021,362,1,printer,10.4661,11.6743,-1.2082,11,0
ryskin2021,362,2,needed,8.7675,8.7982,-0.0307,11,0
ryskin2021,362,3,more,5.2797,6.0792,-0.7995,11,0
ryskin2021,362,4,paper,5.3321,9.0533,-3.7213,11,0
ryskin2021,362,5,and,2.2511,3.6613,-1.4101,11,0
ryskin2021,362,6,a,3.5288,3.7766,-0.2478,11,0
ryskin2021,362,7,new,3.2784,6.3311,-3.0528,11,0
ryskin2021,362,8,ink,4.0923,11.3559,-7.2637,11,0
ryskin2021,362,9,veteran,17.8498,11.0305,6.8193,11,0
ryskin2021,362,10,.,1.8781,2.3026,-0.4245,11,0
ryskin2021,362,11,<eos>,4.8979,2.3026,2.5954,11,0
ryskin2021,363,0,The,3.9742,2.9243,1.0498,11,0
ryskin2021,363,1,printer,10.4661,11.6743,-1.2082,11,0
ryskin2021,363,2,needed,8.7675,8.7982,-0.0307,11,0
ryskin2021,363,3,more,5.2797,6.0792,-0.7995,11,0
ryskin2021,363,4,paper,5.3321,9.0533,-3.7213,11,0
ryskin2021,363,5,and,2.2511,3.6613,-1.4101,11,0
ryskin2021,363,6,a,3.5288,3.7766,-0.2478,11,0
ryskin2021,363,7,new,3.2784,6.3311,-3.0528,11,0
ryskin2021,363,8,ink,4.0923,11.3559,-7.2637,11,0
ryskin2021,363,9,cartridges,6.8165,12.8716,-6.0551,11,0
ryskin2021,363,10,.,1.6380,2.3026,-0.6646,11,0
ryskin2021,363,11,<eos>,4.2916,2.3026,1.9890,11,0
ryskin2021,364,0,Marie,13.8852,11.0747,2.8105,11,0
ryskin2021,364,1,curie,15.1363,14.0913,1.0451,11,0
ryskin2021,364,2,died,8.3490,8.7529,-0.4039,11,0
ryskin2021,364,3,of,2.5517,3.6849,-1.1332,11,0
ryskin2021,364,4,exposure,8.2862,10.5013,-2.2151,11,0
ryskin2021,364,5,to,0.2111,3.6156,-3.4046,11,0
ryskin2021,364,6,radiation,4.7770,10.8923,-6.1153,11,0
ryskin2021,364,7,from,2.4010,5.4561,-3.0551,11,0
ryskin2021,364,8,this,6.1057,5.0192,1.0866,11,0
ryskin2021,364,9,radium,11.2629,14.2760,-3.0130,11,0
ryskin2021,364,10,.,3.5731,2.3026,1.2705,11,0
ryskin2021,364,11,<eos>,5.2211,2.3026,2.9185,11,0
ryskin2021,365,0,Marie,13.8854,11.0747,2.8107,11,0
ryskin2021,365,1,curie,15.1355,14.0913,1.0442,11,0
ryskin2021,365,2,died,8.3487,8.7529,-0.4043,11,0
ryskin2021,365,3,of,2.5517,3.6849,-1.1331,11,0
ryskin2021,365,4,exposure,8.2861,10.5013,-2.2153,11,0
ryskin2021,365,5,to,0.2112,3.6156,-3.4045,11,0
ryskin2021,365,6,radiation,4.7780,10.8923,-6.1143,11,0
ryskin2021,365,7,from,2.4013,5.4561,-3.0549,11,0
ryskin2021,365,8,this,6.1059,5.0192,1.0867,11,0
ryskin2021,365,9,radius,9.0898,11.8359,-2.7461,11,0
ryskin2021,365,10,.,2.5779,2.3026,0.2753,11,0
ryskin2021,365,11,<eos>,5.0595,2.3026,2.7569,11,0
ryskin2021,366,0,Marie,13.8833,11.0747,2.8086,11,0
ryskin2021,366,1,curie,15.1359,14.0913,1.0446,11,0
ryskin2021,366,2,died,8.3492,8.7529,-0.4037,11,0
ryskin2021,366,3,of,2.5519,3.6849,-1.1330,11,0
ryskin2021,366,4,exposure,8.2862,10.5013,-2.2152,11,0
ryskin2021,366,5,to,0.2110,3.6156,-3.4046,11,0
ryskin2021,366,6,radiation,4.7779,10.8923,-6.1144,11,0
ryskin2021,366,7,from,2.4005,5.4561,-3.0557,11,0
ryskin2021,366,8,this,6.1056,5.0192,1.0865,11,0
ryskin2021,366,9,veterinarian,12.8405,13.3773,-0.5367,11,0
ryskin2021,366,10,.,1.5636,2.3026,-0.7390,11,0
ryskin2021,366,11,<eos>,5.3497,2.3026,3.0471,11,0
ryskin2021,367,0,Marie,13.8833,11.0747,2.8086,11,0
ryskin2021,367,1,curie,15.1359,14.0913,1.0446,11,0
ryskin2021,367,2,died,8.3492,8.7529,-0.4037,11,0
ryskin2021,367,3,of,2.5519,3.6849,-1.1330,11,0
ryskin2021,367,4,exposure,8.2862,10.5013,-2.2152,11,0
ryskin2021,367,5,to,0.2110,3.6156,-3.4046,11,0
ryskin2021,367,6,radiation,4.7779,10.8923,-6.1144,11,0
ryskin2021,367,7,from,2.4005,5.4561,-3.0557,11,0
ryskin2021,367,8,this,6.1056,5.0192,1.0865,11,0
ryskin2021,367,9,radiums,21.2990,18.4207,2.8783,11,0
ryskin2021,367,10,.,2.9528,2.3026,0.6502,11,0
ryskin2021,367,11,<eos>,5.1220,2.3026,2.8194,11,0
ryskin2021,368,0,No,5.8029,6.1013,-0.2984,11,0
ryskin2021,368,1,light,10.2923,8.4495,1.8428,11,0
ryskin2021,368,2,escapes,7.3725,12.5263,-5.1538,11,0
ryskin2021,368,3,the,1.7300,2.9243,-1.1944,11,0
ryskin2021,368,4,black,6.7618,8.1526,-1.3907,11,0
ryskin2021,368,5,hole,2.6244,9.9934,-7.3690,11,0
ryskin2021,368,6,once,8.5637,7.9895,0.5742,11,0
ryskin2021,368,7,within,9.0368,8.1987,0.8380,11,0
ryskin2021,368,8,this,4.8348,5.0192,-0.1844,11,0
ryskin2021,368,9,radius,5.8777,11.8359,-5.9582,11,0
ryskin2021,368,10,.,1.2431,2.3026,-1.0595,11,0
ryskin2021,368,11,<eos>,4.9570,2.3026,2.6545,11,0
ryskin2021,369,0,No,5.8029,6.1013,-0.2984,11,0
ryskin2021,369,1,light,10.2923,8.4495,1.8428,11,0
ryskin2021,369,2,escapes,7.3725,12.5263,-5.1538,11,0
ryskin2021,369,3,the,1.7300,2.9243,-1.1944,11,0
ryskin2021,369,4,black,6.7618,8.1526,-1.3907,11,0
ryskin2021,369,5,hole,2.6244,9.9934,-7.3690,11,0
ryskin2021,369,6,once,8.5637,7.9895,0.5742,11,0
ryskin2021,369,7,within,9.0368,8.1987,0.8380,11,0
ryskin2021,369,8,this,4.8348,5.0192,-0.1844,11,0
ryskin2021,369,9,radium,13.5946,14.2760,-0.6813,11,0
ryskin2021,369,10,.,3.4489,2.3026,1.1463,11,0
ryskin2021,369,11,<eos>,4.9459,2.3026,2.6433,11,0
ryskin2021,370,0,No,5.8029,6.1013,-0.2984,11,0
ryskin2021,370,1,light,10.2923,8.4495,1.8428,11,0
ryskin2021,370,2,escapes,7.3725,12.5263,-5.1538,11,0
ryskin2021,370,3,the,1.7300,2.9243,-1.1944,11,0
ryskin2021,370,4,black,6.7618,8.1526,-1.3907,11,0
ryskin2021,370,5,hole,2.6244,9.9934,-7.3690,11,0
ryskin2021,370,6,once,8.5637,7.9895,0.5742,11,0
ryskin2021,370,7,within,9.0368,8.1987,0.8380,11,0
ryskin2021,370,8,this,4.8348,5.0192,-0.1844,11,0
ryskin2021,370,9,cabaret,13.0537,13.2616,-0.2079,11,0
ryskin2021,370,10,.,1.2500,2.3026,-1.0526,11,0
ryskin2021,370,11,<eos>,5.4375,2.3026,3.1350,11,0
ryskin2021,371,0,No,5.8029,6.1013,-0.2984,11,0
ryskin2021,371,1,light,10.2923,8.4495,1.8428,11,0
ryskin2021,371,2,escapes,7.3725,12.5263,-5.1538,11,0
ryskin2021,371,3,the,1.7300,2.9243,-1.1944,11,0
ryskin2021,371,4,black,6.7618,8.1526,-1.3907,11,0
ryskin2021,371,5,hole,2.6244,9.9934,-7.3690,11,0
ryskin2021,371,6,once,8.5637,7.9895,0.5742,11,0
ryskin2021,371,7,within,9.0368,8.1987,0.8380,11,0
ryskin2021,371,8,this,4.8348,5.0192,-0.1844,11,0
ryskin2021,371,9,radii,13.5868,14.8511,-1.2643,11,0
ryskin2021,371,10,.,1.6121,2.3026,-0.6905,11,0
ryskin2021,371,11,<eos>,5.0895,2.3026,2.7869,11,0
ryskin2021,372,0,The,3.9738,2.9243,1.0495,11,0
ryskin2021,372,1,united,10.6751,8.1285,2.5466,11,0
ryskin2021,372,2,states,1.5374,8.0134,-6.4760,11,0
ryskin2021,372,3,has,2.7775,6.0576,-3.2801,11,0
ryskin2021,372,4,a,2.0963,3.7766,-1.6803,11,0
ryskin2021,372,5,large,4.3772,8.3143,-3.9371,11,0
ryskin2021,372,6,stockpile,9.1209,13.5379,-4.4170,11,0
ryskin2021,372,7,of,0.1367,3.6849,-3.5482,11,0
ryskin2021,372,8,nuclear,5.4503,9.8321,-4.3818,11,0
ryskin2021,372,9,armaments,13.7694,13.9309,-0.1615,11,0
ryskin2021,372,10,.,1.7384,2.3026,-0.5641,11,0
ryskin2021,372,11,<eos>,6.8708,2.3026,4.5682,11,0
ryskin2021,373,0,The,3.9738,2.9243,1.0495,11,0
ryskin2021,373,1,united,10.6751,8.1285,2.5466,11,0
ryskin2021,373,2,states,1.5374,8.0134,-6.4760,11,0
ryskin2021,373,3,has,2.7775,6.0576,-3.2801,11,0
ryskin2021,373,4,a,2.0963,3.7766,-1.6803,11,0
ryskin2021,373,5,large,4.3772,8.3143,-3.9371,11,0
ryskin2021,373,6,stockpile,9.1209,13.5379,-4.4170,11,0
ryskin2021,373,7,of,0.1367,3.6849,-3.5482,11,0
ryskin2021,373,8,nuclear,5.4503,9.8321,-4.3818,11,0
ryskin2021,373,9,ornaments,16.5289,12.9194,3.6094,11,0
ryskin2021,373,10,.,1.8887,2.3026,-0.4139,11,0
ryskin2021,373,11,<eos>,6.5389,2.3026,4.2363,11,0
ryskin2021,374,0,The,3.9738,2.9243,1.0495,11,0
ryskin2021,374,1,united,10.6751,8.1285,2.5466,11,0
ryskin2021,374,2,states,1.5374,8.0134,-6.4760,11,0
ryskin2021,374,3,has,2.7775,6.0576,-3.2801,11,0
ryskin2021,374,4,a,2.0963,3.7766,-1.6803,11,0
ryskin2021,374,5,large,4.3772,8.3143,-3.9371,11,0
ryskin2021,374,6,stockpile,9.1209,13.5379,-4.4170,11,0
ryskin2021,374,7,of,0.1367,3.6849,-3.5482,11,0
ryskin2021,374,8,nuclear,5.4503,9.8321,-4.3818,11,0
ryskin2021,374,9,adoration,16.5876,13.5609,3.0267,11,0
ryskin2021,374,10,.,3.5507,2.3026,1.2481,11,0
ryskin2021,374,11,<eos>,6.3178,2.3026,4.0152,11,0
ryskin2021,375,0,The,3.9738,2.9243,1.0495,11,0
ryskin2021,375,1,united,10.6751,8.1285,2.5466,11,0
ryskin2021,375,2,states,1.5374,8.0134,-6.4760,11,0
ryskin2021,375,3,has,2.7775,6.0576,-3.2801,11,0
ryskin2021,375,4,a,2.0963,3.7766,-1.6803,11,0
ryskin2021,375,5,large,4.3772,8.3143,-3.9371,11,0
ryskin2021,375,6,stockpile,9.1209,13.5379,-4.4170,11,0
ryskin2021,375,7,of,0.1367,3.6849,-3.5482,11,0
ryskin2021,375,8,nuclear,5.4503,9.8321,-4.3818,11,0
ryskin2021,375,9,armament,12.9290,13.7202,-0.7912,11,0
ryskin2021,375,10,.,1.7137,2.3026,-0.5889,11,0
ryskin2021,375,11,<eos>,6.7387,2.3026,4.4361,11,0
ryskin2021,376,0,The,3.9738,2.9243,1.0495,11,0
ryskin2021,376,1,christmas,15.2517,9.4174,5.8343,11,0
ryskin2021,376,2,tree,3.3367,9.5557,-6.2190,11,0
ryskin2021,376,3,was,2.6467,5.0192,-2.3725,11,0
ryskin2021,376,4,decorated,6.0504,11.6510,-5.6006,11,0
ryskin2021,376,5,with,0.4051,4.9505,-4.5454,11,0
ryskin2021,376,6,many,5.5383,7.1148,-1.5765,11,0
ryskin2021,376,7,shining,9.3964,11.5590,-2.1625,11,0
ryskin2021,376,8,glass,8.5817,9.5557,-0.9740,11,0
ryskin2021,376,9,ornaments,6.5745,12.9194,-6.3449,11,0
ryskin2021,376,10,.,1.3117,2.3026,-0.9908,11,0
ryskin2021,376,11,<eos>,5.3038,2.3026,3.0012,11,0
ryskin2021,377,0,The,3.9738,2.9243,1.0495,11,0
ryskin2021,377,1,christmas,15.2517,9.4174,5.8343,11,0
ryskin2021,377,2,tree,3.3367,9.5557,-6.2190,11,0
ryskin2021,377,3,was,2.6467,5.0192,-2.3725,11,0
ryskin2021,377,4,decorated,6.0504,11.6510,-5.6006,11,0
ryskin2021,377,5,with,0.4051,4.9505,-4.5454,11,0
ryskin2021,377,6,many,5.5383,7.1148,-1.5765,11,0
ryskin2021,377,7,shining,9.3964,11.5590,-2.1625,11,0
ryskin2021,377,8,glass,8.5817,9.5557,-0.9740,11,0
ryskin2021,377,9,armaments,12.1988,13.9309,-1.7321,11,0
ryskin2021,377,10,.,1.3365,2.3026,-0.9660,11,0
ryskin2021,377,11,<eos>,5.0962,2.3026,2.7936,11,0
ryskin2021,378,0,The,3.9742,2.9243,1.0498,11,0
ryskin2021,378,1,christmas,15.2505,9.4174,5.8331,11,0
ryskin2021,378,2,tree,3.3365,9.5557,-6.2192,11,0
ryskin2021,378,3,was,2.6467,5.0192,-2.3724,11,0
ryskin2021,378,4,decorated,6.0506,11.6510,-5.6004,11,0
ryskin2021,378,5,with,0.4049,4.9505,-4.5456,11,0
ryskin2021,378,6,many,5.5387,7.1148,-1.5761,11,0
ryskin2021,378,7,shining,9.3965,11.5590,-2.1625,11,0
ryskin2021,378,8,glass,8.5816,9.5557,-0.9740,11,0
ryskin2021,378,9,infantry,13.7017,11.6050,2.0966,11,0
ryskin2021,378,10,.,3.5348,2.3026,1.2322,11,0
ryskin2021,378,11,<eos>,5.2292,2.3026,2.9267,11,0
ryskin2021,379,0,The,3.9742,2.9243,1.0498,11,0
ryskin2021,379,1,christmas,15.2505,9.4174,5.8331,11,0
ryskin2021,379,2,tree,3.3365,9.5557,-6.2192,11,0
ryskin2021,379,3,was,2.6467,5.0192,-2.3724,11,0
ryskin2021,379,4,decorated,6.0506,11.6510,-5.6004,11,0
ryskin2021,379,5,with,0.4049,4.9505,-4.5456,11,0
ryskin2021,379,6,many,5.5387,7.1148,-1.5761,11,0
ryskin2021,379,7,shining,9.3965,11.5590,-2.1625,11,0
ryskin2021,379,8,glass,8.5816,9.5557,-0.9740,11,0
ryskin2021,379,9,ornament,6.7025,13.0783,-6.3758,11,0
ryskin2021,379,10,.,2.6861,2.3026,0.3835,11,0
ryskin2021,379,11,<eos>,4.7843,2.3026,2.4817,11,0
ryskin2021,380,0,Blackmail,16.7905,12.8039,3.9866,11,0
ryskin2021,380,1,is,1.8639,4.4482,-2.5843,11,0
ryskin2021,380,2,just,6.0500,5.9182,0.1317,11,0
ryskin2021,380,3,one,2.3760,5.8260,-3.4499,11,0
ryskin2021,380,4,of,0.6483,3.6849,-3.0366,11,0
ryskin2021,380,5,many,1.8712,7.1148,-5.2435,11,0
ryskin2021,380,6,weapons,8.8128,9.7866,-0.9738,11,0
ryskin2021,380,7,in,2.7350,3.9846,-1.2496,11,0
ryskin2021,380,8,this,3.9659,5.0192,-1.0533,11,0
ryskin2021,380,9,arsenal,4.3442,10.8000,-6.4558,11,0
ryskin2021,380,10,.,1.3396,2.3026,-0.9630,11,0
ryskin2021,380,11,<eos>,7.0594,2.3026,4.7569,11,0
ryskin2021,381,0,Blackmail,16.7905,12.8039,3.9866,11,0
ryskin2021,381,1,is,1.8639,4.4482,-2.5843,11,0
ryskin2021,381,2,just,6.0500,5.9182,0.1317,11,0
ryskin2021,381,3,one,2.3760,5.8260,-3.4499,11,0
ryskin2021,381,4,of,0.6483,3.6849,-3.0366,11,0
ryskin2021,381,5,many,1.8712,7.1148,-5.2435,11,0
ryskin2021,381,6,weapons,8.8128,9.7866,-0.9738,11,0
ryskin2021,381,7,in,2.7350,3.9846,-1.2496,11,0
ryskin2021,381,8,this,3.9659,5.0192,-1.0533,11,0
ryskin2021,381,9,arsenic,15.0495,13.2849,1.7646,11,0
ryskin2021,381,10,.,5.9100,2.3026,3.6074,11,0
ryskin2021,381,11,<eos>,7.1131,2.3026,4.8105,11,0
ryskin2021,382,0,Blackmail,16.7902,12.8039,3.9862,11,0
ryskin2021,382,1,is,1.8642,4.4482,-2.5840,11,0
ryskin2021,382,2,just,6.0498,5.9182,0.1316,11,0
ryskin2021,382,3,one,2.3762,5.8260,-3.4498,11,0
ryskin2021,382,4,of,0.6485,3.6849,-3.0364,11,0
ryskin2021,382,5,many,1.8721,7.1148,-5.2426,11,0
ryskin2021,382,6,weapons,8.8128,9.7866,-0.9738,11,0
ryskin2021,382,7,in,2.7350,3.9846,-1.2496,11,0
ryskin2021,382,8,this,3.9660,5.0192,-1.0532,11,0
ryskin2021,382,9,consternation,17.3197,14.2525,3.0672,11,0
ryskin2021,382,10,.,1.3499,2.3026,-0.9526,11,0
ryskin2021,382,11,<eos>,7.1296,2.3026,4.8270,11,0
ryskin2021,383,0,Blackmail,16.7900,12.8039,3.9861,11,0
ryskin2021,383,1,is,1.8643,4.4482,-2.5838,11,0
ryskin2021,383,2,just,6.0498,5.9182,0.1316,11,0
ryskin2021,383,3,one,2.3760,5.8260,-3.4499,11,0
ryskin2021,383,4,of,0.6485,3.6849,-3.0364,11,0
ryskin2021,383,5,many,1.8724,7.1148,-5.2424,11,0
ryskin2021,383,6,weapons,8.8121,9.7866,-0.9745,11,0
ryskin2021,383,7,in,2.7354,3.9846,-1.2492,11,0
ryskin2021,383,8,this,3.9654,5.0192,-1.0538,11,0
ryskin2021,383,9,arsenals,13.6599,14.7368,-1.0769,11,0
ryskin2021,383,10,.,1.2404,2.3026,-1.0621,11,0
ryskin2021,383,11,<eos>,7.2895,2.3026,4.9869,11,0
ryskin2021,384,0,The,3.9742,2.9243,1.0498,11,0
ryskin2021,384,1,detectives,12.0851,12.2722,-0.1871,11,0
ryskin2021,384,2,discovered,6.8487,9.8082,-2.9594,11,0
ryskin2021,384,3,the,1.8716,2.9243,-1.0527,11,0
ryskin2021,384,4,professor,10.3967,9.4410,0.9557,11,0
ryskin2021,384,5,was,2.7579,5.0192,-2.2613,11,0
ryskin2021,384,6,poisoned,7.9475,12.4805,-4.5330,11,0
ryskin2021,384,7,with,2.3920,4.9505,-2.5585,11,0
ryskin2021,384,8,this,6.5597,5.0192,1.5405,11,0
ryskin2021,384,9,arsenic,6.9247,13.2849,-6.3601,11,0
ryskin2021,384,10,.,3.4276,2.3026,1.1250,11,0
ryskin2021,384,11,<eos>,5.1605,2.3026,2.8579,11,0
ryskin2021,385,0,The,3.9742,2.9243,1.0498,11,0
ryskin2021,385,1,detectives,12.0851,12.2722,-0.1871,11,0
ryskin2021,385,2,discovered,6.8487,9.8082,-2.9594,11,0
ryskin2021,385,3,the,1.8716,2.9243,-1.0527,11,0
ryskin2021,385,4,professor,10.3967,9.4410,0.9557,11,0
ryskin2021,385,5,was,2.7579,5.0192,-2.2613,11,0
ryskin2021,385,6,poisoned,7.9475,12.4805,-4.5330,11,0
ryskin2021,385,7,with,2.3920,4.9505,-2.5585,11,0
ryskin2021,385,8,this,6.5597,5.0192,1.5405,11,0
ryskin2021,385,9,arsenal,10.6324,10.8000,-0.1676,11,0
ryskin2021,385,10,.,1.5616,2.3026,-0.7410,11,0
ryskin2021,385,11,<eos>,5.2137,2.3026,2.9112,11,0
ryskin2021,386,0,The,3.9742,2.9243,1.0498,11,0
ryskin2021,386,1,detectives,12.0851,12.2722,-0.1871,11,0
ryskin2021,386,2,discovered,6.8487,9.8082,-2.9594,11,0
ryskin2021,386,3,the,1.8716,2.9243,-1.0527,11,0
ryskin2021,386,4,professor,10.3967,9.4410,0.9557,11,0
ryskin2021,386,5,was,2.7579,5.0192,-2.2613,11,0
ryskin2021,386,6,poisoned,7.9475,12.4805,-4.5330,11,0
ryskin2021,386,7,with,2.3920,4.9505,-2.5585,11,0
ryskin2021,386,8,this,6.5597,5.0192,1.5405,11,0
ryskin2021,386,9,carriage,13.9022,11.8582,2.0439,11,0
ryskin2021,386,10,.,2.0285,2.3026,-0.2741,11,0
ryskin2021,386,11,<eos>,5.1980,2.3026,2.8954,11,0
ryskin2021,387,0,The,3.9742,2.9243,1.0498,11,0
ryskin2021,387,1,detectives,12.0851,12.2722,-0.1871,11,0
ryskin2021,387,2,discovered,6.8487,9.8082,-2.9594,11,0
ryskin2021,387,3,the,1.8716,2.9243,-1.0527,11,0
ryskin2021,387,4,professor,10.3967,9.4410,0.9557,11,0
ryskin2021,387,5,was,2.7579,5.0192,-2.2613,11,0
ryskin2021,387,6,poisoned,7.9475,12.4805,-4.5330,11,0
ryskin2021,387,7,with,2.3920,4.9505,-2.5585,11,0
ryskin2021,387,8,this,6.5597,5.0192,1.5405,11,0
ryskin2021,387,9,arsenics,22.8370,18.4207,4.4163,11,0
ryskin2021,387,10,.,2.3151,2.3026,0.0125,11,0
ryskin2021,387,11,<eos>,5.0589,2.3026,2.7563,11,0
ryskin2021,388,0,The,3.9734,2.9243,1.0490,11,0
ryskin2021,388,1,cheapest,11.3379,12.0892,-0.7513,11,0
ryskin2021,388,2,lunchmeat,19.4869,17.8218,1.6650,11,0
ryskin2021,388,3,at,3.9259,5.2963,-1.3704,11,0
ryskin2021,388,4,this,4.4337,5.0192,-0.5855,11,0
ryskin2021,388,5,grocery,6.9633,11.3732,-4.4098,11,0
ryskin2021,388,6,store,0.5974,9.1616,-8.5642,11,0
ryskin2021,388,7,is,1.5744,4.4482,-2.8737,11,0
ryskin2021,388,8,this,5.7714,5.0192,0.7522,11,0
ryskin2021,388,9,baloney,14.5382,14.9211,-0.3829,11,0
ryskin2021,388,10,.,2.2171,2.3026,-0.0855,11,0
ryskin2021,388,11,<eos>,6.2554,2.3026,3.9528,11,0
ryskin2021,389,0,The,3.9738,2.9243,1.0495,11,0
ryskin2021,389,1,cheapest,11.3380,12.0892,-0.7512,11,0
ryskin2021,389,2,lunchmeat,19.4857,17.8218,1.6639,11,0
ryskin2021,389,3,at,3.9253,5.2963,-1.3710,11,0
ryskin2021,389,4,this,4.4335,5.0192,-0.5857,11,0
ryskin2021,389,5,grocery,6.9636,11.3732,-4.4095,11,0
ryskin2021,389,6,store,0.5973,9.1616,-8.5642,11,0
ryskin2021,389,7,is,1.5740,4.4482,-2.8741,11,0
ryskin2021,389,8,this,5.7718,5.0192,0.7527,11,0
ryskin2021,389,9,balcony,14.0415,12.0188,2.0227,11,0
ryskin2021,389,10,.,1.8163,2.3026,-0.4863,11,0
ryskin2021,389,11,<eos>,5.9511,2.3026,3.6485,11,0
ryskin2021,390,0,The,3.9734,2.9243,1.0490,11,0
ryskin2021,390,1,cheapest,11.3379,12.0892,-0.7513,11,0
ryskin2021,390,2,lunchmeat,19.4869,17.8218,1.6650,11,0
ryskin2021,390,3,at,3.9259,5.2963,-1.3704,11,0
ryskin2021,390,4,this,4.4337,5.0192,-0.5855,11,0
ryskin2021,390,5,grocery,6.9633,11.3732,-4.4098,11,0
ryskin2021,390,6,store,0.5974,9.1616,-8.5642,11,0
ryskin2021,390,7,is,1.5744,4.4482,-2.8737,11,0
ryskin2021,390,8,this,5.7714,5.0192,0.7522,11,0
ryskin2021,390,9,immortality,17.2554,12.8716,4.3838,11,0
ryskin2021,390,10,.,2.5741,2.3026,0.2715,11,0
ryskin2021,390,11,<eos>,5.3131,2.3026,3.0105,11,0
ryskin2021,391,0,The,3.9745,2.9243,1.0501,11,0
ryskin2021,391,1,cheapest,11.3379,12.0892,-0.7513,11,0
ryskin2021,391,2,lunchmeat,19.4864,17.8218,1.6646,11,0
ryskin2021,391,3,at,3.9271,5.2963,-1.3692,11,0
ryskin2021,391,4,this,4.4334,5.0192,-0.5857,11,0
ryskin2021,391,5,grocery,6.9636,11.3732,-4.4095,11,0
ryskin2021,391,6,store,0.5974,9.1616,-8.5642,11,0
ryskin2021,391,7,is,1.5741,4.4482,-2.8741,11,0
ryskin2021,391,8,this,5.7716,5.0192,0.7524,11,0
ryskin2021,391,9,baloneys,31.4567,18.4207,13.0360,11,0
ryskin2021,391,10,.,2.8398,2.3026,0.5373,11,0
ryskin2021,391,11,<eos>,6.0572,2.3026,3.7546,11,0
ryskin2021,392,0,Romeo,18.4680,12.1804,6.2876,11,0
ryskin2021,392,1,longingly,16.4428,15.2426,1.2001,11,0
ryskin2021,392,2,admired,8.8412,12.1573,-3.3160,11,0
ryskin2021,392,3,juliet,16.3366,12.4571,3.8795,11,0
ryskin2021,392,4,as,7.1731,5.1345,2.0386,11,0
ryskin2021,392,5,she,6.7231,6.3089,0.4142,11,0
ryskin2021,392,6,stood,6.0249,10.1992,-4.1743,11,0
ryskin2021,392,7,on,2.0565,4.8122,-2.7557,11,0
ryskin2021,392,8,this,4.8592,5.0192,-0.1600,11,0
ryskin2021,392,9,balcony,6.7373,12.0188,-5.2815,11,0
ryskin2021,392,10,.,3.2646,2.3026,0.9620,11,0
ryskin2021,392,11,<eos>,6.3158,2.3026,4.0132,11,0
ryskin2021,393,0,Romeo,18.4698,12.1804,6.2894,11,0
ryskin2021,393,1,longingly,16.4430,15.2426,1.2003,11,0
ryskin2021,393,2,admired,8.8417,12.1573,-3.3155,11,0
ryskin2021,393,3,juliet,16.3362,12.4571,3.8791,11,0
ryskin2021,393,4,as,7.1736,5.1345,2.0391,11,0
ryskin2021,393,5,she,6.7232,6.3089,0.4143,11,0
ryskin2021,393,6,stood,6.0245,10.1992,-4.1747,11,0
ryskin2021,393,7,on,2.0565,4.8122,-2.7557,11,0
ryskin2021,393,8,this,4.8587,5.0192,-0.1604,11,0
ryskin2021,393,9,baloney,11.4795,14.9211,-3.4416,11,0
ryskin2021,393,10,.,3.3072,2.3026,1.0046,11,0
ryskin2021,393,11,<eos>,6.2609,2.3026,3.9583,11,0
ryskin2021,394,0,Romeo,18.4680,12.1804,6.2876,11,0
ryskin2021,394,1,longingly,16.4428,15.2426,1.2001,11,0
ryskin2021,394,2,admired,8.8412,12.1573,-3.3160,11,0
ryskin2021,394,3,juliet,16.3366,12.4571,3.8795,11,0
ryskin2021,394,4,as,7.1731,5.1345,2.0386,11,0
ryskin2021,394,5,she,6.7231,6.3089,0.4142,11,0
ryskin2021,394,6,stood,6.0249,10.1992,-4.1743,11,0
ryskin2021,394,7,on,2.0565,4.8122,-2.7557,11,0
ryskin2021,394,8,this,4.8592,5.0192,-0.1600,11,0
ryskin2021,394,9,consciousness,12.7980,11.2128,1.5851,11,0
ryskin2021,394,10,.,3.0053,2.3026,0.7028,11,0
ryskin2021,394,11,<eos>,5.8483,2.3026,3.5457,11,0
ryskin2021,395,0,Romeo,18.4698,12.1804,6.2894,11,0
ryskin2021,395,1,longingly,16.4430,15.2426,1.2003,11,0
ryskin2021,395,2,admired,8.8417,12.1573,-3.3155,11,0
ryskin2021,395,3,juliet,16.3362,12.4571,3.8791,11,0
ryskin2021,395,4,as,7.1736,5.1345,2.0391,11,0
ryskin2021,395,5,she,6.7232,6.3089,0.4143,11,0
ryskin2021,395,6,stood,6.0245,10.1992,-4.1747,11,0
ryskin2021,395,7,on,2.0565,4.8122,-2.7557,11,0
ryskin2021,395,8,this,4.8587,5.0192,-0.1604,11,0
ryskin2021,395,9,balconies,12.8266,13.7202,-0.8936,11,0
ryskin2021,395,10,.,3.0603,2.3026,0.7577,11,0
ryskin2021,395,11,<eos>,6.3741,2.3026,4.0715,11,0
ryskin2021,396,0,Capture,13.6419,10.5459,3.0960,11,0
ryskin2021,396,1,or,6.1615,5.6636,0.4979,11,0
ryskin2021,396,2,kill,8.0028,9.0033,-1.0005,11,0
ryskin2021,396,3,the,2.8974,2.9243,-0.0269,11,0
ryskin2021,396,4,wanted,10.8757,8.3818,2.4939,11,0
ryskin2021,396,5,criminal,8.1181,9.7866,-1.6685,11,0
ryskin2021,396,6,to,5.2227,3.6156,1.6070,11,0
ryskin2021,396,7,collect,7.0094,10.6628,-3.6534,11,0
ryskin2021,396,8,a,2.6189,3.7766,-1.1577,11,0
ryskin2021,396,9,bounty,5.1751,12.1108,-6.9357,11,0
ryskin2021,396,10,.,2.0852,2.3026,-0.2174,11,0
ryskin2021,396,11,<eos>,4.5529,2.3026,2.2503,11,0
ryskin2021,397,0,Capture,13.6419,10.5459,3.0960,11,0
ryskin2021,397,1,or,6.1615,5.6636,0.4979,11,0
ryskin2021,397,2,kill,8.0028,9.0033,-1.0005,11,0
ryskin2021,397,3,the,2.8974,2.9243,-0.0269,11,0
ryskin2021,397,4,wanted,10.8757,8.3818,2.4939,11,0
ryskin2021,397,5,criminal,8.1181,9.7866,-1.6685,11,0
ryskin2021,397,6,to,5.2227,3.6156,1.6070,11,0
ryskin2021,397,7,collect,7.0094,10.6628,-3.6534,11,0
ryskin2021,397,8,a,2.6189,3.7766,-1.1577,11,0
ryskin2021,397,9,boundary,10.4087,11.2128,-0.8041,11,0
ryskin2021,397,10,.,3.3165,2.3026,1.0139,11,0
ryskin2021,397,11,<eos>,4.3496,2.3026,2.0470,11,0
ryskin2021,398,0,Capture,13.6419,10.5459,3.0960,11,0
ryskin2021,398,1,or,6.1615,5.6636,0.4979,11,0
ryskin2021,398,2,kill,8.0028,9.0033,-1.0005,11,0
ryskin2021,398,3,the,2.8974,2.9243,-0.0269,11,0
ryskin2021,398,4,wanted,10.8757,8.3818,2.4939,11,0
ryskin2021,398,5,criminal,8.1181,9.7866,-1.6685,11,0
ryskin2021,398,6,to,5.2227,3.6156,1.6070,11,0
ryskin2021,398,7,collect,7.0094,10.6628,-3.6534,11,0
ryskin2021,398,8,an,4.8008,5.6869,-0.8862,11,0
ryskin2021,398,9,expedition,9.3702,11.5362,-2.1660,11,0
ryskin2021,398,10,.,2.7438,2.3026,0.4412,11,0
ryskin2021,398,11,<eos>,4.7420,2.3026,2.4394,11,0
ryskin2021,399,0,Capture,13.6416,10.5459,3.0957,11,0
ryskin2021,399,1,or,6.1612,5.6636,0.4976,11,0
ryskin2021,399,2,kill,8.0027,9.0033,-1.0006,11,0
ryskin2021,399,3,the,2.8972,2.9243,-0.0272,11,0
ryskin2021,399,4,wanted,10.8756,8.3818,2.4938,11,0
ryskin2021,399,5,criminal,8.1180,9.7866,-1.6686,11,0
ryskin2021,399,6,to,5.2227,3.6156,1.6071,11,0
ryskin2021,399,7,collect,7.0088,10.6628,-3.6540,11,0
ryskin2021,399,8,a,2.6186,3.7766,-1.1580,11,0
ryskin2021,399,9,bounties,14.4897,14.2295,0.2602,11,0
ryskin2021,399,10,.,2.4079,2.3026,0.1053,11,0
ryskin2021,399,11,<eos>,4.8030,2.3026,2.5004,11,0
ryskin2021,400,0,The,3.9742,2.9243,1.0498,11,0
ryskin2021,400,1,celebrating,13.7920,11.1209,2.6711,11,0
ryskin2021,400,2,couple,8.0790,8.7721,-0.6930,11,0
ryskin2021,400,3,joyfully,14.9158,14.4830,0.4328,11,0
ryskin2021,400,4,popped,8.1598,11.8582,-3.6984,11,0
ryskin2021,400,5,open,5.8879,8.1051,-2.2172,11,0
ryskin2021,400,6,a,1.8689,3.7766,-1.9077,11,0
ryskin2021,400,7,bottle,5.1343,10.1992,-5.0649,11,0
ryskin2021,400,8,of,0.5409,3.6849,-3.1440,11,0
ryskin2021,400,9,champagne,2.4150,11.7436,-9.3286,11,0
ryskin2021,400,10,.,2.6765,2.3026,0.3739,11,0
ryskin2021,400,11,<eos>,5.7071,2.3026,3.4046,11,0
ryskin2021,401,0,The,3.9742,2.9243,1.0498,11,0
ryskin2021,401,1,celebrating,13.7920,11.1209,2.6711,11,0
ryskin2021,401,2,couple,8.0790,8.7721,-0.6930,11,0
ryskin2021,401,3,joyfully,14.9158,14.4830,0.4328,11,0
ryskin2021,401,4,popped,8.1598,11.8582,-3.6984,11,0
ryskin2021,401,5,open,5.8879,8.1051,-2.2172,11,0
ryskin2021,401,6,a,1.8689,3.7766,-1.9077,11,0
ryskin2021,401,7,bottle,5.1343,10.1992,-5.0649,11,0
ryskin2021,401,8,of,0.5409,3.6849,-3.1440,11,0
ryskin2021,401,9,campaign,11.8409,9.2103,2.6306,11,0
ryskin2021,401,10,.,4.2068,2.3026,1.9043,11,0
ryskin2021,401,11,<eos>,6.0547,2.3026,3.7521,11,0
ryskin2021,402,0,The,3.9738,2.9243,1.0495,11,0
ryskin2021,402,1,celebrating,13.7920,11.1209,2.6711,11,0
ryskin2021,402,2,couple,8.0792,8.7721,-0.6929,11,0
ryskin2021,402,3,joyfully,14.9162,14.4830,0.4332,11,0
ryskin2021,402,4,popped,8.1604,11.8582,-3.6979,11,0
ryskin2021,402,5,open,5.8879,8.1051,-2.2172,11,0
ryskin2021,402,6,a,1.8688,3.7766,-1.9078,11,0
ryskin2021,402,7,bottle,5.1342,10.1992,-5.0650,11,0
ryskin2021,402,8,of,0.5408,3.6849,-3.1441,11,0
ryskin2021,402,9,armaments,19.6290,13.9309,5.6981,11,0
ryskin2021,402,10,.,2.9129,2.3026,0.6104,11,0
ryskin2021,402,11,<eos>,6.1730,2.3026,3.8704,11,0
ryskin2021,403,0,The,3.9734,2.9243,1.0490,11,0
ryskin2021,403,1,celebrating,13.7918,11.1209,2.6710,11,0
ryskin2021,403,2,couple,8.0787,8.7721,-0.6934,11,0
ryskin2021,403,3,joyfully,14.9163,14.4830,0.4333,11,0
ryskin2021,403,4,popped,8.1598,11.8582,-3.6984,11,0
ryskin2021,403,5,open,5.8881,8.1051,-2.2170,11,0
ryskin2021,403,6,a,1.8691,3.7766,-1.9075,11,0
ryskin2021,403,7,bottle,5.1342,10.1992,-5.0650,11,0
ryskin2021,403,8,of,0.5411,3.6849,-3.1438,11,0
ryskin2021,403,9,champagnes,14.5504,16.0228,-1.4724,11,0
ryskin2021,403,10,.,2.9638,2.3026,0.6612,11,0
ryskin2021,403,11,<eos>,5.8459,2.3026,3.5433,11,0
ryskin2021,404,0,A,4.4443,3.7766,0.6677,11,0
ryskin2021,404,1,syllogism,17.4830,15.8405,1.6425,11,0
ryskin2021,404,2,is,2.0917,4.4482,-2.3565,11,0
ryskin2021,404,3,a,1.3299,3.7766,-2.4467,11,0
ryskin2021,404,4,common,2.8971,8.7529,-5.8558,11,0
ryskin2021,404,5,form,2.4978,8.4974,-5.9996,11,0
ryskin2021,404,6,of,0.0546,3.6849,-3.6302,11,0
ryskin2021,404,7,a,3.9649,3.7766,0.1883,11,0
ryskin2021,404,8,deductive,9.8629,14.6207,-4.7578,11,0
ryskin2021,404,9,inference,8.7993,13.2389,-4.4396,11,0
ryskin2021,404,10,.,2.3642,2.3026,0.0616,11,0
ryskin2021,404,11,<eos>,7.2158,2.3026,4.9132,11,0
ryskin2021,405,0,A,4.4458,3.7766,0.6692,11,0
ryskin2021,405,1,syllogism,17.4826,15.8405,1.6422,11,0
ryskin2021,405,2,is,2.0917,4.4482,-2.3565,11,0
ryskin2021,405,3,a,1.3299,3.7766,-2.4467,11,0
ryskin2021,405,4,common,2.8973,8.7529,-5.8556,11,0
ryskin2021,405,5,form,2.4980,8.4974,-5.9994,11,0
ryskin2021,405,6,of,0.0547,3.6849,-3.6302,11,0
ryskin2021,405,7,a,3.9651,3.7766,0.1885,11,0
ryskin2021,405,8,deductive,9.8628,14.6207,-4.7579,11,0
ryskin2021,405,9,inferno,14.3673,13.1224,1.2450,11,0
ryskin2021,405,10,.,1.5599,2.3026,-0.7427,11,0
ryskin2021,405,11,<eos>,7.1585,2.3026,4.8559,11,0
ryskin2021,406,0,A,4.4458,3.7766,0.6692,11,0
ryskin2021,406,1,syllogism,17.4826,15.8405,1.6422,11,0
ryskin2021,406,2,is,2.0917,4.4482,-2.3565,11,0
ryskin2021,406,3,a,1.3299,3.7766,-2.4467,11,0
ryskin2021,406,4,common,2.8973,8.7529,-5.8556,11,0
ryskin2021,406,5,form,2.4980,8.4974,-5.9994,11,0
ryskin2021,406,6,of,0.0547,3.6849,-3.6302,11,0
ryskin2021,406,7,a,3.9651,3.7766,0.1885,11,0
ryskin2021,406,8,deductive,9.8628,14.6207,-4.7579,11,0
ryskin2021,406,9,peasantry,18.8051,14.5067,4.2984,11,0
ryskin2021,406,10,.,2.1738,2.3026,-0.1287,11,0
ryskin2021,406,11,<eos>,6.8827,2.3026,4.5801,11,0
ryskin2021,407,0,A,4.4443,3.7766,0.6677,11,0
ryskin2021,407,1,syllogism,17.4830,15.8405,1.6425,11,0
ryskin2021,407,2,is,2.0917,4.4482,-2.3565,11,0
ryskin2021,407,3,a,1.3299,3.7766,-2.4467,11,0
ryskin2021,407,4,common,2.8971,8.7529,-5.8558,11,0
ryskin2021,407,5,form,2.4978,8.4974,-5.9996,11,0
ryskin2021,407,6,of,0.0546,3.6849,-3.6302,11,0
ryskin2021,407,7,a,3.9649,3.7766,0.1883,11,0
ryskin2021,407,8,deductive,9.8629,14.6207,-4.7578,11,0
ryskin2021,407,9,inferences,12.8993,14.2760,-1.3766,11,0
ryskin2021,407,10,.,2.5199,2.3026,0.2173,11,0
ryskin2021,407,11,<eos>,7.1765,2.3026,4.8740,11,0
ryskin2021,408,0,The,3.9745,2.9243,1.0501,11,0
ryskin2021,408,1,napalm,13.9599,14.1837,-0.2238,11,0
ryskin2021,408,2,turned,9.2300,9.0033,0.2266,11,0
ryskin2021,408,3,the,3.0974,2.9243,0.1730,11,0
ryskin2021,408,4,luscious,10.5844,13.8388,-3.2544,11,0
ryskin2021,408,5,forest,6.8558,9.9015,-3.0457,11,0
ryskin2021,408,6,into,1.3723,6.6531,-5.2808,11,0
ryskin2021,408,7,a,0.6051,3.7766,-3.1715,11,0
ryskin2021,408,8,fiery,9.2874,12.5018,-3.2144,11,0
ryskin2021,408,9,inferno,8.0009,13.1224,-5.1215,11,0
ryskin2021,408,10,.,1.4053,2.3026,-0.8973,11,0
ryskin2021,408,11,<eos>,5.6295,2.3026,3.3269,11,0
ryskin2021,409,0,The,3.9734,2.9243,1.0490,11,0
ryskin2021,409,1,napalm,13.9598,14.1837,-0.2238,11,0
ryskin2021,409,2,turned,9.2300,9.0033,0.2266,11,0
ryskin2021,409,3,the,3.0976,2.9243,0.1733,11,0
ryskin2021,409,4,luscious,10.5841,13.8388,-3.2547,11,0
ryskin2021,409,5,forest,6.8555,9.9015,-3.0460,11,0
ryskin2021,409,6,into,1.3719,6.6531,-5.2812,11,0
ryskin2021,409,7,a,0.6051,3.7766,-3.1715,11,0
ryskin2021,409,8,fiery,9.2874,12.5018,-3.2144,11,0
ryskin2021,409,9,inference,16.0661,13.2389,2.8272,11,0
ryskin2021,409,10,.,1.7689,2.3026,-0.5337,11,0
ryskin2021,409,11,<eos>,5.2717,2.3026,2.9691,11,0
ryskin2021,410,0,The,3.9734,2.9243,1.0490,11,0
ryskin2021,410,1,napalm,13.9598,14.1837,-0.2238,11,0
ryskin2021,410,2,turned,9.2300,9.0033,0.2266,11,0
ryskin2021,410,3,the,3.0976,2.9243,0.1733,11,0
ryskin2021,410,4,luscious,10.5841,13.8388,-3.2547,11,0
ryskin2021,410,5,forest,6.8555,9.9015,-3.0460,11,0
ryskin2021,410,6,into,1.3719,6.6531,-5.2812,11,0
ryskin2021,410,7,a,0.6051,3.7766,-3.1715,11,0
ryskin2021,410,8,fiery,9.2874,12.5018,-3.2144,11,0
ryskin2021,410,9,attitude,11.3844,10.1779,1.2065,11,0
ryskin2021,410,10,.,1.3161,2.3026,-0.9865,11,0
ryskin2021,410,11,<eos>,5.8433,2.3026,3.5407,11,0
ryskin2021,411,0,The,3.9745,2.9243,1.0501,11,0
ryskin2021,411,1,napalm,13.9599,14.1837,-0.2238,11,0
ryskin2021,411,2,turned,9.2300,9.0033,0.2266,11,0
ryskin2021,411,3,the,3.0974,2.9243,0.1730,11,0
ryskin2021,411,4,luscious,10.5844,13.8388,-3.2544,11,0
ryskin2021,411,5,forest,6.8558,9.9015,-3.0457,11,0
ryskin2021,411,6,into,1.3723,6.6531,-5.2808,11,0
ryskin2021,411,7,a,0.6051,3.7766,-3.1715,11,0
ryskin2021,411,8,fiery,9.2874,12.5018,-3.2144,11,0
ryskin2021,411,9,infernos,11.7017,16.9928,-5.2911,11,0
ryskin2021,411,10,.,1.8206,2.3026,-0.4819,11,0
ryskin2021,411,11,<eos>,5.6971,2.3026,3.3945,11,0
ryskin2021,412,0,I,5.1525,4.3982,0.7543,11,0
ryskin2021,412,1,blacked,14.8022,13.2167,1.5855,11,0
ryskin2021,412,2,out,0.5116,6.0323,-5.5207,11,0
ryskin2021,412,3,and,3.5583,3.6613,-0.1030,11,0
ryskin2021,412,4,was,5.3686,5.0192,0.3494,11,0
ryskin2021,412,5,confused,5.7250,10.4311,-4.7061,11,0
ryskin2021,412,6,when,3.1766,6.0576,-2.8810,11,0
ryskin2021,412,7,i,4.1256,4.3982,-0.2725,11,0
ryskin2021,412,8,regained,9.5712,12.6873,-3.1162,11,0
ryskin2021,412,9,consciousness,1.6567,11.2128,-9.5561,11,0
ryskin2021,412,10,.,1.2549,2.3026,-1.0476,11,0
ryskin2021,412,11,<eos>,4.3568,2.3026,2.0542,11,0
ryskin2021,413,0,I,5.1525,4.3982,0.7543,11,0
ryskin2021,413,1,blacked,14.8022,13.2167,1.5855,11,0
ryskin2021,413,2,out,0.5116,6.0323,-5.5207,11,0
ryskin2021,413,3,and,3.5583,3.6613,-0.1030,11,0
ryskin2021,413,4,was,5.3686,5.0192,0.3494,11,0
ryskin2021,413,5,confused,5.7250,10.4311,-4.7061,11,0
ryskin2021,413,6,when,3.1766,6.0576,-2.8810,11,0
ryskin2021,413,7,i,4.1256,4.3982,-0.2725,11,0
ryskin2021,413,8,regained,9.5712,12.6873,-3.1162,11,0
ryskin2021,413,9,conscience,11.3621,11.6050,-0.2429,11,0
ryskin2021,413,10,.,1.3250,2.3026,-0.9776,11,0
ryskin2021,413,11,<eos>,4.6384,2.3026,2.3359,11,0
ryskin2021,414,0,I,5.1525,4.3982,0.7543,11,0
ryskin2021,414,1,blacked,14.8022,13.2167,1.5855,11,0
ryskin2021,414,2,out,0.5116,6.0323,-5.5207,11,0
ryskin2021,414,3,and,3.5583,3.6613,-0.1030,11,0
ryskin2021,414,4,was,5.3686,5.0192,0.3494,11,0
ryskin2021,414,5,confused,5.7250,10.4311,-4.7061,11,0
ryskin2021,414,6,when,3.1766,6.0576,-2.8810,11,0
ryskin2021,414,7,i,4.1256,4.3982,-0.2725,11,0
ryskin2021,414,8,regained,9.5712,12.6873,-3.1162,11,0
ryskin2021,414,9,duration,12.8314,11.1908,1.6405,11,0
ryskin2021,414,10,.,2.3471,2.3026,0.0445,11,0
ryskin2021,414,11,<eos>,4.8146,2.3026,2.5120,11,0
ryskin2021,415,0,I,5.1524,4.3982,0.7542,11,0
ryskin2021,415,1,blacked,14.8020,13.2167,1.5853,11,0
ryskin2021,415,2,out,0.5117,6.0323,-5.5206,11,0
ryskin2021,415,3,and,3.5582,3.6613,-0.1031,11,0
ryskin2021,415,4,was,5.3684,5.0192,0.3492,11,0
ryskin2021,415,5,confused,5.7247,10.4311,-4.7064,11,0
ryskin2021,415,6,when,3.1766,6.0576,-2.8810,11,0
ryskin2021,415,7,i,4.1260,4.3982,-0.2722,11,0
ryskin2021,415,8,regained,9.5714,12.6873,-3.1159,11,0
ryskin2021,415,9,consciousnesses,11.6889,16.2335,-4.5446,11,0
ryskin2021,415,10,.,1.5214,2.3026,-0.7812,11,0
ryskin2021,415,11,<eos>,4.5304,2.3026,2.2278,11,0
ryskin2021,416,0,The,3.9738,2.9243,1.0495,11,0
ryskin2021,416,1,sudden,10.1732,10.5926,-0.4195,11,0
ryskin2021,416,2,change,4.1029,7.9662,-3.8633,11,0
ryskin2021,416,3,in,0.5464,3.9846,-3.4382,11,0
ryskin2021,416,4,protocol,10.2653,11.1693,-0.9041,11,0
ryskin2021,416,5,had,6.9477,6.1469,0.8007,11,0
ryskin2021,416,6,caused,4.7631,9.4861,-4.7229,11,0
ryskin2021,416,7,all,5.7838,5.7108,0.0730,11,0
ryskin2021,416,8,this,3.7986,5.0192,-1.2206,11,0
ryskin2021,416,9,consternation,10.3593,14.2525,-3.8931,11,0
ryskin2021,416,10,.,2.2002,2.3026,-0.1024,11,0
ryskin2021,416,11,<eos>,5.6574,2.3026,3.3548,11,0
ryskin2021,417,0,The,3.9742,2.9243,1.0498,11,0
ryskin2021,417,1,sudden,10.1731,10.5926,-0.4195,11,0
ryskin2021,417,2,change,4.1025,7.9662,-3.8637,11,0
ryskin2021,417,3,in,0.5463,3.9846,-3.4383,11,0
ryskin2021,417,4,protocol,10.2652,11.1693,-0.9041,11,0
ryskin2021,417,5,had,6.9479,6.1469,0.8009,11,0
ryskin2021,417,6,caused,4.7631,9.4861,-4.7230,11,0
ryskin2021,417,7,all,5.7833,5.7108,0.0725,11,0
ryskin2021,417,8,this,3.8005,5.0192,-1.2187,11,0
ryskin2021,417,9,constellation,8.9208,12.9654,-4.0445,11,0
ryskin2021,417,10,.,3.2736,2.3026,0.9710,11,0
ryskin2021,417,11,<eos>,5.8574,2.3026,3.5548,11,0
ryskin2021,418,0,The,3.9742,2.9243,1.0498,11,0
ryskin2021,418,1,sudden,10.1731,10.5926,-0.4195,11,0
ryskin2021,418,2,change,4.1025,7.9662,-3.8637,11,0
ryskin2021,418,3,in,0.5463,3.9846,-3.4383,11,0
ryskin2021,418,4,protocol,10.2652,11.1693,-0.9041,11,0
ryskin2021,418,5,had,6.9479,6.1469,0.8009,11,0
ryskin2021,418,6,caused,4.7631,9.4861,-4.7230,11,0
ryskin2021,418,7,all,5.7833,5.7108,0.0725,11,0
ryskin2021,418,8,this,3.8005,5.0192,-1.2187,11,0
ryskin2021,418,9,inflection,9.6906,14.0913,-4.4007,11,0
ryskin2021,418,10,.,2.5915,2.3026,0.2889,11,0
ryskin2021,418,11,<eos>,5.5300,2.3026,3.2274,11,0
ryskin2021,419,0,The,3.9738,2.9243,1.0495,11,0
ryskin2021,419,1,sudden,10.1732,10.5926,-0.4195,11,0
ryskin2021,419,2,change,4.1029,7.9662,-3.8633,11,0
ryskin2021,419,3,in,0.5464,3.9846,-3.4382,11,0
ryskin2021,419,4,protocol,10.2653,11.1693,-0.9041,11,0
ryskin2021,419,5,had,6.9477,6.1469,0.8007,11,0
ryskin2021,419,6,caused,4.7631,9.4861,-4.7229,11,0
ryskin2021,419,7,all,5.7838,5.7108,0.0730,11,0
ryskin2021,419,8,this,3.7986,5.0192,-1.2206,11,0
ryskin2021,419,9,consternations,14.5238,18.4207,-3.8969,11,0
ryskin2021,419,10,.,2.4584,2.3026,0.1558,11,0
ryskin2021,419,11,<eos>,5.6809,2.3026,3.3784,11,0
ryskin2021,420,0,The,3.9738,2.9243,1.0495,11,0
ryskin2021,420,1,big,7.8498,7.6670,0.1828,11,0
ryskin2021,420,2,dipper,15.2752,14.2071,1.0682,11,0
ryskin2021,420,3,may,6.7617,6.9538,-0.1921,11,0
ryskin2021,420,4,perhaps,8.2020,9.0033,-0.8013,11,0
ryskin2021,420,5,be,0.6600,5.0881,-4.4280,11,0
ryskin2021,420,6,the,2.1197,2.9243,-0.8047,11,0
ryskin2021,420,7,most,2.6134,6.9078,-4.2943,11,0
ryskin2021,420,8,famous,4.4626,9.5785,-5.1159,11,0
ryskin2021,420,9,constellation,10.9747,12.9654,-1.9906,11,0
ryskin2021,420,10,.,2.8089,2.3026,0.5064,11,0
ryskin2021,420,11,<eos>,5.2281,2.3026,2.9255,11,0
ryskin2021,421,0,The,3.9734,2.9243,1.0490,11,0
ryskin2021,421,1,big,7.8497,7.6670,0.1827,11,0
ryskin2021,421,2,dipper,15.2753,14.2071,1.0682,11,0
ryskin2021,421,3,may,6.7603,6.9538,-0.1935,11,0
ryskin2021,421,4,perhaps,8.2022,9.0033,-0.8011,11,0
ryskin2021,421,5,be,0.6606,5.0881,-4.4274,11,0
ryskin2021,421,6,the,2.1195,2.9243,-0.8048,11,0
ryskin2021,421,7,most,2.6135,6.9078,-4.2942,11,0
ryskin2021,421,8,famous,4.4624,9.5785,-5.1161,11,0
ryskin2021,421,9,consternation,14.7034,14.2525,0.4510,11,0
ryskin2021,421,10,.,3.6747,2.3026,1.3721,11,0
ryskin2021,421,11,<eos>,5.5964,2.3026,3.2938,11,0
ryskin2021,422,0,The,3.9742,2.9243,1.0498,11,0
ryskin2021,422,1,big,7.8495,7.6670,0.1824,11,0
ryskin2021,422,2,dipper,15.2750,14.2071,1.0679,11,0
ryskin2021,422,3,may,6.7601,6.9538,-0.1937,11,0
ryskin2021,422,4,perhaps,8.2024,9.0033,-0.8009,11,0
ryskin2021,422,5,be,0.6604,5.0881,-4.4277,11,0
ryskin2021,422,6,the,2.1196,2.9243,-0.8048,11,0
ryskin2021,422,7,most,2.6136,6.9078,-4.2941,11,0
ryskin2021,422,8,famous,4.4624,9.5785,-5.1162,11,0
ryskin2021,422,9,immunity,13.7649,11.7199,2.0449,11,0
ryskin2021,422,10,.,4.4177,2.3026,2.1151,11,0
ryskin2021,422,11,<eos>,6.0911,2.3026,3.7885,11,0
ryskin2021,423,0,The,3.9734,2.9243,1.0490,11,0
ryskin2021,423,1,big,7.8497,7.6670,0.1827,11,0
ryskin2021,423,2,dipper,15.2753,14.2071,1.0682,11,0
ryskin2021,423,3,may,6.7603,6.9538,-0.1935,11,0
ryskin2021,423,4,perhaps,8.2022,9.0033,-0.8011,11,0
ryskin2021,423,5,be,0.6606,5.0881,-4.4274,11,0
ryskin2021,423,6,the,2.1195,2.9243,-0.8048,11,0
ryskin2021,423,7,most,2.6135,6.9078,-4.2942,11,0
ryskin2021,423,8,famous,4.4624,9.5785,-5.1161,11,0
ryskin2021,423,9,constellations,17.3123,13.8616,3.4507,11,0
ryskin2021,423,10,.,3.9265,2.3026,1.6239,11,0
ryskin2021,423,11,<eos>,5.1931,2.3026,2.8905,11,0
ryskin2021,424,0,The,3.9742,2.9243,1.0498,11,0
ryskin2021,424,1,herd,11.5114,12.0423,-0.5309,11,0
ryskin2021,424,2,of,2.7767,3.6849,-0.9082,11,0
ryskin2021,424,3,cows,3.9038,11.6743,-7.7705,11,0
ryskin2021,424,4,was,3.2173,5.0192,-1.8019,11,0
ryskin2021,424,5,out,6.2140,6.0323,0.1817,11,0
ryskin2021,424,6,grazing,9.0907,12.6873,-3.5967,11,0
ryskin2021,424,7,in,2.3518,3.9846,-1.6328,11,0
ryskin2021,424,8,a,2.2779,3.7766,-1.4987,11,0
ryskin2021,424,9,pasture,3.5974,12.9870,-9.3896,11,0
ryskin2021,424,10,.,2.7692,2.3026,0.4666,11,0
ryskin2021,424,11,<eos>,6.4793,2.3026,4.1767,11,0
ryskin2021,425,0,The,3.9742,2.9243,1.0498,11,0
ryskin2021,425,1,herd,11.5114,12.0423,-0.5309,11,0
ryskin2021,425,2,of,2.7767,3.6849,-0.9082,11,0
ryskin2021,425,3,cows,3.9038,11.6743,-7.7705,11,0
ryskin2021,425,4,was,3.2173,5.0192,-1.8019,11,0
ryskin2021,425,5,out,6.2140,6.0323,0.1817,11,0
ryskin2021,425,6,grazing,9.0907,12.6873,-3.5967,11,0
ryskin2021,425,7,in,2.3518,3.9846,-1.6328,11,0
ryskin2021,425,8,a,2.2779,3.7766,-1.4987,11,0
ryskin2021,425,9,pastor,13.1133,11.3306,1.7827,11,0
ryskin2021,425,10,.,5.5935,2.3026,3.2909,11,0
ryskin2021,425,11,<eos>,7.1265,2.3026,4.8239,11,0
ryskin2021,426,0,The,3.9742,2.9243,1.0498,11,0
ryskin2021,426,1,herd,11.5114,12.0423,-0.5309,11,0
ryskin2021,426,2,of,2.7767,3.6849,-0.9082,11,0
ryskin2021,426,3,cows,3.9038,11.6743,-7.7705,11,0
ryskin2021,426,4,was,3.2173,5.0192,-1.8019,11,0
ryskin2021,426,5,out,6.2140,6.0323,0.1817,11,0
ryskin2021,426,6,grazing,9.0907,12.6873,-3.5967,11,0
ryskin2021,426,7,in,2.3518,3.9846,-1.6328,11,0
ryskin2021,426,8,an,3.7660,5.6869,-1.9210,11,0
ryskin2021,426,9,altercation,9.6455,13.5379,-3.8923,11,0
ryskin2021,426,10,.,2.8519,2.3026,0.5493,11,0
ryskin2021,426,11,<eos>,5.9502,2.3026,3.6476,11,0
ryskin2021,427,0,The,3.9742,2.9243,1.0498,11,0
ryskin2021,427,1,herd,11.5114,12.0423,-0.5309,11,0
ryskin2021,427,2,of,2.7767,3.6849,-0.9082,11,0
ryskin2021,427,3,cows,3.9038,11.6743,-7.7705,11,0
ryskin2021,427,4,was,3.2173,5.0192,-1.8019,11,0
ryskin2021,427,5,out,6.2140,6.0323,0.1817,11,0
ryskin2021,427,6,grazing,9.0907,12.6873,-3.5967,11,0
ryskin2021,427,7,in,2.3518,3.9846,-1.6328,11,0
ryskin2021,427,8,a,2.2779,3.7766,-1.4987,11,0
ryskin2021,427,9,pastures,12.0790,13.2616,-1.1826,11,0
ryskin2021,427,10,.,4.0455,2.3026,1.7429,11,0
ryskin2021,427,11,<eos>,7.0277,2.3026,4.7252,11,0
ryskin2021,428,0,The,3.9742,2.9243,1.0498,11,0
ryskin2021,428,1,congregation,11.9791,11.9269,0.0522,11,0
ryskin2021,428,2,listens,10.7566,12.4342,-1.6777,11,0
ryskin2021,428,3,to,1.2947,3.6156,-2.3209,11,0
ryskin2021,428,4,a,2.9029,3.7766,-0.8737,11,0
ryskin2021,428,5,sermon,5.0300,12.4571,-7.4271,11,0
ryskin2021,428,6,delivered,3.7037,10.0850,-6.3813,11,0
ryskin2021,428,7,by,0.5138,5.3882,-4.8744,11,0
ryskin2021,428,8,a,1.5681,3.7766,-2.2085,11,0
ryskin2021,428,9,pastor,3.5042,11.3306,-7.8264,11,0
ryskin2021,428,10,.,2.0377,2.3026,-0.2649,11,0
ryskin2021,428,11,<eos>,6.2095,2.3026,3.9069,11,0
ryskin2021,429,0,The,3.9742,2.9243,1.0498,11,0
ryskin2021,429,1,congregation,11.9791,11.9269,0.0522,11,0
ryskin2021,429,2,listens,10.7566,12.4342,-1.6777,11,0
ryskin2021,429,3,to,1.2947,3.6156,-2.3209,11,0
ryskin2021,429,4,a,2.9029,3.7766,-0.8737,11,0
ryskin2021,429,5,sermon,5.0300,12.4571,-7.4271,11,0
ryskin2021,429,6,delivered,3.7037,10.0850,-6.3813,11,0
ryskin2021,429,7,by,0.5138,5.3882,-4.8744,11,0
ryskin2021,429,8,a,1.5681,3.7766,-2.2085,11,0
ryskin2021,429,9,pasture,13.3618,12.9870,0.3748,11,0
ryskin2021,429,10,.,3.5707,2.3026,1.2681,11,0
ryskin2021,429,11,<eos>,6.3452,2.3026,4.0426,11,0
ryskin2021,430,0,The,3.9738,2.9243,1.0495,11,0
ryskin2021,430,1,congregation,11.9791,11.9269,0.0522,11,0
ryskin2021,430,2,listens,10.7564,12.4342,-1.6778,11,0
ryskin2021,430,3,to,1.2942,3.6156,-2.3214,11,0
ryskin2021,430,4,a,2.9027,3.7766,-0.8739,11,0
ryskin2021,430,5,sermon,5.0301,12.4571,-7.4270,11,0
ryskin2021,430,6,delivered,3.7036,10.0850,-6.3814,11,0
ryskin2021,430,7,by,0.5136,5.3882,-4.8746,11,0
ryskin2021,430,8,an,3.4054,5.6869,-2.2815,11,0
ryskin2021,430,9,escalation,16.3983,13.0783,3.3200,11,0
ryskin2021,430,10,.,4.0636,2.3026,1.7611,11,0
ryskin2021,430,11,<eos>,5.9973,2.3026,3.6947,11,0
ryskin2021,431,0,The,3.9738,2.9243,1.0495,11,0
ryskin2021,431,1,congregation,11.9791,11.9269,0.0522,11,0
ryskin2021,431,2,listens,10.7564,12.4342,-1.6778,11,0
ryskin2021,431,3,to,1.2942,3.6156,-2.3214,11,0
ryskin2021,431,4,a,2.9027,3.7766,-0.8739,11,0
ryskin2021,431,5,sermon,5.0301,12.4571,-7.4270,11,0
ryskin2021,431,6,delivered,3.7036,10.0850,-6.3814,11,0
ryskin2021,431,7,by,0.5136,5.3882,-4.8746,11,0
ryskin2021,431,8,a,1.5681,3.7766,-2.2085,11,0
ryskin2021,431,9,pastors,12.2194,13.0547,-0.8353,11,0
ryskin2021,431,10,.,2.6284,2.3026,0.3258,11,0
ryskin2021,431,11,<eos>,6.6824,2.3026,4.3798,11,0
ryskin2021,432,0,A,4.4452,3.7766,0.6686,11,0
ryskin2021,432,1,soldier,9.2250,10.4551,-1.2301,11,0
ryskin2021,432,2,fighting,8.3791,9.3943,-1.0152,11,0
ryskin2021,432,3,for,4.5766,4.5854,-0.0087,11,0
ryskin2021,432,4,the,1.6820,2.9243,-1.2423,11,0
ryskin2021,432,5,highest,4.7789,9.5333,-4.7544,11,0
ryskin2021,432,6,bidder,7.0294,12.7103,-5.6808,11,0
ryskin2021,432,7,is,3.3679,4.4482,-1.0802,11,0
ryskin2021,432,8,a,2.1112,3.7766,-1.6654,11,0
ryskin2021,432,9,mercenary,8.2390,13.2167,-4.9777,11,0
ryskin2021,432,10,.,2.9892,2.3026,0.6867,11,0
ryskin2021,432,11,<eos>,5.8705,2.3026,3.5680,11,0
ryskin2021,433,0,A,4.4455,3.7766,0.6689,11,0
ryskin2021,433,1,soldier,9.2250,10.4551,-1.2302,11,0
ryskin2021,433,2,fighting,8.3788,9.3943,-1.0154,11,0
ryskin2021,433,3,for,4.5768,4.5854,-0.0086,11,0
ryskin2021,433,4,the,1.6823,2.9243,-1.2421,11,0
ryskin2021,433,5,highest,4.7788,9.5333,-4.7545,11,0
ryskin2021,433,6,bidder,7.0303,12.7103,-5.6799,11,0
ryskin2021,433,7,is,3.3694,4.4482,-1.0787,11,0
ryskin2021,433,8,a,2.1114,3.7766,-1.6652,11,0
ryskin2021,433,9,missionary,11.2988,11.9045,-0.6057,11,0
ryskin2021,433,10,.,3.2797,2.3026,0.9771,11,0
ryskin2021,433,11,<eos>,5.7743,2.3026,3.4717,11,0
ryskin2021,434,0,A,4.4452,3.7766,0.6686,11,0
ryskin2021,434,1,soldier,9.2250,10.4551,-1.2301,11,0
ryskin2021,434,2,fighting,8.3791,9.3943,-1.0152,11,0
ryskin2021,434,3,for,4.5766,4.5854,-0.0087,11,0
ryskin2021,434,4,the,1.6820,2.9243,-1.2423,11,0
ryskin2021,434,5,highest,4.7789,9.5333,-4.7544,11,0
ryskin2021,434,6,bidder,7.0294,12.7103,-5.6808,11,0
ryskin2021,434,7,is,3.3679,4.4482,-1.0802,11,0
ryskin2021,434,8,an,3.7826,5.6869,-1.9043,11,0
ryskin2021,434,9,apostrophe,10.7605,14.3689,-3.6084,11,0
ryskin2021,434,10,.,1.8805,2.3026,-0.4221,11,0
ryskin2021,434,11,<eos>,5.3831,2.3026,3.0805,11,0
ryskin2021,435,0,A,4.4443,3.7766,0.6677,11,0
ryskin2021,435,1,soldier,9.2254,10.4551,-1.2297,11,0
ryskin2021,435,2,fighting,8.3789,9.3943,-1.0154,11,0
ryskin2021,435,3,for,4.5765,4.5854,-0.0088,11,0
ryskin2021,435,4,the,1.6821,2.9243,-1.2423,11,0
ryskin2021,435,5,highest,4.7786,9.5333,-4.7547,11,0
ryskin2021,435,6,bidder,7.0303,12.7103,-5.6800,11,0
ryskin2021,435,7,is,3.3678,4.4482,-1.0804,11,0
ryskin2021,435,8,a,2.1113,3.7766,-1.6653,11,0
ryskin2021,435,9,mercenaries,13.9855,13.1684,0.8171,11,0
ryskin2021,435,10,.,3.3494,2.3026,1.0468,11,0
ryskin2021,435,11,<eos>,6.2380,2.3026,3.9354,11,0
ryskin2021,436,0,The,3.9734,2.9243,1.0490,11,0
ryskin2021,436,1,devout,15.6921,13.0316,2.6605,11,0
ryskin2021,436,2,christian,8.3171,9.4861,-1.1690,11,0
ryskin2021,436,3,girl,5.4593,8.3349,-2.8755,11,0
ryskin2021,436,4,travelled,10.2193,11.5590,-1.3397,11,0
ryskin2021,436,5,to,0.7689,3.6156,-2.8467,11,0
ryskin2021,436,6,india,11.5194,9.1150,2.4043,11,0
ryskin2021,436,7,as,4.6717,5.1345,-0.4628,11,0
ryskin2021,436,8,a,1.0152,3.7766,-2.7614,11,0
ryskin2021,436,9,missionary,6.5572,11.9045,-5.3473,11,0
ryskin2021,436,10,.,3.0885,2.3026,0.7859,11,0
ryskin2021,436,11,<eos>,6.2612,2.3026,3.9586,11,0
ryskin2021,437,0,The,3.9745,2.9243,1.0501,11,0
ryskin2021,437,1,devout,15.6922,13.0316,2.6606,11,0
ryskin2021,437,2,christian,8.3170,9.4861,-1.1691,11,0
ryskin2021,437,3,girl,5.4590,8.3349,-2.8758,11,0
ryskin2021,437,4,travelled,10.2198,11.5590,-1.3392,11,0
ryskin2021,437,5,to,0.7689,3.6156,-2.8468,11,0
ryskin2021,437,6,india,11.5190,9.1150,2.4040,11,0
ryskin2021,437,7,as,4.6718,5.1345,-0.4627,11,0
ryskin2021,437,8,a,1.0150,3.7766,-2.7617,11,0
ryskin2021,437,9,mercenary,9.5657,13.2167,-3.6509,11,0
ryskin2021,437,10,.,3.0227,2.3026,0.7201,11,0
ryskin2021,437,11,<eos>,6.0078,2.3026,3.7052,11,0
ryskin2021,438,0,The,3.9734,2.9243,1.0490,11,0
ryskin2021,438,1,devout,15.6921,13.0316,2.6605,11,0
ryskin2021,438,2,christian,8.3171,9.4861,-1.1690,11,0
ryskin2021,438,3,girl,5.4593,8.3349,-2.8755,11,0
ryskin2021,438,4,travelled,10.2193,11.5590,-1.3397,11,0
ryskin2021,438,5,to,0.7689,3.6156,-2.8467,11,0
ryskin2021,438,6,india,11.5194,9.1150,2.4043,11,0
ryskin2021,438,7,as,4.6717,5.1345,-0.4628,11,0
ryskin2021,438,8,an,2.9003,5.6869,-2.7866,11,0
ryskin2021,438,9,admission,8.1874,11.1693,-2.9819,11,0
ryskin2021,438,10,.,3.6349,2.3026,1.3323,11,0
ryskin2021,438,11,<eos>,5.9708,2.3026,3.6683,11,0
ryskin2021,439,0,The,3.9734,2.9243,1.0490,11,0
ryskin2021,439,1,devout,15.6921,13.0316,2.6605,11,0
ryskin2021,439,2,christian,8.3171,9.4861,-1.1690,11,0
ryskin2021,439,3,girl,5.4593,8.3349,-2.8755,11,0
ryskin2021,439,4,travelled,10.2193,11.5590,-1.3397,11,0
ryskin2021,439,5,to,0.7689,3.6156,-2.8467,11,0
ryskin2021,439,6,india,11.5194,9.1150,2.4043,11,0
ryskin2021,439,7,as,4.6717,5.1345,-0.4628,11,0
ryskin2021,439,8,a,1.0152,3.7766,-2.7614,11,0
ryskin2021,439,9,missionaries,9.3633,12.3876,-3.0243,11,0
ryskin2021,439,10,.,3.0782,2.3026,0.7756,11,0
ryskin2021,439,11,<eos>,6.2629,2.3026,3.9604,11,0
ryskin2021,440,0,That,7.1199,4.5854,2.5346,11,0
ryskin2021,440,1,white,10.5629,8.0348,2.5282,11,0
ryskin2021,440,2,dog,6.4235,8.9792,-2.5558,11,0
ryskin2021,440,3,with,5.2921,4.9505,0.3416,11,0
ryskin2021,440,4,little,4.9976,7.4840,-2.4864,11,0
ryskin2021,440,5,black,5.9865,8.1526,-2.1660,11,0
ryskin2021,440,6,spots,4.5686,10.7521,-6.1836,11,0
ryskin2021,440,7,is,2.6824,4.4482,-1.7658,11,0
ryskin2021,440,8,a,1.9433,3.7766,-1.8333,11,0
ryskin2021,440,9,dalmatian,14.3440,14.5986,-0.2546,11,0
ryskin2021,440,10,.,2.3969,2.3026,0.0943,11,0
ryskin2021,440,11,<eos>,5.1672,2.3026,2.8646,11,0
ryskin2021,441,0,That,7.1197,4.5854,2.5343,11,0
ryskin2021,441,1,white,10.5627,8.0348,2.5280,11,0
ryskin2021,441,2,dog,6.4235,8.9792,-2.5557,11,0
ryskin2021,441,3,with,5.2921,4.9505,0.3416,11,0
ryskin2021,441,4,little,4.9978,7.4840,-2.4862,11,0
ryskin2021,441,5,black,5.9861,8.1526,-2.1665,11,0
ryskin2021,441,6,spots,4.5684,10.7521,-6.1837,11,0
ryskin2021,441,7,is,2.6814,4.4482,-1.7668,11,0
ryskin2021,441,8,a,1.9434,3.7766,-1.8332,11,0
ryskin2021,441,9,damnation,15.6975,13.9309,1.7666,11,0
ryskin2021,441,10,.,1.1633,2.3026,-1.1393,11,0
ryskin2021,441,11,<eos>,4.7694,2.3026,2.4668,11,0
ryskin2021,442,0,That,7.1199,4.5854,2.5346,11,0
ryskin2021,442,1,white,10.5629,8.0348,2.5282,11,0
ryskin2021,442,2,dog,6.4235,8.9792,-2.5558,11,0
ryskin2021,442,3,with,5.2921,4.9505,0.3416,11,0
ryskin2021,442,4,little,4.9976,7.4840,-2.4864,11,0
ryskin2021,442,5,black,5.9865,8.1526,-2.1660,11,0
ryskin2021,442,6,spots,4.5686,10.7521,-6.1836,11,0
ryskin2021,442,7,is,2.6824,4.4482,-1.7658,11,0
ryskin2021,442,8,an,3.9106,5.6869,-1.7764,11,0
ryskin2021,442,9,umpire,12.8878,12.9654,-0.0776,11,0
ryskin2021,442,10,.,1.4675,2.3026,-0.8350,11,0
ryskin2021,442,11,<eos>,5.3626,2.3026,3.0601,11,0
ryskin2021,443,0,That,7.1199,4.5854,2.5346,11,0
ryskin2021,443,1,white,10.5629,8.0348,2.5282,11,0
ryskin2021,443,2,dog,6.4235,8.9792,-2.5558,11,0
ryskin2021,443,3,with,5.2921,4.9505,0.3416,11,0
ryskin2021,443,4,little,4.9976,7.4840,-2.4864,11,0
ryskin2021,443,5,black,5.9865,8.1526,-2.1660,11,0
ryskin2021,443,6,spots,4.5686,10.7521,-6.1836,11,0
ryskin2021,443,7,is,2.6824,4.4482,-1.7658,11,0
ryskin2021,443,8,a,1.9433,3.7766,-1.8333,11,0
ryskin2021,443,9,dalmations,25.6230,17.5246,8.0984,11,0
ryskin2021,443,10,.,3.8183,2.3026,1.5157,11,0
ryskin2021,443,11,<eos>,5.3295,2.3026,3.0269,11,0
ryskin2021,444,0,The,3.9742,2.9243,1.0498,11,0
ryskin2021,444,1,crowded,12.3080,11.5590,0.7490,11,0
ryskin2021,444,2,urban,5.6405,10.0155,-4.3750,11,0
ryskin2021,444,3,neighborhood,5.8981,10.3624,-4.4642,11,0
ryskin2021,444,4,had,6.3707,6.1469,0.2237,11,0
ryskin2021,444,5,a,1.1429,3.7766,-2.6338,11,0
ryskin2021,444,6,very,3.7827,6.9078,-3.1251,11,0
ryskin2021,444,7,high,2.4452,7.4840,-5.0388,11,0
ryskin2021,444,8,population,3.7149,9.1905,-5.4756,11,0
ryskin2021,444,9,density,0.2273,10.7521,-10.5248,11,0
ryskin2021,444,10,.,1.8242,2.3026,-0.4784,11,0
ryskin2021,444,11,<eos>,7.6379,2.3026,5.3353,11,0
ryskin2021,445,0,The,3.9742,2.9243,1.0498,11,0
ryskin2021,445,1,crowded,12.3080,11.5590,0.7490,11,0
ryskin2021,445,2,urban,5.6405,10.0155,-4.3750,11,0
ryskin2021,445,3,neighborhood,5.8981,10.3624,-4.4642,11,0
ryskin2021,445,4,had,6.3707,6.1469,0.2237,11,0
ryskin2021,445,5,a,1.1429,3.7766,-2.6338,11,0
ryskin2021,445,6,very,3.7827,6.9078,-3.1251,11,0
ryskin2021,445,7,high,2.4452,7.4840,-5.0388,11,0
ryskin2021,445,8,population,3.7149,9.1905,-5.4756,11,0
ryskin2021,445,9,destiny,16.7554,11.0747,5.6807,11,0
ryskin2021,445,10,.,1.0967,2.3026,-1.2059,11,0
ryskin2021,445,11,<eos>,7.3103,2.3026,5.0078,11,0
ryskin2021,446,0,The,3.9742,2.9243,1.0498,11,0
ryskin2021,446,1,crowded,12.3080,11.5590,0.7490,11,0
ryskin2021,446,2,urban,5.6405,10.0155,-4.3750,11,0
ryskin2021,446,3,neighborhood,5.8981,10.3624,-4.4642,11,0
ryskin2021,446,4,had,6.3707,6.1469,0.2237,11,0
ryskin2021,446,5,a,1.1429,3.7766,-2.6338,11,0
ryskin2021,446,6,very,3.7827,6.9078,-3.1251,11,0
ryskin2021,446,7,high,2.4452,7.4840,-5.0388,11,0
ryskin2021,446,8,population,3.7149,9.1905,-5.4756,11,0
ryskin2021,446,9,missionary,19.2140,11.9045,7.3095,11,0
ryskin2021,446,10,.,5.0315,2.3026,2.7289,11,0
ryskin2021,446,11,<eos>,7.9179,2.3026,5.6153,11,0
ryskin2021,447,0,The,3.9742,2.9243,1.0498,11,0
ryskin2021,447,1,crowded,12.3080,11.5590,0.7490,11,0
ryskin2021,447,2,urban,5.6405,10.0155,-4.3750,11,0
ryskin2021,447,3,neighborhood,5.8981,10.3624,-4.4642,11,0
ryskin2021,447,4,had,6.3707,6.1469,0.2237,11,0
ryskin2021,447,5,a,1.1429,3.7766,-2.6338,11,0
ryskin2021,447,6,very,3.7827,6.9078,-3.1251,11,0
ryskin2021,447,7,high,2.4452,7.4840,-5.0388,11,0
ryskin2021,447,8,population,3.7149,9.1905,-5.4756,11,0
ryskin2021,447,9,densities,4.8411,13.6332,-8.7921,11,0
ryskin2021,447,10,.,1.8484,2.3026,-0.4542,11,0
ryskin2021,447,11,<eos>,7.8200,2.3026,5.5174,11,0
ryskin2021,448,0,My,6.3777,5.5940,0.7837,11,0
ryskin2021,448,1,back,7.9277,6.8124,1.1152,11,0
ryskin2021,448,2,was,4.7993,5.0192,-0.2199,11,0
ryskin2021,448,3,so,5.0270,5.7108,-0.6838,11,0
ryskin2021,448,4,tense,7.4269,11.6283,-4.2014,11,0
ryskin2021,448,5,i,6.3490,4.3982,1.9508,11,0
ryskin2021,448,6,really,5.8717,6.9771,-1.1054,11,0
ryskin2021,448,7,needed,3.9799,8.7982,-4.8183,11,0
ryskin2021,448,8,a,2.0642,3.7766,-1.7124,11,0
ryskin2021,448,9,massage,7.5506,11.4931,-3.9425,11,0
ryskin2021,448,10,.,2.3759,2.3026,0.0733,11,0
ryskin2021,448,11,<eos>,5.3173,2.3026,3.0147,11,0
ryskin2021,449,0,My,6.3777,5.5940,0.7837,11,0
ryskin2021,449,1,back,7.9277,6.8124,1.1152,11,0
ryskin2021,449,2,was,4.7993,5.0192,-0.2199,11,0
ryskin2021,449,3,so,5.0270,5.7108,-0.6838,11,0
ryskin2021,449,4,tense,7.4269,11.6283,-4.2014,11,0
ryskin2021,449,5,i,6.3490,4.3982,1.9508,11,0
ryskin2021,449,6,really,5.8717,6.9771,-1.1054,11,0
ryskin2021,449,7,needed,3.9799,8.7982,-4.8183,11,0
ryskin2021,449,8,a,2.0642,3.7766,-1.7124,11,0
ryskin2021,449,9,message,7.3927,9.2103,-1.8177,11,0
ryskin2021,449,10,.,2.8799,2.3026,0.5774,11,0
ryskin2021,449,11,<eos>,5.2777,2.3026,2.9751,11,0
ryskin2021,450,0,My,6.3777,5.5940,0.7837,11,0
ryskin2021,450,1,back,7.9277,6.8124,1.1152,11,0
ryskin2021,450,2,was,4.7993,5.0192,-0.2199,11,0
ryskin2021,450,3,so,5.0270,5.7108,-0.6838,11,0
ryskin2021,450,4,tense,7.4269,11.6283,-4.2014,11,0
ryskin2021,450,5,i,6.3490,4.3982,1.9508,11,0
ryskin2021,450,6,really,5.8717,6.9771,-1.1054,11,0
ryskin2021,450,7,needed,3.9799,8.7982,-4.8183,11,0
ryskin2021,450,8,a,2.0642,3.7766,-1.7124,11,0
ryskin2021,450,9,cartridge,11.1151,12.5018,-1.3867,11,0
ryskin2021,450,10,.,2.7461,2.3026,0.4436,11,0
ryskin2021,450,11,<eos>,5.4197,2.3026,3.1172,11,0
ryskin2021,451,0,My,6.3777,5.5940,0.7837,11,0
ryskin2021,451,1,back,7.9277,6.8124,1.1152,11,0
ryskin2021,451,2,was,4.7993,5.0192,-0.2199,11,0
ryskin2021,451,3,so,5.0270,5.7108,-0.6838,11,0
ryskin2021,451,4,tense,7.4269,11.6283,-4.2014,11,0
ryskin2021,451,5,i,6.3490,4.3982,1.9508,11,0
ryskin2021,451,6,really,5.8717,6.9771,-1.1054,11,0
ryskin2021,451,7,needed,3.9799,8.7982,-4.8183,11,0
ryskin2021,451,8,a,2.0642,3.7766,-1.7124,11,0
ryskin2021,451,9,massages,16.5976,13.6332,2.9645,11,0
ryskin2021,451,10,.,3.3792,2.3026,1.0766,11,0
ryskin2021,451,11,<eos>,5.5396,2.3026,3.2370,11,0
ryskin2021,452,0,The,3.9742,2.9243,1.0498,11,0
ryskin2021,452,1,president,7.7930,8.1736,-0.3806,11,0
ryskin2021,452,2,of,1.0223,3.6849,-2.6626,11,0
ryskin2021,452,3,the,0.5803,2.9243,-2.3440,11,0
ryskin2021,452,4,college,7.5030,8.5898,-1.0867,11,0
ryskin2021,452,5,handed,12.0659,10.5459,1.5200,11,0
ryskin2021,452,6,each,9.2239,7.6211,1.6028,11,0
ryskin2021,452,7,graduate,7.7448,10.3624,-2.6175,11,0
ryskin2021,452,8,a,2.0420,3.7766,-1.7346,11,0
ryskin2021,452,9,diploma,6.0587,12.0663,-6.0076,11,0
ryskin2021,452,10,.,2.3686,2.3026,0.0660,11,0
ryskin2021,452,11,<eos>,6.7976,2.3026,4.4950,11,0
ryskin2021,453,0,The,3.9742,2.9243,1.0498,11,0
ryskin2021,453,1,president,7.7930,8.1736,-0.3806,11,0
ryskin2021,453,2,of,1.0223,3.6849,-2.6626,11,0
ryskin2021,453,3,the,0.5803,2.9243,-2.3440,11,0
ryskin2021,453,4,college,7.5030,8.5898,-1.0867,11,0
ryskin2021,453,5,handed,12.0659,10.5459,1.5200,11,0
ryskin2021,453,6,each,9.2239,7.6211,1.6028,11,0
ryskin2021,453,7,graduate,7.7448,10.3624,-2.6175,11,0
ryskin2021,453,8,a,2.0420,3.7766,-1.7346,11,0
ryskin2021,453,9,diplomat,11.5644,12.2263,-0.6619,11,0
ryskin2021,453,10,.,3.6677,2.3026,1.3651,11,0
ryskin2021,453,11,<eos>,6.3087,2.3026,4.0061,11,0
ryskin2021,454,0,The,3.9742,2.9243,1.0498,11,0
ryskin2021,454,1,president,7.7930,8.1736,-0.3806,11,0
ryskin2021,454,2,of,1.0223,3.6849,-2.6626,11,0
ryskin2021,454,3,the,0.5803,2.9243,-2.3440,11,0
ryskin2021,454,4,college,7.5030,8.5898,-1.0867,11,0
ryskin2021,454,5,handed,12.0659,10.5459,1.5200,11,0
ryskin2021,454,6,each,9.2239,7.6211,1.6028,11,0
ryskin2021,454,7,graduate,7.7448,10.3624,-2.6175,11,0
ryskin2021,454,8,an,4.2707,5.6869,-1.4162,11,0
ryskin2021,454,9,infection,10.3713,10.7521,-0.3809,11,0
ryskin2021,454,10,.,3.2199,2.3026,0.9173,11,0
ryskin2021,454,11,<eos>,6.2214,2.3026,3.9188,11,0
ryskin2021,455,0,The,3.9742,2.9243,1.0498,11,0
ryskin2021,455,1,president,7.7930,8.1736,-0.3806,11,0
ryskin2021,455,2,of,1.0223,3.6849,-2.6626,11,0
ryskin2021,455,3,the,0.5803,2.9243,-2.3440,11,0
ryskin2021,455,4,college,7.5030,8.5898,-1.0867,11,0
ryskin2021,455,5,handed,12.0659,10.5459,1.5200,11,0
ryskin2021,455,6,each,9.2239,7.6211,1.6028,11,0
ryskin2021,455,7,graduate,7.7448,10.3624,-2.6175,11,0
ryskin2021,455,8,a,2.0420,3.7766,-1.7346,11,0
ryskin2021,455,9,diplomas,11.0958,13.7957,-2.6999,11,0
ryskin2021,455,10,.,2.8256,2.3026,0.5230,11,0
ryskin2021,455,11,<eos>,6.8399,2.3026,4.5374,11,0
ryskin2021,456,0,The,3.9742,2.9243,1.0498,11,0
ryskin2021,456,1,ambassador,12.2179,10.7064,1.5114,11,0
ryskin2021,456,2,who,6.1725,6.1239,0.0487,11,0
ryskin2021,456,3,negotiated,6.4644,12.0188,-5.5544,11,0
ryskin2021,456,4,the,0.5932,2.9243,-2.3312,11,0
ryskin2021,456,5,deal,2.4267,8.4732,-6.0464,11,0
ryskin2021,456,6,was,1.9854,5.0192,-3.0337,11,0
ryskin2021,456,7,a,2.4840,3.7766,-1.2926,11,0
ryskin2021,456,8,skilled,7.1117,11.2128,-4.1011,11,0
ryskin2021,456,9,diplomat,3.9195,12.2263,-8.3068,11,0
ryskin2021,456,10,.,1.9171,2.3026,-0.3855,11,0
ryskin2021,456,11,<eos>,5.7376,2.3026,3.4350,11,0
ryskin2021,457,0,The,3.9742,2.9243,1.0498,11,0
ryskin2021,457,1,ambassador,12.2179,10.7064,1.5114,11,0
ryskin2021,457,2,who,6.1725,6.1239,0.0487,11,0
ryskin2021,457,3,negotiated,6.4644,12.0188,-5.5544,11,0
ryskin2021,457,4,the,0.5932,2.9243,-2.3312,11,0
ryskin2021,457,5,deal,2.4267,8.4732,-6.0464,11,0
ryskin2021,457,6,was,1.9854,5.0192,-3.0337,11,0
ryskin2021,457,7,a,2.4840,3.7766,-1.2926,11,0
ryskin2021,457,8,skilled,7.1117,11.2128,-4.1011,11,0
ryskin2021,457,9,diploma,14.3429,12.0663,2.2766,11,0
ryskin2021,457,10,.,2.3326,2.3026,0.0300,11,0
ryskin2021,457,11,<eos>,5.7977,2.3026,3.4951,11,0
ryskin2021,458,0,The,3.9742,2.9243,1.0498,11,0
ryskin2021,458,1,ambassador,12.2179,10.7064,1.5114,11,0
ryskin2021,458,2,who,6.1725,6.1239,0.0487,11,0
ryskin2021,458,3,negotiated,6.4644,12.0188,-5.5544,11,0
ryskin2021,458,4,the,0.5932,2.9243,-2.3312,11,0
ryskin2021,458,5,deal,2.4267,8.4732,-6.0464,11,0
ryskin2021,458,6,was,1.9854,5.0192,-3.0337,11,0
ryskin2021,458,7,a,2.4840,3.7766,-1.2926,11,0
ryskin2021,458,8,skilled,7.1117,11.2128,-4.1011,11,0
ryskin2021,458,9,constellation,14.1832,12.9654,1.2179,11,0
ryskin2021,458,10,.,3.2237,2.3026,0.9211,11,0
ryskin2021,458,11,<eos>,5.9164,2.3026,3.6138,11,0
ryskin2021,459,0,The,3.9742,2.9243,1.0498,11,0
ryskin2021,459,1,ambassador,12.2179,10.7064,1.5114,11,0
ryskin2021,459,2,who,6.1725,6.1239,0.0487,11,0
ryskin2021,459,3,negotiated,6.4644,12.0188,-5.5544,11,0
ryskin2021,459,4,the,0.5932,2.9243,-2.3312,11,0
ryskin2021,459,5,deal,2.4267,8.4732,-6.0464,11,0
ryskin2021,459,6,was,1.9854,5.0192,-3.0337,11,0
ryskin2021,459,7,a,2.4840,3.7766,-1.2926,11,0
ryskin2021,459,8,skilled,7.1117,11.2128,-4.1011,11,0
ryskin2021,459,9,diplomats,10.0301,12.5947,-2.5646,11,0
ryskin2021,459,10,.,3.0801,2.3026,0.7775,11,0
ryskin2021,459,11,<eos>,6.0595,2.3026,3.7569,11,0
ryskin2021,460,0,The,3.9742,2.9243,1.0498,11,0
ryskin2021,460,1,retiree,14.1147,14.2525,-0.1378,11,0
ryskin2021,460,2,found,7.5206,7.6438,-0.1232,11,0
ryskin2021,460,3,he,5.5645,5.3185,0.2460,11,0
ryskin2021,460,4,soon,8.7648,8.4732,0.2916,11,0
ryskin2021,460,5,tired,8.3034,9.8778,-1.5744,11,0
ryskin2021,460,6,of,0.4100,3.6849,-3.2749,11,0
ryskin2021,460,7,all,3.9527,5.7108,-1.7581,11,0
ryskin2021,460,8,this,3.0723,5.0192,-1.9469,11,0
ryskin2021,460,9,leisure,9.7114,11.6968,-1.9854,11,0
ryskin2021,460,10,.,3.1947,2.3026,0.8921,11,0
ryskin2021,460,11,<eos>,5.4615,2.3026,3.1589,11,0
ryskin2021,461,0,The,3.9742,2.9243,1.0498,11,0
ryskin2021,461,1,retiree,14.1147,14.2525,-0.1378,11,0
ryskin2021,461,2,found,7.5206,7.6438,-0.1232,11,0
ryskin2021,461,3,he,5.5645,5.3185,0.2460,11,0
ryskin2021,461,4,soon,8.7648,8.4732,0.2916,11,0
ryskin2021,461,5,tired,8.3034,9.8778,-1.5744,11,0
ryskin2021,461,6,of,0.4100,3.6849,-3.2749,11,0
ryskin2021,461,7,all,3.9527,5.7108,-1.7581,11,0
ryskin2021,461,8,this,3.0723,5.0192,-1.9469,11,0
ryskin2021,461,9,lesion,15.5734,13.6332,1.9402,11,0
ryskin2021,461,10,.,2.0818,2.3026,-0.2208,11,0
ryskin2021,461,11,<eos>,5.3408,2.3026,3.0382,11,0
ryskin2021,462,0,The,3.9738,2.9243,1.0495,11,0
ryskin2021,462,1,retiree,14.1153,14.2525,-0.1371,11,0
ryskin2021,462,2,found,7.5206,7.6438,-0.1232,11,0
ryskin2021,462,3,he,5.5642,5.3185,0.2457,11,0
ryskin2021,462,4,soon,8.7636,8.4732,0.2904,11,0
ryskin2021,462,5,tired,8.3030,9.8778,-1.5748,11,0
ryskin2021,462,6,of,0.4100,3.6849,-3.2749,11,0
ryskin2021,462,7,all,3.9526,5.7108,-1.7582,11,0
ryskin2021,462,8,this,3.0720,5.0192,-1.9472,11,0
ryskin2021,462,9,phonology,17.5537,14.5986,2.9551,11,0
ryskin2021,462,10,.,2.2808,2.3026,-0.0218,11,0
ryskin2021,462,11,<eos>,5.2854,2.3026,2.9828,11,0
ryskin2021,463,0,The,3.9734,2.9243,1.0490,11,0
ryskin2021,463,1,retiree,14.1151,14.2525,-0.1374,11,0
ryskin2021,463,2,found,7.5206,7.6438,-0.1232,11,0
ryskin2021,463,3,he,5.5645,5.3185,0.2460,11,0
ryskin2021,463,4,soon,8.7639,8.4732,0.2907,11,0
ryskin2021,463,5,tired,8.3030,9.8778,-1.5748,11,0
ryskin2021,463,6,of,0.4101,3.6849,-3.2748,11,0
ryskin2021,463,7,all,3.9521,5.7108,-1.7587,11,0
ryskin2021,463,8,this,3.0720,5.0192,-1.9471,11,0
ryskin2021,463,9,leisures,22.3023,18.4207,3.8816,11,0
ryskin2021,463,10,.,2.2477,2.3026,-0.0549,11,0
ryskin2021,463,11,<eos>,5.6401,2.3026,3.3376,11,0
ryskin2021,464,0,His,10.3385,5.7322,4.6064,11,0
ryskin2021,464,1,personality,8.1867,10.2460,-2.0593,11,0
ryskin2021,464,2,was,2.6802,5.0192,-2.3390,11,0
ryskin2021,464,3,dramatically,7.7978,11.6283,-3.8305,11,0
ryskin2021,464,4,altered,2.2915,11.4641,-9.1726,11,0
ryskin2021,464,5,after,3.7372,6.6531,-2.9159,11,0
ryskin2021,464,6,acquiring,8.4067,11.9734,-3.5666,11,0
ryskin2021,464,7,this,5.4771,5.0192,0.4579,11,0
ryskin2021,464,8,brain,6.8319,9.3485,-2.5166,11,0
ryskin2021,464,9,lesion,5.4510,13.6332,-8.1822,11,0
ryskin2021,464,10,.,1.1085,2.3026,-1.1941,11,0
ryskin2021,464,11,<eos>,4.8350,2.3026,2.5324,11,0
ryskin2021,465,0,His,10.3385,5.7322,4.6064,11,0
ryskin2021,465,1,personality,8.1867,10.2460,-2.0593,11,0
ryskin2021,465,2,was,2.6802,5.0192,-2.3390,11,0
ryskin2021,465,3,dramatically,7.7978,11.6283,-3.8305,11,0
ryskin2021,465,4,altered,2.2915,11.4641,-9.1726,11,0
ryskin2021,465,5,after,3.7372,6.6531,-2.9159,11,0
ryskin2021,465,6,acquiring,8.4067,11.9734,-3.5666,11,0
ryskin2021,465,7,this,5.4771,5.0192,0.4579,11,0
ryskin2021,465,8,brain,6.8319,9.3485,-2.5166,11,0
ryskin2021,465,9,leisure,15.9338,11.6968,4.2370,11,0
ryskin2021,465,10,.,2.5664,2.3026,0.2638,11,0
ryskin2021,465,11,<eos>,5.0391,2.3026,2.7365,11,0
ryskin2021,466,0,His,10.3385,5.7322,4.6064,11,0
ryskin2021,466,1,personality,8.1867,10.2460,-2.0593,11,0
ryskin2021,466,2,was,2.6802,5.0192,-2.3390,11,0
ryskin2021,466,3,dramatically,7.7978,11.6283,-3.8305,11,0
ryskin2021,466,4,altered,2.2915,11.4641,-9.1726,11,0
ryskin2021,466,5,after,3.7372,6.6531,-2.9159,11,0
ryskin2021,466,6,acquiring,8.4067,11.9734,-3.5666,11,0
ryskin2021,466,7,this,5.4771,5.0192,0.4579,11,0
ryskin2021,466,8,brain,6.8319,9.3485,-2.5166,11,0
ryskin2021,466,9,rhino,13.4436,12.5018,0.9419,11,0
ryskin2021,466,10,.,1.7512,2.3026,-0.5514,11,0
ryskin2021,466,11,<eos>,4.9584,2.3026,2.6558,11,0
ryskin2021,467,0,His,10.3385,5.7322,4.6064,11,0
ryskin2021,467,1,personality,8.1867,10.2460,-2.0593,11,0
ryskin2021,467,2,was,2.6802,5.0192,-2.3390,11,0
ryskin2021,467,3,dramatically,7.7978,11.6283,-3.8305,11,0
ryskin2021,467,4,altered,2.2915,11.4641,-9.1726,11,0
ryskin2021,467,5,after,3.7372,6.6531,-2.9159,11,0
ryskin2021,467,6,acquiring,8.4067,11.9734,-3.5666,11,0
ryskin2021,467,7,this,5.4771,5.0192,0.4579,11,0
ryskin2021,467,8,brain,6.8319,9.3485,-2.5166,11,0
ryskin2021,467,9,lesions,8.3566,12.8260,-4.4694,11,0
ryskin2021,467,10,.,1.1246,2.3026,-1.1780,11,0
ryskin2021,467,11,<eos>,4.8702,2.3026,2.5676,11,0
ryskin2021,468,0,The,3.9742,2.9243,1.0498,11,0
ryskin2021,468,1,low,8.7880,8.4495,0.3384,11,0
ryskin2021,468,2,intensity,5.4145,11.1908,-5.7763,11,0
ryskin2021,468,3,workout,10.7288,11.4641,-0.7353,11,0
ryskin2021,468,4,compensated,12.6652,12.6399,0.0253,11,0
ryskin2021,468,5,by,1.9102,5.3882,-3.4780,11,0
ryskin2021,468,6,having,6.3826,7.8519,-1.4693,11,0
ryskin2021,468,7,a,1.2047,3.7766,-2.5720,11,0
ryskin2021,468,8,long,5.3325,7.3447,-2.0122,11,0
ryskin2021,468,9,duration,4.3810,11.1908,-6.8099,11,0
ryskin2021,468,10,.,4.4068,2.3026,2.1042,11,0
ryskin2021,468,11,<eos>,4.9502,2.3026,2.6477,11,0
ryskin2021,469,0,The,3.9742,2.9243,1.0498,11,0
ryskin2021,469,1,low,8.7880,8.4495,0.3384,11,0
ryskin2021,469,2,intensity,5.4145,11.1908,-5.7763,11,0
ryskin2021,469,3,workout,10.7288,11.4641,-0.7353,11,0
ryskin2021,469,4,compensated,12.6652,12.6399,0.0253,11,0
ryskin2021,469,5,by,1.9102,5.3882,-3.4780,11,0
ryskin2021,469,6,having,6.3826,7.8519,-1.4693,11,0
ryskin2021,469,7,a,1.2047,3.7766,-2.5720,11,0
ryskin2021,469,8,long,5.3325,7.3447,-2.0122,11,0
ryskin2021,469,9,adoration,17.1488,13.5609,3.5879,11,0
ryskin2021,469,10,.,2.9802,2.3026,0.6776,11,0
ryskin2021,469,11,<eos>,4.9739,2.3026,2.6713,11,0
ryskin2021,470,0,The,3.9742,2.9243,1.0498,11,0
ryskin2021,470,1,low,8.7880,8.4495,0.3384,11,0
ryskin2021,470,2,intensity,5.4145,11.1908,-5.7763,11,0
ryskin2021,470,3,workout,10.7288,11.4641,-0.7353,11,0
ryskin2021,470,4,compensated,12.6652,12.6399,0.0253,11,0
ryskin2021,470,5,by,1.9102,5.3882,-3.4780,11,0
ryskin2021,470,6,having,6.3826,7.8519,-1.4693,11,0
ryskin2021,470,7,a,1.2047,3.7766,-2.5720,11,0
ryskin2021,470,8,long,5.3325,7.3447,-2.0122,11,0
ryskin2021,470,9,frankenstein,20.8349,13.0547,7.7802,11,0
ryskin2021,470,10,.,3.2896,2.3026,0.9870,11,0
ryskin2021,470,11,<eos>,5.1049,2.3026,2.8023,11,0
ryskin2021,471,0,The,3.9742,2.9243,1.0498,11,0
ryskin2021,471,1,low,8.7880,8.4495,0.3384,11,0
ryskin2021,471,2,intensity,5.4145,11.1908,-5.7763,11,0
ryskin2021,471,3,workout,10.7288,11.4641,-0.7353,11,0
ryskin2021,471,4,compensated,12.6652,12.6399,0.0253,11,0
ryskin2021,471,5,by,1.9102,5.3882,-3.4780,11,0
ryskin2021,471,6,having,6.3826,7.8519,-1.4693,11,0
ryskin2021,471,7,a,1.2047,3.7766,-2.5720,11,0
ryskin2021,471,8,long,5.3325,7.3447,-2.0122,11,0
ryskin2021,471,9,durations,10.6760,14.4830,-3.8070,11,0
ryskin2021,471,10,.,4.0722,2.3026,1.7696,11,0
ryskin2021,471,11,<eos>,5.0056,2.3026,2.7030,11,0
ryskin2021,472,0,Yuan,13.5673,12.2041,1.3632,11,0
ryskin2021,472,1,emperors,19.4556,13.3331,6.1225,11,0
ryskin2021,472,2,were,6.6523,6.1239,0.5284,11,0
ryskin2021,472,3,mongolian,16.4100,13.6085,2.8015,11,0
ryskin2021,472,4,because,7.1132,6.8401,0.2731,11,0
ryskin2021,472,5,kublai,20.1825,15.6113,4.5712,11,0
ryskin2021,472,6,khan,11.5321,10.9363,0.5958,11,0
ryskin2021,472,7,founded,8.8573,10.3624,-1.5051,11,0
ryskin2021,472,8,this,4.2947,5.0192,-0.7245,11,0
ryskin2021,472,9,dynasty,7.7043,11.8127,-4.1083,11,0
ryskin2021,472,10,.,1.8596,2.3026,-0.4430,11,0
ryskin2021,472,11,<eos>,4.8574,2.3026,2.5548,11,0
ryskin2021,473,0,Yuan,13.5673,12.2041,1.3632,11,0
ryskin2021,473,1,emperors,19.4556,13.3331,6.1225,11,0
ryskin2021,473,2,were,6.6523,6.1239,0.5284,11,0
ryskin2021,473,3,mongolian,16.4100,13.6085,2.8015,11,0
ryskin2021,473,4,because,7.1132,6.8401,0.2731,11,0
ryskin2021,473,5,kublai,20.1825,15.6113,4.5712,11,0
ryskin2021,473,6,khan,11.5321,10.9363,0.5958,11,0
ryskin2021,473,7,founded,8.8573,10.3624,-1.5051,11,0
ryskin2021,473,8,this,4.2947,5.0192,-0.7245,11,0
ryskin2021,473,9,dynamite,16.6695,12.4571,4.2124,11,0
ryskin2021,473,10,.,2.2648,2.3026,-0.0378,11,0
ryskin2021,473,11,<eos>,4.9041,2.3026,2.6015,11,0
ryskin2021,474,0,Yuan,13.5673,12.2041,1.3632,11,0
ryskin2021,474,1,emperors,19.4556,13.3331,6.1225,11,0
ryskin2021,474,2,were,6.6523,6.1239,0.5284,11,0
ryskin2021,474,3,mongolian,16.4100,13.6085,2.8015,11,0
ryskin2021,474,4,because,7.1132,6.8401,0.2731,11,0
ryskin2021,474,5,kublai,20.1825,15.6113,4.5712,11,0
ryskin2021,474,6,khan,11.5321,10.9363,0.5958,11,0
ryskin2021,474,7,founded,8.8573,10.3624,-1.5051,11,0
ryskin2021,474,8,this,4.2947,5.0192,-0.7245,11,0
ryskin2021,474,9,inebriation,19.4150,16.0504,3.3646,11,0
ryskin2021,474,10,.,1.5750,2.3026,-0.7276,11,0
ryskin2021,474,11,<eos>,5.0005,2.3026,2.6979,11,0
ryskin2021,475,0,Yuan,13.5673,12.2041,1.3632,11,0
ryskin2021,475,1,emperors,19.4556,13.3331,6.1225,11,0
ryskin2021,475,2,were,6.6523,6.1239,0.5284,11,0
ryskin2021,475,3,mongolian,16.4100,13.6085,2.8015,11,0
ryskin2021,475,4,because,7.1132,6.8401,0.2731,11,0
ryskin2021,475,5,kublai,20.1825,15.6113,4.5712,11,0
ryskin2021,475,6,khan,11.5321,10.9363,0.5958,11,0
ryskin2021,475,7,founded,8.8573,10.3624,-1.5051,11,0
ryskin2021,475,8,this,4.2947,5.0192,-0.7245,11,0
ryskin2021,475,9,dynasties,15.7291,13.8849,1.8442,11,0
ryskin2021,475,10,.,1.7484,2.3026,-0.5541,11,0
ryskin2021,475,11,<eos>,4.7683,2.3026,2.4657,11,0
ryskin2021,476,0,That,7.1196,4.5854,2.5343,11,0
ryskin2021,476,1,grenade,15.2180,12.3181,2.8999,11,0
ryskin2021,476,2,explodes,8.1319,12.8716,-4.7397,11,0
ryskin2021,476,3,stronger,9.0995,10.2460,-1.1465,11,0
ryskin2021,476,4,than,0.6290,6.6077,-5.9787,11,0
ryskin2021,476,5,a,3.5263,3.7766,-0.2503,11,0
ryskin2021,476,6,stick,6.0253,9.7637,-3.7385,11,0
ryskin2021,476,7,of,3.4986,3.6849,-0.1862,11,0
ryskin2021,476,8,this,5.3550,5.0192,0.3358,11,0
ryskin2021,476,9,dynamite,10.2758,12.4571,-2.1813,11,0
ryskin2021,476,10,.,1.5856,2.3026,-0.7170,11,0
ryskin2021,476,11,<eos>,4.3319,2.3026,2.0293,11,0
ryskin2021,477,0,That,7.1199,4.5854,2.5346,11,0
ryskin2021,477,1,grenade,15.2177,12.3181,2.8995,11,0
ryskin2021,477,2,explodes,8.1318,12.8716,-4.7398,11,0
ryskin2021,477,3,stronger,9.0987,10.2460,-1.1472,11,0
ryskin2021,477,4,than,0.6294,6.6077,-5.9782,11,0
ryskin2021,477,5,a,3.5265,3.7766,-0.2501,11,0
ryskin2021,477,6,stick,6.0247,9.7637,-3.7390,11,0
ryskin2021,477,7,of,3.4987,3.6849,-0.1862,11,0
ryskin2021,477,8,this,5.3547,5.0192,0.3355,11,0
ryskin2021,477,9,dynasty,12.3813,11.8127,0.5686,11,0
ryskin2021,477,10,.,1.6190,2.3026,-0.6836,11,0
ryskin2021,477,11,<eos>,4.5594,2.3026,2.2568,11,0
ryskin2021,478,0,That,7.1196,4.5854,2.5343,11,0
ryskin2021,478,1,grenade,15.2180,12.3181,2.8999,11,0
ryskin2021,478,2,explodes,8.1319,12.8716,-4.7397,11,0
ryskin2021,478,3,stronger,9.0995,10.2460,-1.1465,11,0
ryskin2021,478,4,than,0.6290,6.6077,-5.9787,11,0
ryskin2021,478,5,a,3.5263,3.7766,-0.2503,11,0
ryskin2021,478,6,stick,6.0253,9.7637,-3.7385,11,0
ryskin2021,478,7,of,3.4986,3.6849,-0.1862,11,0
ryskin2021,478,8,this,5.3550,5.0192,0.3358,11,0
ryskin2021,478,9,infamy,15.5218,14.1385,1.3833,11,0
ryskin2021,478,10,.,1.9997,2.3026,-0.3029,11,0
ryskin2021,478,11,<eos>,4.3526,2.3026,2.0500,11,0
ryskin2021,479,0,That,7.1196,4.5854,2.5343,11,0
ryskin2021,479,1,grenade,15.2180,12.3181,2.8999,11,0
ryskin2021,479,2,explodes,8.1319,12.8716,-4.7397,11,0
ryskin2021,479,3,stronger,9.0995,10.2460,-1.1465,11,0
ryskin2021,479,4,than,0.6290,6.6077,-5.9787,11,0
ryskin2021,479,5,a,3.5263,3.7766,-0.2503,11,0
ryskin2021,479,6,stick,6.0253,9.7637,-3.7385,11,0
ryskin2021,479,7,of,3.4986,3.6849,-0.1862,11,0
ryskin2021,479,8,this,5.3550,5.0192,0.3358,11,0
ryskin2021,479,9,dynamites,19.3094,16.9928,2.3166,11,0
ryskin2021,479,10,.,1.9526,2.3026,-0.3500,11,0
ryskin2021,479,11,<eos>,4.4166,2.3026,2.1140,11,0
ryskin2021,480,0,The,3.9745,2.9243,1.0501,11,0
ryskin2021,480,1,doomsday,12.4423,13.4034,-0.9611,11,0
ryskin2021,480,2,preacher,10.7073,12.2490,-1.5417,11,0
ryskin2021,480,3,urged,9.5861,11.4931,-1.9070,11,0
ryskin2021,480,4,repentance,11.0461,13.3773,-2.3311,11,0
ryskin2021,480,5,and,2.0539,3.6613,-1.6074,11,0
ryskin2021,480,6,warned,8.5976,11.1008,-2.5032,11,0
ryskin2021,480,7,of,2.7723,3.6849,-0.9125,11,0
ryskin2021,480,8,an,3.8762,5.6869,-1.8107,11,0
ryskin2021,480,9,apocalypse,7.7855,12.1804,-4.3949,11,0
ryskin2021,480,10,.,1.3133,2.3026,-0.9893,11,0
ryskin2021,480,11,<eos>,5.2572,2.3026,2.9546,11,0
ryskin2021,481,0,The,3.9745,2.9243,1.0501,11,0
ryskin2021,481,1,doomsday,12.4423,13.4034,-0.9611,11,0
ryskin2021,481,2,preacher,10.7073,12.2490,-1.5417,11,0
ryskin2021,481,3,urged,9.5861,11.4931,-1.9070,11,0
ryskin2021,481,4,repentance,11.0461,13.3773,-2.3311,11,0
ryskin2021,481,5,and,2.0539,3.6613,-1.6074,11,0
ryskin2021,481,6,warned,8.5976,11.1008,-2.5032,11,0
ryskin2021,481,7,of,2.7723,3.6849,-0.9125,11,0
ryskin2021,481,8,an,3.8762,5.6869,-1.8107,11,0
ryskin2021,481,9,apostrophe,10.2711,14.3689,-4.0978,11,0
ryskin2021,481,10,.,1.8403,2.3026,-0.4623,11,0
ryskin2021,481,11,<eos>,5.2207,2.3026,2.9181,11,0
ryskin2021,482,0,The,3.9745,2.9243,1.0501,11,0
ryskin2021,482,1,doomsday,12.4423,13.4034,-0.9611,11,0
ryskin2021,482,2,preacher,10.7073,12.2490,-1.5417,11,0
ryskin2021,482,3,urged,9.5861,11.4931,-1.9070,11,0
ryskin2021,482,4,repentance,11.0461,13.3773,-2.3311,11,0
ryskin2021,482,5,and,2.0539,3.6613,-1.6074,11,0
ryskin2021,482,6,warned,8.5976,11.1008,-2.5032,11,0
ryskin2021,482,7,of,2.7723,3.6849,-0.9125,11,0
ryskin2021,482,8,a,2.1898,3.7766,-1.5868,11,0
ryskin2021,482,9,pharaoh,11.7103,13.0783,-1.3680,11,0
ryskin2021,482,10,.,3.4987,2.3026,1.1961,11,0
ryskin2021,482,11,<eos>,5.2298,2.3026,2.9272,11,0
ryskin2021,483,0,The,3.9745,2.9243,1.0501,11,0
ryskin2021,483,1,doomsday,12.4423,13.4034,-0.9611,11,0
ryskin2021,483,2,preacher,10.7073,12.2490,-1.5417,11,0
ryskin2021,483,3,urged,9.5861,11.4931,-1.9070,11,0
ryskin2021,483,4,repentance,11.0461,13.3773,-2.3311,11,0
ryskin2021,483,5,and,2.0539,3.6613,-1.6074,11,0
ryskin2021,483,6,warned,8.5976,11.1008,-2.5032,11,0
ryskin2021,483,7,of,2.7723,3.6849,-0.9125,11,0
ryskin2021,483,8,an,3.8762,5.6869,-1.8107,11,0
ryskin2021,483,9,apocalypses,17.1871,16.5785,0.6086,11,0
ryskin2021,483,10,.,2.6851,2.3026,0.3825,11,0
ryskin2021,483,11,<eos>,5.2330,2.3026,2.9304,11,0
ryskin2021,484,0,The,3.9745,2.9243,1.0501,11,0
ryskin2021,484,1,soldier,11.5797,10.4551,1.1246,11,0
ryskin2021,484,2,rammed,12.4771,13.7202,-1.2431,11,0
ryskin2021,484,3,gunpowder,15.7643,13.2167,2.5477,11,0
ryskin2021,484,4,down,4.8717,7.1835,-2.3118,11,0
ryskin2021,484,5,the,1.3970,2.9243,-1.5273,11,0
ryskin2021,484,6,barrel,3.9451,11.1209,-7.1758,11,0
ryskin2021,484,7,of,0.7036,3.6849,-2.9813,11,0
ryskin2021,484,8,a,0.9132,3.7766,-2.8634,11,0
ryskin2021,484,9,musket,9.0897,14.0462,-4.9565,11,0
ryskin2021,484,10,.,1.9888,2.3026,-0.3138,11,0
ryskin2021,484,11,<eos>,5.3963,2.3026,3.0937,11,0
ryskin2021,485,0,The,3.9745,2.9243,1.0501,11,0
ryskin2021,485,1,soldier,11.5797,10.4551,1.1246,11,0
ryskin2021,485,2,rammed,12.4771,13.7202,-1.2431,11,0
ryskin2021,485,3,gunpowder,15.7643,13.2167,2.5477,11,0
ryskin2021,485,4,down,4.8717,7.1835,-2.3118,11,0
ryskin2021,485,5,the,1.3970,2.9243,-1.5273,11,0
ryskin2021,485,6,barrel,3.9451,11.1209,-7.1758,11,0
ryskin2021,485,7,of,0.7036,3.6849,-2.9813,11,0
ryskin2021,485,8,a,0.9132,3.7766,-2.8634,11,0
ryskin2021,485,9,muskrat,11.6748,15.1742,-3.4994,11,0
ryskin2021,485,10,.,1.9637,2.3026,-0.3389,11,0
ryskin2021,485,11,<eos>,5.3625,2.3026,3.0599,11,0
ryskin2021,486,0,The,3.9734,2.9243,1.0490,11,0
ryskin2021,486,1,soldier,11.5794,10.4551,1.1243,11,0
ryskin2021,486,2,rammed,12.4759,13.7202,-1.2443,11,0
ryskin2021,486,3,gunpowder,15.7650,13.2167,2.5484,11,0
ryskin2021,486,4,down,4.8722,7.1835,-2.3113,11,0
ryskin2021,486,5,the,1.3970,2.9243,-1.5274,11,0
ryskin2021,486,6,barrel,3.9462,11.1209,-7.1747,11,0
ryskin2021,486,7,of,0.7035,3.6849,-2.9814,11,0
ryskin2021,486,8,a,0.9130,3.7766,-2.8637,11,0
ryskin2021,486,9,distraction,12.0188,12.0188,0.0001,11,0
ryskin2021,486,10,.,3.2128,2.3026,0.9102,11,0
ryskin2021,486,11,<eos>,5.2371,2.3026,2.9345,11,0
ryskin2021,487,0,The,3.9745,2.9243,1.0501,11,0
ryskin2021,487,1,soldier,11.5797,10.4551,1.1246,11,0
ryskin2021,487,2,rammed,12.4771,13.7202,-1.2431,11,0
ryskin2021,487,3,gunpowder,15.7643,13.2167,2.5477,11,0
ryskin2021,487,4,down,4.8717,7.1835,-2.3118,11,0
ryskin2021,487,5,the,1.3970,2.9243,-1.5273,11,0
ryskin2021,487,6,barrel,3.9451,11.1209,-7.1758,11,0
ryskin2021,487,7,of,0.7036,3.6849,-2.9813,11,0
ryskin2021,487,8,a,0.9132,3.7766,-2.8634,11,0
ryskin2021,487,9,muskets,14.8596,14.3448,0.5147,11,0
ryskin2021,487,10,.,2.4493,2.3026,0.1467,11,0
ryskin2021,487,11,<eos>,5.7354,2.3026,3.4328,11,0
ryskin2021,488,0,Two,7.5509,6.6766,0.8743,13,0
ryskin2021,488,1,common,5.8858,8.7529,-2.8671,13,0
ryskin2021,488,2,semi,10.2865,10.3374,-0.0508,13,0
ryskin2021,488,3,-,0.1369,2.3026,-2.1656,13,0
ryskin2021,488,4,aquatic,23.1733,12.3876,10.7857,13,0
ryskin2021,488,5,rodents,8.7134,13.0783,-4.3650,13,0
ryskin2021,488,6,are,1.5272,5.2030,-3.6758,13,0
ryskin2021,488,7,a,4.3014,3.7766,0.5247,13,0
ryskin2021,488,8,beaver,11.1635,12.4119,-1.2484,13,0
ryskin2021,488,9,and,1.6007,3.6613,-2.0605,13,0
ryskin2021,488,10,a,0.7169,3.7766,-3.0597,13,0
ryskin2021,488,11,muskrat,9.9911,15.1742,-5.1831,13,0
ryskin2021,488,12,.,0.7142,2.3026,-1.5884,13,0
ryskin2021,488,13,<eos>,7.1837,2.3026,4.8811,13,0
ryskin2021,489,0,Two,7.5509,6.6766,0.8743,13,0
ryskin2021,489,1,common,5.8858,8.7529,-2.8671,13,0
ryskin2021,489,2,semi,10.2865,10.3374,-0.0508,13,0
ryskin2021,489,3,-,0.1369,2.3026,-2.1656,13,0
ryskin2021,489,4,aquatic,23.1733,12.3876,10.7857,13,0
ryskin2021,489,5,rodents,8.7134,13.0783,-4.3650,13,0
ryskin2021,489,6,are,1.5272,5.2030,-3.6758,13,0
ryskin2021,489,7,a,4.3014,3.7766,0.5247,13,0
ryskin2021,489,8,beaver,11.1635,12.4119,-1.2484,13,0
ryskin2021,489,9,and,1.6007,3.6613,-2.0605,13,0
ryskin2021,489,10,a,0.7169,3.7766,-3.0597,13,0
ryskin2021,489,11,musket,10.4003,14.0462,-3.6459,13,0
ryskin2021,489,12,.,1.0873,2.3026,-1.2153,13,0
ryskin2021,489,13,<eos>,6.8769,2.3026,4.5743,13,0
ryskin2021,490,0,Two,7.5502,6.6766,0.8735,13,0
ryskin2021,490,1,common,5.8857,8.7529,-2.8672,13,0
ryskin2021,490,2,semi,10.2862,10.3374,-0.0512,13,0
ryskin2021,490,3,-,0.1369,2.3026,-2.1656,13,0
ryskin2021,490,4,aquatic,23.1748,12.3876,10.7872,13,0
ryskin2021,490,5,rodents,8.7135,13.0783,-4.3648,13,0
ryskin2021,490,6,are,1.5272,5.2030,-3.6758,13,0
ryskin2021,490,7,a,4.3015,3.7766,0.5249,13,0
ryskin2021,490,8,beaver,11.1629,12.4119,-1.2490,13,0
ryskin2021,490,9,and,1.5972,3.6613,-2.0641,13,0
ryskin2021,490,10,a,0.7171,3.7766,-3.0596,13,0
ryskin2021,490,11,collection,10.5568,9.3025,1.2543,13,0
ryskin2021,490,12,.,5.3345,2.3026,3.0319,13,0
ryskin2021,490,13,<eos>,6.8224,2.3026,4.5198,13,0
ryskin2021,491,0,Two,7.5509,6.6766,0.8743,13,0
ryskin2021,491,1,common,5.8858,8.7529,-2.8671,13,0
ryskin2021,491,2,semi,10.2865,10.3374,-0.0508,13,0
ryskin2021,491,3,-,0.1369,2.3026,-2.1656,13,0
ryskin2021,491,4,aquatic,23.1733,12.3876,10.7857,13,0
ryskin2021,491,5,rodents,8.7134,13.0783,-4.3650,13,0
ryskin2021,491,6,are,1.5272,5.2030,-3.6758,13,0
ryskin2021,491,7,a,4.3014,3.7766,0.5247,13,0
ryskin2021,491,8,beaver,11.1635,12.4119,-1.2484,13,0
ryskin2021,491,9,and,1.6007,3.6613,-2.0605,13,0
ryskin2021,491,10,a,0.7169,3.7766,-3.0597,13,0
ryskin2021,491,11,muskrats,16.2365,16.4411,-0.2046,13,0
ryskin2021,491,12,.,0.9204,2.3026,-1.3822,13,0
ryskin2021,491,13,<eos>,6.8317,2.3026,4.5291,13,0
ryskin2021,492,0,She,7.2421,6.3089,0.9332,11,0
ryskin2021,492,1,scolded,13.9966,13.9076,0.0889,11,0
ryskin2021,492,2,the,1.9510,2.9243,-0.9733,11,0
ryskin2021,492,3,child,5.3927,8.5172,-3.1245,11,0
ryskin2021,492,4,for,0.8124,4.5854,-3.7729,11,0
ryskin2021,492,5,running,6.6147,8.6797,-2.0650,11,0
ryskin2021,492,6,backwards,7.9516,11.4176,-3.4660,11,0
ryskin2021,492,7,up,8.2765,6.0117,2.2648,11,0
ryskin2021,492,8,an,4.7470,5.6869,-0.9399,11,0
ryskin2021,492,9,escalator,5.5757,13.7667,-8.1910,11,0
ryskin2021,492,10,.,1.6560,2.3026,-0.6466,11,0
ryskin2021,492,11,<eos>,5.4211,2.3026,3.1186,11,0
ryskin2021,493,0,She,7.2421,6.3089,0.9332,11,0
ryskin2021,493,1,scolded,13.9966,13.9076,0.0889,11,0
ryskin2021,493,2,the,1.9510,2.9243,-0.9733,11,0
ryskin2021,493,3,child,5.3927,8.5172,-3.1245,11,0
ryskin2021,493,4,for,0.8124,4.5854,-3.7729,11,0
ryskin2021,493,5,running,6.6147,8.6797,-2.0650,11,0
ryskin2021,493,6,backwards,7.9516,11.4176,-3.4660,11,0
ryskin2021,493,7,up,8.2765,6.0117,2.2648,11,0
ryskin2021,493,8,an,4.7470,5.6869,-0.9399,11,0
ryskin2021,493,9,escalation,7.9121,13.0783,-5.1662,11,0
ryskin2021,493,10,.,2.6259,2.3026,0.3233,11,0
ryskin2021,493,11,<eos>,5.2097,2.3026,2.9071,11,0
ryskin2021,494,0,She,7.2421,6.3089,0.9332,11,0
ryskin2021,494,1,scolded,13.9966,13.9076,0.0889,11,0
ryskin2021,494,2,the,1.9510,2.9243,-0.9733,11,0
ryskin2021,494,3,child,5.3927,8.5172,-3.1245,11,0
ryskin2021,494,4,for,0.8124,4.5854,-3.7729,11,0
ryskin2021,494,5,running,6.6147,8.6797,-2.0650,11,0
ryskin2021,494,6,backwards,7.9516,11.4176,-3.4660,11,0
ryskin2021,494,7,up,8.2765,6.0117,2.2648,11,0
ryskin2021,494,8,an,4.7470,5.6869,-0.9399,11,0
ryskin2021,494,9,apocalypse,12.6098,12.1804,0.4294,11,0
ryskin2021,494,10,.,1.5488,2.3026,-0.7538,11,0
ryskin2021,494,11,<eos>,5.2181,2.3026,2.9155,11,0
ryskin2021,495,0,She,7.2421,6.3089,0.9332,11,0
ryskin2021,495,1,scolded,13.9966,13.9076,0.0889,11,0
ryskin2021,495,2,the,1.9510,2.9243,-0.9733,11,0
ryskin2021,495,3,child,5.3927,8.5172,-3.1245,11,0
ryskin2021,495,4,for,0.8124,4.5854,-3.7729,11,0
ryskin2021,495,5,running,6.6147,8.6797,-2.0650,11,0
ryskin2021,495,6,backwards,7.9516,11.4176,-3.4660,11,0
ryskin2021,495,7,up,8.2765,6.0117,2.2648,11,0
ryskin2021,495,8,an,4.7470,5.6869,-0.9399,11,0
ryskin2021,495,9,escalators,10.3698,14.4830,-4.1132,11,0
ryskin2021,495,10,.,1.8845,2.3026,-0.4181,11,0
ryskin2021,495,11,<eos>,5.5046,2.3026,3.2020,11,0
ryskin2021,496,0,Blizzards,21.8459,14.7597,7.0862,11,0
ryskin2021,496,1,are,2.5918,5.2030,-2.6112,11,0
ryskin2021,496,2,deadly,8.9702,11.1414,-2.1712,11,0
ryskin2021,496,3,hazards,7.0652,12.3407,-5.2755,11,0
ryskin2021,496,4,for,2.3082,4.5854,-2.2772,11,0
ryskin2021,496,5,explorers,12.6639,12.8716,-0.2077,11,0
ryskin2021,496,6,on,5.1852,4.8122,0.3730,11,0
ryskin2021,496,7,an,4.3037,5.6869,-1.3832,11,0
ryskin2021,496,8,arctic,8.5296,11.4453,-2.9157,11,0
ryskin2021,496,9,expedition,2.1992,11.5362,-9.3370,11,0
ryskin2021,496,10,.,0.8856,2.3026,-1.4169,11,0
ryskin2021,496,11,<eos>,5.8755,2.3026,3.5729,11,0
ryskin2021,497,0,Blizzards,21.8459,14.7597,7.0862,11,0
ryskin2021,497,1,are,2.5918,5.2030,-2.6112,11,0
ryskin2021,497,2,deadly,8.9702,11.1414,-2.1712,11,0
ryskin2021,497,3,hazards,7.0652,12.3407,-5.2755,11,0
ryskin2021,497,4,for,2.3082,4.5854,-2.2772,11,0
ryskin2021,497,5,explorers,12.6639,12.8716,-0.2077,11,0
ryskin2021,497,6,on,5.1852,4.8122,0.3730,11,0
ryskin2021,497,7,an,4.3037,5.6869,-1.3832,11,0
ryskin2021,497,8,arctic,8.5296,11.4453,-2.9157,11,0
ryskin2021,497,9,expectation,14.8619,11.5362,3.3257,11,0
ryskin2021,497,10,.,1.6125,2.3026,-0.6901,11,0
ryskin2021,497,11,<eos>,5.6655,2.3026,3.3629,11,0
ryskin2021,498,0,Blizzards,21.8459,14.7597,7.0862,11,0
ryskin2021,498,1,are,2.5918,5.2030,-2.6112,11,0
ryskin2021,498,2,deadly,8.9702,11.1414,-2.1712,11,0
ryskin2021,498,3,hazards,7.0652,12.3407,-5.2755,11,0
ryskin2021,498,4,for,2.3082,4.5854,-2.2772,11,0
ryskin2021,498,5,explorers,12.6639,12.8716,-0.2077,11,0
ryskin2021,498,6,on,5.1852,4.8122,0.3730,11,0
ryskin2021,498,7,an,4.3037,5.6869,-1.3832,11,0
ryskin2021,498,8,arctic,8.5296,11.4453,-2.9157,11,0
ryskin2021,498,9,sympathizer,17.6404,14.7597,2.8807,11,0
ryskin2021,498,10,.,1.6794,2.3026,-0.6232,11,0
ryskin2021,498,11,<eos>,5.8012,2.3026,3.4986,11,0
ryskin2021,499,0,Blizzards,21.8459,14.7597,7.0862,11,0
ryskin2021,499,1,are,2.5918,5.2030,-2.6112,11,0
ryskin2021,499,2,deadly,8.9702,11.1414,-2.1712,11,0
ryskin2021,499,3,hazards,7.0652,12.3407,-5.2755,11,0
ryskin2021,499,4,for,2.3082,4.5854,-2.2772,11,0
ryskin2021,499,5,explorers,12.6639,12.8716,-0.2077,11,0
ryskin2021,499,6,on,5.1852,4.8122,0.3730,11,0
ryskin2021,499,7,an,4.3037,5.6869,-1.3832,11,0
ryskin2021,499,8,arctic,8.5296,11.4453,-2.9157,11,0
ryskin2021,499,9,expeditions,7.1576,12.9870,-5.8294,11,0
ryskin2021,499,10,.,1.0465,2.3026,-1.2561,11,0
ryskin2021,499,11,<eos>,5.8767,2.3026,3.5741,11,0
ryskin2021,500,0,Claiming,13.4464,10.7521,2.6943,11,0
ryskin2021,500,1,two,8.2570,6.6766,1.5803,11,0
ryskin2021,500,2,wrongs,9.4650,13.0783,-3.6134,11,0
ryskin2021,500,3,make,7.7948,6.7254,1.0694,11,0
ryskin2021,500,4,a,2.5329,3.7766,-1.2437,11,0
ryskin2021,500,5,right,4.5051,6.9999,-2.4947,11,0
ryskin2021,500,6,is,5.7450,4.4482,1.2968,11,0
ryskin2021,500,7,a,2.1316,3.7766,-1.6450,11,0
ryskin2021,500,8,common,4.4489,8.7529,-4.3041,11,0
ryskin2021,500,9,fallacy,7.9211,13.3331,-5.4120,11,0
ryskin2021,500,10,.,1.5184,2.3026,-0.7841,11,0
ryskin2021,500,11,<eos>,6.6573,2.3026,4.3547,11,0
ryskin2021,501,0,Claiming,13.4471,10.7521,2.6950,11,0
ryskin2021,501,1,two,8.2571,6.6766,1.5805,11,0
ryskin2021,501,2,wrongs,9.4649,13.0783,-3.6134,11,0
ryskin2021,501,3,make,7.7939,6.7254,1.0684,11,0
ryskin2021,501,4,a,2.5323,3.7766,-1.2443,11,0
ryskin2021,501,5,right,4.5052,6.9999,-2.4947,11,0
ryskin2021,501,6,is,5.7439,4.4482,1.2958,11,0
ryskin2021,501,7,a,2.1317,3.7766,-1.6449,11,0
ryskin2021,501,8,common,4.4489,8.7529,-4.3040,11,0
ryskin2021,501,9,facility,12.3320,10.1316,2.2004,11,0
ryskin2021,501,10,.,2.3138,2.3026,0.0112,11,0
ryskin2021,501,11,<eos>,6.3530,2.3026,4.0505,11,0
ryskin2021,502,0,Claiming,13.4464,10.7521,2.6943,11,0
ryskin2021,502,1,two,8.2570,6.6766,1.5803,11,0
ryskin2021,502,2,wrongs,9.4650,13.0783,-3.6134,11,0
ryskin2021,502,3,make,7.7948,6.7254,1.0694,11,0
ryskin2021,502,4,a,2.5329,3.7766,-1.2437,11,0
ryskin2021,502,5,right,4.5051,6.9999,-2.4947,11,0
ryskin2021,502,6,is,5.7450,4.4482,1.2968,11,0
ryskin2021,502,7,a,2.1316,3.7766,-1.6450,11,0
ryskin2021,502,8,common,4.4489,8.7529,-4.3041,11,0
ryskin2021,502,9,excursion,12.8649,13.0547,-0.1899,11,0
ryskin2021,502,10,.,2.1931,2.3026,-0.1095,11,0
ryskin2021,502,11,<eos>,6.5841,2.3026,4.2815,11,0
ryskin2021,503,0,Claiming,13.4464,10.7521,2.6943,11,0
ryskin2021,503,1,two,8.2570,6.6766,1.5803,11,0
ryskin2021,503,2,wrongs,9.4650,13.0783,-3.6134,11,0
ryskin2021,503,3,make,7.7948,6.7254,1.0694,11,0
ryskin2021,503,4,a,2.5329,3.7766,-1.2437,11,0
ryskin2021,503,5,right,4.5051,6.9999,-2.4947,11,0
ryskin2021,503,6,is,5.7450,4.4482,1.2968,11,0
ryskin2021,503,7,a,2.1316,3.7766,-1.6450,11,0
ryskin2021,503,8,common,4.4489,8.7529,-4.3041,11,0
ryskin2021,503,9,fallacies,13.7246,14.3213,-0.5968,11,0
ryskin2021,503,10,.,1.7117,2.3026,-0.5909,11,0
ryskin2021,503,11,<eos>,6.4031,2.3026,4.1005,11,0
