dataset,sentence_id,unit_idx,unit,s_lm,s_uni,rel,n_units,has_context
qian2023,0,0,The,3.9738,2.9243,1.0495,12,0
qian2023,0,1,location,8.2024,9.5333,-1.3310,12,0
qian2023,0,2,of,0.3467,3.6849,-3.3382,12,0
qian2023,0,3,the,0.9408,2.9243,-1.9835,12,0
qian2023,0,4,star,7.8603,8.7721,-0.9118,12,0
qian2023,0,5,has,4.5323,6.0576,-1.5253,12,0
qian2023,0,6,caught,8.5371,9.4410,-0.9039,12,0
qian2023,0,7,attention,4.8075,8.9557,-4.1482,12,0
qian2023,0,8,of,3.9331,3.6849,0.2483,12,0
qian2023,0,9,some,3.8739,6.4503,-2.5765,12,0
qian2023,0,10,astronomers,6.6974,12.8952,-6.1978,12,0
qian2023,0,11,.,1.8154,2.3026,-0.4872,12,0
qian2023,0,12,<eos>,5.8557,2.3026,3.5531,12,0
qian2023,1,0,The,3.9738,2.9243,1.0495,12,0
qian2023,1,1,location,8.2024,9.5333,-1.3310,12,0
qian2023,1,2,of,0.3467,3.6849,-3.3382,12,0
qian2023,1,3,the,0.9408,2.9243,-1.9835,12,0
qian2023,1,4,star,7.8603,8.7721,-0.9118,12,0
qian2023,1,5,have,7.4554,5.2726,2.1828,12,0
qian2023,1,6,caught,9.0572,9.4410,-0.3838,12,0
qian2023,1,7,attention,5.2051,8.9557,-3.7506,12,0
qian2023,1,8,of,3.9060,3.6849,0.2211,12,0
qian2023,1,9,some,3.9301,6.4503,-2.5202,12,0
qian2023,1,10,astronomers,6.8309,12.8952,-6.0643,12,0
qian2023,1,11,.,1.9042,2.3026,-0.3984,12,0
qian2023,1,12,<eos>,5.8489,2.3026,3.5463,12,0
qian2023,2,0,The,3.9738,2.9243,1.0495,12,0
qian2023,2,1,location,8.2024,9.5333,-1.3310,12,0
qian2023,2,2,of,0.3467,3.6849,-3.3382,12,0
qian2023,2,3,the,0.9408,2.9243,-1.9835,12,0
qian2023,2,4,stars,8.4239,9.5333,-1.1094,12,0
qian2023,2,5,has,5.0975,6.0576,-0.9601,12,0
qian2023,2,6,caught,8.8389,9.4410,-0.6021,12,0
qian2023,2,7,attention,4.7190,8.9557,-4.2367,12,0
qian2023,2,8,of,4.3548,3.6849,0.6699,12,0
qian2023,2,9,some,3.6172,6.4503,-2.8331,12,0
qian2023,2,10,astronomers,5.1699,12.8952,-7.7254,12,0
qian2023,2,11,.,1.7766,2.3026,-0.5260,12,0
qian2023,2,12,<eos>,5.9634,2.3026,3.6608,12,0
qian2023,3,0,The,3.9738,2.9243,1.0495,12,0
qian2023,3,1,location,8.2024,9.5333,-1.3310,12,0
qian2023,3,2,of,0.3467,3.6849,-3.3382,12,0
qian2023,3,3,the,0.9408,2.9243,-1.9835,12,0
qian2023,3,4,stars,8.4239,9.5333,-1.1094,12,0
qian2023,3,5,have,6.4797,5.2726,1.2071,12,0
qian2023,3,6,caught,10.0088,9.4410,0.5678,12,0
qian2023,3,7,attention,5.3154,8.9557,-3.6403,12,0
qian2023,3,8,of,4.3275,3.6849,0.6426,12,0
qian2023,3,9,some,3.7871,6.4503,-2.6633,12,0
qian2023,3,10,astronomers,5.2134,12.8952,-7.6818,12,0
qian2023,3,11,.,1.8115,2.3026,-0.4911,12,0
qian2023,3,12,<eos>,5.9433,2.3026,3.6407,12,0
qian2023,4,0,The,3.9738,2.9243,1.0495,12,0
qian2023,4,1,locations,10.2818,10.4551,-0.1733,12,0
qian2023,4,2,of,0.5137,3.6849,-3.1712,12,0
qian2023,4,3,the,1.2866,2.9243,-1.6377,12,0
qian2023,4,4,star,8.2586,8.7721,-0.5134,12,0
qian2023,4,5,has,6.4084,6.0576,0.3508,12,0
qian2023,4,6,caught,8.3318,9.4410,-1.1092,12,0
qian2023,4,7,attention,5.3832,8.9557,-3.5725,12,0
qian2023,4,8,of,3.8047,3.6849,0.1198,12,0
qian2023,4,9,some,3.8349,6.4503,-2.6154,12,0
qian2023,4,10,astronomers,6.8320,12.8952,-6.0632,12,0
qian2023,4,11,.,1.9018,2.3026,-0.4007,12,0
qian2023,4,12,<eos>,5.8479,2.3026,3.5453,12,0
qian2023,5,0,The,3.9738,2.9243,1.0495,12,0
qian2023,5,1,locations,10.2818,10.4551,-0.1733,12,0
qian2023,5,2,of,0.5137,3.6849,-3.1712,12,0
qian2023,5,3,the,1.2866,2.9243,-1.6377,12,0
qian2023,5,4,star,8.2586,8.7721,-0.5134,12,0
qian2023,5,5,have,6.3529,5.2726,1.0803,12,0
qian2023,5,6,caught,9.0564,9.4410,-0.3846,12,0
qian2023,5,7,attention,5.5499,8.9557,-3.4058,12,0
qian2023,5,8,of,3.9459,3.6849,0.2610,12,0
qian2023,5,9,some,3.8553,6.4503,-2.5950,12,0
qian2023,5,10,astronomers,6.8984,12.8952,-5.9968,12,0
qian2023,5,11,.,1.8889,2.3026,-0.4137,12,0
qian2023,5,12,<eos>,5.8305,2.3026,3.5280,12,0
qian2023,6,0,The,3.9738,2.9243,1.0495,12,0
qian2023,6,1,locations,10.2818,10.4551,-0.1733,12,0
qian2023,6,2,of,0.5137,3.6849,-3.1712,12,0
qian2023,6,3,the,1.2866,2.9243,-1.6377,12,0
qian2023,6,4,stars,7.2306,9.5333,-2.3027,12,0
qian2023,6,5,has,7.4848,6.0576,1.4272,12,0
qian2023,6,6,caught,8.7833,9.4410,-0.6577,12,0
qian2023,6,7,attention,5.0264,8.9557,-3.9293,12,0
qian2023,6,8,of,4.2659,3.6849,0.5811,12,0
qian2023,6,9,some,3.5322,6.4503,-2.9181,12,0
qian2023,6,10,astronomers,5.2347,12.8952,-7.6605,12,0
qian2023,6,11,.,1.8187,2.3026,-0.4838,12,0
qian2023,6,12,<eos>,5.9787,2.3026,3.6761,12,0
qian2023,7,0,The,3.9738,2.9243,1.0495,12,0
qian2023,7,1,locations,10.2818,10.4551,-0.1733,12,0
qian2023,7,2,of,0.5137,3.6849,-3.1712,12,0
qian2023,7,3,the,1.2866,2.9243,-1.6377,12,0
qian2023,7,4,stars,7.2306,9.5333,-2.3027,12,0
qian2023,7,5,have,4.4912,5.2726,-0.7814,12,0
qian2023,7,6,caught,9.9656,9.4410,0.5245,12,0
qian2023,7,7,attention,5.5263,8.9557,-3.4294,12,0
qian2023,7,8,of,4.3796,3.6849,0.6947,12,0
qian2023,7,9,some,3.6507,6.4503,-2.7996,12,0
qian2023,7,10,astronomers,5.2718,12.8952,-7.6234,12,0
qian2023,7,11,.,1.7880,2.3026,-0.5146,12,0
qian2023,7,12,<eos>,5.9802,2.3026,3.6776,12,0
qian2023,8,0,The,3.9742,2.9243,1.0498,12,0
qian2023,8,1,sound,9.4531,8.8668,0.5864,12,0
qian2023,8,2,of,0.5329,3.6849,-3.1520,12,0
qian2023,8,3,the,1.6335,2.9243,-1.2908,12,0
qian2023,8,4,string,8.1415,10.5926,-2.4512,12,0
qian2023,8,5,is,2.2531,4.4482,-2.1950,12,0
qian2023,8,6,so,3.9375,5.7108,-1.7733,12,0
qian2023,8,7,gorgeous,7.4757,10.7064,-3.2308,12,0
qian2023,8,8,on,5.4125,4.8122,0.6003,12,0
qian2023,8,9,this,2.3922,5.0192,-2.6270,12,0
qian2023,8,10,guitar,6.5976,10.4077,-3.8101,12,0
qian2023,8,11,.,1.2921,2.3026,-1.0104,12,0
qian2023,8,12,<eos>,4.9358,2.3026,2.6332,12,0
qian2023,9,0,The,3.9742,2.9243,1.0498,12,0
qian2023,9,1,sound,9.4531,8.8668,0.5864,12,0
qian2023,9,2,of,0.5329,3.6849,-3.1520,12,0
qian2023,9,3,the,1.6335,2.9243,-1.2908,12,0
qian2023,9,4,string,8.1415,10.5926,-2.4512,12,0
qian2023,9,5,are,6.3338,5.2030,1.1308,12,0
qian2023,9,6,so,4.3598,5.7108,-1.3510,12,0
qian2023,9,7,gorgeous,7.5615,10.7064,-3.1449,12,0
qian2023,9,8,on,5.2665,4.8122,0.4543,12,0
qian2023,9,9,this,2.5496,5.0192,-2.4696,12,0
qian2023,9,10,guitar,6.4719,10.4077,-3.9358,12,0
qian2023,9,11,.,1.5034,2.3026,-0.7992,12,0
qian2023,9,12,<eos>,5.1099,2.3026,2.8073,12,0
qian2023,10,0,The,3.9742,2.9243,1.0498,12,0
qian2023,10,1,sound,9.4531,8.8668,0.5864,12,0
qian2023,10,2,of,0.5329,3.6849,-3.1520,12,0
qian2023,10,3,the,1.6335,2.9243,-1.2908,12,0
qian2023,10,4,strings,8.8017,11.4176,-2.6159,12,0
qian2023,10,5,is,2.3497,4.4482,-2.0985,12,0
qian2023,10,6,so,4.0202,5.7108,-1.6906,12,0
qian2023,10,7,gorgeous,7.3630,10.7064,-3.3434,12,0
qian2023,10,8,on,5.4149,4.8122,0.6027,12,0
qian2023,10,9,this,2.3523,5.0192,-2.6669,12,0
qian2023,10,10,guitar,6.3260,10.4077,-4.0817,12,0
qian2023,10,11,.,1.2694,2.3026,-1.0332,12,0
qian2023,10,12,<eos>,4.9286,2.3026,2.6261,12,0
qian2023,11,0,The,3.9742,2.9243,1.0498,12,0
qian2023,11,1,sound,9.4531,8.8668,0.5864,12,0
qian2023,11,2,of,0.5329,3.6849,-3.1520,12,0
qian2023,11,3,the,1.6335,2.9243,-1.2908,12,0
qian2023,11,4,strings,8.8017,11.4176,-2.6159,12,0
qian2023,11,5,are,4.7062,5.2030,-0.4968,12,0
qian2023,11,6,so,4.3252,5.7108,-1.3856,12,0
qian2023,11,7,gorgeous,7.4617,10.7064,-3.2448,12,0
qian2023,11,8,on,5.2349,4.8122,0.4227,12,0
qian2023,11,9,this,2.4326,5.0192,-2.5866,12,0
qian2023,11,10,guitar,6.1365,10.4077,-4.2712,12,0
qian2023,11,11,.,1.3863,2.3026,-0.9163,12,0
qian2023,11,12,<eos>,5.1456,2.3026,2.8430,12,0
qian2023,12,0,The,3.9742,2.9243,1.0498,12,0
qian2023,12,1,sounds,10.7291,9.2797,1.4494,12,0
qian2023,12,2,of,0.5401,3.6849,-3.1447,12,0
qian2023,12,3,the,1.5866,2.9243,-1.3378,12,0
qian2023,12,4,string,8.4809,10.5926,-2.1118,12,0
qian2023,12,5,is,5.0924,4.4482,0.6443,12,0
qian2023,12,6,so,3.9098,5.7108,-1.8010,12,0
qian2023,12,7,gorgeous,7.2168,10.7064,-3.4897,12,0
qian2023,12,8,on,5.4361,4.8122,0.6239,12,0
qian2023,12,9,this,2.2257,5.0192,-2.7934,12,0
qian2023,12,10,guitar,6.9068,10.4077,-3.5008,12,0
qian2023,12,11,.,1.3970,2.3026,-0.9055,12,0
qian2023,12,12,<eos>,5.0088,2.3026,2.7062,12,0
qian2023,13,0,The,3.9742,2.9243,1.0498,12,0
qian2023,13,1,sounds,10.7291,9.2797,1.4494,12,0
qian2023,13,2,of,0.5401,3.6849,-3.1447,12,0
qian2023,13,3,the,1.5866,2.9243,-1.3378,12,0
qian2023,13,4,string,8.4809,10.5926,-2.1118,12,0
qian2023,13,5,are,2.5823,5.2030,-2.6207,12,0
qian2023,13,6,so,3.5940,5.7108,-2.1168,12,0
qian2023,13,7,gorgeous,7.1327,10.7064,-3.5738,12,0
qian2023,13,8,on,5.4147,4.8122,0.6025,12,0
qian2023,13,9,this,2.4189,5.0192,-2.6002,12,0
qian2023,13,10,guitar,6.7766,10.4077,-3.6311,12,0
qian2023,13,11,.,1.5323,2.3026,-0.7703,12,0
qian2023,13,12,<eos>,5.1375,2.3026,2.8349,12,0
qian2023,14,0,The,3.9742,2.9243,1.0498,12,0
qian2023,14,1,sounds,10.7291,9.2797,1.4494,12,0
qian2023,14,2,of,0.5401,3.6849,-3.1447,12,0
qian2023,14,3,the,1.5866,2.9243,-1.3378,12,0
qian2023,14,4,strings,9.3925,11.4176,-2.0251,12,0
qian2023,14,5,is,5.5128,4.4482,1.0646,12,0
qian2023,14,6,so,3.8730,5.7108,-1.8378,12,0
qian2023,14,7,gorgeous,7.0700,10.7064,-3.6365,12,0
qian2023,14,8,on,5.5062,4.8122,0.6940,12,0
qian2023,14,9,this,2.2030,5.0192,-2.8162,12,0
qian2023,14,10,guitar,6.6470,10.4077,-3.7606,12,0
qian2023,14,11,.,1.3573,2.3026,-0.9453,12,0
qian2023,14,12,<eos>,5.0134,2.3026,2.7108,12,0
qian2023,15,0,The,3.9742,2.9243,1.0498,12,0
qian2023,15,1,sounds,10.7291,9.2797,1.4494,12,0
qian2023,15,2,of,0.5401,3.6849,-3.1447,12,0
qian2023,15,3,the,1.5866,2.9243,-1.3378,12,0
qian2023,15,4,strings,9.3925,11.4176,-2.0251,12,0
qian2023,15,5,are,2.0343,5.2030,-3.1687,12,0
qian2023,15,6,so,3.5757,5.7108,-2.1351,12,0
qian2023,15,7,gorgeous,7.0592,10.7064,-3.6472,12,0
qian2023,15,8,on,5.4409,4.8122,0.6288,12,0
qian2023,15,9,this,2.3597,5.0192,-2.6595,12,0
qian2023,15,10,guitar,6.4349,10.4077,-3.9728,12,0
qian2023,15,11,.,1.3837,2.3026,-0.9189,12,0
qian2023,15,12,<eos>,5.1177,2.3026,2.8151,12,0
qian2023,16,0,The,3.9742,2.9243,1.0498,9,0
qian2023,16,1,cause,7.8803,8.4039,-0.5236,9,0
qian2023,16,2,of,0.4628,3.6849,-3.2221,9,0
qian2023,16,3,the,3.5501,2.9243,0.6258,9,0
qian2023,16,4,problem,6.2689,8.2901,-2.0211,9,0
qian2023,16,5,was,4.8274,5.0192,-0.1918,9,0
qian2023,16,6,investigated,6.7386,11.1908,-4.4523,9,0
qian2023,16,7,thoroughly,7.6133,11.3059,-3.6926,9,0
qian2023,16,8,.,2.4522,2.3026,0.1497,9,0
qian2023,16,9,<eos>,5.4736,2.3026,3.1710,9,0
qian2023,17,0,The,3.9742,2.9243,1.0498,9,0
qian2023,17,1,cause,7.8803,8.4039,-0.5236,9,0
qian2023,17,2,of,0.4628,3.6849,-3.2221,9,0
qian2023,17,3,the,3.5501,2.9243,0.6258,9,0
qian2023,17,4,problem,6.2689,8.2901,-2.0211,9,0
qian2023,17,5,were,10.9923,6.1239,4.8684,9,0
qian2023,17,6,investigated,7.0094,11.1908,-4.1814,9,0
qian2023,17,7,thoroughly,7.4004,11.3059,-3.9055,9,0
qian2023,17,8,.,2.4404,2.3026,0.1378,9,0
qian2023,17,9,<eos>,5.3106,2.3026,3.0080,9,0
qian2023,18,0,The,3.9742,2.9243,1.0498,9,0
qian2023,18,1,cause,7.8803,8.4039,-0.5236,9,0
qian2023,18,2,of,0.4628,3.6849,-3.2221,9,0
qian2023,18,3,the,3.5501,2.9243,0.6258,9,0
qian2023,18,4,problems,7.0521,8.7721,-1.7199,9,0
qian2023,18,5,was,5.5656,5.0192,0.5465,9,0
qian2023,18,6,investigated,6.4851,11.1908,-4.7058,9,0
qian2023,18,7,thoroughly,7.6326,11.3059,-3.6734,9,0
qian2023,18,8,.,2.3780,2.3026,0.0754,9,0
qian2023,18,9,<eos>,5.2660,2.3026,2.9634,9,0
qian2023,19,0,The,3.9742,2.9243,1.0498,9,0
qian2023,19,1,cause,7.8803,8.4039,-0.5236,9,0
qian2023,19,2,of,0.4628,3.6849,-3.2221,9,0
qian2023,19,3,the,3.5501,2.9243,0.6258,9,0
qian2023,19,4,problems,7.0521,8.7721,-1.7199,9,0
qian2023,19,5,were,8.5997,6.1239,2.4758,9,0
qian2023,19,6,investigated,6.3691,11.1908,-4.8218,9,0
qian2023,19,7,thoroughly,7.5552,11.3059,-3.7507,9,0
qian2023,19,8,.,2.3822,2.3026,0.0796,9,0
qian2023,19,9,<eos>,5.1704,2.3026,2.8678,9,0
qian2023,20,0,The,3.9742,2.9243,1.0498,9,0
qian2023,20,1,causes,8.7456,10.0613,-1.3157,9,0
qian2023,20,2,of,0.3079,3.6849,-3.3770,9,0
qian2023,20,3,the,3.2557,2.9243,0.3314,9,0
qian2023,20,4,problem,5.7734,8.2901,-2.5166,9,0
qian2023,20,5,was,8.2159,5.0192,3.1967,9,0
qian2023,20,6,investigated,5.9838,11.1908,-5.2070,9,0
qian2023,20,7,thoroughly,7.2582,11.3059,-4.0477,9,0
qian2023,20,8,.,2.0184,2.3026,-0.2841,9,0
qian2023,20,9,<eos>,5.3915,2.3026,3.0889,9,0
qian2023,21,0,The,3.9742,2.9243,1.0498,9,0
qian2023,21,1,causes,8.7456,10.0613,-1.3157,9,0
qian2023,21,2,of,0.3079,3.6849,-3.3770,9,0
qian2023,21,3,the,3.2557,2.9243,0.3314,9,0
qian2023,21,4,problem,5.7734,8.2901,-2.5166,9,0
qian2023,21,5,were,6.8757,6.1239,0.7518,9,0
qian2023,21,6,investigated,6.2628,11.1908,-4.9280,9,0
qian2023,21,7,thoroughly,7.1348,11.3059,-4.1711,9,0
qian2023,21,8,.,2.0720,2.3026,-0.2306,9,0
qian2023,21,9,<eos>,5.2699,2.3026,2.9673,9,0
qian2023,22,0,The,3.9742,2.9243,1.0498,9,0
qian2023,22,1,causes,8.7456,10.0613,-1.3157,9,0
qian2023,22,2,of,0.3079,3.6849,-3.3770,9,0
qian2023,22,3,the,3.2557,2.9243,0.3314,9,0
qian2023,22,4,problems,5.6539,8.7721,-3.1181,9,0
qian2023,22,5,was,9.1781,5.0192,4.1589,9,0
qian2023,22,6,investigated,5.6194,11.1908,-5.5714,9,0
qian2023,22,7,thoroughly,7.4296,11.3059,-3.8763,9,0
qian2023,22,8,.,2.0082,2.3026,-0.2943,9,0
qian2023,22,9,<eos>,5.1804,2.3026,2.8778,9,0
qian2023,23,0,The,3.9742,2.9243,1.0498,9,0
qian2023,23,1,causes,8.7456,10.0613,-1.3157,9,0
qian2023,23,2,of,0.3079,3.6849,-3.3770,9,0
qian2023,23,3,the,3.2557,2.9243,0.3314,9,0
qian2023,23,4,problems,5.6539,8.7721,-3.1181,9,0
qian2023,23,5,were,6.4122,6.1239,0.2884,9,0
qian2023,23,6,investigated,5.7382,11.1908,-5.4526,9,0
qian2023,23,7,thoroughly,7.3974,11.3059,-3.9085,9,0
qian2023,23,8,.,2.0392,2.3026,-0.2633,9,0
qian2023,23,9,<eos>,5.1315,2.3026,2.8289,9,0
qian2023,24,0,The,3.9738,2.9243,1.0495,12,0
qian2023,24,1,review,7.6560,8.9327,-1.2767,12,0
qian2023,24,2,of,1.6409,3.6849,-2.0440,12,0
qian2023,24,3,the,1.1388,2.9243,-1.7855,12,0
qian2023,24,4,exhibition,10.1194,10.6628,-0.5433,12,0
qian2023,24,5,is,3.7798,4.4482,-0.6684,12,0
qian2023,24,6,too,8.7851,7.0232,1.7620,12,0
qian2023,24,7,pedantic,9.4137,14.5986,-5.1848,12,0
qian2023,24,8,for,2.3285,4.5854,-2.2569,12,0
qian2023,24,9,the,2.1357,2.9243,-0.7886,12,0
qian2023,24,10,readers,5.5798,10.5690,-4.9892,12,0
qian2023,24,11,.,2.7497,2.3026,0.4471,12,0
qian2023,24,12,<eos>,5.4728,2.3026,3.1703,12,0
qian2023,25,0,The,3.9738,2.9243,1.0495,12,0
qian2023,25,1,review,7.6560,8.9327,-1.2767,12,0
qian2023,25,2,of,1.6409,3.6849,-2.0440,12,0
qian2023,25,3,the,1.1388,2.9243,-1.7855,12,0
qian2023,25,4,exhibition,10.1194,10.6628,-0.5433,12,0
qian2023,25,5,are,6.5955,5.2030,1.3925,12,0
qian2023,25,6,too,8.3281,7.0232,1.3049,12,0
qian2023,25,7,pedantic,9.3186,14.5986,-5.2800,12,0
qian2023,25,8,for,2.5129,4.5854,-2.0725,12,0
qian2023,25,9,the,2.0744,2.9243,-0.8499,12,0
qian2023,25,10,readers,5.7498,10.5690,-4.8192,12,0
qian2023,25,11,.,2.8310,2.3026,0.5284,12,0
qian2023,25,12,<eos>,5.4535,2.3026,3.1510,12,0
qian2023,26,0,The,3.9738,2.9243,1.0495,12,0
qian2023,26,1,review,7.6560,8.9327,-1.2767,12,0
qian2023,26,2,of,1.6409,3.6849,-2.0440,12,0
qian2023,26,3,the,1.1388,2.9243,-1.7855,12,0
qian2023,26,4,exhibitions,12.4717,12.2490,0.2228,12,0
qian2023,26,5,is,5.1976,4.4482,0.7494,12,0
qian2023,26,6,too,8.7814,7.0232,1.7582,12,0
qian2023,26,7,pedantic,9.1751,14.5986,-5.4235,12,0
qian2023,26,8,for,2.4644,4.5854,-2.1209,12,0
qian2023,26,9,the,2.1728,2.9243,-0.7516,12,0
qian2023,26,10,readers,5.7215,10.5690,-4.8475,12,0
qian2023,26,11,.,2.7636,2.3026,0.4611,12,0
qian2023,26,12,<eos>,5.4973,2.3026,3.1947,12,0
qian2023,27,0,The,3.9738,2.9243,1.0495,12,0
qian2023,27,1,review,7.6560,8.9327,-1.2767,12,0
qian2023,27,2,of,1.6409,3.6849,-2.0440,12,0
qian2023,27,3,the,1.1388,2.9243,-1.7855,12,0
qian2023,27,4,exhibitions,12.4717,12.2490,0.2228,12,0
qian2023,27,5,are,5.6310,5.2030,0.4280,12,0
qian2023,27,6,too,8.7405,7.0232,1.7174,12,0
qian2023,27,7,pedantic,9.2146,14.5986,-5.3839,12,0
qian2023,27,8,for,2.4367,4.5854,-2.1486,12,0
qian2023,27,9,the,2.0408,2.9243,-0.8835,12,0
qian2023,27,10,readers,5.9899,10.5690,-4.5791,12,0
qian2023,27,11,.,2.7888,2.3026,0.4862,12,0
qian2023,27,12,<eos>,5.6092,2.3026,3.3067,12,0
qian2023,28,0,The,3.9738,2.9243,1.0495,12,0
qian2023,28,1,reviews,10.4190,10.1779,0.2411,12,0
qian2023,28,2,of,1.4735,3.6849,-2.2114,12,0
qian2023,28,3,the,1.1801,2.9243,-1.7443,12,0
qian2023,28,4,exhibition,9.1344,10.6628,-1.5284,12,0
qian2023,28,5,is,5.1122,4.4482,0.6640,12,0
qian2023,28,6,too,8.6693,7.0232,1.6462,12,0
qian2023,28,7,pedantic,9.2945,14.5986,-5.3041,12,0
qian2023,28,8,for,2.1705,4.5854,-2.4149,12,0
qian2023,28,9,the,2.1874,2.9243,-0.7370,12,0
qian2023,28,10,readers,5.0303,10.5690,-5.5387,12,0
qian2023,28,11,.,2.5478,2.3026,0.2452,12,0
qian2023,28,12,<eos>,5.4735,2.3026,3.1709,12,0
qian2023,29,0,The,3.9738,2.9243,1.0495,12,0
qian2023,29,1,reviews,10.4190,10.1779,0.2411,12,0
qian2023,29,2,of,1.4735,3.6849,-2.2114,12,0
qian2023,29,3,the,1.1801,2.9243,-1.7443,12,0
qian2023,29,4,exhibition,9.1344,10.6628,-1.5284,12,0
qian2023,29,5,are,2.6558,5.2030,-2.5472,12,0
qian2023,29,6,too,8.6463,7.0232,1.6231,12,0
qian2023,29,7,pedantic,9.0862,14.5986,-5.5123,12,0
qian2023,29,8,for,2.4573,4.5854,-2.1281,12,0
qian2023,29,9,the,2.1986,2.9243,-0.7257,12,0
qian2023,29,10,readers,5.0343,10.5690,-5.5347,12,0
qian2023,29,11,.,2.6506,2.3026,0.3480,12,0
qian2023,29,12,<eos>,5.4541,2.3026,3.1515,12,0
qian2023,30,0,The,3.9738,2.9243,1.0495,12,0
qian2023,30,1,reviews,10.4190,10.1779,0.2411,12,0
qian2023,30,2,of,1.4735,3.6849,-2.2114,12,0
qian2023,30,3,the,1.1801,2.9243,-1.7443,12,0
qian2023,30,4,exhibitions,10.8339,12.2490,-1.4151,12,0
qian2023,30,5,is,6.5741,4.4482,2.1259,12,0
qian2023,30,6,too,8.5069,7.0232,1.4837,12,0
qian2023,30,7,pedantic,9.2012,14.5986,-5.3974,12,0
qian2023,30,8,for,2.3838,4.5854,-2.2016,12,0
qian2023,30,9,the,2.2474,2.9243,-0.6769,12,0
qian2023,30,10,readers,5.2593,10.5690,-5.3097,12,0
qian2023,30,11,.,2.5063,2.3026,0.2038,12,0
qian2023,30,12,<eos>,5.5360,2.3026,3.2335,12,0
qian2023,31,0,The,3.9738,2.9243,1.0495,12,0
qian2023,31,1,reviews,10.4190,10.1779,0.2411,12,0
qian2023,31,2,of,1.4735,3.6849,-2.2114,12,0
qian2023,31,3,the,1.1801,2.9243,-1.7443,12,0
qian2023,31,4,exhibitions,10.8339,12.2490,-1.4151,12,0
qian2023,31,5,are,2.5191,5.2030,-2.6839,12,0
qian2023,31,6,too,8.9898,7.0232,1.9667,12,0
qian2023,31,7,pedantic,9.1221,14.5986,-5.4765,12,0
qian2023,31,8,for,2.5205,4.5854,-2.0648,12,0
qian2023,31,9,the,2.2163,2.9243,-0.7080,12,0
qian2023,31,10,readers,5.3444,10.5690,-5.2246,12,0
qian2023,31,11,.,2.5872,2.3026,0.2846,12,0
qian2023,31,12,<eos>,5.5332,2.3026,3.2306,12,0
qian2023,32,0,The,3.9738,2.9243,1.0495,13,0
qian2023,32,1,speech,9.6346,9.5557,0.0790,13,0
qian2023,32,2,of,2.9264,3.6849,-0.7585,13,0
qian2023,32,3,the,1.6142,2.9243,-1.3101,13,0
qian2023,32,4,candidate,9.4431,9.9934,-0.5504,13,0
qian2023,32,5,is,2.5653,4.4482,-1.8829,13,0
qian2023,32,6,summarized,7.3938,13.0090,-5.6152,13,0
qian2023,32,7,in,1.3431,3.9846,-2.6415,13,0
qian2023,32,8,the,1.2541,2.9243,-1.6703,13,0
qian2023,32,9,news,8.8475,8.1987,0.6487,13,0
qian2023,32,10,show,8.7374,7.6438,1.0936,13,0
qian2023,32,11,today,6.3340,7.9434,-1.6094,13,0
qian2023,32,12,.,1.5439,2.3026,-0.7587,13,0
qian2023,32,13,<eos>,5.2877,2.3026,2.9851,13,0
qian2023,33,0,The,3.9738,2.9243,1.0495,13,0
qian2023,33,1,speech,9.6346,9.5557,0.0790,13,0
qian2023,33,2,of,2.9264,3.6849,-0.7585,13,0
qian2023,33,3,the,1.6142,2.9243,-1.3101,13,0
qian2023,33,4,candidate,9.4431,9.9934,-0.5504,13,0
qian2023,33,5,are,5.9120,5.2030,0.7090,13,0
qian2023,33,6,summarized,6.4596,13.0090,-6.5494,13,0
qian2023,33,7,in,1.4866,3.9846,-2.4980,13,0
qian2023,33,8,the,1.3035,2.9243,-1.6208,13,0
qian2023,33,9,news,8.9836,8.1987,0.7848,13,0
qian2023,33,10,show,8.7559,7.6438,1.1121,13,0
qian2023,33,11,today,5.9371,7.9434,-2.0063,13,0
qian2023,33,12,.,1.4950,2.3026,-0.8076,13,0
qian2023,33,13,<eos>,5.2073,2.3026,2.9047,13,0
qian2023,34,0,The,3.9738,2.9243,1.0495,13,0
qian2023,34,1,speech,9.6346,9.5557,0.0790,13,0
qian2023,34,2,of,2.9264,3.6849,-0.7585,13,0
qian2023,34,3,the,1.6142,2.9243,-1.3101,13,0
qian2023,34,4,candidates,8.7603,10.2237,-1.4634,13,0
qian2023,34,5,is,2.3307,4.4482,-2.1174,13,0
qian2023,34,6,summarized,7.2907,13.0090,-5.7184,13,0
qian2023,34,7,in,1.3196,3.9846,-2.6650,13,0
qian2023,34,8,the,1.1738,2.9243,-1.7505,13,0
qian2023,34,9,news,8.6549,8.1987,0.4561,13,0
qian2023,34,10,show,8.5685,7.6438,0.9246,13,0
qian2023,34,11,today,6.1712,7.9434,-1.7722,13,0
qian2023,34,12,.,1.5590,2.3026,-0.7436,13,0
qian2023,34,13,<eos>,5.2173,2.3026,2.9147,13,0
qian2023,35,0,The,3.9738,2.9243,1.0495,13,0
qian2023,35,1,speech,9.6346,9.5557,0.0790,13,0
qian2023,35,2,of,2.9264,3.6849,-0.7585,13,0
qian2023,35,3,the,1.6142,2.9243,-1.3101,13,0
qian2023,35,4,candidates,8.7603,10.2237,-1.4634,13,0
qian2023,35,5,are,4.9299,5.2030,-0.2731,13,0
qian2023,35,6,summarized,6.8482,13.0090,-6.1608,13,0
qian2023,35,7,in,1.3823,3.9846,-2.6023,13,0
qian2023,35,8,the,1.3981,2.9243,-1.5263,13,0
qian2023,35,9,news,8.6025,8.1987,0.4038,13,0
qian2023,35,10,show,8.5648,7.6438,0.9210,13,0
qian2023,35,11,today,5.8201,7.9434,-2.1233,13,0
qian2023,35,12,.,1.5613,2.3026,-0.7413,13,0
qian2023,35,13,<eos>,5.2889,2.3026,2.9864,13,0
qian2023,36,0,The,3.9738,2.9243,1.0495,13,0
qian2023,36,1,speeches,12.4893,11.6743,0.8151,13,0
qian2023,36,2,of,1.9786,3.6849,-1.7063,13,0
qian2023,36,3,the,1.6858,2.9243,-1.2386,13,0
qian2023,36,4,candidate,8.5340,9.9934,-1.4594,13,0
qian2023,36,5,is,5.3427,4.4482,0.8945,13,0
qian2023,36,6,summarized,6.6176,13.0090,-6.3914,13,0
qian2023,36,7,in,1.1077,3.9846,-2.8769,13,0
qian2023,36,8,the,1.2402,2.9243,-1.6841,13,0
qian2023,36,9,news,8.5335,8.1987,0.3348,13,0
qian2023,36,10,show,8.6854,7.6438,1.0416,13,0
qian2023,36,11,today,6.2455,7.9434,-1.6979,13,0
qian2023,36,12,.,1.3449,2.3026,-0.9577,13,0
qian2023,36,13,<eos>,5.2830,2.3026,2.9804,13,0
qian2023,37,0,The,3.9738,2.9243,1.0495,13,0
qian2023,37,1,speeches,12.4893,11.6743,0.8151,13,0
qian2023,37,2,of,1.9786,3.6849,-1.7063,13,0
qian2023,37,3,the,1.6858,2.9243,-1.2386,13,0
qian2023,37,4,candidate,8.5340,9.9934,-1.4594,13,0
qian2023,37,5,are,3.0624,5.2030,-2.1406,13,0
qian2023,37,6,summarized,6.2348,13.0090,-6.7742,13,0
qian2023,37,7,in,1.1949,3.9846,-2.7897,13,0
qian2023,37,8,the,1.3019,2.9243,-1.6224,13,0
qian2023,37,9,news,8.6356,8.1987,0.4369,13,0
qian2023,37,10,show,8.7381,7.6438,1.0943,13,0
qian2023,37,11,today,6.0653,7.9434,-1.8781,13,0
qian2023,37,12,.,1.2866,2.3026,-1.0160,13,0
qian2023,37,13,<eos>,5.3309,2.3026,3.0283,13,0
qian2023,38,0,The,3.9738,2.9243,1.0495,13,0
qian2023,38,1,speeches,12.4893,11.6743,0.8151,13,0
qian2023,38,2,of,1.9786,3.6849,-1.7063,13,0
qian2023,38,3,the,1.6858,2.9243,-1.2386,13,0
qian2023,38,4,candidates,6.6599,10.2237,-3.5638,13,0
qian2023,38,5,is,5.9272,4.4482,1.4790,13,0
qian2023,38,6,summarized,6.6436,13.0090,-6.3654,13,0
qian2023,38,7,in,1.1126,3.9846,-2.8720,13,0
qian2023,38,8,the,1.1913,2.9243,-1.7330,13,0
qian2023,38,9,news,8.4366,8.1987,0.2379,13,0
qian2023,38,10,show,8.6241,7.6438,0.9803,13,0
qian2023,38,11,today,6.1209,7.9434,-1.8225,13,0
qian2023,38,12,.,1.3533,2.3026,-0.9493,13,0
qian2023,38,13,<eos>,5.1653,2.3026,2.8628,13,0
qian2023,39,0,The,3.9738,2.9243,1.0495,13,0
qian2023,39,1,speeches,12.4893,11.6743,0.8151,13,0
qian2023,39,2,of,1.9786,3.6849,-1.7063,13,0
qian2023,39,3,the,1.6858,2.9243,-1.2386,13,0
qian2023,39,4,candidates,6.6599,10.2237,-3.5638,13,0
qian2023,39,5,are,2.4794,5.2030,-2.7236,13,0
qian2023,39,6,summarized,6.2824,13.0090,-6.7266,13,0
qian2023,39,7,in,1.1662,3.9846,-2.8184,13,0
qian2023,39,8,the,1.2945,2.9243,-1.6299,13,0
qian2023,39,9,news,8.4471,8.1987,0.2484,13,0
qian2023,39,10,show,8.6793,7.6438,1.0355,13,0
qian2023,39,11,today,5.9562,7.9434,-1.9872,13,0
qian2023,39,12,.,1.3184,2.3026,-0.9842,13,0
qian2023,39,13,<eos>,5.2369,2.3026,2.9343,13,0
qian2023,40,0,The,3.9742,2.9243,1.0498,11,0
qian2023,40,1,test,8.7054,8.7721,-0.0666,11,0
qian2023,40,2,of,2.4304,3.6849,-1.2545,11,0
qian2023,40,3,the,1.5975,2.9243,-1.3269,11,0
qian2023,40,4,device,7.8182,9.9696,-2.1515,11,0
qian2023,40,5,was,4.5193,5.0192,-0.4999,11,0
qian2023,40,6,carried,4.5245,9.7397,-5.2152,11,0
qian2023,40,7,out,0.2213,6.0323,-5.8110,11,0
qian2023,40,8,before,5.5891,7.0691,-1.4800,11,0
qian2023,40,9,packaging,7.6605,11.6050,-3.9445,11,0
qian2023,40,10,.,1.5236,2.3026,-0.7790,11,0
qian2023,40,11,<eos>,4.7797,2.3026,2.4771,11,0
qian2023,41,0,The,3.9742,2.9243,1.0498,11,0
qian2023,41,1,test,8.7054,8.7721,-0.0666,11,0
qian2023,41,2,of,2.4304,3.6849,-1.2545,11,0
qian2023,41,3,the,1.5975,2.9243,-1.3269,11,0
qian2023,41,4,device,7.8182,9.9696,-2.1515,11,0
qian2023,41,5,were,7.7418,6.1239,1.6179,11,0
qian2023,41,6,carried,4.3887,9.7397,-5.3510,11,0
qian2023,41,7,out,0.1950,6.0323,-5.8373,11,0
qian2023,41,8,before,5.5591,7.0691,-1.5100,11,0
qian2023,41,9,packaging,7.7401,11.6050,-3.8650,11,0
qian2023,41,10,.,1.5437,2.3026,-0.7589,11,0
qian2023,41,11,<eos>,4.9651,2.3026,2.6625,11,0
qian2023,42,0,The,3.9742,2.9243,1.0498,11,0
qian2023,42,1,test,8.7054,8.7721,-0.0666,11,0
qian2023,42,2,of,2.4304,3.6849,-1.2545,11,0
qian2023,42,3,the,1.5975,2.9243,-1.3269,11,0
qian2023,42,4,devices,9.3221,10.1545,-0.8324,11,0
qian2023,42,5,was,6.3008,5.0192,1.2816,11,0
qian2023,42,6,carried,4.2024,9.7397,-5.5372,11,0
qian2023,42,7,out,0.1849,6.0323,-5.8474,11,0
qian2023,42,8,before,5.6107,7.0691,-1.4584,11,0
qian2023,42,9,packaging,8.2457,11.6050,-3.3593,11,0
qian2023,42,10,.,1.5191,2.3026,-0.7835,11,0
qian2023,42,11,<eos>,4.7894,2.3026,2.4868,11,0
qian2023,43,0,The,3.9742,2.9243,1.0498,11,0
qian2023,43,1,test,8.7054,8.7721,-0.0666,11,0
qian2023,43,2,of,2.4304,3.6849,-1.2545,11,0
qian2023,43,3,the,1.5975,2.9243,-1.3269,11,0
qian2023,43,4,devices,9.3221,10.1545,-0.8324,11,0
qian2023,43,5,were,6.6974,6.1239,0.5736,11,0
qian2023,43,6,carried,6.6170,9.7397,-3.1227,11,0
qian2023,43,7,out,0.3100,6.0323,-5.7223,11,0
qian2023,43,8,before,5.6700,7.0691,-1.3991,11,0
qian2023,43,9,packaging,7.9944,11.6050,-3.6107,11,0
qian2023,43,10,.,1.4869,2.3026,-0.8157,11,0
qian2023,43,11,<eos>,5.1062,2.3026,2.8036,11,0
qian2023,44,0,The,3.9742,2.9243,1.0498,11,0
qian2023,44,1,tests,10.8180,9.9696,0.8484,11,0
qian2023,44,2,of,2.2309,3.6849,-1.4540,11,0
qian2023,44,3,the,1.6397,2.9243,-1.2847,11,0
qian2023,44,4,device,8.0880,9.9696,-1.8817,11,0
qian2023,44,5,was,7.4301,5.0192,2.4110,11,0
qian2023,44,6,carried,3.9290,9.7397,-5.8107,11,0
qian2023,44,7,out,0.1447,6.0323,-5.8876,11,0
qian2023,44,8,before,5.4542,7.0691,-1.6149,11,0
qian2023,44,9,packaging,7.8766,11.6050,-3.7284,11,0
qian2023,44,10,.,1.5752,2.3026,-0.7273,11,0
qian2023,44,11,<eos>,4.8538,2.3026,2.5512,11,0
qian2023,45,0,The,3.9742,2.9243,1.0498,11,0
qian2023,45,1,tests,10.8180,9.9696,0.8484,11,0
qian2023,45,2,of,2.2309,3.6849,-1.4540,11,0
qian2023,45,3,the,1.6397,2.9243,-1.2847,11,0
qian2023,45,4,device,8.0880,9.9696,-1.8817,11,0
qian2023,45,5,were,4.6234,6.1239,-1.5005,11,0
qian2023,45,6,carried,3.0439,9.7397,-6.6958,11,0
qian2023,45,7,out,0.0671,6.0323,-5.9652,11,0
qian2023,45,8,before,5.3485,7.0691,-1.7206,11,0
qian2023,45,9,packaging,8.0227,11.6050,-3.5823,11,0
qian2023,45,10,.,1.6281,2.3026,-0.6745,11,0
qian2023,45,11,<eos>,5.0335,2.3026,2.7309,11,0
qian2023,46,0,The,3.9742,2.9243,1.0498,11,0
qian2023,46,1,tests,10.8180,9.9696,0.8484,11,0
qian2023,46,2,of,2.2309,3.6849,-1.4540,11,0
qian2023,46,3,the,1.6397,2.9243,-1.2847,11,0
qian2023,46,4,devices,8.7768,10.1545,-1.3777,11,0
qian2023,46,5,was,9.4510,5.0192,4.4318,11,0
qian2023,46,6,carried,3.6801,9.7397,-6.0596,11,0
qian2023,46,7,out,0.1229,6.0323,-5.9094,11,0
qian2023,46,8,before,5.4461,7.0691,-1.6230,11,0
qian2023,46,9,packaging,8.6632,11.6050,-2.9418,11,0
qian2023,46,10,.,1.5907,2.3026,-0.7119,11,0
qian2023,46,11,<eos>,4.8898,2.3026,2.5872,11,0
qian2023,47,0,The,3.9742,2.9243,1.0498,11,0
qian2023,47,1,tests,10.8180,9.9696,0.8484,11,0
qian2023,47,2,of,2.2309,3.6849,-1.4540,11,0
qian2023,47,3,the,1.6397,2.9243,-1.2847,11,0
qian2023,47,4,devices,8.7768,10.1545,-1.3777,11,0
qian2023,47,5,were,5.5844,6.1239,-0.5395,11,0
qian2023,47,6,carried,3.1706,9.7397,-6.5691,11,0
qian2023,47,7,out,0.0854,6.0323,-5.9469,11,0
qian2023,47,8,before,5.4529,7.0691,-1.6162,11,0
qian2023,47,9,packaging,8.4639,11.6050,-3.1412,11,0
qian2023,47,10,.,1.5898,2.3026,-0.7127,11,0
qian2023,47,11,<eos>,5.0727,2.3026,2.7701,11,0
qian2023,48,0,The,3.9734,2.9243,1.0490,14,0
qian2023,48,1,director,9.2046,8.8668,0.3378,14,0
qian2023,48,2,of,0.5602,3.6849,-3.1247,14,0
qian2023,48,3,the,0.4809,2.9243,-2.4435,14,0
qian2023,48,4,film,6.2901,8.7529,-2.4628,14,0
qian2023,48,5,has,4.4930,6.0576,-1.5646,14,0
qian2023,48,6,planned,7.1418,9.9237,-2.7818,14,0
qian2023,48,7,to,0.5008,3.6156,-3.1148,14,0
qian2023,48,8,hold,5.4428,8.7721,-3.3293,14,0
qian2023,48,9,an,3.0131,5.6869,-2.6738,14,0
qian2023,48,10,audition,4.3018,12.0423,-7.7404,14,0
qian2023,48,11,this,5.7304,5.0192,0.7112,14,0
qian2023,48,12,week,1.2963,7.9211,-6.6248,14,0
qian2023,48,13,.,2.0589,2.3026,-0.2437,14,0
qian2023,48,14,<eos>,5.2897,2.3026,2.9871,14,0
qian2023,49,0,The,3.9734,2.9243,1.0490,14,0
qian2023,49,1,director,9.2046,8.8668,0.3378,14,0
qian2023,49,2,of,0.5602,3.6849,-3.1247,14,0
qian2023,49,3,the,0.4809,2.9243,-2.4435,14,0
qian2023,49,4,film,6.2901,8.7529,-2.4628,14,0
qian2023,49,5,have,8.0208,5.2726,2.7481,14,0
qian2023,49,6,planned,7.2059,9.9237,-2.7178,14,0
qian2023,49,7,to,0.6917,3.6156,-2.9239,14,0
qian2023,49,8,hold,5.4931,8.7721,-3.2790,14,0
qian2023,49,9,an,3.0259,5.6869,-2.6611,14,0
qian2023,49,10,audition,4.4147,12.0423,-7.6275,14,0
qian2023,49,11,this,5.7867,5.0192,0.7676,14,0
qian2023,49,12,week,1.3072,7.9211,-6.6140,14,0
qian2023,49,13,.,1.9625,2.3026,-0.3401,14,0
qian2023,49,14,<eos>,5.3933,2.3026,3.0907,14,0
qian2023,50,0,The,3.9734,2.9243,1.0490,14,0
qian2023,50,1,director,9.2046,8.8668,0.3378,14,0
qian2023,50,2,of,0.5602,3.6849,-3.1247,14,0
qian2023,50,3,the,0.4809,2.9243,-2.4435,14,0
qian2023,50,4,films,9.8562,10.0382,-0.1819,14,0
qian2023,50,5,has,5.5511,6.0576,-0.5065,14,0
qian2023,50,6,planned,7.2507,9.9237,-2.6730,14,0
qian2023,50,7,to,0.4466,3.6156,-3.1690,14,0
qian2023,50,8,hold,5.3014,8.7721,-3.4707,14,0
qian2023,50,9,an,3.4069,5.6869,-2.2800,14,0
qian2023,50,10,audition,4.8608,12.0423,-7.1814,14,0
qian2023,50,11,this,5.7171,5.0192,0.6979,14,0
qian2023,50,12,week,1.3648,7.9211,-6.5563,14,0
qian2023,50,13,.,1.8540,2.3026,-0.4486,14,0
qian2023,50,14,<eos>,5.3380,2.3026,3.0354,14,0
qian2023,51,0,The,3.9734,2.9243,1.0490,14,0
qian2023,51,1,director,9.2046,8.8668,0.3378,14,0
qian2023,51,2,of,0.5602,3.6849,-3.1247,14,0
qian2023,51,3,the,0.4809,2.9243,-2.4435,14,0
qian2023,51,4,films,9.8562,10.0382,-0.1819,14,0
qian2023,51,5,have,6.7259,5.2726,1.4533,14,0
qian2023,51,6,planned,8.2447,9.9237,-1.6790,14,0
qian2023,51,7,to,0.6045,3.6156,-3.0112,14,0
qian2023,51,8,hold,5.4881,8.7721,-3.2840,14,0
qian2023,51,9,an,3.6279,5.6869,-2.0590,14,0
qian2023,51,10,audition,5.0735,12.0423,-6.9688,14,0
qian2023,51,11,this,5.8907,5.0192,0.8715,14,0
qian2023,51,12,week,1.3950,7.9211,-6.5261,14,0
qian2023,51,13,.,1.6461,2.3026,-0.6565,14,0
qian2023,51,14,<eos>,5.5176,2.3026,3.2150,14,0
qian2023,52,0,The,3.9734,2.9243,1.0490,14,0
qian2023,52,1,directors,11.4613,10.4762,0.9851,14,0
qian2023,52,2,of,0.3132,3.6849,-3.3717,14,0
qian2023,52,3,the,0.8794,2.9243,-2.0449,14,0
qian2023,52,4,film,6.5960,8.7529,-2.1569,14,0
qian2023,52,5,has,6.3264,6.0576,0.2688,14,0
qian2023,52,6,planned,8.1543,9.9237,-1.7694,14,0
qian2023,52,7,to,0.5084,3.6156,-3.1072,14,0
qian2023,52,8,hold,5.0883,8.7721,-3.6838,14,0
qian2023,52,9,an,3.1962,5.6869,-2.4907,14,0
qian2023,52,10,audition,4.8111,12.0423,-7.2312,14,0
qian2023,52,11,this,5.9940,5.0192,0.9748,14,0
qian2023,52,12,week,1.4352,7.9211,-6.4859,14,0
qian2023,52,13,.,1.8904,2.3026,-0.4122,14,0
qian2023,52,14,<eos>,5.0565,2.3026,2.7540,14,0
qian2023,53,0,The,3.9734,2.9243,1.0490,14,0
qian2023,53,1,directors,11.4613,10.4762,0.9851,14,0
qian2023,53,2,of,0.3132,3.6849,-3.3717,14,0
qian2023,53,3,the,0.8794,2.9243,-2.0449,14,0
qian2023,53,4,film,6.5960,8.7529,-2.1569,14,0
qian2023,53,5,have,3.3999,5.2726,-1.8728,14,0
qian2023,53,6,planned,6.2574,9.9237,-3.6663,14,0
qian2023,53,7,to,0.6204,3.6156,-2.9953,14,0
qian2023,53,8,hold,4.8822,8.7721,-3.8898,14,0
qian2023,53,9,an,3.2018,5.6869,-2.4852,14,0
qian2023,53,10,audition,4.7333,12.0423,-7.3089,14,0
qian2023,53,11,this,6.0691,5.0192,1.0499,14,0
qian2023,53,12,week,1.4422,7.9211,-6.4789,14,0
qian2023,53,13,.,1.8629,2.3026,-0.4397,14,0
qian2023,53,14,<eos>,5.2406,2.3026,2.9381,14,0
qian2023,54,0,The,3.9734,2.9243,1.0490,14,0
qian2023,54,1,directors,11.4613,10.4762,0.9851,14,0
qian2023,54,2,of,0.3132,3.6849,-3.3717,14,0
qian2023,54,3,the,0.8794,2.9243,-2.0449,14,0
qian2023,54,4,films,8.7354,10.0382,-1.3028,14,0
qian2023,54,5,has,6.8924,6.0576,0.8348,14,0
qian2023,54,6,planned,7.9474,9.9237,-1.9763,14,0
qian2023,54,7,to,0.4231,3.6156,-3.1925,14,0
qian2023,54,8,hold,4.8033,8.7721,-3.9688,14,0
qian2023,54,9,an,3.5168,5.6869,-2.1701,14,0
qian2023,54,10,audition,5.5179,12.0423,-6.5244,14,0
qian2023,54,11,this,6.0058,5.0192,0.9866,14,0
qian2023,54,12,week,1.4762,7.9211,-6.4449,14,0
qian2023,54,13,.,1.7330,2.3026,-0.5696,14,0
qian2023,54,14,<eos>,5.0956,2.3026,2.7930,14,0
qian2023,55,0,The,3.9734,2.9243,1.0490,14,0
qian2023,55,1,directors,11.4613,10.4762,0.9851,14,0
qian2023,55,2,of,0.3132,3.6849,-3.3717,14,0
qian2023,55,3,the,0.8794,2.9243,-2.0449,14,0
qian2023,55,4,films,8.7354,10.0382,-1.3028,14,0
qian2023,55,5,have,3.5932,5.2726,-1.6794,14,0
qian2023,55,6,planned,6.9360,9.9237,-2.9877,14,0
qian2023,55,7,to,0.5354,3.6156,-3.0802,14,0
qian2023,55,8,hold,4.9370,8.7721,-3.8351,14,0
qian2023,55,9,an,3.6558,5.6869,-2.0312,14,0
qian2023,55,10,audition,5.5355,12.0423,-6.5067,14,0
qian2023,55,11,this,6.2200,5.0192,1.2008,14,0
qian2023,55,12,week,1.5314,7.9211,-6.3897,14,0
qian2023,55,13,.,1.6265,2.3026,-0.6760,14,0
qian2023,55,14,<eos>,5.2757,2.3026,2.9731,14,0
qian2023,56,0,The,3.9738,2.9243,1.0495,13,0
qian2023,56,1,teacher,10.3606,9.4861,0.8745,13,0
qian2023,56,2,of,3.5568,3.6849,-0.1281,13,0
qian2023,56,3,the,1.6950,2.9243,-1.2293,13,0
qian2023,56,4,student,6.3132,9.1616,-2.8484,13,0
qian2023,56,5,is,3.6833,4.4482,-0.7648,13,0
qian2023,56,6,attending,7.5832,10.8000,-3.2168,13,0
qian2023,56,7,a,1.7113,3.7766,-2.0653,13,0
qian2023,56,8,workshop,4.7199,11.1693,-6.4494,13,0
qian2023,56,9,on,1.6475,4.8122,-3.1647,13,0
qian2023,56,10,active,8.6019,9.3717,-0.7698,13,0
qian2023,56,11,learning,2.1199,9.3943,-7.2744,13,0
qian2023,56,12,.,1.9869,2.3026,-0.3157,13,0
qian2023,56,13,<eos>,5.9661,2.3026,3.6635,13,0
qian2023,57,0,The,3.9738,2.9243,1.0495,13,0
qian2023,57,1,teacher,10.3606,9.4861,0.8745,13,0
qian2023,57,2,of,3.5568,3.6849,-0.1281,13,0
qian2023,57,3,the,1.6950,2.9243,-1.2293,13,0
qian2023,57,4,student,6.3132,9.1616,-2.8484,13,0
qian2023,57,5,are,7.1830,5.2030,1.9800,13,0
qian2023,57,6,attending,7.3268,10.8000,-3.4732,13,0
qian2023,57,7,a,1.7990,3.7766,-1.9777,13,0
qian2023,57,8,workshop,4.7147,11.1693,-6.4546,13,0
qian2023,57,9,on,1.6514,4.8122,-3.1608,13,0
qian2023,57,10,active,8.6801,9.3717,-0.6915,13,0
qian2023,57,11,learning,2.0744,9.3943,-7.3199,13,0
qian2023,57,12,.,2.2104,2.3026,-0.0921,13,0
qian2023,57,13,<eos>,6.0114,2.3026,3.7088,13,0
qian2023,58,0,The,3.9738,2.9243,1.0495,13,0
qian2023,58,1,teacher,10.3606,9.4861,0.8745,13,0
qian2023,58,2,of,3.5568,3.6849,-0.1281,13,0
qian2023,58,3,the,1.6950,2.9243,-1.2293,13,0
qian2023,58,4,students,6.4752,8.6337,-2.1586,13,0
qian2023,58,5,is,3.7198,4.4482,-0.7283,13,0
qian2023,58,6,attending,7.2476,10.8000,-3.5523,13,0
qian2023,58,7,a,1.8041,3.7766,-1.9725,13,0
qian2023,58,8,workshop,4.9766,11.1693,-6.1927,13,0
qian2023,58,9,on,1.5750,4.8122,-3.2372,13,0
qian2023,58,10,active,8.6310,9.3717,-0.7407,13,0
qian2023,58,11,learning,2.2194,9.3943,-7.1748,13,0
qian2023,58,12,.,2.0524,2.3026,-0.2501,13,0
qian2023,58,13,<eos>,5.9976,2.3026,3.6950,13,0
qian2023,59,0,The,3.9738,2.9243,1.0495,13,0
qian2023,59,1,teacher,10.3606,9.4861,0.8745,13,0
qian2023,59,2,of,3.5568,3.6849,-0.1281,13,0
qian2023,59,3,the,1.6950,2.9243,-1.2293,13,0
qian2023,59,4,students,6.4752,8.6337,-2.1586,13,0
qian2023,59,5,are,6.3209,5.2030,1.1179,13,0
qian2023,59,6,attending,6.5148,10.8000,-4.2852,13,0
qian2023,59,7,a,2.0234,3.7766,-1.7532,13,0
qian2023,59,8,workshop,5.0768,11.1693,-6.0925,13,0
qian2023,59,9,on,1.6020,4.8122,-3.2102,13,0
qian2023,59,10,active,8.6714,9.3717,-0.7003,13,0
qian2023,59,11,learning,2.1404,9.3943,-7.2539,13,0
qian2023,59,12,.,2.2084,2.3026,-0.0942,13,0
qian2023,59,13,<eos>,6.0580,2.3026,3.7554,13,0
qian2023,60,0,The,3.9738,2.9243,1.0495,13,0
qian2023,60,1,teachers,11.0128,9.8082,1.2046,13,0
qian2023,60,2,of,1.9369,3.6849,-1.7480,13,0
qian2023,60,3,the,1.4396,2.9243,-1.4847,13,0
qian2023,60,4,student,7.6255,9.1616,-1.5360,13,0
qian2023,60,5,is,6.7017,4.4482,2.2535,13,0
qian2023,60,6,attending,7.7282,10.8000,-3.0718,13,0
qian2023,60,7,a,1.9283,3.7766,-1.8483,13,0
qian2023,60,8,workshop,4.7823,11.1693,-6.3870,13,0
qian2023,60,9,on,1.5833,4.8122,-3.2289,13,0
qian2023,60,10,active,8.5309,9.3717,-0.8408,13,0
qian2023,60,11,learning,2.2097,9.3943,-7.1846,13,0
qian2023,60,12,.,2.0579,2.3026,-0.2447,13,0
qian2023,60,13,<eos>,5.7878,2.3026,3.4852,13,0
qian2023,61,0,The,3.9738,2.9243,1.0495,13,0
qian2023,61,1,teachers,11.0128,9.8082,1.2046,13,0
qian2023,61,2,of,1.9369,3.6849,-1.7480,13,0
qian2023,61,3,the,1.4396,2.9243,-1.4847,13,0
qian2023,61,4,student,7.6255,9.1616,-1.5360,13,0
qian2023,61,5,are,4.4028,5.2030,-0.8002,13,0
qian2023,61,6,attending,7.1743,10.8000,-3.6257,13,0
qian2023,61,7,a,2.2127,3.7766,-1.5640,13,0
qian2023,61,8,workshop,4.7814,11.1693,-6.3879,13,0
qian2023,61,9,on,1.5815,4.8122,-3.2307,13,0
qian2023,61,10,active,8.5934,9.3717,-0.7782,13,0
qian2023,61,11,learning,2.1692,9.3943,-7.2250,13,0
qian2023,61,12,.,2.1935,2.3026,-0.1091,13,0
qian2023,61,13,<eos>,5.8705,2.3026,3.5679,13,0
qian2023,62,0,The,3.9738,2.9243,1.0495,13,0
qian2023,62,1,teachers,11.0128,9.8082,1.2046,13,0
qian2023,62,2,of,1.9369,3.6849,-1.7480,13,0
qian2023,62,3,the,1.4396,2.9243,-1.4847,13,0
qian2023,62,4,students,7.3145,8.6337,-1.3192,13,0
qian2023,62,5,is,7.3112,4.4482,2.8631,13,0
qian2023,62,6,attending,7.8007,10.8000,-2.9993,13,0
qian2023,62,7,a,2.0200,3.7766,-1.7567,13,0
qian2023,62,8,workshop,4.9525,11.1693,-6.2168,13,0
qian2023,62,9,on,1.5222,4.8122,-3.2900,13,0
qian2023,62,10,active,8.5373,9.3717,-0.8344,13,0
qian2023,62,11,learning,2.2480,9.3943,-7.1463,13,0
qian2023,62,12,.,2.1576,2.3026,-0.1450,13,0
qian2023,62,13,<eos>,5.8428,2.3026,3.5402,13,0
qian2023,63,0,The,3.9738,2.9243,1.0495,13,0
qian2023,63,1,teachers,11.0128,9.8082,1.2046,13,0
qian2023,63,2,of,1.9369,3.6849,-1.7480,13,0
qian2023,63,3,the,1.4396,2.9243,-1.4847,13,0
qian2023,63,4,students,7.3145,8.6337,-1.3192,13,0
qian2023,63,5,are,3.4353,5.2030,-1.7677,13,0
qian2023,63,6,attending,6.7798,10.8000,-4.0202,13,0
qian2023,63,7,a,2.3625,3.7766,-1.4142,13,0
qian2023,63,8,workshop,5.0299,11.1693,-6.1394,13,0
qian2023,63,9,on,1.5397,4.8122,-3.2725,13,0
qian2023,63,10,active,8.5552,9.3717,-0.8165,13,0
qian2023,63,11,learning,2.1684,9.3943,-7.2259,13,0
qian2023,63,12,.,2.2531,2.3026,-0.0494,13,0
qian2023,63,13,<eos>,5.8982,2.3026,3.5957,13,0
qian2023,64,0,The,3.9734,2.9243,1.0490,14,0
qian2023,64,1,photo,8.7585,9.2797,-0.5212,14,0
qian2023,64,2,of,3.3450,3.6849,-0.3399,14,0
qian2023,64,3,the,1.1706,2.9243,-1.7538,14,0
qian2023,64,4,mountain,7.1159,9.8321,-2.7162,14,0
qian2023,64,5,is,3.7757,4.4482,-0.6725,14,0
qian2023,64,6,displayed,6.1976,11.1008,-4.9032,14,0
qian2023,64,7,in,1.5701,3.9846,-2.4145,14,0
qian2023,64,8,an,3.5522,5.6869,-2.1348,14,0
qian2023,64,9,exhibition,6.2708,10.6628,-4.3920,14,0
qian2023,64,10,at,2.2315,5.2963,-3.0648,14,0
qian2023,64,11,the,0.4191,2.9243,-2.5052,14,0
qian2023,64,12,gallery,6.9299,10.3848,-3.4548,14,0
qian2023,64,13,.,1.8499,2.3026,-0.4527,14,0
qian2023,64,14,<eos>,4.5046,2.3026,2.2020,14,0
qian2023,65,0,The,3.9734,2.9243,1.0490,14,0
qian2023,65,1,photo,8.7585,9.2797,-0.5212,14,0
qian2023,65,2,of,3.3450,3.6849,-0.3399,14,0
qian2023,65,3,the,1.1706,2.9243,-1.7538,14,0
qian2023,65,4,mountain,7.1159,9.8321,-2.7162,14,0
qian2023,65,5,are,6.9064,5.2030,1.7034,14,0
qian2023,65,6,displayed,6.0400,11.1008,-5.0608,14,0
qian2023,65,7,in,1.5359,3.9846,-2.4487,14,0
qian2023,65,8,an,3.7175,5.6869,-1.9694,14,0
qian2023,65,9,exhibition,6.1791,10.6628,-4.4837,14,0
qian2023,65,10,at,2.2933,5.2963,-3.0030,14,0
qian2023,65,11,the,0.4318,2.9243,-2.4925,14,0
qian2023,65,12,gallery,6.8375,10.3848,-3.5472,14,0
qian2023,65,13,.,1.7525,2.3026,-0.5501,14,0
qian2023,65,14,<eos>,4.4260,2.3026,2.1234,14,0
qian2023,66,0,The,3.9734,2.9243,1.0490,14,0
qian2023,66,1,photo,8.7585,9.2797,-0.5212,14,0
qian2023,66,2,of,3.3450,3.6849,-0.3399,14,0
qian2023,66,3,the,1.1706,2.9243,-1.7538,14,0
qian2023,66,4,mountains,8.8074,10.3624,-1.5549,14,0
qian2023,66,5,is,3.2228,4.4482,-1.2253,14,0
qian2023,66,6,displayed,5.8121,11.1008,-5.2887,14,0
qian2023,66,7,in,1.6152,3.9846,-2.3694,14,0
qian2023,66,8,an,3.6012,5.6869,-2.0857,14,0
qian2023,66,9,exhibition,6.1767,10.6628,-4.4861,14,0
qian2023,66,10,at,2.1742,5.2963,-3.1221,14,0
qian2023,66,11,the,0.4223,2.9243,-2.5021,14,0
qian2023,66,12,gallery,6.8862,10.3848,-3.4985,14,0
qian2023,66,13,.,1.8473,2.3026,-0.4553,14,0
qian2023,66,14,<eos>,4.5251,2.3026,2.2225,14,0
qian2023,67,0,The,3.9734,2.9243,1.0490,14,0
qian2023,67,1,photo,8.7585,9.2797,-0.5212,14,0
qian2023,67,2,of,3.3450,3.6849,-0.3399,14,0
qian2023,67,3,the,1.1706,2.9243,-1.7538,14,0
qian2023,67,4,mountains,8.8074,10.3624,-1.5549,14,0
qian2023,67,5,are,3.9940,5.2030,-1.2091,14,0
qian2023,67,6,displayed,6.7093,11.1008,-4.3915,14,0
qian2023,67,7,in,1.5040,3.9846,-2.4806,14,0
qian2023,67,8,an,3.7459,5.6869,-1.9411,14,0
qian2023,67,9,exhibition,5.9613,10.6628,-4.7014,14,0
qian2023,67,10,at,2.2713,5.2963,-3.0250,14,0
qian2023,67,11,the,0.4315,2.9243,-2.4928,14,0
qian2023,67,12,gallery,6.8626,10.3848,-3.5221,14,0
qian2023,67,13,.,1.7666,2.3026,-0.5359,14,0
qian2023,67,14,<eos>,4.6794,2.3026,2.3768,14,0
qian2023,68,0,The,3.9734,2.9243,1.0490,14,0
qian2023,68,1,photos,10.2486,9.6019,0.6467,14,0
qian2023,68,2,of,2.8548,3.6849,-0.8301,14,0
qian2023,68,3,the,1.3369,2.9243,-1.5874,14,0
qian2023,68,4,mountain,7.1950,9.8321,-2.6371,14,0
qian2023,68,5,is,3.5280,4.4482,-0.9202,14,0
qian2023,68,6,displayed,6.1580,11.1008,-4.9428,14,0
qian2023,68,7,in,1.3042,3.9846,-2.6804,14,0
qian2023,68,8,an,3.7141,5.6869,-1.9728,14,0
qian2023,68,9,exhibition,5.8874,10.6628,-4.7754,14,0
qian2023,68,10,at,2.0977,5.2963,-3.1987,14,0
qian2023,68,11,the,0.3695,2.9243,-2.5548,14,0
qian2023,68,12,gallery,7.1409,10.3848,-3.2439,14,0
qian2023,68,13,.,1.7153,2.3026,-0.5872,14,0
qian2023,68,14,<eos>,3.6047,2.3026,1.3021,14,0
qian2023,69,0,The,3.9734,2.9243,1.0490,14,0
qian2023,69,1,photos,10.2486,9.6019,0.6467,14,0
qian2023,69,2,of,2.8548,3.6849,-0.8301,14,0
qian2023,69,3,the,1.3369,2.9243,-1.5874,14,0
qian2023,69,4,mountain,7.1950,9.8321,-2.6371,14,0
qian2023,69,5,are,4.0447,5.2030,-1.1583,14,0
qian2023,69,6,displayed,4.6518,11.1008,-6.4490,14,0
qian2023,69,7,in,1.2557,3.9846,-2.7289,14,0
qian2023,69,8,an,3.9131,5.6869,-1.7738,14,0
qian2023,69,9,exhibition,5.8172,10.6628,-4.8456,14,0
qian2023,69,10,at,2.1349,5.2963,-3.1614,14,0
qian2023,69,11,the,0.3744,2.9243,-2.5500,14,0
qian2023,69,12,gallery,6.9603,10.3848,-3.4244,14,0
qian2023,69,13,.,1.6297,2.3026,-0.6729,14,0
qian2023,69,14,<eos>,3.7336,2.3026,1.4310,14,0
qian2023,70,0,The,3.9734,2.9243,1.0490,14,0
qian2023,70,1,photos,10.2486,9.6019,0.6467,14,0
qian2023,70,2,of,2.8548,3.6849,-0.8301,14,0
qian2023,70,3,the,1.3369,2.9243,-1.5874,14,0
qian2023,70,4,mountains,7.8109,10.3624,-2.5515,14,0
qian2023,70,5,is,5.9234,4.4482,1.4752,14,0
qian2023,70,6,displayed,5.4773,11.1008,-5.6235,14,0
qian2023,70,7,in,1.3569,3.9846,-2.6277,14,0
qian2023,70,8,an,3.7836,5.6869,-1.9033,14,0
qian2023,70,9,exhibition,5.8665,10.6628,-4.7963,14,0
qian2023,70,10,at,2.0617,5.2963,-3.2346,14,0
qian2023,70,11,the,0.3781,2.9243,-2.5462,14,0
qian2023,70,12,gallery,7.0477,10.3848,-3.3371,14,0
qian2023,70,13,.,1.7301,2.3026,-0.5725,14,0
qian2023,70,14,<eos>,3.6784,2.3026,1.3758,14,0
qian2023,71,0,The,3.9734,2.9243,1.0490,14,0
qian2023,71,1,photos,10.2486,9.6019,0.6467,14,0
qian2023,71,2,of,2.8548,3.6849,-0.8301,14,0
qian2023,71,3,the,1.3369,2.9243,-1.5874,14,0
qian2023,71,4,mountains,7.8109,10.3624,-2.5515,14,0
qian2023,71,5,are,1.8599,5.2030,-3.3431,14,0
qian2023,71,6,displayed,4.7824,11.1008,-6.3185,14,0
qian2023,71,7,in,1.2975,3.9846,-2.6871,14,0
qian2023,71,8,an,3.8963,5.6869,-1.7906,14,0
qian2023,71,9,exhibition,5.7576,10.6628,-4.9052,14,0
qian2023,71,10,at,2.1157,5.2963,-3.1806,14,0
qian2023,71,11,the,0.3812,2.9243,-2.5431,14,0
qian2023,71,12,gallery,6.9103,10.3848,-3.4745,14,0
qian2023,71,13,.,1.6420,2.3026,-0.6606,14,0
qian2023,71,14,<eos>,3.8812,2.3026,1.5786,14,0
qian2023,72,0,The,3.9742,2.9243,1.0498,12,0
qian2023,72,1,editor,9.1873,10.0850,-0.8977,12,0
qian2023,72,2,of,2.1373,3.6849,-1.5476,12,0
qian2023,72,3,the,1.1894,2.9243,-1.7349,12,0
qian2023,72,4,book,4.7705,8.2208,-3.4503,12,0
qian2023,72,5,has,4.2759,6.0576,-1.7817,12,0
qian2023,72,6,been,1.5136,6.2872,-4.7736,12,0
qian2023,72,7,invited,5.7126,10.2921,-4.5795,12,0
qian2023,72,8,to,0.3815,3.6156,-3.2341,12,0
qian2023,72,9,the,3.0103,2.9243,0.0859,12,0
qian2023,72,10,seminar,7.8491,12.0423,-4.1932,12,0
qian2023,72,11,.,2.7891,2.3026,0.4865,12,0
qian2023,72,12,<eos>,5.1886,2.3026,2.8861,12,0
qian2023,73,0,The,3.9742,2.9243,1.0498,12,0
qian2023,73,1,editor,9.1873,10.0850,-0.8977,12,0
qian2023,73,2,of,2.1373,3.6849,-1.5476,12,0
qian2023,73,3,the,1.1894,2.9243,-1.7349,12,0
qian2023,73,4,book,4.7705,8.2208,-3.4503,12,0
qian2023,73,5,have,7.2559,5.2726,1.9832,12,0
qian2023,73,6,been,1.8005,6.2872,-4.4867,12,0
qian2023,73,7,invited,5.5988,10.2921,-4.6933,12,0
qian2023,73,8,to,0.3567,3.6156,-3.2589,12,0
qian2023,73,9,the,2.8451,2.9243,-0.0793,12,0
qian2023,73,10,seminar,7.6166,12.0423,-4.4256,12,0
qian2023,73,11,.,2.6673,2.3026,0.3647,12,0
qian2023,73,12,<eos>,5.4424,2.3026,3.1398,12,0
qian2023,74,0,The,3.9742,2.9243,1.0498,12,0
qian2023,74,1,editor,9.1873,10.0850,-0.8977,12,0
qian2023,74,2,of,2.1373,3.6849,-1.5476,12,0
qian2023,74,3,the,1.1894,2.9243,-1.7349,12,0
qian2023,74,4,books,8.1394,8.8668,-0.7274,12,0
qian2023,74,5,has,4.4117,6.0576,-1.6459,12,0
qian2023,74,6,been,1.7621,6.2872,-4.5251,12,0
qian2023,74,7,invited,5.7545,10.2921,-4.5376,12,0
qian2023,74,8,to,0.3351,3.6156,-3.2805,12,0
qian2023,74,9,the,3.1282,2.9243,0.2038,12,0
qian2023,74,10,seminar,7.8893,12.0423,-4.1530,12,0
qian2023,74,11,.,2.5614,2.3026,0.2588,12,0
qian2023,74,12,<eos>,5.2154,2.3026,2.9128,12,0
qian2023,75,0,The,3.9742,2.9243,1.0498,12,0
qian2023,75,1,editor,9.1873,10.0850,-0.8977,12,0
qian2023,75,2,of,2.1373,3.6849,-1.5476,12,0
qian2023,75,3,the,1.1894,2.9243,-1.7349,12,0
qian2023,75,4,books,8.1394,8.8668,-0.7274,12,0
qian2023,75,5,have,6.0388,5.2726,0.7661,12,0
qian2023,75,6,been,1.0201,6.2872,-5.2671,12,0
qian2023,75,7,invited,6.3177,10.2921,-3.9744,12,0
qian2023,75,8,to,0.3964,3.6156,-3.2192,12,0
qian2023,75,9,the,2.7434,2.9243,-0.1810,12,0
qian2023,75,10,seminar,7.8152,12.0423,-4.2271,12,0
qian2023,75,11,.,2.4364,2.3026,0.1338,12,0
qian2023,75,12,<eos>,5.3328,2.3026,3.0302,12,0
qian2023,76,0,The,3.9742,2.9243,1.0498,12,0
qian2023,76,1,editors,8.6648,11.4176,-2.7528,12,0
qian2023,76,2,of,0.8650,3.6849,-2.8199,12,0
qian2023,76,3,the,1.1304,2.9243,-1.7939,12,0
qian2023,76,4,book,4.5349,8.2208,-3.6859,12,0
qian2023,76,5,has,7.1138,6.0576,1.0562,12,0
qian2023,76,6,been,1.6134,6.2872,-4.6738,12,0
qian2023,76,7,invited,5.2456,10.2921,-5.0465,12,0
qian2023,76,8,to,0.3559,3.6156,-3.2597,12,0
qian2023,76,9,the,3.6735,2.9243,0.7491,12,0
qian2023,76,10,seminar,8.0340,12.0423,-4.0082,12,0
qian2023,76,11,.,3.1146,2.3026,0.8120,12,0
qian2023,76,12,<eos>,5.1568,2.3026,2.8542,12,0
qian2023,77,0,The,3.9742,2.9243,1.0498,12,0
qian2023,77,1,editors,8.6648,11.4176,-2.7528,12,0
qian2023,77,2,of,0.8650,3.6849,-2.8199,12,0
qian2023,77,3,the,1.1304,2.9243,-1.7939,12,0
qian2023,77,4,book,4.5349,8.2208,-3.6859,12,0
qian2023,77,5,have,3.0619,5.2726,-2.2107,12,0
qian2023,77,6,been,2.2072,6.2872,-4.0800,12,0
qian2023,77,7,invited,5.0917,10.2921,-5.2004,12,0
qian2023,77,8,to,0.2926,3.6156,-3.3231,12,0
qian2023,77,9,the,3.6490,2.9243,0.7247,12,0
qian2023,77,10,seminar,7.8187,12.0423,-4.2236,12,0
qian2023,77,11,.,3.0405,2.3026,0.7379,12,0
qian2023,77,12,<eos>,5.3009,2.3026,2.9983,12,0
qian2023,78,0,The,3.9742,2.9243,1.0498,12,0
qian2023,78,1,editors,8.6648,11.4176,-2.7528,12,0
qian2023,78,2,of,0.8650,3.6849,-2.8199,12,0
qian2023,78,3,the,1.1304,2.9243,-1.7939,12,0
qian2023,78,4,books,6.9619,8.8668,-1.9049,12,0
qian2023,78,5,has,7.3086,6.0576,1.2509,12,0
qian2023,78,6,been,1.8624,6.2872,-4.4248,12,0
qian2023,78,7,invited,5.3961,10.2921,-4.8960,12,0
qian2023,78,8,to,0.2980,3.6156,-3.3176,12,0
qian2023,78,9,the,3.7676,2.9243,0.8432,12,0
qian2023,78,10,seminar,8.1568,12.0423,-3.8855,12,0
qian2023,78,11,.,2.8581,2.3026,0.5555,12,0
qian2023,78,12,<eos>,5.2220,2.3026,2.9194,12,0
qian2023,79,0,The,3.9742,2.9243,1.0498,12,0
qian2023,79,1,editors,8.6648,11.4176,-2.7528,12,0
qian2023,79,2,of,0.8650,3.6849,-2.8199,12,0
qian2023,79,3,the,1.1304,2.9243,-1.7939,12,0
qian2023,79,4,books,6.9619,8.8668,-1.9049,12,0
qian2023,79,5,have,2.9233,5.2726,-2.3494,12,0
qian2023,79,6,been,2.0179,6.2872,-4.2693,12,0
qian2023,79,7,invited,5.3607,10.2921,-4.9314,12,0
qian2023,79,8,to,0.2824,3.6156,-3.3333,12,0
qian2023,79,9,the,3.5896,2.9243,0.6652,12,0
qian2023,79,10,seminar,7.9806,12.0423,-4.0617,12,0
qian2023,79,11,.,2.7762,2.3026,0.4736,12,0
qian2023,79,12,<eos>,5.3750,2.3026,3.0724,12,0
qian2023,80,0,The,3.9742,2.9243,1.0498,11,0
qian2023,80,1,host,8.7166,9.7397,-1.0231,11,0
qian2023,80,2,of,2.5054,3.6849,-1.1795,11,0
qian2023,80,3,the,0.9772,2.9243,-1.9471,11,0
qian2023,80,4,show,6.3984,7.6438,-1.2454,11,0
qian2023,80,5,was,2.5124,5.0192,-2.5068,11,0
qian2023,80,6,nominated,7.2483,11.1008,-3.8525,11,0
qian2023,80,7,for,0.5976,4.5854,-3.9877,11,0
qian2023,80,8,an,2.9065,5.6869,-2.7804,11,0
qian2023,80,9,award,2.2617,9.4861,-7.2244,11,0
qian2023,80,10,.,4.1189,2.3026,1.8163,11,0
qian2023,80,11,<eos>,5.4273,2.3026,3.1247,11,0
qian2023,81,0,The,3.9742,2.9243,1.0498,11,0
qian2023,81,1,host,8.7166,9.7397,-1.0231,11,0
qian2023,81,2,of,2.5054,3.6849,-1.1795,11,0
qian2023,81,3,the,0.9772,2.9243,-1.9471,11,0
qian2023,81,4,show,6.3984,7.6438,-1.2454,11,0
qian2023,81,5,were,8.9400,6.1239,2.8161,11,0
qian2023,81,6,nominated,7.5990,11.1008,-3.5018,11,0
qian2023,81,7,for,0.8140,4.5854,-3.7714,11,0
qian2023,81,8,an,2.9114,5.6869,-2.7756,11,0
qian2023,81,9,award,2.1595,9.4861,-7.3266,11,0
qian2023,81,10,.,3.5593,2.3026,1.2567,11,0
qian2023,81,11,<eos>,5.3739,2.3026,3.0713,11,0
qian2023,82,0,The,3.9742,2.9243,1.0498,11,0
qian2023,82,1,host,8.7166,9.7397,-1.0231,11,0
qian2023,82,2,of,2.5054,3.6849,-1.1795,11,0
qian2023,82,3,the,0.9772,2.9243,-1.9471,11,0
qian2023,82,4,shows,8.4963,8.6797,-0.1834,11,0
qian2023,82,5,was,3.3897,5.0192,-1.6295,11,0
qian2023,82,6,nominated,6.9863,11.1008,-4.1145,11,0
qian2023,82,7,for,0.6056,4.5854,-3.9798,11,0
qian2023,82,8,an,3.0416,5.6869,-2.6453,11,0
qian2023,82,9,award,2.1601,9.4861,-7.3260,11,0
qian2023,82,10,.,3.8657,2.3026,1.5631,11,0
qian2023,82,11,<eos>,5.2271,2.3026,2.9245,11,0
qian2023,83,0,The,3.9742,2.9243,1.0498,11,0
qian2023,83,1,host,8.7166,9.7397,-1.0231,11,0
qian2023,83,2,of,2.5054,3.6849,-1.1795,11,0
qian2023,83,3,the,0.9772,2.9243,-1.9471,11,0
qian2023,83,4,shows,8.4963,8.6797,-0.1834,11,0
qian2023,83,5,were,4.7070,6.1239,-1.4168,11,0
qian2023,83,6,nominated,7.6072,11.1008,-3.4936,11,0
qian2023,83,7,for,0.8075,4.5854,-3.7779,11,0
qian2023,83,8,an,3.1845,5.6869,-2.5024,11,0
qian2023,83,9,award,2.1251,9.4861,-7.3609,11,0
qian2023,83,10,.,3.4336,2.3026,1.1310,11,0
qian2023,83,11,<eos>,5.1930,2.3026,2.8904,11,0
qian2023,84,0,The,3.9742,2.9243,1.0498,11,0
qian2023,84,1,hosts,10.8383,10.9823,-0.1440,11,0
qian2023,84,2,of,2.1447,3.6849,-1.5402,11,0
qian2023,84,3,the,1.3581,2.9243,-1.5662,11,0
qian2023,84,4,show,5.7120,7.6438,-1.9318,11,0
qian2023,84,5,was,5.8086,5.0192,0.7894,11,0
qian2023,84,6,nominated,6.9520,11.1008,-4.1488,11,0
qian2023,84,7,for,0.5801,4.5854,-4.0053,11,0
qian2023,84,8,an,2.9196,5.6869,-2.7673,11,0
qian2023,84,9,award,2.4596,9.4861,-7.0265,11,0
qian2023,84,10,.,3.9221,2.3026,1.6195,11,0
qian2023,84,11,<eos>,4.6360,2.3026,2.3334,11,0
qian2023,85,0,The,3.9742,2.9243,1.0498,11,0
qian2023,85,1,hosts,10.8383,10.9823,-0.1440,11,0
qian2023,85,2,of,2.1447,3.6849,-1.5402,11,0
qian2023,85,3,the,1.3581,2.9243,-1.5662,11,0
qian2023,85,4,show,5.7120,7.6438,-1.9318,11,0
qian2023,85,5,were,2.5524,6.1239,-3.5715,11,0
qian2023,85,6,nominated,7.9174,11.1008,-3.1834,11,0
qian2023,85,7,for,0.8065,4.5854,-3.7788,11,0
qian2023,85,8,an,3.0347,5.6869,-2.6522,11,0
qian2023,85,9,award,2.2923,9.4861,-7.1938,11,0
qian2023,85,10,.,3.3833,2.3026,1.0808,11,0
qian2023,85,11,<eos>,4.8890,2.3026,2.5864,11,0
qian2023,86,0,The,3.9742,2.9243,1.0498,11,0
qian2023,86,1,hosts,10.8383,10.9823,-0.1440,11,0
qian2023,86,2,of,2.1447,3.6849,-1.5402,11,0
qian2023,86,3,the,1.3581,2.9243,-1.5662,11,0
qian2023,86,4,shows,8.1410,8.6797,-0.5387,11,0
qian2023,86,5,was,7.1772,5.0192,2.1580,11,0
qian2023,86,6,nominated,6.6495,11.1008,-4.4513,11,0
qian2023,86,7,for,0.6156,4.5854,-3.9698,11,0
qian2023,86,8,an,3.0804,5.6869,-2.6065,11,0
qian2023,86,9,award,2.3119,9.4861,-7.1742,11,0
qian2023,86,10,.,3.7603,2.3026,1.4578,11,0
qian2023,86,11,<eos>,4.5498,2.3026,2.2472,11,0
qian2023,87,0,The,3.9742,2.9243,1.0498,11,0
qian2023,87,1,hosts,10.8383,10.9823,-0.1440,11,0
qian2023,87,2,of,2.1447,3.6849,-1.5402,11,0
qian2023,87,3,the,1.3581,2.9243,-1.5662,11,0
qian2023,87,4,shows,8.1410,8.6797,-0.5387,11,0
qian2023,87,5,were,2.8928,6.1239,-3.2311,11,0
qian2023,87,6,nominated,6.9449,11.1008,-4.1560,11,0
qian2023,87,7,for,0.8411,4.5854,-3.7442,11,0
qian2023,87,8,an,3.2435,5.6869,-2.4434,11,0
qian2023,87,9,award,2.1742,9.4861,-7.3119,11,0
qian2023,87,10,.,3.3133,2.3026,1.0107,11,0
qian2023,87,11,<eos>,4.8420,2.3026,2.5394,11,0
qian2023,88,0,The,3.9742,2.9243,1.0498,12,0
qian2023,88,1,judge,9.5336,9.3258,0.2078,12,0
qian2023,88,2,of,3.6959,3.6849,0.0110,12,0
qian2023,88,3,the,0.6172,2.9243,-2.3071,12,0
qian2023,88,4,competition,8.9003,9.4174,-0.5170,12,0
qian2023,88,5,is,3.0957,4.4482,-1.3524,12,0
qian2023,88,6,the,2.5924,2.9243,-0.3320,12,0
qian2023,88,7,same,4.0523,7.3682,-3.3159,12,0
qian2023,88,8,as,0.5817,5.1345,-4.5528,12,0
qian2023,88,9,last,5.9490,7.2307,-1.2817,12,0
qian2023,88,10,year,0.5583,6.9999,-6.4416,12,0
qian2023,88,11,.,1.9461,2.3026,-0.3565,12,0
qian2023,88,12,<eos>,6.1204,2.3026,3.8178,12,0
qian2023,89,0,The,3.9742,2.9243,1.0498,12,0
qian2023,89,1,judge,9.5336,9.3258,0.2078,12,0
qian2023,89,2,of,3.6959,3.6849,0.0110,12,0
qian2023,89,3,the,0.6172,2.9243,-2.3071,12,0
qian2023,89,4,competition,8.9003,9.4174,-0.5170,12,0
qian2023,89,5,are,7.0254,5.2030,1.8224,12,0
qian2023,89,6,the,2.7044,2.9243,-0.2200,12,0
qian2023,89,7,same,3.9921,7.3682,-3.3761,12,0
qian2023,89,8,as,1.0656,5.1345,-4.0689,12,0
qian2023,89,9,last,6.0971,7.2307,-1.1336,12,0
qian2023,89,10,year,0.6785,6.9999,-6.3214,12,0
qian2023,89,11,.,1.9298,2.3026,-0.3728,12,0
qian2023,89,12,<eos>,6.0697,2.3026,3.7671,12,0
qian2023,90,0,The,3.9742,2.9243,1.0498,12,0
qian2023,90,1,judge,9.5336,9.3258,0.2078,12,0
qian2023,90,2,of,3.6959,3.6849,0.0110,12,0
qian2023,90,3,the,0.6172,2.9243,-2.3071,12,0
qian2023,90,4,competitions,10.7609,11.9045,-1.1436,12,0
qian2023,90,5,is,3.3336,4.4482,-1.1145,12,0
qian2023,90,6,the,2.6964,2.9243,-0.2279,12,0
qian2023,90,7,same,4.0052,7.3682,-3.3631,12,0
qian2023,90,8,as,0.6689,5.1345,-4.4656,12,0
qian2023,90,9,last,5.4888,7.2307,-1.7419,12,0
qian2023,90,10,year,0.5011,6.9999,-6.4987,12,0
qian2023,90,11,.,1.8490,2.3026,-0.4535,12,0
qian2023,90,12,<eos>,6.0346,2.3026,3.7320,12,0
qian2023,91,0,The,3.9742,2.9243,1.0498,12,0
qian2023,91,1,judge,9.5336,9.3258,0.2078,12,0
qian2023,91,2,of,3.6959,3.6849,0.0110,12,0
qian2023,91,3,the,0.6172,2.9243,-2.3071,12,0
qian2023,91,4,competitions,10.7609,11.9045,-1.1436,12,0
qian2023,91,5,are,4.6677,5.2030,-0.5353,12,0
qian2023,91,6,the,3.0979,2.9243,0.1736,12,0
qian2023,91,7,same,3.3499,7.3682,-4.0183,12,0
qian2023,91,8,as,1.0270,5.1345,-4.1075,12,0
qian2023,91,9,last,5.4476,7.2307,-1.7831,12,0
qian2023,91,10,year,0.5967,6.9999,-6.4032,12,0
qian2023,91,11,.,1.9671,2.3026,-0.3355,12,0
qian2023,91,12,<eos>,6.0151,2.3026,3.7125,12,0
qian2023,92,0,The,3.9742,2.9243,1.0498,12,0
qian2023,92,1,judges,9.6145,10.5459,-0.9314,12,0
qian2023,92,2,of,2.1562,3.6849,-1.5287,12,0
qian2023,92,3,the,0.4789,2.9243,-2.4454,12,0
qian2023,92,4,competition,7.4652,9.4174,-1.9521,12,0
qian2023,92,5,is,5.2626,4.4482,0.8144,12,0
qian2023,92,6,the,2.9789,2.9243,0.0546,12,0
qian2023,92,7,same,3.9811,7.3682,-3.3871,12,0
qian2023,92,8,as,0.4859,5.1345,-4.6486,12,0
qian2023,92,9,last,6.1172,7.2307,-1.1135,12,0
qian2023,92,10,year,0.4343,6.9999,-6.5656,12,0
qian2023,92,11,.,1.8421,2.3026,-0.4605,12,0
qian2023,92,12,<eos>,6.0032,2.3026,3.7006,12,0
qian2023,93,0,The,3.9742,2.9243,1.0498,12,0
qian2023,93,1,judges,9.6145,10.5459,-0.9314,12,0
qian2023,93,2,of,2.1562,3.6849,-1.5287,12,0
qian2023,93,3,the,0.4789,2.9243,-2.4454,12,0
qian2023,93,4,competition,7.4652,9.4174,-1.9521,12,0
qian2023,93,5,are,2.1229,5.2030,-3.0801,12,0
qian2023,93,6,the,3.3389,2.9243,0.4145,12,0
qian2023,93,7,same,4.3001,7.3682,-3.0681,12,0
qian2023,93,8,as,0.9177,5.1345,-4.2168,12,0
qian2023,93,9,last,6.7741,7.2307,-0.4566,12,0
qian2023,93,10,year,0.5789,6.9999,-6.4210,12,0
qian2023,93,11,.,1.8749,2.3026,-0.4277,12,0
qian2023,93,12,<eos>,5.9210,2.3026,3.6184,12,0
qian2023,94,0,The,3.9742,2.9243,1.0498,12,0
qian2023,94,1,judges,9.6145,10.5459,-0.9314,12,0
qian2023,94,2,of,2.1562,3.6849,-1.5287,12,0
qian2023,94,3,the,0.4789,2.9243,-2.4454,12,0
qian2023,94,4,competitions,9.1671,11.9045,-2.7374,12,0
qian2023,94,5,is,6.4573,4.4482,2.0092,12,0
qian2023,94,6,the,3.1024,2.9243,0.1781,12,0
qian2023,94,7,same,4.0915,7.3682,-3.2767,12,0
qian2023,94,8,as,0.5504,5.1345,-4.5841,12,0
qian2023,94,9,last,5.8551,7.2307,-1.3756,12,0
qian2023,94,10,year,0.4582,6.9999,-6.5417,12,0
qian2023,94,11,.,1.7780,2.3026,-0.5246,12,0
qian2023,94,12,<eos>,5.8458,2.3026,3.5433,12,0
qian2023,95,0,The,3.9742,2.9243,1.0498,12,0
qian2023,95,1,judges,9.6145,10.5459,-0.9314,12,0
qian2023,95,2,of,2.1562,3.6849,-1.5287,12,0
qian2023,95,3,the,0.4789,2.9243,-2.4454,12,0
qian2023,95,4,competitions,9.1671,11.9045,-2.7374,12,0
qian2023,95,5,are,2.1436,5.2030,-3.0594,12,0
qian2023,95,6,the,3.3806,2.9243,0.4563,12,0
qian2023,95,7,same,4.0963,7.3682,-3.2719,12,0
qian2023,95,8,as,0.9481,5.1345,-4.1864,12,0
qian2023,95,9,last,6.1064,7.2307,-1.1243,12,0
qian2023,95,10,year,0.5779,6.9999,-6.4219,12,0
qian2023,95,11,.,1.8294,2.3026,-0.4732,12,0
qian2023,95,12,<eos>,5.8019,2.3026,3.4993,12,0
qian2023,96,0,The,3.9742,2.9243,1.0498,12,0
qian2023,96,1,friend,10.7954,8.3602,2.4352,12,0
qian2023,96,2,of,1.8996,3.6849,-1.7853,12,0
qian2023,96,3,the,1.6675,2.9243,-1.2568,12,0
qian2023,96,4,actor,6.9629,10.0155,-3.0527,12,0
qian2023,96,5,has,3.9120,6.0576,-2.1456,12,0
qian2023,96,6,come,5.0380,7.4136,-2.3756,12,0
qian2023,96,7,to,0.9344,3.6156,-2.6813,12,0
qian2023,96,8,see,4.0547,6.6766,-2.6220,12,0
qian2023,96,9,the,1.7996,2.9243,-1.1247,12,0
qian2023,96,10,play,6.1853,7.8067,-1.6214,12,0
qian2023,96,11,.,3.4930,2.3026,1.1905,12,0
qian2023,96,12,<eos>,5.5975,2.3026,3.2949,12,0
qian2023,97,0,The,3.9742,2.9243,1.0498,12,0
qian2023,97,1,friend,10.7954,8.3602,2.4352,12,0
qian2023,97,2,of,1.8996,3.6849,-1.7853,12,0
qian2023,97,3,the,1.6675,2.9243,-1.2568,12,0
qian2023,97,4,actor,6.9629,10.0155,-3.0527,12,0
qian2023,97,5,have,8.2223,5.2726,2.9496,12,0
qian2023,97,6,come,4.9257,7.4136,-2.4879,12,0
qian2023,97,7,to,0.8190,3.6156,-2.7966,12,0
qian2023,97,8,see,4.2558,6.6766,-2.4208,12,0
qian2023,97,9,the,1.8326,2.9243,-1.0917,12,0
qian2023,97,10,play,6.0615,7.8067,-1.7452,12,0
qian2023,97,11,.,3.3050,2.3026,1.0025,12,0
qian2023,97,12,<eos>,5.6960,2.3026,3.3935,12,0
qian2023,98,0,The,3.9742,2.9243,1.0498,12,0
qian2023,98,1,friend,10.7954,8.3602,2.4352,12,0
qian2023,98,2,of,1.8996,3.6849,-1.7853,12,0
qian2023,98,3,the,1.6675,2.9243,-1.2568,12,0
qian2023,98,4,actors,9.3978,10.5926,-1.1948,12,0
qian2023,98,5,has,4.0578,6.0576,-1.9998,12,0
qian2023,98,6,come,5.1935,7.4136,-2.2201,12,0
qian2023,98,7,to,0.9102,3.6156,-2.7054,12,0
qian2023,98,8,see,4.0324,6.6766,-2.6442,12,0
qian2023,98,9,the,1.8045,2.9243,-1.1198,12,0
qian2023,98,10,play,6.2852,7.8067,-1.5215,12,0
qian2023,98,11,.,3.0892,2.3026,0.7866,12,0
qian2023,98,12,<eos>,5.6804,2.3026,3.3778,12,0
qian2023,99,0,The,3.9742,2.9243,1.0498,12,0
qian2023,99,1,friend,10.7954,8.3602,2.4352,12,0
qian2023,99,2,of,1.8996,3.6849,-1.7853,12,0
qian2023,99,3,the,1.6675,2.9243,-1.2568,12,0
qian2023,99,4,actors,9.3978,10.5926,-1.1948,12,0
qian2023,99,5,have,6.9010,5.2726,1.6284,12,0
qian2023,99,6,come,5.1670,7.4136,-2.2466,12,0
qian2023,99,7,to,0.8577,3.6156,-2.7579,12,0
qian2023,99,8,see,4.2724,6.6766,-2.4043,12,0
qian2023,99,9,the,1.7230,2.9243,-1.2014,12,0
qian2023,99,10,play,6.1026,7.8067,-1.7041,12,0
qian2023,99,11,.,2.9705,2.3026,0.6679,12,0
qian2023,99,12,<eos>,5.7539,2.3026,3.4513,12,0
qian2023,100,0,The,3.9742,2.9243,1.0498,12,0
qian2023,100,1,friends,11.8207,8.2208,3.5999,12,0
qian2023,100,2,of,1.7298,3.6849,-1.9551,12,0
qian2023,100,3,the,1.7023,2.9243,-1.2221,12,0
qian2023,100,4,actor,8.3462,10.0155,-1.6693,12,0
qian2023,100,5,has,5.6130,6.0576,-0.4447,12,0
qian2023,100,6,come,4.7596,7.4136,-2.6540,12,0
qian2023,100,7,to,0.7846,3.6156,-2.8310,12,0
qian2023,100,8,see,4.0877,6.6766,-2.5889,12,0
qian2023,100,9,the,1.8756,2.9243,-1.0487,12,0
qian2023,100,10,play,6.1586,7.8067,-1.6480,12,0
qian2023,100,11,.,3.1796,2.3026,0.8770,12,0
qian2023,100,12,<eos>,5.6512,2.3026,3.3486,12,0
qian2023,101,0,The,3.9742,2.9243,1.0498,12,0
qian2023,101,1,friends,11.8207,8.2208,3.5999,12,0
qian2023,101,2,of,1.7298,3.6849,-1.9551,12,0
qian2023,101,3,the,1.7023,2.9243,-1.2221,12,0
qian2023,101,4,actor,8.3462,10.0155,-1.6693,12,0
qian2023,101,5,have,3.3114,5.2726,-1.9612,12,0
qian2023,101,6,come,4.8247,7.4136,-2.5889,12,0
qian2023,101,7,to,0.7476,3.6156,-2.8680,12,0
qian2023,101,8,see,3.9762,6.6766,-2.7005,12,0
qian2023,101,9,the,1.8532,2.9243,-1.0712,12,0
qian2023,101,10,play,5.9751,7.8067,-1.8316,12,0
qian2023,101,11,.,3.0412,2.3026,0.7386,12,0
qian2023,101,12,<eos>,5.7561,2.3026,3.4535,12,0
qian2023,102,0,The,3.9742,2.9243,1.0498,12,0
qian2023,102,1,friends,11.8207,8.2208,3.5999,12,0
qian2023,102,2,of,1.7298,3.6849,-1.9551,12,0
qian2023,102,3,the,1.7023,2.9243,-1.2221,12,0
qian2023,102,4,actors,9.3521,10.5926,-1.2406,12,0
qian2023,102,5,has,6.2087,6.0576,0.1511,12,0
qian2023,102,6,come,4.7639,7.4136,-2.6497,12,0
qian2023,102,7,to,0.7501,3.6156,-2.8656,12,0
qian2023,102,8,see,4.1212,6.6766,-2.5554,12,0
qian2023,102,9,the,1.8344,2.9243,-1.0899,12,0
qian2023,102,10,play,6.1183,7.8067,-1.6884,12,0
qian2023,102,11,.,2.9323,2.3026,0.6297,12,0
qian2023,102,12,<eos>,5.6636,2.3026,3.3610,12,0
qian2023,103,0,The,3.9742,2.9243,1.0498,12,0
qian2023,103,1,friends,11.8207,8.2208,3.5999,12,0
qian2023,103,2,of,1.7298,3.6849,-1.9551,12,0
qian2023,103,3,the,1.7023,2.9243,-1.2221,12,0
qian2023,103,4,actors,9.3521,10.5926,-1.2406,12,0
qian2023,103,5,have,3.2518,5.2726,-2.0209,12,0
qian2023,103,6,come,4.8987,7.4136,-2.5149,12,0
qian2023,103,7,to,0.7478,3.6156,-2.8678,12,0
qian2023,103,8,see,4.1201,6.6766,-2.5565,12,0
qian2023,103,9,the,1.7443,2.9243,-1.1801,12,0
qian2023,103,10,play,5.8776,7.8067,-1.9291,12,0
qian2023,103,11,.,2.7828,2.3026,0.4802,12,0
qian2023,103,12,<eos>,5.7360,2.3026,3.4334,12,0
qian2023,104,0,The,3.9745,2.9243,1.0501,14,0
qian2023,104,1,bone,9.2919,10.4311,-1.1393,14,0
qian2023,104,2,of,3.5031,3.6849,-0.1818,14,0
qian2023,104,3,the,1.4181,2.9243,-1.5063,14,0
qian2023,104,4,dinosaur,10.5546,12.0423,-1.4877,14,0
qian2023,104,5,is,2.9857,4.4482,-1.4625,14,0
qian2023,104,6,on,5.6225,4.8122,0.8103,14,0
qian2023,104,7,display,3.3214,10.0613,-6.7399,14,0
qian2023,104,8,at,1.3737,5.2963,-3.9226,14,0
qian2023,104,9,the,0.7708,2.9243,-2.1535,14,0
qian2023,104,10,natural,8.3082,8.9557,-0.6475,14,0
qian2023,104,11,history,5.3532,8.3143,-2.9610,14,0
qian2023,104,12,museum,0.3564,9.8778,-9.5214,14,0
qian2023,104,13,.,1.2905,2.3026,-1.0121,14,0
qian2023,104,14,<eos>,4.8663,2.3026,2.5637,14,0
qian2023,105,0,The,3.9745,2.9243,1.0501,14,0
qian2023,105,1,bone,9.2919,10.4311,-1.1393,14,0
qian2023,105,2,of,3.5031,3.6849,-0.1818,14,0
qian2023,105,3,the,1.4181,2.9243,-1.5063,14,0
qian2023,105,4,dinosaur,10.5546,12.0423,-1.4877,14,0
qian2023,105,5,are,5.8320,5.2030,0.6290,14,0
qian2023,105,6,on,5.3024,4.8122,0.4902,14,0
qian2023,105,7,display,3.0620,10.0613,-6.9993,14,0
qian2023,105,8,at,1.4770,5.2963,-3.8193,14,0
qian2023,105,9,the,0.7390,2.9243,-2.1853,14,0
qian2023,105,10,natural,8.2955,8.9557,-0.6602,14,0
qian2023,105,11,history,5.5027,8.3143,-2.8115,14,0
qian2023,105,12,museum,0.3183,9.8778,-9.5595,14,0
qian2023,105,13,.,1.4397,2.3026,-0.8629,14,0
qian2023,105,14,<eos>,5.2666,2.3026,2.9640,14,0
qian2023,106,0,The,3.9745,2.9243,1.0501,14,0
qian2023,106,1,bone,9.2919,10.4311,-1.1393,14,0
qian2023,106,2,of,3.5031,3.6849,-0.1818,14,0
qian2023,106,3,the,1.4181,2.9243,-1.5063,14,0
qian2023,106,4,dinosaurs,12.7253,12.1573,0.5680,14,0
qian2023,106,5,is,1.4710,4.4482,-2.9772,14,0
qian2023,106,6,on,5.8561,4.8122,1.0440,14,0
qian2023,106,7,display,3.2260,10.0613,-6.8353,14,0
qian2023,106,8,at,1.7370,5.2963,-3.5593,14,0
qian2023,106,9,the,0.8301,2.9243,-2.0943,14,0
qian2023,106,10,natural,8.0146,8.9557,-0.9411,14,0
qian2023,106,11,history,4.9607,8.3143,-3.3535,14,0
qian2023,106,12,museum,0.3626,9.8778,-9.5153,14,0
qian2023,106,13,.,1.2277,2.3026,-1.0749,14,0
qian2023,106,14,<eos>,4.9693,2.3026,2.6667,14,0
qian2023,107,0,The,3.9745,2.9243,1.0501,14,0
qian2023,107,1,bone,9.2919,10.4311,-1.1393,14,0
qian2023,107,2,of,3.5031,3.6849,-0.1818,14,0
qian2023,107,3,the,1.4181,2.9243,-1.5063,14,0
qian2023,107,4,dinosaurs,12.7253,12.1573,0.5680,14,0
qian2023,107,5,are,3.8807,5.2030,-1.3224,14,0
qian2023,107,6,on,5.2114,4.8122,0.3992,14,0
qian2023,107,7,display,3.2918,10.0613,-6.7696,14,0
qian2023,107,8,at,1.7784,5.2963,-3.5179,14,0
qian2023,107,9,the,0.8186,2.9243,-2.1057,14,0
qian2023,107,10,natural,7.8935,8.9557,-1.0622,14,0
qian2023,107,11,history,5.0336,8.3143,-3.2806,14,0
qian2023,107,12,museum,0.3415,9.8778,-9.5363,14,0
qian2023,107,13,.,1.3027,2.3026,-0.9999,14,0
qian2023,107,14,<eos>,5.0520,2.3026,2.7494,14,0
qian2023,108,0,The,3.9745,2.9243,1.0501,14,0
qian2023,108,1,bones,11.2761,10.7758,0.5004,14,0
qian2023,108,2,of,1.1499,3.6849,-2.5350,14,0
qian2023,108,3,the,1.0388,2.9243,-1.8855,14,0
qian2023,108,4,dinosaur,9.9560,12.0423,-2.0863,14,0
qian2023,108,5,is,4.7932,4.4482,0.3450,14,0
qian2023,108,6,on,5.6554,4.8122,0.8432,14,0
qian2023,108,7,display,2.6187,10.0613,-7.4426,14,0
qian2023,108,8,at,1.4329,5.2963,-3.8634,14,0
qian2023,108,9,the,0.7136,2.9243,-2.2108,14,0
qian2023,108,10,natural,8.2977,8.9557,-0.6580,14,0
qian2023,108,11,history,5.3843,8.3143,-2.9300,14,0
qian2023,108,12,museum,0.2748,9.8778,-9.6030,14,0
qian2023,108,13,.,1.2112,2.3026,-1.0914,14,0
qian2023,108,14,<eos>,4.7360,2.3026,2.4334,14,0
qian2023,109,0,The,3.9745,2.9243,1.0501,14,0
qian2023,109,1,bones,11.2761,10.7758,0.5004,14,0
qian2023,109,2,of,1.1499,3.6849,-2.5350,14,0
qian2023,109,3,the,1.0388,2.9243,-1.8855,14,0
qian2023,109,4,dinosaur,9.9560,12.0423,-2.0863,14,0
qian2023,109,5,are,3.6987,5.2030,-1.5043,14,0
qian2023,109,6,on,5.8168,4.8122,1.0046,14,0
qian2023,109,7,display,2.7774,10.0613,-7.2840,14,0
qian2023,109,8,at,1.6156,5.2963,-3.6807,14,0
qian2023,109,9,the,0.6596,2.9243,-2.2648,14,0
qian2023,109,10,natural,8.0817,8.9557,-0.8740,14,0
qian2023,109,11,history,5.5839,8.3143,-2.7303,14,0
qian2023,109,12,museum,0.2601,9.8778,-9.6177,14,0
qian2023,109,13,.,1.2472,2.3026,-1.0554,14,0
qian2023,109,14,<eos>,4.9155,2.3026,2.6129,14,0
qian2023,110,0,The,3.9745,2.9243,1.0501,14,0
qian2023,110,1,bones,11.2761,10.7758,0.5004,14,0
qian2023,110,2,of,1.1499,3.6849,-2.5350,14,0
qian2023,110,3,the,1.0388,2.9243,-1.8855,14,0
qian2023,110,4,dinosaurs,10.3713,12.1573,-1.7860,14,0
qian2023,110,5,is,6.0295,4.4482,1.5814,14,0
qian2023,110,6,on,5.9439,4.8122,1.1318,14,0
qian2023,110,7,display,2.6111,10.0613,-7.4502,14,0
qian2023,110,8,at,1.7244,5.2963,-3.5719,14,0
qian2023,110,9,the,0.7630,2.9243,-2.1613,14,0
qian2023,110,10,natural,7.9922,8.9557,-0.9635,14,0
qian2023,110,11,history,5.1081,8.3143,-3.2061,14,0
qian2023,110,12,museum,0.2785,9.8778,-9.5993,14,0
qian2023,110,13,.,1.1869,2.3026,-1.1157,14,0
qian2023,110,14,<eos>,4.9112,2.3026,2.6086,14,0
qian2023,111,0,The,3.9745,2.9243,1.0501,14,0
qian2023,111,1,bones,11.2761,10.7758,0.5004,14,0
qian2023,111,2,of,1.1499,3.6849,-2.5350,14,0
qian2023,111,3,the,1.0388,2.9243,-1.8855,14,0
qian2023,111,4,dinosaurs,10.3713,12.1573,-1.7860,14,0
qian2023,111,5,are,1.6083,5.2030,-3.5947,14,0
qian2023,111,6,on,5.6666,4.8122,0.8544,14,0
qian2023,111,7,display,2.9750,10.0613,-7.0863,14,0
qian2023,111,8,at,1.8011,5.2963,-3.4952,14,0
qian2023,111,9,the,0.7235,2.9243,-2.2008,14,0
qian2023,111,10,natural,7.7705,8.9557,-1.1852,14,0
qian2023,111,11,history,5.2725,8.3143,-3.0417,14,0
qian2023,111,12,museum,0.2764,9.8778,-9.6014,14,0
qian2023,111,13,.,1.2229,2.3026,-1.0797,14,0
qian2023,111,14,<eos>,5.0246,2.3026,2.7221,14,0
qian2023,112,0,The,3.9742,2.9243,1.0498,9,0
qian2023,112,1,doubt,11.5272,9.4410,2.0862,9,0
qian2023,112,2,about,2.2336,5.9875,-3.7539,9,0
qian2023,112,3,the,1.0847,2.9243,-1.8396,9,0
qian2023,112,4,product,8.4107,9.3258,-0.9151,9,0
qian2023,112,5,was,4.3021,5.0192,-0.7170,9,0
qian2023,112,6,completely,5.5047,9.2103,-3.7056,9,0
qian2023,112,7,expected,8.6627,9.3025,-0.6398,9,0
qian2023,112,8,.,1.9145,2.3026,-0.3881,9,0
qian2023,112,9,<eos>,5.4299,2.3026,3.1273,9,0
qian2023,113,0,The,3.9742,2.9243,1.0498,9,0
qian2023,113,1,doubt,11.5272,9.4410,2.0862,9,0
qian2023,113,2,about,2.2336,5.9875,-3.7539,9,0
qian2023,113,3,the,1.0847,2.9243,-1.8396,9,0
qian2023,113,4,product,8.4107,9.3258,-0.9151,9,0
qian2023,113,5,were,8.9912,6.1239,2.8674,9,0
qian2023,113,6,completely,5.5276,9.2103,-3.6828,9,0
qian2023,113,7,expected,9.1051,9.3025,-0.1973,9,0
qian2023,113,8,.,1.7165,2.3026,-0.5861,9,0
qian2023,113,9,<eos>,5.6128,2.3026,3.3102,9,0
qian2023,114,0,The,3.9742,2.9243,1.0498,9,0
qian2023,114,1,doubt,11.5272,9.4410,2.0862,9,0
qian2023,114,2,about,2.2336,5.9875,-3.7539,9,0
qian2023,114,3,the,1.0847,2.9243,-1.8396,9,0
qian2023,114,4,products,10.1278,9.1150,1.0128,9,0
qian2023,114,5,was,6.1440,5.0192,1.1249,9,0
qian2023,114,6,completely,5.2706,9.2103,-3.9398,9,0
qian2023,114,7,expected,8.6267,9.3025,-0.6758,9,0
qian2023,114,8,.,1.6906,2.3026,-0.6120,9,0
qian2023,114,9,<eos>,5.3675,2.3026,3.0649,9,0
qian2023,115,0,The,3.9742,2.9243,1.0498,9,0
qian2023,115,1,doubt,11.5272,9.4410,2.0862,9,0
qian2023,115,2,about,2.2336,5.9875,-3.7539,9,0
qian2023,115,3,the,1.0847,2.9243,-1.8396,9,0
qian2023,115,4,products,10.1278,9.1150,1.0128,9,0
qian2023,115,5,were,7.7983,6.1239,1.6745,9,0
qian2023,115,6,completely,5.5128,9.2103,-3.6975,9,0
qian2023,115,7,expected,9.0575,9.3025,-0.2450,9,0
qian2023,115,8,.,1.8527,2.3026,-0.4499,9,0
qian2023,115,9,<eos>,5.5876,2.3026,3.2850,9,0
qian2023,116,0,The,3.9742,2.9243,1.0498,9,0
qian2023,116,1,doubts,12.8406,11.6283,1.2122,9,0
qian2023,116,2,about,1.9363,5.9875,-4.0511,9,0
qian2023,116,3,the,1.0443,2.9243,-1.8800,9,0
qian2023,116,4,product,7.6212,9.3258,-1.7046,9,0
qian2023,116,5,was,6.6541,5.0192,1.6349,9,0
qian2023,116,6,completely,5.6960,9.2103,-3.5143,9,0
qian2023,116,7,expected,9.2334,9.3025,-0.0691,9,0
qian2023,116,8,.,1.6316,2.3026,-0.6710,9,0
qian2023,116,9,<eos>,5.3952,2.3026,3.0926,9,0
qian2023,117,0,The,3.9742,2.9243,1.0498,9,0
qian2023,117,1,doubts,12.8406,11.6283,1.2122,9,0
qian2023,117,2,about,1.9363,5.9875,-4.0511,9,0
qian2023,117,3,the,1.0443,2.9243,-1.8800,9,0
qian2023,117,4,product,7.6212,9.3258,-1.7046,9,0
qian2023,117,5,were,5.2254,6.1239,-0.8985,9,0
qian2023,117,6,completely,5.5208,9.2103,-3.6896,9,0
qian2023,117,7,expected,9.6059,9.3025,0.3034,9,0
qian2023,117,8,.,1.3084,2.3026,-0.9942,9,0
qian2023,117,9,<eos>,5.5788,2.3026,3.2762,9,0
qian2023,118,0,The,3.9742,2.9243,1.0498,9,0
qian2023,118,1,doubts,12.8406,11.6283,1.2122,9,0
qian2023,118,2,about,1.9363,5.9875,-4.0511,9,0
qian2023,118,3,the,1.0443,2.9243,-1.8800,9,0
qian2023,118,4,products,9.0782,9.1150,-0.0368,9,0
qian2023,118,5,was,7.8302,5.0192,2.8111,9,0
qian2023,118,6,completely,5.6421,9.2103,-3.5683,9,0
qian2023,118,7,expected,9.3842,9.3025,0.0818,9,0
qian2023,118,8,.,1.4211,2.3026,-0.8815,9,0
qian2023,118,9,<eos>,5.3244,2.3026,3.0218,9,0
qian2023,119,0,The,3.9742,2.9243,1.0498,9,0
qian2023,119,1,doubts,12.8406,11.6283,1.2122,9,0
qian2023,119,2,about,1.9363,5.9875,-4.0511,9,0
qian2023,119,3,the,1.0443,2.9243,-1.8800,9,0
qian2023,119,4,products,9.0782,9.1150,-0.0368,9,0
qian2023,119,5,were,5.7618,6.1239,-0.3621,9,0
qian2023,119,6,completely,5.5202,9.2103,-3.6901,9,0
qian2023,119,7,expected,9.5945,9.3025,0.2920,9,0
qian2023,119,8,.,1.3693,2.3026,-0.9333,9,0
qian2023,119,9,<eos>,5.5758,2.3026,3.2732,9,0
qian2023,120,0,The,3.9742,2.9243,1.0498,11,0
qian2023,120,1,article,6.1409,9.0033,-2.8625,11,0
qian2023,120,2,about,6.4300,5.9875,0.4426,11,0
qian2023,120,3,the,1.3672,2.9243,-1.5572,11,0
qian2023,120,4,discovery,6.8917,10.4762,-3.5845,11,0
qian2023,120,5,is,7.8195,4.4482,3.3714,11,0
qian2023,120,6,very,5.5537,6.9078,-1.3541,11,0
qian2023,120,7,easy,5.6955,8.5425,-2.8470,11,0
qian2023,120,8,to,0.9400,3.6156,-2.6756,11,0
qian2023,120,9,read,1.1287,7.9662,-6.8375,11,0
qian2023,120,10,.,1.4117,2.3026,-0.8909,11,0
qian2023,120,11,<eos>,5.3625,2.3026,3.0599,11,0
qian2023,121,0,The,3.9742,2.9243,1.0498,11,0
qian2023,121,1,article,6.1409,9.0033,-2.8625,11,0
qian2023,121,2,about,6.4300,5.9875,0.4426,11,0
qian2023,121,3,the,1.3672,2.9243,-1.5572,11,0
qian2023,121,4,discovery,6.8917,10.4762,-3.5845,11,0
qian2023,121,5,are,9.6157,5.2030,4.4127,11,0
qian2023,121,6,very,5.7702,6.9078,-1.1376,11,0
qian2023,121,7,easy,5.7907,8.5425,-2.7518,11,0
qian2023,121,8,to,0.7147,3.6156,-2.9009,11,0
qian2023,121,9,read,1.1724,7.9662,-6.7938,11,0
qian2023,121,10,.,1.5381,2.3026,-0.7645,11,0
qian2023,121,11,<eos>,5.3849,2.3026,3.0823,11,0
qian2023,122,0,The,3.9742,2.9243,1.0498,11,0
qian2023,122,1,article,6.1409,9.0033,-2.8625,11,0
qian2023,122,2,about,6.4300,5.9875,0.4426,11,0
qian2023,122,3,the,1.3672,2.9243,-1.5572,11,0
qian2023,122,4,discoveries,10.4573,12.1347,-1.6774,11,0
qian2023,122,5,is,6.1341,4.4482,1.6859,11,0
qian2023,122,6,very,5.4454,6.9078,-1.4623,11,0
qian2023,122,7,easy,5.7622,8.5425,-2.7803,11,0
qian2023,122,8,to,0.4985,3.6156,-3.1171,11,0
qian2023,122,9,read,1.6843,7.9662,-6.2819,11,0
qian2023,122,10,.,1.3483,2.3026,-0.9543,11,0
qian2023,122,11,<eos>,5.2215,2.3026,2.9189,11,0
qian2023,123,0,The,3.9742,2.9243,1.0498,11,0
qian2023,123,1,article,6.1409,9.0033,-2.8625,11,0
qian2023,123,2,about,6.4300,5.9875,0.4426,11,0
qian2023,123,3,the,1.3672,2.9243,-1.5572,11,0
qian2023,123,4,discoveries,10.4573,12.1347,-1.6774,11,0
qian2023,123,5,are,6.9755,5.2030,1.7725,11,0
qian2023,123,6,very,5.1203,6.9078,-1.7874,11,0
qian2023,123,7,easy,5.8212,8.5425,-2.7213,11,0
qian2023,123,8,to,0.6633,3.6156,-2.9523,11,0
qian2023,123,9,read,1.7652,7.9662,-6.2009,11,0
qian2023,123,10,.,1.4449,2.3026,-0.8577,11,0
qian2023,123,11,<eos>,5.3735,2.3026,3.0709,11,0
qian2023,124,0,The,3.9742,2.9243,1.0498,11,0
qian2023,124,1,articles,8.5789,9.8778,-1.2990,11,0
qian2023,124,2,about,4.8110,5.9875,-1.1765,11,0
qian2023,124,3,the,1.5463,2.9243,-1.3780,11,0
qian2023,124,4,discovery,7.3804,10.4762,-3.0958,11,0
qian2023,124,5,is,7.8558,4.4482,3.4077,11,0
qian2023,124,6,very,4.5568,6.9078,-2.3509,11,0
qian2023,124,7,easy,4.8474,8.5425,-3.6952,11,0
qian2023,124,8,to,0.9632,3.6156,-2.6525,11,0
qian2023,124,9,read,1.4166,7.9662,-6.5496,11,0
qian2023,124,10,.,1.5467,2.3026,-0.7559,11,0
qian2023,124,11,<eos>,5.6194,2.3026,3.3169,11,0
qian2023,125,0,The,3.9742,2.9243,1.0498,11,0
qian2023,125,1,articles,8.5789,9.8778,-1.2990,11,0
qian2023,125,2,about,4.8110,5.9875,-1.1765,11,0
qian2023,125,3,the,1.5463,2.9243,-1.3780,11,0
qian2023,125,4,discovery,7.3804,10.4762,-3.0958,11,0
qian2023,125,5,are,8.2284,5.2030,3.0254,11,0
qian2023,125,6,very,5.1658,6.9078,-1.7419,11,0
qian2023,125,7,easy,5.1682,8.5425,-3.3743,11,0
qian2023,125,8,to,0.6590,3.6156,-2.9567,11,0
qian2023,125,9,read,1.3208,7.9662,-6.6454,11,0
qian2023,125,10,.,1.7620,2.3026,-0.5406,11,0
qian2023,125,11,<eos>,5.7132,2.3026,3.4106,11,0
qian2023,126,0,The,3.9742,2.9243,1.0498,11,0
qian2023,126,1,articles,8.5789,9.8778,-1.2990,11,0
qian2023,126,2,about,4.8110,5.9875,-1.1765,11,0
qian2023,126,3,the,1.5463,2.9243,-1.3780,11,0
qian2023,126,4,discoveries,10.2094,12.1347,-1.9253,11,0
qian2023,126,5,is,7.2016,4.4482,2.7535,11,0
qian2023,126,6,very,4.7786,6.9078,-2.1292,11,0
qian2023,126,7,easy,5.1997,8.5425,-3.3428,11,0
qian2023,126,8,to,0.5153,3.6156,-3.1003,11,0
qian2023,126,9,read,1.2027,7.9662,-6.7634,11,0
qian2023,126,10,.,1.5072,2.3026,-0.7954,11,0
qian2023,126,11,<eos>,5.5481,2.3026,3.2455,11,0
qian2023,127,0,The,3.9742,2.9243,1.0498,11,0
qian2023,127,1,articles,8.5789,9.8778,-1.2990,11,0
qian2023,127,2,about,4.8110,5.9875,-1.1765,11,0
qian2023,127,3,the,1.5463,2.9243,-1.3780,11,0
qian2023,127,4,discoveries,10.2094,12.1347,-1.9253,11,0
qian2023,127,5,are,5.0230,5.2030,-0.1800,11,0
qian2023,127,6,very,4.9104,6.9078,-1.9973,11,0
qian2023,127,7,easy,5.4777,8.5425,-3.0649,11,0
qian2023,127,8,to,0.5710,3.6156,-3.0446,11,0
qian2023,127,9,read,1.0846,7.9662,-6.8816,11,0
qian2023,127,10,.,1.6488,2.3026,-0.6538,11,0
qian2023,127,11,<eos>,5.6287,2.3026,3.3261,11,0
qian2023,128,0,The,3.9742,2.9243,1.0498,10,0
qian2023,128,1,story,6.8475,8.1736,-1.3261,10,0
qian2023,128,2,about,4.5651,5.9875,-1.4224,10,0
qian2023,128,3,the,1.3609,2.9243,-1.5635,10,0
qian2023,128,4,scientist,9.2186,11.0305,-1.8119,10,0
qian2023,128,5,has,6.9205,6.0576,0.8629,10,0
qian2023,128,6,inspired,5.5892,10.0613,-4.4721,10,0
qian2023,128,7,many,3.4972,7.1148,-3.6176,10,0
qian2023,128,8,people,1.7985,6.3311,-4.5326,10,0
qian2023,128,9,.,2.8625,2.3026,0.5599,10,0
qian2023,128,10,<eos>,7.0821,2.3026,4.7795,10,0
qian2023,129,0,The,3.9742,2.9243,1.0498,10,0
qian2023,129,1,story,6.8475,8.1736,-1.3261,10,0
qian2023,129,2,about,4.5651,5.9875,-1.4224,10,0
qian2023,129,3,the,1.3609,2.9243,-1.5635,10,0
qian2023,129,4,scientist,9.2186,11.0305,-1.8119,10,0
qian2023,129,5,have,8.5412,5.2726,3.2686,10,0
qian2023,129,6,inspired,5.2222,10.0613,-4.8391,10,0
qian2023,129,7,many,3.5561,7.1148,-3.5587,10,0
qian2023,129,8,people,1.9218,6.3311,-4.4093,10,0
qian2023,129,9,.,3.0963,2.3026,0.7937,10,0
qian2023,129,10,<eos>,7.2362,2.3026,4.9336,10,0
qian2023,130,0,The,3.9742,2.9243,1.0498,10,0
qian2023,130,1,story,6.8475,8.1736,-1.3261,10,0
qian2023,130,2,about,4.5651,5.9875,-1.4224,10,0
qian2023,130,3,the,1.3609,2.9243,-1.5635,10,0
qian2023,130,4,scientists,9.0791,10.3624,-1.2832,10,0
qian2023,130,5,has,8.4958,6.0576,2.4382,10,0
qian2023,130,6,inspired,5.4175,10.0613,-4.6438,10,0
qian2023,130,7,many,3.2429,7.1148,-3.8718,10,0
qian2023,130,8,people,1.8822,6.3311,-4.4490,10,0
qian2023,130,9,.,2.8896,2.3026,0.5870,10,0
qian2023,130,10,<eos>,6.9080,2.3026,4.6055,10,0
qian2023,131,0,The,3.9742,2.9243,1.0498,10,0
qian2023,131,1,story,6.8475,8.1736,-1.3261,10,0
qian2023,131,2,about,4.5651,5.9875,-1.4224,10,0
qian2023,131,3,the,1.3609,2.9243,-1.5635,10,0
qian2023,131,4,scientists,9.0791,10.3624,-1.2832,10,0
qian2023,131,5,have,7.7516,5.2726,2.4789,10,0
qian2023,131,6,inspired,6.5393,10.0613,-3.5220,10,0
qian2023,131,7,many,3.6680,7.1148,-3.4467,10,0
qian2023,131,8,people,2.1977,6.3311,-4.1334,10,0
qian2023,131,9,.,3.4317,2.3026,1.1291,10,0
qian2023,131,10,<eos>,7.1503,2.3026,4.8477,10,0
qian2023,132,0,The,3.9742,2.9243,1.0498,10,0
qian2023,132,1,stories,8.9022,9.3258,-0.4235,10,0
qian2023,132,2,about,2.8928,5.9875,-3.0947,10,0
qian2023,132,3,the,1.5579,2.9243,-1.3665,10,0
qian2023,132,4,scientist,8.8854,11.0305,-2.1451,10,0
qian2023,132,5,has,6.2747,6.0576,0.2171,10,0
qian2023,132,6,inspired,5.8583,10.0613,-4.2030,10,0
qian2023,132,7,many,3.6310,7.1148,-3.4838,10,0
qian2023,132,8,people,1.9570,6.3311,-4.3742,10,0
qian2023,132,9,.,2.7274,2.3026,0.4248,10,0
qian2023,132,10,<eos>,6.6433,2.3026,4.3408,10,0
qian2023,133,0,The,3.9742,2.9243,1.0498,10,0
qian2023,133,1,stories,8.9022,9.3258,-0.4235,10,0
qian2023,133,2,about,2.8928,5.9875,-3.0947,10,0
qian2023,133,3,the,1.5579,2.9243,-1.3665,10,0
qian2023,133,4,scientist,8.8854,11.0305,-2.1451,10,0
qian2023,133,5,have,6.5504,5.2726,1.2777,10,0
qian2023,133,6,inspired,4.9673,10.0613,-5.0941,10,0
qian2023,133,7,many,3.5117,7.1148,-3.6031,10,0
qian2023,133,8,people,1.8763,6.3311,-4.4548,10,0
qian2023,133,9,.,2.7365,2.3026,0.4339,10,0
qian2023,133,10,<eos>,6.7738,2.3026,4.4712,10,0
qian2023,134,0,The,3.9742,2.9243,1.0498,10,0
qian2023,134,1,stories,8.9022,9.3258,-0.4235,10,0
qian2023,134,2,about,2.8928,5.9875,-3.0947,10,0
qian2023,134,3,the,1.5579,2.9243,-1.3665,10,0
qian2023,134,4,scientists,7.8418,10.3624,-2.5205,10,0
qian2023,134,5,has,8.8980,6.0576,2.8404,10,0
qian2023,134,6,inspired,5.1071,10.0613,-4.9542,10,0
qian2023,134,7,many,3.4634,7.1148,-3.6513,10,0
qian2023,134,8,people,1.9464,6.3311,-4.3847,10,0
qian2023,134,9,.,2.7019,2.3026,0.3994,10,0
qian2023,134,10,<eos>,6.4133,2.3026,4.1107,10,0
qian2023,135,0,The,3.9742,2.9243,1.0498,10,0
qian2023,135,1,stories,8.9022,9.3258,-0.4235,10,0
qian2023,135,2,about,2.8928,5.9875,-3.0947,10,0
qian2023,135,3,the,1.5579,2.9243,-1.3665,10,0
qian2023,135,4,scientists,7.8418,10.3624,-2.5205,10,0
qian2023,135,5,have,6.5333,5.2726,1.2607,10,0
qian2023,135,6,inspired,5.3448,10.0613,-4.7165,10,0
qian2023,135,7,many,3.6128,7.1148,-3.5020,10,0
qian2023,135,8,people,2.0618,6.3311,-4.2694,10,0
qian2023,135,9,.,3.0527,2.3026,0.7501,10,0
qian2023,135,10,<eos>,6.6551,2.3026,4.3525,10,0
qian2023,136,0,The,3.9742,2.9243,1.0498,10,0
qian2023,136,1,alarm,11.6948,10.8658,0.8290,10,0
qian2023,136,2,in,4.7876,3.9846,0.8030,10,0
qian2023,136,3,the,1.2551,2.9243,-1.6692,10,0
qian2023,136,4,station,9.3655,9.1905,0.1750,10,0
qian2023,136,5,has,3.4559,6.0576,-2.6017,10,0
qian2023,136,6,been,0.8426,6.2872,-5.4445,10,0
qian2023,136,7,maintained,7.2803,10.6375,-3.3571,10,0
qian2023,136,8,regularly,7.1439,10.3160,-3.1721,10,0
qian2023,136,9,.,2.0303,2.3026,-0.2723,10,0
qian2023,136,10,<eos>,5.7833,2.3026,3.4807,10,0
qian2023,137,0,The,3.9742,2.9243,1.0498,10,0
qian2023,137,1,alarm,11.6948,10.8658,0.8290,10,0
qian2023,137,2,in,4.7876,3.9846,0.8030,10,0
qian2023,137,3,the,1.2551,2.9243,-1.6692,10,0
qian2023,137,4,station,9.3655,9.1905,0.1750,10,0
qian2023,137,5,have,7.9337,5.2726,2.6610,10,0
qian2023,137,6,been,0.8017,6.2872,-5.4855,10,0
qian2023,137,7,maintained,7.3657,10.6375,-3.2717,10,0
qian2023,137,8,regularly,7.1118,10.3160,-3.2041,10,0
qian2023,137,9,.,2.0159,2.3026,-0.2867,10,0
qian2023,137,10,<eos>,5.8185,2.3026,3.5159,10,0
qian2023,138,0,The,3.9742,2.9243,1.0498,10,0
qian2023,138,1,alarm,11.6948,10.8658,0.8290,10,0
qian2023,138,2,in,4.7876,3.9846,0.8030,10,0
qian2023,138,3,the,1.2551,2.9243,-1.6692,10,0
qian2023,138,4,stations,12.8057,10.3624,2.4434,10,0
qian2023,138,5,has,4.1411,6.0576,-1.9165,10,0
qian2023,138,6,been,0.8208,6.2872,-5.4663,10,0
qian2023,138,7,maintained,7.2909,10.6375,-3.3465,10,0
qian2023,138,8,regularly,7.1399,10.3160,-3.1760,10,0
qian2023,138,9,.,2.1183,2.3026,-0.1843,10,0
qian2023,138,10,<eos>,5.6493,2.3026,3.3467,10,0
qian2023,139,0,The,3.9742,2.9243,1.0498,10,0
qian2023,139,1,alarm,11.6948,10.8658,0.8290,10,0
qian2023,139,2,in,4.7876,3.9846,0.8030,10,0
qian2023,139,3,the,1.2551,2.9243,-1.6692,10,0
qian2023,139,4,stations,12.8057,10.3624,2.4434,10,0
qian2023,139,5,have,6.8633,5.2726,1.5907,10,0
qian2023,139,6,been,0.8372,6.2872,-5.4500,10,0
qian2023,139,7,maintained,7.1875,10.6375,-3.4499,10,0
qian2023,139,8,regularly,6.9189,10.3160,-3.3971,10,0
qian2023,139,9,.,2.0806,2.3026,-0.2220,10,0
qian2023,139,10,<eos>,5.5839,2.3026,3.2813,10,0
qian2023,140,0,The,3.9742,2.9243,1.0498,10,0
qian2023,140,1,alarms,14.0366,12.5018,1.5348,10,0
qian2023,140,2,in,2.8873,3.9846,-1.0973,10,0
qian2023,140,3,the,1.0939,2.9243,-1.8304,10,0
qian2023,140,4,station,9.8194,9.1905,0.6289,10,0
qian2023,140,5,has,6.3649,6.0576,0.3073,10,0
qian2023,140,6,been,0.8558,6.2872,-5.4314,10,0
qian2023,140,7,maintained,7.0409,10.6375,-3.5966,10,0
qian2023,140,8,regularly,6.8529,10.3160,-3.4631,10,0
qian2023,140,9,.,2.0223,2.3026,-0.2803,10,0
qian2023,140,10,<eos>,5.5489,2.3026,3.2464,10,0
qian2023,141,0,The,3.9742,2.9243,1.0498,10,0
qian2023,141,1,alarms,14.0366,12.5018,1.5348,10,0
qian2023,141,2,in,2.8873,3.9846,-1.0973,10,0
qian2023,141,3,the,1.0939,2.9243,-1.8304,10,0
qian2023,141,4,station,9.8194,9.1905,0.6289,10,0
qian2023,141,5,have,3.5119,5.2726,-1.7607,10,0
qian2023,141,6,been,0.8605,6.2872,-5.4267,10,0
qian2023,141,7,maintained,7.0343,10.6375,-3.6032,10,0
qian2023,141,8,regularly,6.8119,10.3160,-3.5041,10,0
qian2023,141,9,.,1.9556,2.3026,-0.3470,10,0
qian2023,141,10,<eos>,5.4968,2.3026,3.1942,10,0
qian2023,142,0,The,3.9742,2.9243,1.0498,10,0
qian2023,142,1,alarms,14.0366,12.5018,1.5348,10,0
qian2023,142,2,in,2.8873,3.9846,-1.0973,10,0
qian2023,142,3,the,1.0939,2.9243,-1.8304,10,0
qian2023,142,4,stations,11.0277,10.3624,0.6653,10,0
qian2023,142,5,has,6.2932,6.0576,0.2356,10,0
qian2023,142,6,been,0.8718,6.2872,-5.4154,10,0
qian2023,142,7,maintained,7.2015,10.6375,-3.4360,10,0
qian2023,142,8,regularly,6.8612,10.3160,-3.4547,10,0
qian2023,142,9,.,2.0473,2.3026,-0.2553,10,0
qian2023,142,10,<eos>,5.4726,2.3026,3.1701,10,0
qian2023,143,0,The,3.9742,2.9243,1.0498,10,0
qian2023,143,1,alarms,14.0366,12.5018,1.5348,10,0
qian2023,143,2,in,2.8873,3.9846,-1.0973,10,0
qian2023,143,3,the,1.0939,2.9243,-1.8304,10,0
qian2023,143,4,stations,11.0277,10.3624,0.6653,10,0
qian2023,143,5,have,4.4785,5.2726,-0.7941,10,0
qian2023,143,6,been,0.8714,6.2872,-5.4158,10,0
qian2023,143,7,maintained,7.1173,10.6375,-3.5202,10,0
qian2023,143,8,regularly,6.7381,10.3160,-3.5779,10,0
qian2023,143,9,.,1.9906,2.3026,-0.3120,10,0
qian2023,143,10,<eos>,5.4608,2.3026,3.1583,10,0
qian2023,144,0,The,3.9742,2.9243,1.0498,11,0
qian2023,144,1,musician,11.6819,11.4931,0.1888,11,0
qian2023,144,2,in,4.8361,3.9846,0.8515,11,0
qian2023,144,3,the,1.4355,2.9243,-1.4888,11,0
qian2023,144,4,orchestra,7.8470,11.4931,-3.6461,11,0
qian2023,144,5,is,2.0760,4.4482,-2.3721,11,0
qian2023,144,6,organizing,9.5654,11.5823,-2.0169,11,0
qian2023,144,7,a,1.4854,3.7766,-2.2912,11,0
qian2023,144,8,community,6.6586,8.4264,-1.7678,11,0
qian2023,144,9,concert,4.3105,10.2460,-5.9355,11,0
qian2023,144,10,.,2.8293,2.3026,0.5268,11,0
qian2023,144,11,<eos>,6.1787,2.3026,3.8761,11,0
qian2023,145,0,The,3.9742,2.9243,1.0498,11,0
qian2023,145,1,musician,11.6819,11.4931,0.1888,11,0
qian2023,145,2,in,4.8361,3.9846,0.8515,11,0
qian2023,145,3,the,1.4355,2.9243,-1.4888,11,0
qian2023,145,4,orchestra,7.8470,11.4931,-3.6461,11,0
qian2023,145,5,are,7.0571,5.2030,1.8541,11,0
qian2023,145,6,organizing,9.4035,11.5823,-2.1787,11,0
qian2023,145,7,a,1.6642,3.7766,-2.1124,11,0
qian2023,145,8,community,6.4422,8.4264,-1.9842,11,0
qian2023,145,9,concert,4.4746,10.2460,-5.7713,11,0
qian2023,145,10,.,3.2148,2.3026,0.9122,11,0
qian2023,145,11,<eos>,6.2390,2.3026,3.9364,11,0
qian2023,146,0,The,3.9742,2.9243,1.0498,11,0
qian2023,146,1,musician,11.6819,11.4931,0.1888,11,0
qian2023,146,2,in,4.8361,3.9846,0.8515,11,0
qian2023,146,3,the,1.4355,2.9243,-1.4888,11,0
qian2023,146,4,orchestras,13.4499,13.8849,-0.4349,11,0
qian2023,146,5,is,2.9217,4.4482,-1.5264,11,0
qian2023,146,6,organizing,9.3683,11.5823,-2.2140,11,0
qian2023,146,7,a,1.4277,3.7766,-2.3489,11,0
qian2023,146,8,community,5.5639,8.4264,-2.8625,11,0
qian2023,146,9,concert,6.1040,10.2460,-4.1420,11,0
qian2023,146,10,.,3.1720,2.3026,0.8694,11,0
qian2023,146,11,<eos>,6.2159,2.3026,3.9133,11,0
qian2023,147,0,The,3.9742,2.9243,1.0498,11,0
qian2023,147,1,musician,11.6819,11.4931,0.1888,11,0
qian2023,147,2,in,4.8361,3.9846,0.8515,11,0
qian2023,147,3,the,1.4355,2.9243,-1.4888,11,0
qian2023,147,4,orchestras,13.4499,13.8849,-0.4349,11,0
qian2023,147,5,are,6.0787,5.2030,0.8757,11,0
qian2023,147,6,organizing,9.1014,11.5823,-2.4809,11,0
qian2023,147,7,a,1.8337,3.7766,-1.9430,11,0
qian2023,147,8,community,5.1936,8.4264,-3.2328,11,0
qian2023,147,9,concert,6.3846,10.2460,-3.8614,11,0
qian2023,147,10,.,3.6020,2.3026,1.2994,11,0
qian2023,147,11,<eos>,6.3161,2.3026,4.0135,11,0
qian2023,148,0,The,3.9742,2.9243,1.0498,11,0
qian2023,148,1,musicians,11.4243,11.3059,0.1184,11,0
qian2023,148,2,in,3.7855,3.9846,-0.1991,11,0
qian2023,148,3,the,1.1819,2.9243,-1.7425,11,0
qian2023,148,4,orchestra,5.6999,11.4931,-5.7932,11,0
qian2023,148,5,is,4.5538,4.4482,0.1056,11,0
qian2023,148,6,organizing,8.8309,11.5823,-2.7514,11,0
qian2023,148,7,a,1.6982,3.7766,-2.0784,11,0
qian2023,148,8,community,6.5674,8.4264,-1.8590,11,0
qian2023,148,9,concert,5.0599,10.2460,-5.1861,11,0
qian2023,148,10,.,2.7881,2.3026,0.4855,11,0
qian2023,148,11,<eos>,6.1213,2.3026,3.8187,11,0
qian2023,149,0,The,3.9742,2.9243,1.0498,11,0
qian2023,149,1,musicians,11.4243,11.3059,0.1184,11,0
qian2023,149,2,in,3.7855,3.9846,-0.1991,11,0
qian2023,149,3,the,1.1819,2.9243,-1.7425,11,0
qian2023,149,4,orchestra,5.6999,11.4931,-5.7932,11,0
qian2023,149,5,are,1.9208,5.2030,-3.2822,11,0
qian2023,149,6,organizing,8.8895,11.5823,-2.6928,11,0
qian2023,149,7,a,1.9505,3.7766,-1.8262,11,0
qian2023,149,8,community,6.4306,8.4264,-1.9959,11,0
qian2023,149,9,concert,5.0571,10.2460,-5.1889,11,0
qian2023,149,10,.,3.2367,2.3026,0.9341,11,0
qian2023,149,11,<eos>,6.2227,2.3026,3.9201,11,0
qian2023,150,0,The,3.9742,2.9243,1.0498,11,0
qian2023,150,1,musicians,11.4243,11.3059,0.1184,11,0
qian2023,150,2,in,3.7855,3.9846,-0.1991,11,0
qian2023,150,3,the,1.1819,2.9243,-1.7425,11,0
qian2023,150,4,orchestras,11.4484,13.8849,-2.4364,11,0
qian2023,150,5,is,4.7619,4.4482,0.3137,11,0
qian2023,150,6,organizing,9.1031,11.5823,-2.4792,11,0
qian2023,150,7,a,1.5718,3.7766,-2.2048,11,0
qian2023,150,8,community,5.8174,8.4264,-2.6090,11,0
qian2023,150,9,concert,6.2421,10.2460,-4.0039,11,0
qian2023,150,10,.,3.1050,2.3026,0.8025,11,0
qian2023,150,11,<eos>,6.1627,2.3026,3.8601,11,0
qian2023,151,0,The,3.9742,2.9243,1.0498,11,0
qian2023,151,1,musicians,11.4243,11.3059,0.1184,11,0
qian2023,151,2,in,3.7855,3.9846,-0.1991,11,0
qian2023,151,3,the,1.1819,2.9243,-1.7425,11,0
qian2023,151,4,orchestras,11.4484,13.8849,-2.4364,11,0
qian2023,151,5,are,2.4074,5.2030,-2.7956,11,0
qian2023,151,6,organizing,8.8603,11.5823,-2.7220,11,0
qian2023,151,7,a,1.9668,3.7766,-1.8099,11,0
qian2023,151,8,community,5.5811,8.4264,-2.8453,11,0
qian2023,151,9,concert,6.3314,10.2460,-3.9146,11,0
qian2023,151,10,.,3.5967,2.3026,1.2941,11,0
qian2023,151,11,<eos>,6.3315,2.3026,4.0289,11,0
qian2023,152,0,The,3.9742,2.9243,1.0498,9,0
qian2023,152,1,character,8.7185,8.9557,-0.2372,9,0
qian2023,152,2,in,4.1816,3.9846,0.1970,9,0
qian2023,152,3,the,1.2947,2.9243,-1.6297,9,0
qian2023,152,4,episode,5.3425,9.2797,-3.9372,9,0
qian2023,152,5,was,2.9511,5.0192,-2.0681,9,0
qian2023,152,6,too,7.2308,7.0232,0.2077,9,0
qian2023,152,7,chaotic,9.1239,12.2722,-3.1483,9,0
qian2023,152,8,.,2.3929,2.3026,0.0903,9,0
qian2023,152,9,<eos>,5.9131,2.3026,3.6105,9,0
qian2023,153,0,The,3.9742,2.9243,1.0498,9,0
qian2023,153,1,character,8.7185,8.9557,-0.2372,9,0
qian2023,153,2,in,4.1816,3.9846,0.1970,9,0
qian2023,153,3,the,1.2947,2.9243,-1.6297,9,0
qian2023,153,4,episode,5.3425,9.2797,-3.9372,9,0
qian2023,153,5,were,8.3797,6.1239,2.2558,9,0
qian2023,153,6,too,7.2007,7.0232,0.1775,9,0
qian2023,153,7,chaotic,9.1647,12.2722,-3.1075,9,0
qian2023,153,8,.,2.6999,2.3026,0.3973,9,0
qian2023,153,9,<eos>,5.9396,2.3026,3.6370,9,0
qian2023,154,0,The,3.9742,2.9243,1.0498,9,0
qian2023,154,1,character,8.7185,8.9557,-0.2372,9,0
qian2023,154,2,in,4.1816,3.9846,0.1970,9,0
qian2023,154,3,the,1.2947,2.9243,-1.6297,9,0
qian2023,154,4,episodes,8.3227,10.5234,-2.2006,9,0
qian2023,154,5,was,3.7219,5.0192,-1.2973,9,0
qian2023,154,6,too,7.1140,7.0232,0.0908,9,0
qian2023,154,7,chaotic,9.2905,12.2722,-2.9817,9,0
qian2023,154,8,.,2.4231,2.3026,0.1205,9,0
qian2023,154,9,<eos>,5.9579,2.3026,3.6554,9,0
qian2023,155,0,The,3.9742,2.9243,1.0498,9,0
qian2023,155,1,character,8.7185,8.9557,-0.2372,9,0
qian2023,155,2,in,4.1816,3.9846,0.1970,9,0
qian2023,155,3,the,1.2947,2.9243,-1.6297,9,0
qian2023,155,4,episodes,8.3227,10.5234,-2.2006,9,0
qian2023,155,5,were,5.8788,6.1239,-0.2451,9,0
qian2023,155,6,too,7.0214,7.0232,-0.0018,9,0
qian2023,155,7,chaotic,9.1954,12.2722,-3.0768,9,0
qian2023,155,8,.,2.7229,2.3026,0.4203,9,0
qian2023,155,9,<eos>,5.9412,2.3026,3.6386,9,0
qian2023,156,0,The,3.9742,2.9243,1.0498,9,0
qian2023,156,1,characters,9.3115,9.4861,-0.1746,9,0
qian2023,156,2,in,2.3513,3.9846,-1.6333,9,0
qian2023,156,3,the,1.1470,2.9243,-1.7773,9,0
qian2023,156,4,episode,5.6504,9.2797,-3.6293,9,0
qian2023,156,5,was,6.5998,5.0192,1.5806,9,0
qian2023,156,6,too,6.3873,7.0232,-0.6358,9,0
qian2023,156,7,chaotic,8.7379,12.2722,-3.5343,9,0
qian2023,156,8,.,2.4993,2.3026,0.1967,9,0
qian2023,156,9,<eos>,5.8525,2.3026,3.5499,9,0
qian2023,157,0,The,3.9742,2.9243,1.0498,9,0
qian2023,157,1,characters,9.3115,9.4861,-0.1746,9,0
qian2023,157,2,in,2.3513,3.9846,-1.6333,9,0
qian2023,157,3,the,1.1470,2.9243,-1.7773,9,0
qian2023,157,4,episode,5.6504,9.2797,-3.6293,9,0
qian2023,157,5,were,3.0254,6.1239,-3.0984,9,0
qian2023,157,6,too,6.3327,7.0232,-0.6904,9,0
qian2023,157,7,chaotic,9.0234,12.2722,-3.2488,9,0
qian2023,157,8,.,2.8259,2.3026,0.5233,9,0
qian2023,157,9,<eos>,5.8862,2.3026,3.5836,9,0
qian2023,158,0,The,3.9742,2.9243,1.0498,9,0
qian2023,158,1,characters,9.3115,9.4861,-0.1746,9,0
qian2023,158,2,in,2.3513,3.9846,-1.6333,9,0
qian2023,158,3,the,1.1470,2.9243,-1.7773,9,0
qian2023,158,4,episodes,7.1187,10.5234,-3.4047,9,0
qian2023,158,5,was,7.9464,5.0192,2.9273,9,0
qian2023,158,6,too,6.5774,7.0232,-0.4458,9,0
qian2023,158,7,chaotic,8.8407,12.2722,-3.4315,9,0
qian2023,158,8,.,2.5864,2.3026,0.2838,9,0
qian2023,158,9,<eos>,5.8217,2.3026,3.5192,9,0
qian2023,159,0,The,3.9742,2.9243,1.0498,9,0
qian2023,159,1,characters,9.3115,9.4861,-0.1746,9,0
qian2023,159,2,in,2.3513,3.9846,-1.6333,9,0
qian2023,159,3,the,1.1470,2.9243,-1.7773,9,0
qian2023,159,4,episodes,7.1187,10.5234,-3.4047,9,0
qian2023,159,5,were,3.5691,6.1239,-2.5547,9,0
qian2023,159,6,too,6.4775,7.0232,-0.5457,9,0
qian2023,159,7,chaotic,9.0453,12.2722,-3.2269,9,0
qian2023,159,8,.,2.8806,2.3026,0.5780,9,0
qian2023,159,9,<eos>,5.8389,2.3026,3.5363,9,0
qian2023,160,0,The,3.9734,2.9243,1.0490,14,0
qian2023,160,1,picture,8.4636,8.9102,-0.4466,14,0
qian2023,160,2,in,5.0420,3.9846,1.0574,14,0
qian2023,160,3,the,1.7152,2.9243,-1.2091,14,0
qian2023,160,4,album,6.4956,9.1616,-2.6659,14,0
qian2023,160,5,reminds,8.3438,11.0061,-2.6623,14,0
qian2023,160,6,them,7.5123,6.4695,1.0428,14,0
qian2023,160,7,of,1.1747,3.6849,-2.5102,14,0
qian2023,160,8,the,1.0742,2.9243,-1.8501,14,0
qian2023,160,9,days,5.5346,7.8067,-2.2721,14,0
qian2023,160,10,they,4.0137,5.7572,-1.7435,14,0
qian2023,160,11,spent,2.1252,9.1616,-7.0363,14,0
qian2023,160,12,together,4.1546,8.1526,-3.9980,14,0
qian2023,160,13,.,2.3288,2.3026,0.0262,14,0
qian2023,160,14,<eos>,4.6365,2.3026,2.3339,14,0
qian2023,161,0,The,3.9734,2.9243,1.0490,14,0
qian2023,161,1,picture,8.4636,8.9102,-0.4466,14,0
qian2023,161,2,in,5.0420,3.9846,1.0574,14,0
qian2023,161,3,the,1.7152,2.9243,-1.2091,14,0
qian2023,161,4,album,6.4956,9.1616,-2.6659,14,0
qian2023,161,5,remind,12.4333,10.6628,1.7705,14,0
qian2023,161,6,them,8.4162,6.4695,1.9467,14,0
qian2023,161,7,of,1.5320,3.6849,-2.1529,14,0
qian2023,161,8,the,1.0628,2.9243,-1.8616,14,0
qian2023,161,9,days,5.7160,7.8067,-2.0907,14,0
qian2023,161,10,they,4.0739,5.7572,-1.6833,14,0
qian2023,161,11,spent,2.2235,9.1616,-6.9381,14,0
qian2023,161,12,together,4.1470,8.1526,-4.0056,14,0
qian2023,161,13,.,2.2883,2.3026,-0.0142,14,0
qian2023,161,14,<eos>,4.4449,2.3026,2.1423,14,0
qian2023,162,0,The,3.9734,2.9243,1.0490,14,0
qian2023,162,1,picture,8.4636,8.9102,-0.4466,14,0
qian2023,162,2,in,5.0420,3.9846,1.0574,14,0
qian2023,162,3,the,1.7152,2.9243,-1.2091,14,0
qian2023,162,4,albums,10.5715,11.0747,-0.5031,14,0
qian2023,162,5,reminds,9.1580,11.0061,-1.8481,14,0
qian2023,162,6,them,7.7036,6.4695,1.2341,14,0
qian2023,162,7,of,1.1774,3.6849,-2.5075,14,0
qian2023,162,8,the,1.0245,2.9243,-1.8999,14,0
qian2023,162,9,days,5.1777,7.8067,-2.6290,14,0
qian2023,162,10,they,4.2593,5.7572,-1.4978,14,0
qian2023,162,11,spent,2.1029,9.1616,-7.0587,14,0
qian2023,162,12,together,4.1156,8.1526,-4.0369,14,0
qian2023,162,13,.,2.1675,2.3026,-0.1351,14,0
qian2023,162,14,<eos>,4.7591,2.3026,2.4565,14,0
qian2023,163,0,The,3.9734,2.9243,1.0490,14,0
qian2023,163,1,picture,8.4636,8.9102,-0.4466,14,0
qian2023,163,2,in,5.0420,3.9846,1.0574,14,0
qian2023,163,3,the,1.7152,2.9243,-1.2091,14,0
qian2023,163,4,albums,10.5715,11.0747,-0.5031,14,0
qian2023,163,5,remind,12.0741,10.6628,1.4113,14,0
qian2023,163,6,them,7.8062,6.4695,1.3367,14,0
qian2023,163,7,of,1.5504,3.6849,-2.1345,14,0
qian2023,163,8,the,1.0305,2.9243,-1.8939,14,0
qian2023,163,9,days,5.3585,7.8067,-2.4482,14,0
qian2023,163,10,they,4.3129,5.7572,-1.4443,14,0
qian2023,163,11,spent,2.1200,9.1616,-7.0416,14,0
qian2023,163,12,together,4.0687,8.1526,-4.0838,14,0
qian2023,163,13,.,2.0169,2.3026,-0.2857,14,0
qian2023,163,14,<eos>,4.5102,2.3026,2.2076,14,0
qian2023,164,0,The,3.9734,2.9243,1.0490,14,0
qian2023,164,1,pictures,9.1422,9.3943,-0.2521,14,0
qian2023,164,2,in,4.2797,3.9846,0.2951,14,0
qian2023,164,3,the,1.6494,2.9243,-1.2749,14,0
qian2023,164,4,album,6.2597,9.1616,-2.9018,14,0
qian2023,164,5,reminds,10.5815,11.0061,-0.4246,14,0
qian2023,164,6,them,6.5962,6.4695,0.1267,14,0
qian2023,164,7,of,1.1033,3.6849,-2.5816,14,0
qian2023,164,8,the,1.1048,2.9243,-1.8196,14,0
qian2023,164,9,days,5.3726,7.8067,-2.4341,14,0
qian2023,164,10,they,4.3119,5.7572,-1.4452,14,0
qian2023,164,11,spent,1.9936,9.1616,-7.1680,14,0
qian2023,164,12,together,4.1930,8.1526,-3.9595,14,0
qian2023,164,13,.,2.2342,2.3026,-0.0684,14,0
qian2023,164,14,<eos>,4.6128,2.3026,2.3102,14,0
qian2023,165,0,The,3.9734,2.9243,1.0490,14,0
qian2023,165,1,pictures,9.1422,9.3943,-0.2521,14,0
qian2023,165,2,in,4.2797,3.9846,0.2951,14,0
qian2023,165,3,the,1.6494,2.9243,-1.2749,14,0
qian2023,165,4,album,6.2597,9.1616,-2.9018,14,0
qian2023,165,5,remind,9.2790,10.6628,-1.3837,14,0
qian2023,165,6,them,6.4645,6.4695,-0.0050,14,0
qian2023,165,7,of,1.5449,3.6849,-2.1399,14,0
qian2023,165,8,the,1.1126,2.9243,-1.8117,14,0
qian2023,165,9,days,5.6985,7.8067,-2.1082,14,0
qian2023,165,10,they,4.1357,5.7572,-1.6215,14,0
qian2023,165,11,spent,1.9781,9.1616,-7.1835,14,0
qian2023,165,12,together,4.1425,8.1526,-4.0101,14,0
qian2023,165,13,.,2.1738,2.3026,-0.1288,14,0
qian2023,165,14,<eos>,4.4596,2.3026,2.1570,14,0
qian2023,166,0,The,3.9734,2.9243,1.0490,14,0
qian2023,166,1,pictures,9.1422,9.3943,-0.2521,14,0
qian2023,166,2,in,4.2797,3.9846,0.2951,14,0
qian2023,166,3,the,1.6494,2.9243,-1.2749,14,0
qian2023,166,4,albums,8.5251,11.0747,-2.5496,14,0
qian2023,166,5,reminds,11.2887,11.0061,0.2826,14,0
qian2023,166,6,them,6.7045,6.4695,0.2350,14,0
qian2023,166,7,of,1.1767,3.6849,-2.5082,14,0
qian2023,166,8,the,1.0750,2.9243,-1.8493,14,0
qian2023,166,9,days,5.0971,7.8067,-2.7096,14,0
qian2023,166,10,they,4.3278,5.7572,-1.4294,14,0
qian2023,166,11,spent,2.2533,9.1616,-6.9082,14,0
qian2023,166,12,together,4.2076,8.1526,-3.9449,14,0
qian2023,166,13,.,2.1061,2.3026,-0.1964,14,0
qian2023,166,14,<eos>,4.7697,2.3026,2.4671,14,0
qian2023,167,0,The,3.9734,2.9243,1.0490,14,0
qian2023,167,1,pictures,9.1422,9.3943,-0.2521,14,0
qian2023,167,2,in,4.2797,3.9846,0.2951,14,0
qian2023,167,3,the,1.6494,2.9243,-1.2749,14,0
qian2023,167,4,albums,8.5251,11.0747,-2.5496,14,0
qian2023,167,5,remind,10.0170,10.6628,-0.6458,14,0
qian2023,167,6,them,6.6291,6.4695,0.1596,14,0
qian2023,167,7,of,1.5303,3.6849,-2.1545,14,0
qian2023,167,8,the,1.1058,2.9243,-1.8185,14,0
qian2023,167,9,days,5.4279,7.8067,-2.3787,14,0
qian2023,167,10,they,4.1634,5.7572,-1.5937,14,0
qian2023,167,11,spent,2.2461,9.1616,-6.9154,14,0
qian2023,167,12,together,4.1272,8.1526,-4.0254,14,0
qian2023,167,13,.,1.9669,2.3026,-0.3357,14,0
qian2023,167,14,<eos>,4.5659,2.3026,2.2633,14,0
qian2023,168,0,The,3.9742,2.9243,1.0498,10,0
qian2023,168,1,player,9.0342,8.7721,0.2621,10,0
qian2023,168,2,in,4.0829,3.9846,0.0983,10,0
qian2023,168,3,the,1.3209,2.9243,-1.6035,10,0
qian2023,168,4,game,3.2338,7.5521,-4.3183,10,0
qian2023,168,5,has,2.7449,6.0576,-3.3127,10,0
qian2023,168,6,won,5.7154,8.7529,-3.0376,10,0
qian2023,168,7,several,5.0868,8.3143,-3.2275,10,0
qian2023,168,8,championships,3.5997,11.4453,-7.8456,10,0
qian2023,168,9,.,2.7652,2.3026,0.4626,10,0
qian2023,168,10,<eos>,5.8713,2.3026,3.5687,10,0
qian2023,169,0,The,3.9742,2.9243,1.0498,10,0
qian2023,169,1,player,9.0342,8.7721,0.2621,10,0
qian2023,169,2,in,4.0829,3.9846,0.0983,10,0
qian2023,169,3,the,1.3209,2.9243,-1.6035,10,0
qian2023,169,4,game,3.2338,7.5521,-4.3183,10,0
qian2023,169,5,have,5.7074,5.2726,0.4348,10,0
qian2023,169,6,won,5.8235,8.7529,-2.9294,10,0
qian2023,169,7,several,4.8003,8.3143,-3.5140,10,0
qian2023,169,8,championships,3.3489,11.4453,-8.0963,10,0
qian2023,169,9,.,2.7096,2.3026,0.4070,10,0
qian2023,169,10,<eos>,5.9295,2.3026,3.6269,10,0
qian2023,170,0,The,3.9742,2.9243,1.0498,10,0
qian2023,170,1,player,9.0342,8.7721,0.2621,10,0
qian2023,170,2,in,4.0829,3.9846,0.0983,10,0
qian2023,170,3,the,1.3209,2.9243,-1.6035,10,0
qian2023,170,4,games,7.3316,8.1987,-0.8671,10,0
qian2023,170,5,has,2.7778,6.0576,-3.2798,10,0
qian2023,170,6,won,5.6121,8.7529,-3.1408,10,0
qian2023,170,7,several,4.8776,8.3143,-3.4366,10,0
qian2023,170,8,championships,3.5419,11.4453,-7.9034,10,0
qian2023,170,9,.,2.6538,2.3026,0.3512,10,0
qian2023,170,10,<eos>,5.8878,2.3026,3.5852,10,0
qian2023,171,0,The,3.9742,2.9243,1.0498,10,0
qian2023,171,1,player,9.0342,8.7721,0.2621,10,0
qian2023,171,2,in,4.0829,3.9846,0.0983,10,0
qian2023,171,3,the,1.3209,2.9243,-1.6035,10,0
qian2023,171,4,games,7.3316,8.1987,-0.8671,10,0
qian2023,171,5,have,4.8314,5.2726,-0.4413,10,0
qian2023,171,6,won,5.7203,8.7529,-3.0326,10,0
qian2023,171,7,several,4.5820,8.3143,-3.7323,10,0
qian2023,171,8,championships,3.3097,11.4453,-8.1355,10,0
qian2023,171,9,.,2.5906,2.3026,0.2880,10,0
qian2023,171,10,<eos>,5.9806,2.3026,3.6780,10,0
qian2023,172,0,The,3.9742,2.9243,1.0498,10,0
qian2023,172,1,players,9.4413,8.5172,0.9241,10,0
qian2023,172,2,in,2.3579,3.9846,-1.6267,10,0
qian2023,172,3,the,1.1417,2.9243,-1.7827,10,0
qian2023,172,4,game,3.2481,7.5521,-4.3041,10,0
qian2023,172,5,has,6.5484,6.0576,0.4908,10,0
qian2023,172,6,won,6.6722,8.7529,-2.0807,10,0
qian2023,172,7,several,5.0234,8.3143,-3.2909,10,0
qian2023,172,8,championships,3.5198,11.4453,-7.9254,10,0
qian2023,172,9,.,2.4742,2.3026,0.1716,10,0
qian2023,172,10,<eos>,5.7612,2.3026,3.4586,10,0
qian2023,173,0,The,3.9742,2.9243,1.0498,10,0
qian2023,173,1,players,9.4413,8.5172,0.9241,10,0
qian2023,173,2,in,2.3579,3.9846,-1.6267,10,0
qian2023,173,3,the,1.1417,2.9243,-1.7827,10,0
qian2023,173,4,game,3.2481,7.5521,-4.3041,10,0
qian2023,173,5,have,2.4016,5.2726,-2.8711,10,0
qian2023,173,6,won,6.6508,8.7529,-2.1021,10,0
qian2023,173,7,several,4.7746,8.3143,-3.5396,10,0
qian2023,173,8,championships,3.2957,11.4453,-8.1496,10,0
qian2023,173,9,.,2.4688,2.3026,0.1662,10,0
qian2023,173,10,<eos>,5.8654,2.3026,3.5628,10,0
qian2023,174,0,The,3.9742,2.9243,1.0498,10,0
qian2023,174,1,players,9.4413,8.5172,0.9241,10,0
qian2023,174,2,in,2.3579,3.9846,-1.6267,10,0
qian2023,174,3,the,1.1417,2.9243,-1.7827,10,0
qian2023,174,4,games,6.4111,8.1987,-1.7876,10,0
qian2023,174,5,has,6.3537,6.0576,0.2961,10,0
qian2023,174,6,won,6.9122,8.7529,-1.8407,10,0
qian2023,174,7,several,4.9603,8.3143,-3.3540,10,0
qian2023,174,8,championships,3.5304,11.4453,-7.9149,10,0
qian2023,174,9,.,2.3751,2.3026,0.0725,10,0
qian2023,174,10,<eos>,5.7766,2.3026,3.4740,10,0
qian2023,175,0,The,3.9742,2.9243,1.0498,10,0
qian2023,175,1,players,9.4413,8.5172,0.9241,10,0
qian2023,175,2,in,2.3579,3.9846,-1.6267,10,0
qian2023,175,3,the,1.1417,2.9243,-1.7827,10,0
qian2023,175,4,games,6.4111,8.1987,-1.7876,10,0
qian2023,175,5,have,2.5171,5.2726,-2.7556,10,0
qian2023,175,6,won,6.3713,8.7529,-2.3816,10,0
qian2023,175,7,several,4.6746,8.3143,-3.6397,10,0
qian2023,175,8,championships,3.2794,11.4453,-8.1659,10,0
qian2023,175,9,.,2.3921,2.3026,0.0895,10,0
qian2023,175,10,<eos>,5.9122,2.3026,3.6097,10,0
qian2023,176,0,The,3.9742,2.9243,1.0498,9,0
qian2023,176,1,bee,11.7524,11.3059,0.4465,9,0
qian2023,176,2,in,4.8688,3.9846,0.8842,9,0
qian2023,176,3,the,1.3430,2.9243,-1.5814,9,0
qian2023,176,4,flower,6.5381,10.5459,-4.0078,9,0
qian2023,176,5,is,2.2299,4.4482,-2.2183,9,0
qian2023,176,6,collecting,9.3717,11.1008,-1.7291,9,0
qian2023,176,7,pollen,3.5018,12.7337,-9.2319,9,0
qian2023,176,8,.,2.1124,2.3026,-0.1902,9,0
qian2023,176,9,<eos>,5.3350,2.3026,3.0324,9,0
qian2023,177,0,The,3.9742,2.9243,1.0498,9,0
qian2023,177,1,bee,11.7524,11.3059,0.4465,9,0
qian2023,177,2,in,4.8688,3.9846,0.8842,9,0
qian2023,177,3,the,1.3430,2.9243,-1.5814,9,0
qian2023,177,4,flower,6.5381,10.5459,-4.0078,9,0
qian2023,177,5,are,5.4226,5.2030,0.2196,9,0
qian2023,177,6,collecting,9.3724,11.1008,-1.7284,9,0
qian2023,177,7,pollen,3.6332,12.7337,-9.1005,9,0
qian2023,177,8,.,2.5772,2.3026,0.2746,9,0
qian2023,177,9,<eos>,5.6164,2.3026,3.3138,9,0
qian2023,178,0,The,3.9742,2.9243,1.0498,9,0
qian2023,178,1,bee,11.7524,11.3059,0.4465,9,0
qian2023,178,2,in,4.8688,3.9846,0.8842,9,0
qian2023,178,3,the,1.3430,2.9243,-1.5814,9,0
qian2023,178,4,flowers,8.0258,10.0382,-2.0124,9,0
qian2023,178,5,is,2.2336,4.4482,-2.2146,9,0
qian2023,178,6,collecting,9.5042,11.1008,-1.5966,9,0
qian2023,178,7,pollen,3.4204,12.7337,-9.3133,9,0
qian2023,178,8,.,2.2303,2.3026,-0.0723,9,0
qian2023,178,9,<eos>,5.1397,2.3026,2.8371,9,0
qian2023,179,0,The,3.9742,2.9243,1.0498,9,0
qian2023,179,1,bee,11.7524,11.3059,0.4465,9,0
qian2023,179,2,in,4.8688,3.9846,0.8842,9,0
qian2023,179,3,the,1.3430,2.9243,-1.5814,9,0
qian2023,179,4,flowers,8.0258,10.0382,-2.0124,9,0
qian2023,179,5,are,4.6435,5.2030,-0.5595,9,0
qian2023,179,6,collecting,9.7557,11.1008,-1.3451,9,0
qian2023,179,7,pollen,3.4192,12.7337,-9.3145,9,0
qian2023,179,8,.,2.3179,2.3026,0.0153,9,0
qian2023,179,9,<eos>,5.4505,2.3026,3.1479,9,0
qian2023,180,0,The,3.9742,2.9243,1.0498,9,0
qian2023,180,1,bees,11.1564,11.6050,-0.4487,9,0
qian2023,180,2,in,3.1502,3.9846,-0.8344,9,0
qian2023,180,3,the,0.9741,2.9243,-1.9502,9,0
qian2023,180,4,flower,7.1051,10.5459,-3.4408,9,0
qian2023,180,5,is,4.8041,4.4482,0.3560,9,0
qian2023,180,6,collecting,9.8366,11.1008,-1.2642,9,0
qian2023,180,7,pollen,3.7318,12.7337,-9.0019,9,0
qian2023,180,8,.,2.1274,2.3026,-0.1752,9,0
qian2023,180,9,<eos>,5.5640,2.3026,3.2615,9,0
qian2023,181,0,The,3.9742,2.9243,1.0498,9,0
qian2023,181,1,bees,11.1564,11.6050,-0.4487,9,0
qian2023,181,2,in,3.1502,3.9846,-0.8344,9,0
qian2023,181,3,the,0.9741,2.9243,-1.9502,9,0
qian2023,181,4,flower,7.1051,10.5459,-3.4408,9,0
qian2023,181,5,are,2.5402,5.2030,-2.6628,9,0
qian2023,181,6,collecting,8.3424,11.1008,-2.7584,9,0
qian2023,181,7,pollen,3.8695,12.7337,-8.8642,9,0
qian2023,181,8,.,2.5988,2.3026,0.2962,9,0
qian2023,181,9,<eos>,5.8241,2.3026,3.5215,9,0
qian2023,182,0,The,3.9742,2.9243,1.0498,9,0
qian2023,182,1,bees,11.1564,11.6050,-0.4487,9,0
qian2023,182,2,in,3.1502,3.9846,-0.8344,9,0
qian2023,182,3,the,0.9741,2.9243,-1.9502,9,0
qian2023,182,4,flowers,7.2928,10.0382,-2.7453,9,0
qian2023,182,5,is,5.1142,4.4482,0.6661,9,0
qian2023,182,6,collecting,10.2590,11.1008,-0.8418,9,0
qian2023,182,7,pollen,3.7274,12.7337,-9.0063,9,0
qian2023,182,8,.,2.2330,2.3026,-0.0696,9,0
qian2023,182,9,<eos>,5.4290,2.3026,3.1264,9,0
qian2023,183,0,The,3.9742,2.9243,1.0498,9,0
qian2023,183,1,bees,11.1564,11.6050,-0.4487,9,0
qian2023,183,2,in,3.1502,3.9846,-0.8344,9,0
qian2023,183,3,the,0.9741,2.9243,-1.9502,9,0
qian2023,183,4,flowers,7.2928,10.0382,-2.7453,9,0
qian2023,183,5,are,1.8889,5.2030,-3.3141,9,0
qian2023,183,6,collecting,8.4299,11.1008,-2.6709,9,0
qian2023,183,7,pollen,3.7508,12.7337,-8.9829,9,0
qian2023,183,8,.,2.4763,2.3026,0.1738,9,0
qian2023,183,9,<eos>,5.7425,2.3026,3.4399,9,0
qian2023,184,0,The,3.9738,2.9243,1.0495,12,0
qian2023,184,1,rug,12.4867,12.1573,0.3294,12,0
qian2023,184,2,under,6.9187,7.5295,-0.6108,12,0
qian2023,184,3,the,0.7955,2.9243,-2.1289,12,0
qian2023,184,4,chair,6.4238,9.9237,-3.4998,12,0
qian2023,184,5,is,2.0253,4.4482,-2.4229,12,0
qian2023,184,6,handmade,10.8217,12.3407,-1.5190,12,0
qian2023,184,7,from,2.6247,5.4561,-2.8314,12,0
qian2023,184,8,wool,6.0836,11.7199,-5.6364,12,0
qian2023,184,9,and,1.4262,3.6613,-2.2350,12,0
qian2023,184,10,silk,4.7322,11.2583,-6.5261,12,0
qian2023,184,11,.,1.3534,2.3026,-0.9492,12,0
qian2023,184,12,<eos>,4.6834,2.3026,2.3808,12,0
qian2023,185,0,The,3.9738,2.9243,1.0495,12,0
qian2023,185,1,rug,12.4867,12.1573,0.3294,12,0
qian2023,185,2,under,6.9187,7.5295,-0.6108,12,0
qian2023,185,3,the,0.7955,2.9243,-2.1289,12,0
qian2023,185,4,chair,6.4238,9.9237,-3.4998,12,0
qian2023,185,5,are,5.1983,5.2030,-0.0047,12,0
qian2023,185,6,handmade,9.0913,12.3407,-3.2494,12,0
qian2023,185,7,from,2.9634,5.4561,-2.4928,12,0
qian2023,185,8,wool,6.2239,11.7199,-5.4960,12,0
qian2023,185,9,and,1.4317,3.6613,-2.2296,12,0
qian2023,185,10,silk,4.4589,11.2583,-6.7994,12,0
qian2023,185,11,.,1.4648,2.3026,-0.8378,12,0
qian2023,185,12,<eos>,4.6709,2.3026,2.3684,12,0
qian2023,186,0,The,3.9738,2.9243,1.0495,12,0
qian2023,186,1,rug,12.4867,12.1573,0.3294,12,0
qian2023,186,2,under,6.9187,7.5295,-0.6108,12,0
qian2023,186,3,the,0.7955,2.9243,-2.1289,12,0
qian2023,186,4,chairs,8.8333,11.4641,-2.6309,12,0
qian2023,186,5,is,1.8109,4.4482,-2.6372,12,0
qian2023,186,6,handmade,10.9984,12.3407,-1.3424,12,0
qian2023,186,7,from,2.6748,5.4561,-2.7814,12,0
qian2023,186,8,wool,6.2486,11.7199,-5.4713,12,0
qian2023,186,9,and,1.4652,3.6613,-2.1960,12,0
qian2023,186,10,silk,4.5235,11.2583,-6.7348,12,0
qian2023,186,11,.,1.3640,2.3026,-0.9386,12,0
qian2023,186,12,<eos>,4.8072,2.3026,2.5046,12,0
qian2023,187,0,The,3.9738,2.9243,1.0495,12,0
qian2023,187,1,rug,12.4867,12.1573,0.3294,12,0
qian2023,187,2,under,6.9187,7.5295,-0.6108,12,0
qian2023,187,3,the,0.7955,2.9243,-2.1289,12,0
qian2023,187,4,chairs,8.8333,11.4641,-2.6309,12,0
qian2023,187,5,are,4.0362,5.2030,-1.1668,12,0
qian2023,187,6,handmade,9.3965,12.3407,-2.9442,12,0
qian2023,187,7,from,3.0487,5.4561,-2.4074,12,0
qian2023,187,8,wool,6.3623,11.7199,-5.3576,12,0
qian2023,187,9,and,1.4678,3.6613,-2.1935,12,0
qian2023,187,10,silk,4.4655,11.2583,-6.7927,12,0
qian2023,187,11,.,1.3455,2.3026,-0.9570,12,0
qian2023,187,12,<eos>,4.7599,2.3026,2.4573,12,0
qian2023,188,0,The,3.9734,2.9243,1.0490,12,0
qian2023,188,1,rugs,14.9493,13.3773,1.5720,12,0
qian2023,188,2,under,7.1071,7.5295,-0.4224,12,0
qian2023,188,3,the,0.8073,2.9243,-2.1170,12,0
qian2023,188,4,chair,7.0764,9.9237,-2.8473,12,0
qian2023,188,5,is,5.4187,4.4482,0.9705,12,0
qian2023,188,6,handmade,10.4018,12.3407,-1.9390,12,0
qian2023,188,7,from,2.6038,5.4561,-2.8524,12,0
qian2023,188,8,wool,6.1568,11.7199,-5.5631,12,0
qian2023,188,9,and,1.4830,3.6613,-2.1783,12,0
qian2023,188,10,silk,4.4048,11.2583,-6.8535,12,0
qian2023,188,11,.,1.3821,2.3026,-0.9205,12,0
qian2023,188,12,<eos>,4.6325,2.3026,2.3299,12,0
qian2023,189,0,The,3.9734,2.9243,1.0490,12,0
qian2023,189,1,rugs,14.9493,13.3773,1.5720,12,0
qian2023,189,2,under,7.1071,7.5295,-0.4224,12,0
qian2023,189,3,the,0.8073,2.9243,-2.1170,12,0
qian2023,189,4,chair,7.0764,9.9237,-2.8473,12,0
qian2023,189,5,are,1.7419,5.2030,-3.4611,12,0
qian2023,189,6,handmade,9.0345,12.3407,-3.3063,12,0
qian2023,189,7,from,2.8975,5.4561,-2.5587,12,0
qian2023,189,8,wool,6.3391,11.7199,-5.3808,12,0
qian2023,189,9,and,1.4858,3.6613,-2.1755,12,0
qian2023,189,10,silk,4.5289,11.2583,-6.7293,12,0
qian2023,189,11,.,1.3537,2.3026,-0.9488,12,0
qian2023,189,12,<eos>,4.5739,2.3026,2.2713,12,0
qian2023,190,0,The,3.9734,2.9243,1.0490,12,0
qian2023,190,1,rugs,14.9493,13.3773,1.5720,12,0
qian2023,190,2,under,7.1071,7.5295,-0.4224,12,0
qian2023,190,3,the,0.8073,2.9243,-2.1170,12,0
qian2023,190,4,chairs,7.8305,11.4641,-3.6336,12,0
qian2023,190,5,is,5.7976,4.4482,1.3495,12,0
qian2023,190,6,handmade,10.5250,12.3407,-1.8157,12,0
qian2023,190,7,from,2.6415,5.4561,-2.8146,12,0
qian2023,190,8,wool,6.3140,11.7199,-5.4060,12,0
qian2023,190,9,and,1.4793,3.6613,-2.1820,12,0
qian2023,190,10,silk,4.3077,11.2583,-6.9505,12,0
qian2023,190,11,.,1.4154,2.3026,-0.8872,12,0
qian2023,190,12,<eos>,4.7831,2.3026,2.4805,12,0
qian2023,191,0,The,3.9734,2.9243,1.0490,12,0
qian2023,191,1,rugs,14.9493,13.3773,1.5720,12,0
qian2023,191,2,under,7.1071,7.5295,-0.4224,12,0
qian2023,191,3,the,0.8073,2.9243,-2.1170,12,0
qian2023,191,4,chairs,7.8305,11.4641,-3.6336,12,0
qian2023,191,5,are,1.4788,5.2030,-3.7242,12,0
qian2023,191,6,handmade,9.2353,12.3407,-3.1054,12,0
qian2023,191,7,from,2.9985,5.4561,-2.4576,12,0
qian2023,191,8,wool,6.4565,11.7199,-5.2634,12,0
qian2023,191,9,and,1.4825,3.6613,-2.1788,12,0
qian2023,191,10,silk,4.5397,11.2583,-6.7186,12,0
qian2023,191,11,.,1.3295,2.3026,-0.9731,12,0
qian2023,191,12,<eos>,4.7646,2.3026,2.4621,12,0
qian2023,192,0,The,3.9742,2.9243,1.0498,9,0
qian2023,192,1,bench,10.3788,10.6168,-0.2380,9,0
qian2023,192,2,under,7.0242,7.5295,-0.5053,9,0
qian2023,192,3,the,1.2251,2.9243,-1.6992,9,0
qian2023,192,4,tree,6.3722,9.5557,-3.1835,9,0
qian2023,192,5,is,1.5888,4.4482,-2.8594,9,0
qian2023,192,6,cleaned,8.8591,11.4641,-2.6050,9,0
qian2023,192,7,everyday,9.8536,10.4311,-0.5775,9,0
qian2023,192,8,.,1.1545,2.3026,-1.1481,9,0
qian2023,192,9,<eos>,5.5297,2.3026,3.2272,9,0
qian2023,193,0,The,3.9742,2.9243,1.0498,9,0
qian2023,193,1,bench,10.3788,10.6168,-0.2380,9,0
qian2023,193,2,under,7.0242,7.5295,-0.5053,9,0
qian2023,193,3,the,1.2251,2.9243,-1.6992,9,0
qian2023,193,4,tree,6.3722,9.5557,-3.1835,9,0
qian2023,193,5,are,6.1984,5.2030,0.9954,9,0
qian2023,193,6,cleaned,8.7032,11.4641,-2.7610,9,0
qian2023,193,7,everyday,9.6509,10.4311,-0.7802,9,0
qian2023,193,8,.,1.4206,2.3026,-0.8820,9,0
qian2023,193,9,<eos>,5.5969,2.3026,3.2943,9,0
qian2023,194,0,The,3.9742,2.9243,1.0498,9,0
qian2023,194,1,bench,10.3788,10.6168,-0.2380,9,0
qian2023,194,2,under,7.0242,7.5295,-0.5053,9,0
qian2023,194,3,the,1.2251,2.9243,-1.6992,9,0
qian2023,194,4,trees,7.5265,9.9237,-2.3972,9,0
qian2023,194,5,is,1.5885,4.4482,-2.8596,9,0
qian2023,194,6,cleaned,9.0581,11.4641,-2.4060,9,0
qian2023,194,7,everyday,9.4163,10.4311,-1.0148,9,0
qian2023,194,8,.,1.1230,2.3026,-1.1796,9,0
qian2023,194,9,<eos>,5.6956,2.3026,3.3931,9,0
qian2023,195,0,The,3.9742,2.9243,1.0498,9,0
qian2023,195,1,bench,10.3788,10.6168,-0.2380,9,0
qian2023,195,2,under,7.0242,7.5295,-0.5053,9,0
qian2023,195,3,the,1.2251,2.9243,-1.6992,9,0
qian2023,195,4,trees,7.5265,9.9237,-2.3972,9,0
qian2023,195,5,are,4.5889,5.2030,-0.6141,9,0
qian2023,195,6,cleaned,8.4228,11.4641,-3.0413,9,0
qian2023,195,7,everyday,9.1004,10.4311,-1.3308,9,0
qian2023,195,8,.,1.2847,2.3026,-1.0179,9,0
qian2023,195,9,<eos>,5.7775,2.3026,3.4749,9,0
qian2023,196,0,The,3.9742,2.9243,1.0498,9,0
qian2023,196,1,benches,14.5803,12.7337,1.8466,9,0
qian2023,196,2,under,6.0941,7.5295,-1.4354,9,0
qian2023,196,3,the,0.8044,2.9243,-2.1199,9,0
qian2023,196,4,tree,5.2174,9.5557,-4.3383,9,0
qian2023,196,5,is,5.0180,4.4482,0.5698,9,0
qian2023,196,6,cleaned,8.1798,11.4641,-3.2843,9,0
qian2023,196,7,everyday,9.2417,10.4311,-1.1894,9,0
qian2023,196,8,.,1.0450,2.3026,-1.2576,9,0
qian2023,196,9,<eos>,5.2908,2.3026,2.9882,9,0
qian2023,197,0,The,3.9742,2.9243,1.0498,9,0
qian2023,197,1,benches,14.5803,12.7337,1.8466,9,0
qian2023,197,2,under,6.0941,7.5295,-1.4354,9,0
qian2023,197,3,the,0.8044,2.9243,-2.1199,9,0
qian2023,197,4,tree,5.2174,9.5557,-4.3383,9,0
qian2023,197,5,are,1.2707,5.2030,-3.9323,9,0
qian2023,197,6,cleaned,7.6112,11.4641,-3.8529,9,0
qian2023,197,7,everyday,9.3901,10.4311,-1.0410,9,0
qian2023,197,8,.,1.1955,2.3026,-1.1071,9,0
qian2023,197,9,<eos>,5.4646,2.3026,3.1620,9,0
qian2023,198,0,The,3.9742,2.9243,1.0498,9,0
qian2023,198,1,benches,14.5803,12.7337,1.8466,9,0
qian2023,198,2,under,6.0941,7.5295,-1.4354,9,0
qian2023,198,3,the,0.8044,2.9243,-2.1199,9,0
qian2023,198,4,trees,5.9470,9.9237,-3.9767,9,0
qian2023,198,5,is,5.3341,4.4482,0.8859,9,0
qian2023,198,6,cleaned,8.5067,11.4641,-2.9574,9,0
qian2023,198,7,everyday,8.8523,10.4311,-1.5788,9,0
qian2023,198,8,.,1.0334,2.3026,-1.2691,9,0
qian2023,198,9,<eos>,5.4789,2.3026,3.1763,9,0
qian2023,199,0,The,3.9742,2.9243,1.0498,9,0
qian2023,199,1,benches,14.5803,12.7337,1.8466,9,0
qian2023,199,2,under,6.0941,7.5295,-1.4354,9,0
qian2023,199,3,the,0.8044,2.9243,-2.1199,9,0
qian2023,199,4,trees,5.9470,9.9237,-3.9767,9,0
qian2023,199,5,are,1.2412,5.2030,-3.9618,9,0
qian2023,199,6,cleaned,7.8188,11.4641,-3.6453,9,0
qian2023,199,7,everyday,9.0054,10.4311,-1.4257,9,0
qian2023,199,8,.,1.1627,2.3026,-1.1399,9,0
qian2023,199,9,<eos>,5.6580,2.3026,3.3554,9,0
qian2023,200,0,The,3.9745,2.9243,1.0501,15,0
qian2023,200,1,tunnel,11.4186,10.9590,0.4595,15,0
qian2023,200,2,under,5.2832,7.5295,-2.2464,15,0
qian2023,200,3,the,0.7253,2.9243,-2.1991,15,0
qian2023,200,4,lake,6.2956,9.6019,-3.3063,15,0
qian2023,200,5,has,4.1367,6.0576,-1.9209,15,0
qian2023,200,6,cost,7.8323,8.6565,-0.8242,15,0
qian2023,200,7,a,3.1250,3.7766,-0.6516,15,0
qian2023,200,8,lot,2.1877,7.8067,-5.6190,15,0
qian2023,200,9,of,1.0032,3.6849,-2.6817,15,0
qian2023,200,10,money,0.2153,7.7356,-7.5203,15,0
qian2023,200,11,beyond,9.4403,9.2564,0.1839,15,0
qian2023,200,12,enigeering,32.2974,18.4207,13.8767,15,0
qian2023,200,13,challenges,12.1225,10.3848,1.7377,15,0
qian2023,200,14,.,1.0641,2.3026,-1.2385,15,0
qian2023,200,15,<eos>,5.9394,2.3026,3.6368,15,0
qian2023,201,0,The,3.9745,2.9243,1.0501,15,0
qian2023,201,1,tunnel,11.4186,10.9590,0.4595,15,0
qian2023,201,2,under,5.2832,7.5295,-2.2464,15,0
qian2023,201,3,the,0.7253,2.9243,-2.1991,15,0
qian2023,201,4,lake,6.2956,9.6019,-3.3063,15,0
qian2023,201,5,have,8.7047,5.2726,3.4321,15,0
qian2023,201,6,cost,8.1157,8.6565,-0.5408,15,0
qian2023,201,7,a,2.9758,3.7766,-0.8008,15,0
qian2023,201,8,lot,2.2969,7.8067,-5.5098,15,0
qian2023,201,9,of,1.1505,3.6849,-2.5343,15,0
qian2023,201,10,money,0.2439,7.7356,-7.4917,15,0
qian2023,201,11,beyond,9.5358,9.2564,0.2794,15,0
qian2023,201,12,enigeering,32.1192,18.4207,13.6985,15,0
qian2023,201,13,challenges,12.1255,10.3848,1.7408,15,0
qian2023,201,14,.,1.0906,2.3026,-1.2120,15,0
qian2023,201,15,<eos>,5.9930,2.3026,3.6905,15,0
qian2023,202,0,The,3.9745,2.9243,1.0501,15,0
qian2023,202,1,tunnel,11.4186,10.9590,0.4595,15,0
qian2023,202,2,under,5.2832,7.5295,-2.2464,15,0
qian2023,202,3,the,0.7253,2.9243,-2.1991,15,0
qian2023,202,4,lakes,9.0771,11.1908,-2.1138,15,0
qian2023,202,5,has,4.0977,6.0576,-1.9599,15,0
qian2023,202,6,cost,7.6833,8.6565,-0.9732,15,0
qian2023,202,7,a,3.0190,3.7766,-0.7576,15,0
qian2023,202,8,lot,1.8753,7.8067,-5.9314,15,0
qian2023,202,9,of,0.9457,3.6849,-2.7392,15,0
qian2023,202,10,money,0.2531,7.7356,-7.4825,15,0
qian2023,202,11,beyond,9.3683,9.2564,0.1119,15,0
qian2023,202,12,enigeering,32.2430,18.4207,13.8223,15,0
qian2023,202,13,challenges,12.1265,10.3848,1.7418,15,0
qian2023,202,14,.,1.0126,2.3026,-1.2900,15,0
qian2023,202,15,<eos>,6.0739,2.3026,3.7713,15,0
qian2023,203,0,The,3.9745,2.9243,1.0501,15,0
qian2023,203,1,tunnel,11.4186,10.9590,0.4595,15,0
qian2023,203,2,under,5.2832,7.5295,-2.2464,15,0
qian2023,203,3,the,0.7253,2.9243,-2.1991,15,0
qian2023,203,4,lakes,9.0771,11.1908,-2.1138,15,0
qian2023,203,5,have,7.1076,5.2726,1.8349,15,0
qian2023,203,6,cost,7.9850,8.6565,-0.6715,15,0
qian2023,203,7,a,2.9337,3.7766,-0.8429,15,0
qian2023,203,8,lot,1.9694,7.8067,-5.8373,15,0
qian2023,203,9,of,1.0851,3.6849,-2.5998,15,0
qian2023,203,10,money,0.2625,7.7356,-7.4730,15,0
qian2023,203,11,beyond,9.4746,9.2564,0.2182,15,0
qian2023,203,12,enigeering,32.2663,18.4207,13.8457,15,0
qian2023,203,13,challenges,12.0991,10.3848,1.7143,15,0
qian2023,203,14,.,1.0222,2.3026,-1.2803,15,0
qian2023,203,15,<eos>,6.1695,2.3026,3.8669,15,0
qian2023,204,0,The,3.9745,2.9243,1.0501,15,0
qian2023,204,1,tunnels,12.6732,11.9269,0.7463,15,0
qian2023,204,2,under,4.2981,7.5295,-3.2314,15,0
qian2023,204,3,the,0.5235,2.9243,-2.4009,15,0
qian2023,204,4,lake,6.1672,9.6019,-3.4347,15,0
qian2023,204,5,has,7.2950,6.0576,1.2374,15,0
qian2023,204,6,cost,7.6585,8.6565,-0.9979,15,0
qian2023,204,7,a,3.0418,3.7766,-0.7348,15,0
qian2023,204,8,lot,2.0795,7.8067,-5.7272,15,0
qian2023,204,9,of,1.1481,3.6849,-2.5368,15,0
qian2023,204,10,money,0.1939,7.7356,-7.5417,15,0
qian2023,204,11,beyond,9.3827,9.2564,0.1263,15,0
qian2023,204,12,enigeering,32.1170,18.4207,13.6963,15,0
qian2023,204,13,challenges,12.0222,10.3848,1.6375,15,0
qian2023,204,14,.,1.0425,2.3026,-1.2601,15,0
qian2023,204,15,<eos>,5.7260,2.3026,3.4234,15,0
qian2023,205,0,The,3.9745,2.9243,1.0501,15,0
qian2023,205,1,tunnels,12.6732,11.9269,0.7463,15,0
qian2023,205,2,under,4.2981,7.5295,-3.2314,15,0
qian2023,205,3,the,0.5235,2.9243,-2.4009,15,0
qian2023,205,4,lake,6.1672,9.6019,-3.4347,15,0
qian2023,205,5,have,3.7834,5.2726,-1.4892,15,0
qian2023,205,6,cost,7.7299,8.6565,-0.9265,15,0
qian2023,205,7,a,2.7894,3.7766,-0.9872,15,0
qian2023,205,8,lot,1.9927,7.8067,-5.8140,15,0
qian2023,205,9,of,1.2533,3.6849,-2.4316,15,0
qian2023,205,10,money,0.2538,7.7356,-7.4817,15,0
qian2023,205,11,beyond,9.5695,9.2564,0.3131,15,0
qian2023,205,12,enigeering,32.1038,18.4207,13.6832,15,0
qian2023,205,13,challenges,12.0512,10.3848,1.6664,15,0
qian2023,205,14,.,1.0702,2.3026,-1.2324,15,0
qian2023,205,15,<eos>,5.7052,2.3026,3.4026,15,0
qian2023,206,0,The,3.9745,2.9243,1.0501,15,0
qian2023,206,1,tunnels,12.6732,11.9269,0.7463,15,0
qian2023,206,2,under,4.2981,7.5295,-3.2314,15,0
qian2023,206,3,the,0.5235,2.9243,-2.4009,15,0
qian2023,206,4,lakes,8.2129,11.1908,-2.9780,15,0
qian2023,206,5,has,7.2392,6.0576,1.1816,15,0
qian2023,206,6,cost,7.5093,8.6565,-1.1472,15,0
qian2023,206,7,a,2.9598,3.7766,-0.8168,15,0
qian2023,206,8,lot,1.7993,7.8067,-6.0074,15,0
qian2023,206,9,of,1.0923,3.6849,-2.5926,15,0
qian2023,206,10,money,0.2251,7.7356,-7.5105,15,0
qian2023,206,11,beyond,9.2959,9.2564,0.0395,15,0
qian2023,206,12,enigeering,32.0683,18.4207,13.6476,15,0
qian2023,206,13,challenges,12.0275,10.3848,1.6427,15,0
qian2023,206,14,.,0.9886,2.3026,-1.3140,15,0
qian2023,206,15,<eos>,5.8270,2.3026,3.5244,15,0
qian2023,207,0,The,3.9745,2.9243,1.0501,15,0
qian2023,207,1,tunnels,12.6732,11.9269,0.7463,15,0
qian2023,207,2,under,4.2981,7.5295,-3.2314,15,0
qian2023,207,3,the,0.5235,2.9243,-2.4009,15,0
qian2023,207,4,lakes,8.2129,11.1908,-2.9780,15,0
qian2023,207,5,have,4.0774,5.2726,-1.1953,15,0
qian2023,207,6,cost,7.7325,8.6565,-0.9240,15,0
qian2023,207,7,a,2.7996,3.7766,-0.9770,15,0
qian2023,207,8,lot,1.7463,7.8067,-6.0604,15,0
qian2023,207,9,of,1.1956,3.6849,-2.4893,15,0
qian2023,207,10,money,0.2763,7.7356,-7.4593,15,0
qian2023,207,11,beyond,9.5170,9.2564,0.2606,15,0
qian2023,207,12,enigeering,32.2105,18.4207,13.7898,15,0
qian2023,207,13,challenges,12.0331,10.3848,1.6483,15,0
qian2023,207,14,.,1.0212,2.3026,-1.2814,15,0
qian2023,207,15,<eos>,5.8718,2.3026,3.5692,15,0
qian2023,208,0,The,3.9742,2.9243,1.0498,12,0
qian2023,208,1,cafe,13.6138,11.3059,2.3079,12,0
qian2023,208,2,near,7.9831,8.5425,-0.5594,12,0
qian2023,208,3,the,1.2749,2.9243,-1.6494,12,0
qian2023,208,4,shop,6.7330,9.4861,-2.7531,12,0
qian2023,208,5,has,2.7495,6.0576,-3.3081,12,0
qian2023,208,6,got,5.9977,7.1148,-1.1171,12,0
qian2023,208,7,popular,9.3998,9.0533,0.3464,12,0
qian2023,208,8,around,6.8033,7.4371,-0.6338,12,0
qian2023,208,9,the,0.9392,2.9243,-1.9851,12,0
qian2023,208,10,neighbourhood,5.8384,11.6510,-5.8126,12,0
qian2023,208,11,.,1.6261,2.3026,-0.6765,12,0
qian2023,208,12,<eos>,6.1884,2.3026,3.8858,12,0
qian2023,209,0,The,3.9742,2.9243,1.0498,12,0
qian2023,209,1,cafe,13.6138,11.3059,2.3079,12,0
qian2023,209,2,near,7.9831,8.5425,-0.5594,12,0
qian2023,209,3,the,1.2749,2.9243,-1.6494,12,0
qian2023,209,4,shop,6.7330,9.4861,-2.7531,12,0
qian2023,209,5,have,5.8739,5.2726,0.6012,12,0
qian2023,209,6,got,6.0196,7.1148,-1.0952,12,0
qian2023,209,7,popular,9.4697,9.0533,0.4163,12,0
qian2023,209,8,around,6.8407,7.4371,-0.5964,12,0
qian2023,209,9,the,0.9226,2.9243,-2.0017,12,0
qian2023,209,10,neighbourhood,6.0214,11.6510,-5.6296,12,0
qian2023,209,11,.,1.7240,2.3026,-0.5786,12,0
qian2023,209,12,<eos>,6.2000,2.3026,3.8974,12,0
qian2023,210,0,The,3.9742,2.9243,1.0498,12,0
qian2023,210,1,cafe,13.6138,11.3059,2.3079,12,0
qian2023,210,2,near,7.9831,8.5425,-0.5594,12,0
qian2023,210,3,the,1.2749,2.9243,-1.6494,12,0
qian2023,210,4,shops,7.3853,10.7290,-3.3437,12,0
qian2023,210,5,has,2.6006,6.0576,-3.4570,12,0
qian2023,210,6,got,5.7072,7.1148,-1.4076,12,0
qian2023,210,7,popular,9.4105,9.0533,0.3571,12,0
qian2023,210,8,around,6.6726,7.4371,-0.7644,12,0
qian2023,210,9,the,0.9813,2.9243,-1.9431,12,0
qian2023,210,10,neighbourhood,5.4634,11.6510,-6.1876,12,0
qian2023,210,11,.,1.5567,2.3026,-0.7459,12,0
qian2023,210,12,<eos>,6.2249,2.3026,3.9223,12,0
qian2023,211,0,The,3.9742,2.9243,1.0498,12,0
qian2023,211,1,cafe,13.6138,11.3059,2.3079,12,0
qian2023,211,2,near,7.9831,8.5425,-0.5594,12,0
qian2023,211,3,the,1.2749,2.9243,-1.6494,12,0
qian2023,211,4,shops,7.3853,10.7290,-3.3437,12,0
qian2023,211,5,have,4.9641,5.2726,-0.3085,12,0
qian2023,211,6,got,5.7702,7.1148,-1.3445,12,0
qian2023,211,7,popular,9.3676,9.0533,0.3143,12,0
qian2023,211,8,around,6.6686,7.4371,-0.7684,12,0
qian2023,211,9,the,0.9588,2.9243,-1.9656,12,0
qian2023,211,10,neighbourhood,5.6525,11.6510,-5.9986,12,0
qian2023,211,11,.,1.5941,2.3026,-0.7085,12,0
qian2023,211,12,<eos>,6.2501,2.3026,3.9475,12,0
qian2023,212,0,The,3.9738,2.9243,1.0495,12,0
qian2023,212,1,cafes,12.8041,13.0547,-0.2506,12,0
qian2023,212,2,near,6.5388,8.5425,-2.0037,12,0
qian2023,212,3,the,1.4344,2.9243,-1.4900,12,0
qian2023,212,4,shop,8.2049,9.4861,-1.2812,12,0
qian2023,212,5,has,5.7373,6.0576,-0.3203,12,0
qian2023,212,6,got,5.8611,7.1148,-1.2537,12,0
qian2023,212,7,popular,8.9374,9.0533,-0.1160,12,0
qian2023,212,8,around,6.7025,7.4371,-0.7346,12,0
qian2023,212,9,the,0.7881,2.9243,-2.1362,12,0
qian2023,212,10,neighbourhood,5.8611,11.6510,-5.7900,12,0
qian2023,212,11,.,1.4849,2.3026,-0.8177,12,0
qian2023,212,12,<eos>,6.1465,2.3026,3.8440,12,0
qian2023,213,0,The,3.9738,2.9243,1.0495,12,0
qian2023,213,1,cafes,12.8041,13.0547,-0.2506,12,0
qian2023,213,2,near,6.5388,8.5425,-2.0037,12,0
qian2023,213,3,the,1.4344,2.9243,-1.4900,12,0
qian2023,213,4,shop,8.2049,9.4861,-1.2812,12,0
qian2023,213,5,have,2.1861,5.2726,-3.0865,12,0
qian2023,213,6,got,6.0362,7.1148,-1.0786,12,0
qian2023,213,7,popular,8.7192,9.0533,-0.3341,12,0
qian2023,213,8,around,6.7449,7.4371,-0.6922,12,0
qian2023,213,9,the,0.7856,2.9243,-2.1387,12,0
qian2023,213,10,neighbourhood,6.0626,11.6510,-5.5885,12,0
qian2023,213,11,.,1.5469,2.3026,-0.7557,12,0
qian2023,213,12,<eos>,6.1650,2.3026,3.8624,12,0
qian2023,214,0,The,3.9738,2.9243,1.0495,12,0
qian2023,214,1,cafes,12.8041,13.0547,-0.2506,12,0
qian2023,214,2,near,6.5388,8.5425,-2.0037,12,0
qian2023,214,3,the,1.4344,2.9243,-1.4900,12,0
qian2023,214,4,shops,7.1063,10.7290,-3.6227,12,0
qian2023,214,5,has,5.6048,6.0576,-0.4528,12,0
qian2023,214,6,got,5.5161,7.1148,-1.5987,12,0
qian2023,214,7,popular,9.0200,9.0533,-0.0333,12,0
qian2023,214,8,around,6.7152,7.4371,-0.7218,12,0
qian2023,214,9,the,0.8451,2.9243,-2.0793,12,0
qian2023,214,10,neighbourhood,5.6007,11.6510,-6.0504,12,0
qian2023,214,11,.,1.4575,2.3026,-0.8451,12,0
qian2023,214,12,<eos>,6.1563,2.3026,3.8538,12,0
qian2023,215,0,The,3.9738,2.9243,1.0495,12,0
qian2023,215,1,cafes,12.8041,13.0547,-0.2506,12,0
qian2023,215,2,near,6.5388,8.5425,-2.0037,12,0
qian2023,215,3,the,1.4344,2.9243,-1.4900,12,0
qian2023,215,4,shops,7.1063,10.7290,-3.6227,12,0
qian2023,215,5,have,2.3950,5.2726,-2.8777,12,0
qian2023,215,6,got,5.7598,7.1148,-1.3550,12,0
qian2023,215,7,popular,8.8627,9.0533,-0.1907,12,0
qian2023,215,8,around,6.7795,7.4371,-0.6576,12,0
qian2023,215,9,the,0.8333,2.9243,-2.0910,12,0
qian2023,215,10,neighbourhood,5.8400,11.6510,-5.8110,12,0
qian2023,215,11,.,1.4746,2.3026,-0.8280,12,0
qian2023,215,12,<eos>,6.1939,2.3026,3.8913,12,0
qian2023,216,0,The,3.9742,2.9243,1.0498,10,0
qian2023,216,1,key,6.8619,8.9327,-2.0708,10,0
qian2023,216,2,to,1.2635,3.6156,-2.3521,10,0
qian2023,216,3,the,1.4972,2.9243,-1.4272,10,0
qian2023,216,4,office,8.3580,8.2901,0.0679,10,0
qian2023,216,5,is,1.1930,4.4482,-3.2552,10,0
qian2023,216,6,on,5.3097,4.8122,0.4975,10,0
qian2023,216,7,the,1.0154,2.9243,-1.9090,10,0
qian2023,216,8,table,4.5420,9.0970,-4.5551,10,0
qian2023,216,9,.,1.4938,2.3026,-0.8088,10,0
qian2023,216,10,<eos>,5.8667,2.3026,3.5641,10,0
qian2023,217,0,The,3.9742,2.9243,1.0498,10,0
qian2023,217,1,key,6.8619,8.9327,-2.0708,10,0
qian2023,217,2,to,1.2635,3.6156,-2.3521,10,0
qian2023,217,3,the,1.4972,2.9243,-1.4272,10,0
qian2023,217,4,office,8.3580,8.2901,0.0679,10,0
qian2023,217,5,are,4.7403,5.2030,-0.4628,10,0
qian2023,217,6,on,5.4278,4.8122,0.6156,10,0
qian2023,217,7,the,1.0486,2.9243,-1.8757,10,0
qian2023,217,8,table,4.5812,9.0970,-4.5158,10,0
qian2023,217,9,.,2.1759,2.3026,-0.1267,10,0
qian2023,217,10,<eos>,5.7381,2.3026,3.4355,10,0
qian2023,218,0,The,3.9742,2.9243,1.0498,10,0
qian2023,218,1,key,6.8619,8.9327,-2.0708,10,0
qian2023,218,2,to,1.2635,3.6156,-2.3521,10,0
qian2023,218,3,the,1.4972,2.9243,-1.4272,10,0
qian2023,218,4,offices,12.5434,10.4077,2.1357,10,0
qian2023,218,5,is,1.9803,4.4482,-2.4679,10,0
qian2023,218,6,on,5.4927,4.8122,0.6805,10,0
qian2023,218,7,the,0.8773,2.9243,-2.0470,10,0
qian2023,218,8,table,4.3046,9.0970,-4.7925,10,0
qian2023,218,9,.,1.3871,2.3026,-0.9155,10,0
qian2023,218,10,<eos>,5.8918,2.3026,3.5892,10,0
qian2023,219,0,The,3.9742,2.9243,1.0498,10,0
qian2023,219,1,key,6.8619,8.9327,-2.0708,10,0
qian2023,219,2,to,1.2635,3.6156,-2.3521,10,0
qian2023,219,3,the,1.4972,2.9243,-1.4272,10,0
qian2023,219,4,offices,12.5434,10.4077,2.1357,10,0
qian2023,219,5,are,4.1373,5.2030,-1.0657,10,0
qian2023,219,6,on,4.6735,4.8122,-0.1387,10,0
qian2023,219,7,the,0.9226,2.9243,-2.0017,10,0
qian2023,219,8,table,5.0479,9.0970,-4.0491,10,0
qian2023,219,9,.,1.8201,2.3026,-0.4825,10,0
qian2023,219,10,<eos>,5.8860,2.3026,3.5834,10,0
qian2023,220,0,The,3.9742,2.9243,1.0498,10,0
qian2023,220,1,keys,10.2572,10.6168,-0.3596,10,0
qian2023,220,2,to,0.7926,3.6156,-2.8231,10,0
qian2023,220,3,the,1.1928,2.9243,-1.7316,10,0
qian2023,220,4,office,6.6010,8.2901,-1.6890,10,0
qian2023,220,5,is,4.9159,4.4482,0.4677,10,0
qian2023,220,6,on,4.5861,4.8122,-0.2261,10,0
qian2023,220,7,the,1.0144,2.9243,-1.9099,10,0
qian2023,220,8,table,3.9669,9.0970,-5.1302,10,0
qian2023,220,9,.,1.3210,2.3026,-0.9816,10,0
qian2023,220,10,<eos>,5.0016,2.3026,2.6991,10,0
qian2023,221,0,The,3.9742,2.9243,1.0498,10,0
qian2023,221,1,keys,10.2572,10.6168,-0.3596,10,0
qian2023,221,2,to,0.7926,3.6156,-2.8231,10,0
qian2023,221,3,the,1.1928,2.9243,-1.7316,10,0
qian2023,221,4,office,6.6010,8.2901,-1.6890,10,0
qian2023,221,5,are,2.1288,5.2030,-3.0742,10,0
qian2023,221,6,on,4.2259,4.8122,-0.5863,10,0
qian2023,221,7,the,0.8038,2.9243,-2.1205,10,0
qian2023,221,8,table,3.3700,9.0970,-5.7270,10,0
qian2023,221,9,.,1.6463,2.3026,-0.6563,10,0
qian2023,221,10,<eos>,5.0176,2.3026,2.7150,10,0
qian2023,222,0,The,3.9742,2.9243,1.0498,10,0
qian2023,222,1,keys,10.2572,10.6168,-0.3596,10,0
qian2023,222,2,to,0.7926,3.6156,-2.8231,10,0
qian2023,222,3,the,1.1928,2.9243,-1.7316,10,0
qian2023,222,4,offices,9.5667,10.4077,-0.8410,10,0
qian2023,222,5,is,5.4335,4.4482,0.9853,10,0
qian2023,222,6,on,4.9712,4.8122,0.1590,10,0
qian2023,222,7,the,0.9827,2.9243,-1.9417,10,0
qian2023,222,8,table,3.6607,9.0970,-5.4363,10,0
qian2023,222,9,.,1.2378,2.3026,-1.0648,10,0
qian2023,222,10,<eos>,5.0782,2.3026,2.7756,10,0
qian2023,223,0,The,3.9742,2.9243,1.0498,10,0
qian2023,223,1,keys,10.2572,10.6168,-0.3596,10,0
qian2023,223,2,to,0.7926,3.6156,-2.8231,10,0
qian2023,223,3,the,1.1928,2.9243,-1.7316,10,0
qian2023,223,4,offices,9.5667,10.4077,-0.8410,10,0
qian2023,223,5,are,2.5359,5.2030,-2.6671,10,0
qian2023,223,6,on,4.0987,4.8122,-0.7134,10,0
qian2023,223,7,the,0.8493,2.9243,-2.0751,10,0
qian2023,223,8,table,3.5946,9.0970,-5.5024,10,0
qian2023,223,9,.,1.4456,2.3026,-0.8570,10,0
qian2023,223,10,<eos>,5.0741,2.3026,2.7715,10,0
qian2023,224,0,The,3.9738,2.9243,1.0495,12,0
qian2023,224,1,door,9.4823,9.0280,0.4542,12,0
qian2023,224,2,to,2.4053,3.6156,-1.2104,12,0
qian2023,224,3,the,0.7929,2.9243,-2.1314,12,0
qian2023,224,4,room,4.3485,8.3143,-3.9657,12,0
qian2023,224,5,looks,7.4710,8.3818,-0.9107,12,0
qian2023,224,6,very,5.1843,6.9078,-1.7235,12,0
qian2023,224,7,festive,8.9909,12.4805,-3.4897,12,0
qian2023,224,8,with,3.3662,4.9505,-1.5843,12,0
qian2023,224,9,the,1.8405,2.9243,-1.0839,12,0
qian2023,224,10,decorations,6.9014,12.0663,-5.1649,12,0
qian2023,224,11,.,1.7967,2.3026,-0.5059,12,0
qian2023,224,12,<eos>,5.3649,2.3026,3.0623,12,0
qian2023,225,0,The,3.9738,2.9243,1.0495,12,0
qian2023,225,1,door,9.4823,9.0280,0.4542,12,0
qian2023,225,2,to,2.4053,3.6156,-1.2104,12,0
qian2023,225,3,the,0.7929,2.9243,-2.1314,12,0
qian2023,225,4,room,4.3485,8.3143,-3.9657,12,0
qian2023,225,5,look,9.9935,7.3447,2.6488,12,0
qian2023,225,6,very,5.5728,6.9078,-1.3349,12,0
qian2023,225,7,festive,8.8862,12.4805,-3.5943,12,0
qian2023,225,8,with,3.4111,4.9505,-1.5394,12,0
qian2023,225,9,the,1.7330,2.9243,-1.1914,12,0
qian2023,225,10,decorations,7.2003,12.0663,-4.8660,12,0
qian2023,225,11,.,1.7176,2.3026,-0.5849,12,0
qian2023,225,12,<eos>,5.4683,2.3026,3.1657,12,0
qian2023,226,0,The,3.9738,2.9243,1.0495,12,0
qian2023,226,1,door,9.4823,9.0280,0.4542,12,0
qian2023,226,2,to,2.4053,3.6156,-1.2104,12,0
qian2023,226,3,the,0.7929,2.9243,-2.1314,12,0
qian2023,226,4,rooms,6.9800,10.2237,-3.2437,12,0
qian2023,226,5,looks,8.3102,8.3818,-0.0716,12,0
qian2023,226,6,very,4.7516,6.9078,-2.1562,12,0
qian2023,226,7,festive,9.3624,12.4805,-3.1181,12,0
qian2023,226,8,with,3.3129,4.9505,-1.6375,12,0
qian2023,226,9,the,2.1154,2.9243,-0.8090,12,0
qian2023,226,10,decorations,6.2895,12.0663,-5.7768,12,0
qian2023,226,11,.,1.8624,2.3026,-0.4402,12,0
qian2023,226,12,<eos>,5.3659,2.3026,3.0633,12,0
qian2023,227,0,The,3.9738,2.9243,1.0495,12,0
qian2023,227,1,door,9.4823,9.0280,0.4542,12,0
qian2023,227,2,to,2.4053,3.6156,-1.2104,12,0
qian2023,227,3,the,0.7929,2.9243,-2.1314,12,0
qian2023,227,4,rooms,6.9800,10.2237,-3.2437,12,0
qian2023,227,5,look,10.2529,7.3447,2.9082,12,0
qian2023,227,6,very,4.5752,6.9078,-2.3325,12,0
qian2023,227,7,festive,9.0236,12.4805,-3.4569,12,0
qian2023,227,8,with,3.2809,4.9505,-1.6696,12,0
qian2023,227,9,the,2.0333,2.9243,-0.8910,12,0
qian2023,227,10,decorations,6.4960,12.0663,-5.5703,12,0
qian2023,227,11,.,1.8118,2.3026,-0.4908,12,0
qian2023,227,12,<eos>,5.4794,2.3026,3.1768,12,0
qian2023,228,0,The,3.9738,2.9243,1.0495,12,0
qian2023,228,1,doors,10.9511,10.2688,0.6824,12,0
qian2023,228,2,to,2.8824,3.6156,-0.7333,12,0
qian2023,228,3,the,0.9002,2.9243,-2.0242,12,0
qian2023,228,4,room,5.8454,8.3143,-2.4688,12,0
qian2023,228,5,looks,10.3257,8.3818,1.9439,12,0
qian2023,228,6,very,4.3677,6.9078,-2.5401,12,0
qian2023,228,7,festive,8.7646,12.4805,-3.7159,12,0
qian2023,228,8,with,3.4707,4.9505,-1.4798,12,0
qian2023,228,9,the,1.8151,2.9243,-1.1092,12,0
qian2023,228,10,decorations,6.6326,12.0663,-5.4338,12,0
qian2023,228,11,.,1.8003,2.3026,-0.5022,12,0
qian2023,228,12,<eos>,5.2059,2.3026,2.9033,12,0
qian2023,229,0,The,3.9738,2.9243,1.0495,12,0
qian2023,229,1,doors,10.9511,10.2688,0.6824,12,0
qian2023,229,2,to,2.8824,3.6156,-0.7333,12,0
qian2023,229,3,the,0.9002,2.9243,-2.0242,12,0
qian2023,229,4,room,5.8454,8.3143,-2.4688,12,0
qian2023,229,5,look,7.6570,7.3447,0.3123,12,0
qian2023,229,6,very,4.6155,6.9078,-2.2922,12,0
qian2023,229,7,festive,8.8602,12.4805,-3.6203,12,0
qian2023,229,8,with,3.4619,4.9505,-1.4885,12,0
qian2023,229,9,the,1.7185,2.9243,-1.2058,12,0
qian2023,229,10,decorations,6.8446,12.0663,-5.2217,12,0
qian2023,229,11,.,1.6879,2.3026,-0.6147,12,0
qian2023,229,12,<eos>,5.3042,2.3026,3.0016,12,0
qian2023,230,0,The,3.9738,2.9243,1.0495,12,0
qian2023,230,1,doors,10.9511,10.2688,0.6824,12,0
qian2023,230,2,to,2.8824,3.6156,-0.7333,12,0
qian2023,230,3,the,0.9002,2.9243,-2.0242,12,0
qian2023,230,4,rooms,6.6610,10.2237,-3.5627,12,0
qian2023,230,5,looks,10.9531,8.3818,2.5713,12,0
qian2023,230,6,very,4.1664,6.9078,-2.7413,12,0
qian2023,230,7,festive,8.9563,12.4805,-3.5242,12,0
qian2023,230,8,with,3.3850,4.9505,-1.5655,12,0
qian2023,230,9,the,2.0834,2.9243,-0.8409,12,0
qian2023,230,10,decorations,6.1234,12.0663,-5.9429,12,0
qian2023,230,11,.,1.8526,2.3026,-0.4500,12,0
qian2023,230,12,<eos>,5.2506,2.3026,2.9480,12,0
qian2023,231,0,The,3.9738,2.9243,1.0495,12,0
qian2023,231,1,doors,10.9511,10.2688,0.6824,12,0
qian2023,231,2,to,2.8824,3.6156,-0.7333,12,0
qian2023,231,3,the,0.9002,2.9243,-2.0242,12,0
qian2023,231,4,rooms,6.6610,10.2237,-3.5627,12,0
qian2023,231,5,look,8.8770,7.3447,1.5323,12,0
qian2023,231,6,very,4.1936,6.9078,-2.7141,12,0
qian2023,231,7,festive,8.6814,12.4805,-3.7992,12,0
qian2023,231,8,with,3.2652,4.9505,-1.6853,12,0
qian2023,231,9,the,2.0063,2.9243,-0.9180,12,0
qian2023,231,10,decorations,6.2874,12.0663,-5.7789,12,0
qian2023,231,11,.,1.7820,2.3026,-0.5206,12,0
qian2023,231,12,<eos>,5.3487,2.3026,3.0461,12,0
qian2023,232,0,The,3.9742,2.9243,1.0498,9,0
qian2023,232,1,tour,10.4977,9.2336,1.2641,9,0
qian2023,232,2,to,5.3101,3.6156,1.6945,9,0
qian2023,232,3,the,1.2711,2.9243,-1.6532,9,0
qian2023,232,4,island,6.1731,9.1905,-3.0174,9,0
qian2023,232,5,was,3.1337,5.0192,-1.8855,9,0
qian2023,232,6,suspended,7.9883,10.7758,-2.7874,9,0
qian2023,232,7,temporarily,6.8837,11.3732,-4.4894,9,0
qian2023,232,8,.,2.7485,2.3026,0.4459,9,0
qian2023,232,9,<eos>,5.4107,2.3026,3.1081,9,0
qian2023,233,0,The,3.9742,2.9243,1.0498,9,0
qian2023,233,1,tour,10.4977,9.2336,1.2641,9,0
qian2023,233,2,to,5.3101,3.6156,1.6945,9,0
qian2023,233,3,the,1.2711,2.9243,-1.6532,9,0
qian2023,233,4,island,6.1731,9.1905,-3.0174,9,0
qian2023,233,5,were,8.7192,6.1239,2.5954,9,0
qian2023,233,6,suspended,8.1936,10.7758,-2.5822,9,0
qian2023,233,7,temporarily,7.0895,11.3732,-4.2836,9,0
qian2023,233,8,.,2.7333,2.3026,0.4307,9,0
qian2023,233,9,<eos>,5.6063,2.3026,3.3037,9,0
qian2023,234,0,The,3.9742,2.9243,1.0498,9,0
qian2023,234,1,tour,10.4977,9.2336,1.2641,9,0
qian2023,234,2,to,5.3101,3.6156,1.6945,9,0
qian2023,234,3,the,1.2711,2.9243,-1.6532,9,0
qian2023,234,4,islands,8.7734,10.3624,-1.5890,9,0
qian2023,234,5,was,2.6863,5.0192,-2.3329,9,0
qian2023,234,6,suspended,8.1109,10.7758,-2.6648,9,0
qian2023,234,7,temporarily,7.0055,11.3732,-4.3677,9,0
qian2023,234,8,.,2.7091,2.3026,0.4065,9,0
qian2023,234,9,<eos>,5.4132,2.3026,3.1106,9,0
qian2023,235,0,The,3.9742,2.9243,1.0498,9,0
qian2023,235,1,tour,10.4977,9.2336,1.2641,9,0
qian2023,235,2,to,5.3101,3.6156,1.6945,9,0
qian2023,235,3,the,1.2711,2.9243,-1.6532,9,0
qian2023,235,4,islands,8.7734,10.3624,-1.5890,9,0
qian2023,235,5,were,6.7488,6.1239,0.6249,9,0
qian2023,235,6,suspended,8.1600,10.7758,-2.6158,9,0
qian2023,235,7,temporarily,6.9332,11.3732,-4.4400,9,0
qian2023,235,8,.,2.7364,2.3026,0.4338,9,0
qian2023,235,9,<eos>,5.5802,2.3026,3.2776,9,0
qian2023,236,0,The,3.9742,2.9243,1.0498,9,0
qian2023,236,1,tours,12.8051,11.1908,1.6142,9,0
qian2023,236,2,to,4.3454,3.6156,0.7297,9,0
qian2023,236,3,the,1.3748,2.9243,-1.5495,9,0
qian2023,236,4,island,6.5413,9.1905,-2.6493,9,0
qian2023,236,5,was,7.0856,5.0192,2.0664,9,0
qian2023,236,6,suspended,8.2054,10.7758,-2.5704,9,0
qian2023,236,7,temporarily,7.0719,11.3732,-4.3012,9,0
qian2023,236,8,.,2.5117,2.3026,0.2091,9,0
qian2023,236,9,<eos>,4.9873,2.3026,2.6847,9,0
qian2023,237,0,The,3.9742,2.9243,1.0498,9,0
qian2023,237,1,tours,12.8051,11.1908,1.6142,9,0
qian2023,237,2,to,4.3454,3.6156,0.7297,9,0
qian2023,237,3,the,1.3748,2.9243,-1.5495,9,0
qian2023,237,4,island,6.5413,9.1905,-2.6493,9,0
qian2023,237,5,were,4.6595,6.1239,-1.4643,9,0
qian2023,237,6,suspended,8.3669,10.7758,-2.4089,9,0
qian2023,237,7,temporarily,7.3010,11.3732,-4.0722,9,0
qian2023,237,8,.,2.4254,2.3026,0.1228,9,0
qian2023,237,9,<eos>,5.0317,2.3026,2.7291,9,0
qian2023,238,0,The,3.9742,2.9243,1.0498,9,0
qian2023,238,1,tours,12.8051,11.1908,1.6142,9,0
qian2023,238,2,to,4.3454,3.6156,0.7297,9,0
qian2023,238,3,the,1.3748,2.9243,-1.5495,9,0
qian2023,238,4,islands,7.9816,10.3624,-2.3808,9,0
qian2023,238,5,was,6.7900,5.0192,1.7708,9,0
qian2023,238,6,suspended,8.2017,10.7758,-2.5740,9,0
qian2023,238,7,temporarily,7.1974,11.3732,-4.1758,9,0
qian2023,238,8,.,2.4889,2.3026,0.1863,9,0
qian2023,238,9,<eos>,5.0272,2.3026,2.7246,9,0
qian2023,239,0,The,3.9742,2.9243,1.0498,9,0
qian2023,239,1,tours,12.8051,11.1908,1.6142,9,0
qian2023,239,2,to,4.3454,3.6156,0.7297,9,0
qian2023,239,3,the,1.3748,2.9243,-1.5495,9,0
qian2023,239,4,islands,7.9816,10.3624,-2.3808,9,0
qian2023,239,5,were,4.4133,6.1239,-1.7106,9,0
qian2023,239,6,suspended,8.3543,10.7758,-2.4214,9,0
qian2023,239,7,temporarily,7.2512,11.3732,-4.1220,9,0
qian2023,239,8,.,2.4533,2.3026,0.1507,9,0
qian2023,239,9,<eos>,5.0890,2.3026,2.7864,9,0
qian2023,240,0,The,3.9738,2.9243,1.0495,12,0
qian2023,240,1,visit,10.2563,9.1150,1.1413,12,0
qian2023,240,2,to,1.6546,3.6156,-1.9610,12,0
qian2023,240,3,the,1.2001,2.9243,-1.7242,12,0
qian2023,240,4,garden,7.7913,9.7397,-1.9484,12,0
qian2023,240,5,has,3.3920,6.0576,-2.6656,12,0
qian2023,240,6,sparked,6.3571,12.5486,-6.1914,12,0
qian2023,240,7,her,8.1562,6.2146,1.9416,12,0
qian2023,240,8,interest,1.8620,8.8183,-6.9563,12,0
qian2023,240,9,in,0.5199,3.9846,-3.4647,12,0
qian2023,240,10,botany,11.3907,12.9400,-1.5493,12,0
qian2023,240,11,.,1.3642,2.3026,-0.9384,12,0
qian2023,240,12,<eos>,5.4191,2.3026,3.1165,12,0
qian2023,241,0,The,3.9738,2.9243,1.0495,12,0
qian2023,241,1,visit,10.2563,9.1150,1.1413,12,0
qian2023,241,2,to,1.6546,3.6156,-1.9610,12,0
qian2023,241,3,the,1.2001,2.9243,-1.7242,12,0
qian2023,241,4,garden,7.7913,9.7397,-1.9484,12,0
qian2023,241,5,have,7.3449,5.2726,2.0722,12,0
qian2023,241,6,sparked,6.3443,12.5486,-6.2043,12,0
qian2023,241,7,her,8.0733,6.2146,1.8587,12,0
qian2023,241,8,interest,1.9324,8.8183,-6.8859,12,0
qian2023,241,9,in,0.5658,3.9846,-3.4188,12,0
qian2023,241,10,botany,11.4568,12.9400,-1.4832,12,0
qian2023,241,11,.,1.3938,2.3026,-0.9088,12,0
qian2023,241,12,<eos>,5.5051,2.3026,3.2025,12,0
qian2023,242,0,The,3.9738,2.9243,1.0495,12,0
qian2023,242,1,visit,10.2563,9.1150,1.1413,12,0
qian2023,242,2,to,1.6546,3.6156,-1.9610,12,0
qian2023,242,3,the,1.2001,2.9243,-1.7242,12,0
qian2023,242,4,gardens,9.7924,10.8923,-1.1000,12,0
qian2023,242,5,has,3.8444,6.0576,-2.2132,12,0
qian2023,242,6,sparked,6.5701,12.5486,-5.9784,12,0
qian2023,242,7,her,7.8569,6.2146,1.6423,12,0
qian2023,242,8,interest,1.8721,8.8183,-6.9462,12,0
qian2023,242,9,in,0.4950,3.9846,-3.4896,12,0
qian2023,242,10,botany,11.3991,12.9400,-1.5409,12,0
qian2023,242,11,.,1.3674,2.3026,-0.9352,12,0
qian2023,242,12,<eos>,5.5613,2.3026,3.2587,12,0
qian2023,243,0,The,3.9738,2.9243,1.0495,12,0
qian2023,243,1,visit,10.2563,9.1150,1.1413,12,0
qian2023,243,2,to,1.6546,3.6156,-1.9610,12,0
qian2023,243,3,the,1.2001,2.9243,-1.7242,12,0
qian2023,243,4,gardens,9.7924,10.8923,-1.1000,12,0
qian2023,243,5,have,6.8912,5.2726,1.6185,12,0
qian2023,243,6,sparked,6.4925,12.5486,-6.0561,12,0
qian2023,243,7,her,7.9574,6.2146,1.7428,12,0
qian2023,243,8,interest,1.9247,8.8183,-6.8936,12,0
qian2023,243,9,in,0.5229,3.9846,-3.4617,12,0
qian2023,243,10,botany,11.4291,12.9400,-1.5109,12,0
qian2023,243,11,.,1.3982,2.3026,-0.9043,12,0
qian2023,243,12,<eos>,5.6537,2.3026,3.3511,12,0
qian2023,244,0,The,3.9738,2.9243,1.0495,12,0
qian2023,244,1,visits,13.5399,10.8198,2.7201,12,0
qian2023,244,2,to,1.4104,3.6156,-2.2053,12,0
qian2023,244,3,the,1.1933,2.9243,-1.7310,12,0
qian2023,244,4,garden,7.3582,9.7397,-2.3815,12,0
qian2023,244,5,has,6.3762,6.0576,0.3186,12,0
qian2023,244,6,sparked,6.6794,12.5486,-5.8692,12,0
qian2023,244,7,her,8.4863,6.2146,2.2716,12,0
qian2023,244,8,interest,1.9262,8.8183,-6.8921,12,0
qian2023,244,9,in,0.5687,3.9846,-3.4159,12,0
qian2023,244,10,botany,11.3834,12.9400,-1.5566,12,0
qian2023,244,11,.,1.3325,2.3026,-0.9701,12,0
qian2023,244,12,<eos>,5.2479,2.3026,2.9453,12,0
qian2023,245,0,The,3.9738,2.9243,1.0495,12,0
qian2023,245,1,visits,13.5399,10.8198,2.7201,12,0
qian2023,245,2,to,1.4104,3.6156,-2.2053,12,0
qian2023,245,3,the,1.1933,2.9243,-1.7310,12,0
qian2023,245,4,garden,7.3582,9.7397,-2.3815,12,0
qian2023,245,5,have,3.6600,5.2726,-1.6126,12,0
qian2023,245,6,sparked,6.9124,12.5486,-5.6362,12,0
qian2023,245,7,her,8.4364,6.2146,2.2218,12,0
qian2023,245,8,interest,2.0065,8.8183,-6.8118,12,0
qian2023,245,9,in,0.6080,3.9846,-3.3766,12,0
qian2023,245,10,botany,11.4451,12.9400,-1.4949,12,0
qian2023,245,11,.,1.3354,2.3026,-0.9672,12,0
qian2023,245,12,<eos>,5.3305,2.3026,3.0279,12,0
qian2023,246,0,The,3.9738,2.9243,1.0495,12,0
qian2023,246,1,visits,13.5399,10.8198,2.7201,12,0
qian2023,246,2,to,1.4104,3.6156,-2.2053,12,0
qian2023,246,3,the,1.1933,2.9243,-1.7310,12,0
qian2023,246,4,gardens,8.6895,10.8923,-2.2029,12,0
qian2023,246,5,has,6.1196,6.0576,0.0620,12,0
qian2023,246,6,sparked,6.7750,12.5486,-5.7735,12,0
qian2023,246,7,her,8.5800,6.2146,2.3654,12,0
qian2023,246,8,interest,1.9004,8.8183,-6.9179,12,0
qian2023,246,9,in,0.5370,3.9846,-3.4476,12,0
qian2023,246,10,botany,11.3267,12.9400,-1.6133,12,0
qian2023,246,11,.,1.3582,2.3026,-0.9443,12,0
qian2023,246,12,<eos>,5.3733,2.3026,3.0707,12,0
qian2023,247,0,The,3.9738,2.9243,1.0495,12,0
qian2023,247,1,visits,13.5399,10.8198,2.7201,12,0
qian2023,247,2,to,1.4104,3.6156,-2.2053,12,0
qian2023,247,3,the,1.1933,2.9243,-1.7310,12,0
qian2023,247,4,gardens,8.6895,10.8923,-2.2029,12,0
qian2023,247,5,have,3.8296,5.2726,-1.4431,12,0
qian2023,247,6,sparked,6.9808,12.5486,-5.5678,12,0
qian2023,247,7,her,8.6422,6.2146,2.4276,12,0
qian2023,247,8,interest,1.9781,8.8183,-6.8402,12,0
qian2023,247,9,in,0.5474,3.9846,-3.4372,12,0
qian2023,247,10,botany,11.3730,12.9400,-1.5670,12,0
qian2023,247,11,.,1.3607,2.3026,-0.9419,12,0
qian2023,247,12,<eos>,5.4889,2.3026,3.1863,12,0
qian2023,248,0,The,3.9742,2.9243,1.0498,9,0
qian2023,248,1,letter,7.4928,9.3258,-1.8330,9,0
qian2023,248,2,to,2.4673,3.6156,-1.1483,9,0
qian2023,248,3,the,1.0937,2.9243,-1.8306,9,0
qian2023,248,4,editor,2.1777,10.0850,-7.9073,9,0
qian2023,248,5,is,2.0866,4.4482,-2.3616,9,0
qian2023,248,6,published,4.4306,9.0533,-4.6227,9,0
qian2023,248,7,online,4.4197,8.7721,-4.3524,9,0
qian2023,248,8,.,1.6810,2.3026,-0.6215,9,0
qian2023,248,9,<eos>,4.2663,2.3026,1.9637,9,0
qian2023,249,0,The,3.9742,2.9243,1.0498,9,0
qian2023,249,1,letter,7.4928,9.3258,-1.8330,9,0
qian2023,249,2,to,2.4673,3.6156,-1.1483,9,0
qian2023,249,3,the,1.0937,2.9243,-1.8306,9,0
qian2023,249,4,editor,2.1777,10.0850,-7.9073,9,0
qian2023,249,5,are,5.7801,5.2030,0.5771,9,0
qian2023,249,6,published,4.4979,9.0533,-4.5554,9,0
qian2023,249,7,online,4.4984,8.7721,-4.2737,9,0
qian2023,249,8,.,1.7089,2.3026,-0.5937,9,0
qian2023,249,9,<eos>,4.3197,2.3026,2.0171,9,0
qian2023,250,0,The,3.9742,2.9243,1.0498,9,0
qian2023,250,1,letter,7.4928,9.3258,-1.8330,9,0
qian2023,250,2,to,2.4673,3.6156,-1.1483,9,0
qian2023,250,3,the,1.0937,2.9243,-1.8306,9,0
qian2023,250,4,editors,5.7341,11.4176,-5.6835,9,0
qian2023,250,5,is,2.3860,4.4482,-2.0621,9,0
qian2023,250,6,published,4.5500,9.0533,-4.5033,9,0
qian2023,250,7,online,4.4511,8.7721,-4.3210,9,0
qian2023,250,8,.,1.7512,2.3026,-0.5514,9,0
qian2023,250,9,<eos>,4.2727,2.3026,1.9701,9,0
qian2023,251,0,The,3.9742,2.9243,1.0498,9,0
qian2023,251,1,letter,7.4928,9.3258,-1.8330,9,0
qian2023,251,2,to,2.4673,3.6156,-1.1483,9,0
qian2023,251,3,the,1.0937,2.9243,-1.8306,9,0
qian2023,251,4,editors,5.7341,11.4176,-5.6835,9,0
qian2023,251,5,are,5.4062,5.2030,0.2032,9,0
qian2023,251,6,published,4.5958,9.0533,-4.4575,9,0
qian2023,251,7,online,4.5167,8.7721,-4.2554,9,0
qian2023,251,8,.,1.8073,2.3026,-0.4952,9,0
qian2023,251,9,<eos>,4.3708,2.3026,2.0682,9,0
qian2023,252,0,The,3.9742,2.9243,1.0498,9,0
qian2023,252,1,letters,8.9338,9.9934,-1.0596,9,0
qian2023,252,2,to,4.1004,3.6156,0.4848,9,0
qian2023,252,3,the,0.9687,2.9243,-1.9556,9,0
qian2023,252,4,editor,1.9143,10.0850,-8.1707,9,0
qian2023,252,5,is,5.4927,4.4482,1.0446,9,0
qian2023,252,6,published,4.4945,9.0533,-4.5588,9,0
qian2023,252,7,online,4.1699,8.7721,-4.6022,9,0
qian2023,252,8,.,0.9301,2.3026,-1.3725,9,0
qian2023,252,9,<eos>,4.2212,2.3026,1.9186,9,0
qian2023,253,0,The,3.9742,2.9243,1.0498,9,0
qian2023,253,1,letters,8.9338,9.9934,-1.0596,9,0
qian2023,253,2,to,4.1004,3.6156,0.4848,9,0
qian2023,253,3,the,0.9687,2.9243,-1.9556,9,0
qian2023,253,4,editor,1.9143,10.0850,-8.1707,9,0
qian2023,253,5,are,1.1883,5.2030,-4.0147,9,0
qian2023,253,6,published,4.9926,9.0533,-4.0608,9,0
qian2023,253,7,online,4.5009,8.7721,-4.2712,9,0
qian2023,253,8,.,0.8374,2.3026,-1.4652,9,0
qian2023,253,9,<eos>,4.1514,2.3026,1.8488,9,0
qian2023,254,0,The,3.9742,2.9243,1.0498,9,0
qian2023,254,1,letters,8.9338,9.9934,-1.0596,9,0
qian2023,254,2,to,4.1004,3.6156,0.4848,9,0
qian2023,254,3,the,0.9687,2.9243,-1.9556,9,0
qian2023,254,4,editors,6.1549,11.4176,-5.2627,9,0
qian2023,254,5,is,6.2510,4.4482,1.8029,9,0
qian2023,254,6,published,4.2319,9.0533,-4.8215,9,0
qian2023,254,7,online,4.3445,8.7721,-4.4275,9,0
qian2023,254,8,.,0.9535,2.3026,-1.3491,9,0
qian2023,254,9,<eos>,4.0571,2.3026,1.7545,9,0
qian2023,255,0,The,3.9742,2.9243,1.0498,9,0
qian2023,255,1,letters,8.9338,9.9934,-1.0596,9,0
qian2023,255,2,to,4.1004,3.6156,0.4848,9,0
qian2023,255,3,the,0.9687,2.9243,-1.9556,9,0
qian2023,255,4,editors,6.1549,11.4176,-5.2627,9,0
qian2023,255,5,are,2.1851,5.2030,-3.0179,9,0
qian2023,255,6,published,4.8712,9.0533,-4.1821,9,0
qian2023,255,7,online,4.7072,8.7721,-4.0649,9,0
qian2023,255,8,.,0.9495,2.3026,-1.3531,9,0
qian2023,255,9,<eos>,4.0347,2.3026,1.7321,9,0
qian2023,256,0,The,3.9742,2.9243,1.0498,12,0
qian2023,256,1,applicant,9.3242,12.3407,-3.0165,12,0
qian2023,256,2,to,5.7321,3.6156,2.1165,12,0
qian2023,256,3,the,1.2960,2.9243,-1.6284,12,0
qian2023,256,4,school,7.5307,7.5752,-0.0446,12,0
qian2023,256,5,has,3.7705,6.0576,-2.2871,12,0
qian2023,256,6,received,3.4481,8.8388,-5.3907,12,0
qian2023,256,7,emails,8.1651,10.9590,-2.7939,12,0
qian2023,256,8,about,4.5250,5.9875,-1.4625,12,0
qian2023,256,9,financial,7.6470,9.0280,-1.3811,12,0
qian2023,256,10,assistance,3.4617,10.1545,-6.6928,12,0
qian2023,256,11,.,3.0450,2.3026,0.7424,12,0
qian2023,256,12,<eos>,5.5816,2.3026,3.2790,12,0
qian2023,257,0,The,3.9742,2.9243,1.0498,12,0
qian2023,257,1,applicant,9.3242,12.3407,-3.0165,12,0
qian2023,257,2,to,5.7321,3.6156,2.1165,12,0
qian2023,257,3,the,1.2960,2.9243,-1.6284,12,0
qian2023,257,4,school,7.5307,7.5752,-0.0446,12,0
qian2023,257,5,have,6.4014,5.2726,1.1288,12,0
qian2023,257,6,received,3.5673,8.8388,-5.2715,12,0
qian2023,257,7,emails,8.0766,10.9590,-2.8825,12,0
qian2023,257,8,about,4.1943,5.9875,-1.7931,12,0
qian2023,257,9,financial,7.6358,9.0280,-1.3922,12,0
qian2023,257,10,assistance,3.5057,10.1545,-6.6488,12,0
qian2023,257,11,.,3.0679,2.3026,0.7653,12,0
qian2023,257,12,<eos>,5.6483,2.3026,3.3458,12,0
qian2023,258,0,The,3.9742,2.9243,1.0498,12,0
qian2023,258,1,applicant,9.3242,12.3407,-3.0165,12,0
qian2023,258,2,to,5.7321,3.6156,2.1165,12,0
qian2023,258,3,the,1.2960,2.9243,-1.6284,12,0
qian2023,258,4,schools,11.3349,9.0970,2.2379,12,0
qian2023,258,5,has,4.5719,6.0576,-1.4857,12,0
qian2023,258,6,received,3.3898,8.8388,-5.4490,12,0
qian2023,258,7,emails,7.7931,10.9590,-3.1659,12,0
qian2023,258,8,about,4.1863,5.9875,-1.8011,12,0
qian2023,258,9,financial,7.5826,9.0280,-1.4454,12,0
qian2023,258,10,assistance,3.5224,10.1545,-6.6321,12,0
qian2023,258,11,.,2.9506,2.3026,0.6480,12,0
qian2023,258,12,<eos>,5.6562,2.3026,3.3537,12,0
qian2023,259,0,The,3.9742,2.9243,1.0498,12,0
qian2023,259,1,applicant,9.3242,12.3407,-3.0165,12,0
qian2023,259,2,to,5.7321,3.6156,2.1165,12,0
qian2023,259,3,the,1.2960,2.9243,-1.6284,12,0
qian2023,259,4,schools,11.3349,9.0970,2.2379,12,0
qian2023,259,5,have,5.9133,5.2726,0.6407,12,0
qian2023,259,6,received,3.4907,8.8388,-5.3481,12,0
qian2023,259,7,emails,7.6488,10.9590,-3.3102,12,0
qian2023,259,8,about,3.8891,5.9875,-2.0983,12,0
qian2023,259,9,financial,7.5404,9.0280,-1.4876,12,0
qian2023,259,10,assistance,3.5256,10.1545,-6.6289,12,0
qian2023,259,11,.,2.9196,2.3026,0.6170,12,0
qian2023,259,12,<eos>,5.8326,2.3026,3.5300,12,0
qian2023,260,0,The,3.9742,2.9243,1.0498,12,0
qian2023,260,1,applicants,10.6642,11.6510,-0.9869,12,0
qian2023,260,2,to,4.6887,3.6156,1.0730,12,0
qian2023,260,3,the,0.8437,2.9243,-2.0806,12,0
qian2023,260,4,school,6.4349,7.5752,-1.1403,12,0
qian2023,260,5,has,6.5110,6.0576,0.4534,12,0
qian2023,260,6,received,3.9650,8.8388,-4.8738,12,0
qian2023,260,7,emails,7.0293,10.9590,-3.9298,12,0
qian2023,260,8,about,3.8434,5.9875,-2.1441,12,0
qian2023,260,9,financial,7.9671,9.0280,-1.0609,12,0
qian2023,260,10,assistance,3.7261,10.1545,-6.4284,12,0
qian2023,260,11,.,2.7901,2.3026,0.4875,12,0
qian2023,260,12,<eos>,5.5751,2.3026,3.2725,12,0
qian2023,261,0,The,3.9742,2.9243,1.0498,12,0
qian2023,261,1,applicants,10.6642,11.6510,-0.9869,12,0
qian2023,261,2,to,4.6887,3.6156,1.0730,12,0
qian2023,261,3,the,0.8437,2.9243,-2.0806,12,0
qian2023,261,4,school,6.4349,7.5752,-1.1403,12,0
qian2023,261,5,have,3.3901,5.2726,-1.8826,12,0
qian2023,261,6,received,4.0794,8.8388,-4.7594,12,0
qian2023,261,7,emails,6.7276,10.9590,-4.2315,12,0
qian2023,261,8,about,3.5192,5.9875,-2.4682,12,0
qian2023,261,9,financial,8.0073,9.0280,-1.0207,12,0
qian2023,261,10,assistance,3.7468,10.1545,-6.4078,12,0
qian2023,261,11,.,2.8660,2.3026,0.5634,12,0
qian2023,261,12,<eos>,5.6890,2.3026,3.3865,12,0
qian2023,262,0,The,3.9742,2.9243,1.0498,12,0
qian2023,262,1,applicants,10.6642,11.6510,-0.9869,12,0
qian2023,262,2,to,4.6887,3.6156,1.0730,12,0
qian2023,262,3,the,0.8437,2.9243,-2.0806,12,0
qian2023,262,4,schools,8.3027,9.0970,-0.7943,12,0
qian2023,262,5,has,6.6548,6.0576,0.5972,12,0
qian2023,262,6,received,4.1442,8.8388,-4.6945,12,0
qian2023,262,7,emails,6.9044,10.9590,-4.0546,12,0
qian2023,262,8,about,3.6581,5.9875,-2.3294,12,0
qian2023,262,9,financial,7.9281,9.0280,-1.0999,12,0
qian2023,262,10,assistance,3.7900,10.1545,-6.3646,12,0
qian2023,262,11,.,2.7256,2.3026,0.4230,12,0
qian2023,262,12,<eos>,5.6656,2.3026,3.3630,12,0
qian2023,263,0,The,3.9742,2.9243,1.0498,12,0
qian2023,263,1,applicants,10.6642,11.6510,-0.9869,12,0
qian2023,263,2,to,4.6887,3.6156,1.0730,12,0
qian2023,263,3,the,0.8437,2.9243,-2.0806,12,0
qian2023,263,4,schools,8.3027,9.0970,-0.7943,12,0
qian2023,263,5,have,3.6099,5.2726,-1.6628,12,0
qian2023,263,6,received,4.0208,8.8388,-4.8180,12,0
qian2023,263,7,emails,6.6403,10.9590,-4.3187,12,0
qian2023,263,8,about,3.4155,5.9875,-2.5720,12,0
qian2023,263,9,financial,7.9267,9.0280,-1.1013,12,0
qian2023,263,10,assistance,3.7648,10.1545,-6.3897,12,0
qian2023,263,11,.,2.7355,2.3026,0.4329,12,0
qian2023,263,12,<eos>,5.8755,2.3026,3.5730,12,0
qian2023,264,0,The,3.9742,2.9243,1.0498,10,0
qian2023,264,1,railway,11.5223,10.4551,1.0672,10,0
qian2023,264,2,to,5.7976,3.6156,2.1819,10,0
qian2023,264,3,the,1.4615,2.9243,-1.4628,10,0
qian2023,264,4,village,5.8048,9.6243,-3.8195,10,0
qian2023,264,5,has,4.9993,6.0576,-1.0584,10,0
qian2023,264,6,promoted,9.9258,11.1693,-1.2435,10,0
qian2023,264,7,economic,6.4097,8.9792,-2.5696,10,0
qian2023,264,8,growth,1.5283,9.1427,-7.6144,10,0
qian2023,264,9,.,2.3562,2.3026,0.0536,10,0
qian2023,264,10,<eos>,6.0200,2.3026,3.7174,10,0
qian2023,265,0,The,3.9742,2.9243,1.0498,10,0
qian2023,265,1,railway,11.5223,10.4551,1.0672,10,0
qian2023,265,2,to,5.7976,3.6156,2.1819,10,0
qian2023,265,3,the,1.4615,2.9243,-1.4628,10,0
qian2023,265,4,village,5.8048,9.6243,-3.8195,10,0
qian2023,265,5,have,8.1501,5.2726,2.8775,10,0
qian2023,265,6,promoted,10.4113,11.1693,-0.7580,10,0
qian2023,265,7,economic,6.4636,8.9792,-2.5156,10,0
qian2023,265,8,growth,1.5791,9.1427,-7.5636,10,0
qian2023,265,9,.,2.4080,2.3026,0.1054,10,0
qian2023,265,10,<eos>,6.0665,2.3026,3.7639,10,0
qian2023,266,0,The,3.9742,2.9243,1.0498,10,0
qian2023,266,1,railway,11.5223,10.4551,1.0672,10,0
qian2023,266,2,to,5.7976,3.6156,2.1819,10,0
qian2023,266,3,the,1.4615,2.9243,-1.4628,10,0
qian2023,266,4,villages,8.6213,11.1209,-2.4995,10,0
qian2023,266,5,has,4.3849,6.0576,-1.6727,10,0
qian2023,266,6,promoted,9.3686,11.1693,-1.8007,10,0
qian2023,266,7,economic,6.3706,8.9792,-2.6086,10,0
qian2023,266,8,growth,1.3695,9.1427,-7.7732,10,0
qian2023,266,9,.,2.2372,2.3026,-0.0654,10,0
qian2023,266,10,<eos>,6.0819,2.3026,3.7793,10,0
qian2023,267,0,The,3.9742,2.9243,1.0498,10,0
qian2023,267,1,railway,11.5223,10.4551,1.0672,10,0
qian2023,267,2,to,5.7976,3.6156,2.1819,10,0
qian2023,267,3,the,1.4615,2.9243,-1.4628,10,0
qian2023,267,4,villages,8.6213,11.1209,-2.4995,10,0
qian2023,267,5,have,6.1899,5.2726,0.9172,10,0
qian2023,267,6,promoted,10.1144,11.1693,-1.0549,10,0
qian2023,267,7,economic,6.0592,8.9792,-2.9200,10,0
qian2023,267,8,growth,1.3684,9.1427,-7.7743,10,0
qian2023,267,9,.,2.1249,2.3026,-0.1777,10,0
qian2023,267,10,<eos>,6.0596,2.3026,3.7570,10,0
qian2023,268,0,The,3.9742,2.9243,1.0498,10,0
qian2023,268,1,railways,13.7538,11.8582,1.8956,10,0
qian2023,268,2,to,4.4326,3.6156,0.8170,10,0
qian2023,268,3,the,1.4132,2.9243,-1.5111,10,0
qian2023,268,4,village,7.7927,9.6243,-1.8317,10,0
qian2023,268,5,has,5.6948,6.0576,-0.3628,10,0
qian2023,268,6,promoted,9.2965,11.1693,-1.8728,10,0
qian2023,268,7,economic,5.8522,8.9792,-3.1270,10,0
qian2023,268,8,growth,1.1363,9.1427,-8.0064,10,0
qian2023,268,9,.,2.4679,2.3026,0.1653,10,0
qian2023,268,10,<eos>,5.8951,2.3026,3.5925,10,0
qian2023,269,0,The,3.9742,2.9243,1.0498,10,0
qian2023,269,1,railways,13.7538,11.8582,1.8956,10,0
qian2023,269,2,to,4.4326,3.6156,0.8170,10,0
qian2023,269,3,the,1.4132,2.9243,-1.5111,10,0
qian2023,269,4,village,7.7927,9.6243,-1.8317,10,0
qian2023,269,5,have,3.9950,5.2726,-1.2777,10,0
qian2023,269,6,promoted,8.9459,11.1693,-2.2235,10,0
qian2023,269,7,economic,5.7022,8.9792,-3.2771,10,0
qian2023,269,8,growth,1.1838,9.1427,-7.9589,10,0
qian2023,269,9,.,2.6327,2.3026,0.3302,10,0
qian2023,269,10,<eos>,5.8543,2.3026,3.5517,10,0
qian2023,270,0,The,3.9742,2.9243,1.0498,10,0
qian2023,270,1,railways,13.7538,11.8582,1.8956,10,0
qian2023,270,2,to,4.4326,3.6156,0.8170,10,0
qian2023,270,3,the,1.4132,2.9243,-1.5111,10,0
qian2023,270,4,villages,8.5242,11.1209,-2.5966,10,0
qian2023,270,5,has,5.5323,6.0576,-0.5253,10,0
qian2023,270,6,promoted,8.7636,11.1693,-2.4057,10,0
qian2023,270,7,economic,5.7312,8.9792,-3.2481,10,0
qian2023,270,8,growth,1.0340,9.1427,-8.1087,10,0
qian2023,270,9,.,2.4009,2.3026,0.0983,10,0
qian2023,270,10,<eos>,6.0191,2.3026,3.7166,10,0
qian2023,271,0,The,3.9742,2.9243,1.0498,10,0
qian2023,271,1,railways,13.7538,11.8582,1.8956,10,0
qian2023,271,2,to,4.4326,3.6156,0.8170,10,0
qian2023,271,3,the,1.4132,2.9243,-1.5111,10,0
qian2023,271,4,villages,8.5242,11.1209,-2.5966,10,0
qian2023,271,5,have,3.6351,5.2726,-1.6376,10,0
qian2023,271,6,promoted,8.7815,11.1693,-2.3878,10,0
qian2023,271,7,economic,5.5093,8.9792,-3.4700,10,0
qian2023,271,8,growth,1.0594,9.1427,-8.0833,10,0
qian2023,271,9,.,2.4355,2.3026,0.1329,10,0
qian2023,271,10,<eos>,6.0270,2.3026,3.7244,10,0
qian2023,272,0,The,3.9742,2.9243,1.0498,12,0
qian2023,272,1,trail,10.2769,10.4762,-0.1993,12,0
qian2023,272,2,to,3.5538,3.6156,-0.0619,12,0
qian2023,272,3,the,1.1088,2.9243,-1.8155,12,0
qian2023,272,4,pond,8.7452,11.5590,-2.8137,12,0
qian2023,272,5,is,2.1272,4.4482,-2.3210,12,0
qian2023,272,6,highly,7.6109,9.4639,-1.8531,12,0
qian2023,272,7,recommended,3.8764,10.3624,-6.4859,12,0
qian2023,272,8,for,0.9909,4.5854,-3.5945,12,0
qian2023,272,9,beginner,7.9556,12.6186,-4.6629,12,0
qian2023,272,10,cyclists,5.0512,12.2263,-7.1751,12,0
qian2023,272,11,.,1.2558,2.3026,-1.0468,12,0
qian2023,272,12,<eos>,5.1910,2.3026,2.8884,12,0
qian2023,273,0,The,3.9742,2.9243,1.0498,12,0
qian2023,273,1,trail,10.2769,10.4762,-0.1993,12,0
qian2023,273,2,to,3.5538,3.6156,-0.0619,12,0
qian2023,273,3,the,1.1088,2.9243,-1.8155,12,0
qian2023,273,4,pond,8.7452,11.5590,-2.8137,12,0
qian2023,273,5,are,6.7806,5.2030,1.5776,12,0
qian2023,273,6,highly,7.6915,9.4639,-1.7725,12,0
qian2023,273,7,recommended,4.2266,10.3624,-6.1358,12,0
qian2023,273,8,for,0.9967,4.5854,-3.5887,12,0
qian2023,273,9,beginner,7.9049,12.6186,-4.7136,12,0
qian2023,273,10,cyclists,5.0811,12.2263,-7.1452,12,0
qian2023,273,11,.,1.2805,2.3026,-1.0220,12,0
qian2023,273,12,<eos>,5.1704,2.3026,2.8678,12,0
qian2023,274,0,The,3.9738,2.9243,1.0495,12,0
qian2023,274,1,trail,10.2767,10.4762,-0.1995,12,0
qian2023,274,2,to,3.5530,3.6156,-0.0626,12,0
qian2023,274,3,the,1.1087,2.9243,-1.8157,12,0
qian2023,274,4,ponds,11.9070,12.7577,-0.8507,12,0
qian2023,274,5,is,2.1393,4.4482,-2.3089,12,0
qian2023,274,6,highly,7.3467,9.4639,-2.1172,12,0
qian2023,274,7,recommended,3.8795,10.3624,-6.4828,12,0
qian2023,274,8,for,1.1364,4.5854,-3.4490,12,0
qian2023,274,9,beginner,8.0396,12.6186,-4.5789,12,0
qian2023,274,10,cyclists,4.9397,12.2263,-7.2866,12,0
qian2023,274,11,.,1.2363,2.3026,-1.0663,12,0
qian2023,274,12,<eos>,5.2707,2.3026,2.9681,12,0
qian2023,275,0,The,3.9738,2.9243,1.0495,12,0
qian2023,275,1,trail,10.2767,10.4762,-0.1995,12,0
qian2023,275,2,to,3.5530,3.6156,-0.0626,12,0
qian2023,275,3,the,1.1087,2.9243,-1.8157,12,0
qian2023,275,4,ponds,11.9070,12.7577,-0.8507,12,0
qian2023,275,5,are,5.6306,5.2030,0.4276,12,0
qian2023,275,6,highly,7.3583,9.4639,-2.1056,12,0
qian2023,275,7,recommended,4.5849,10.3624,-5.7775,12,0
qian2023,275,8,for,1.0478,4.5854,-3.5375,12,0
qian2023,275,9,beginner,8.1559,12.6186,-4.4627,12,0
qian2023,275,10,cyclists,5.0056,12.2263,-7.2206,12,0
qian2023,275,11,.,1.2242,2.3026,-1.0784,12,0
qian2023,275,12,<eos>,5.3335,2.3026,3.0309,12,0
qian2023,276,0,The,3.9742,2.9243,1.0498,12,0
qian2023,276,1,trails,12.4760,11.6968,0.7791,12,0
qian2023,276,2,to,4.2548,3.6156,0.6391,12,0
qian2023,276,3,the,1.4538,2.9243,-1.4705,12,0
qian2023,276,4,pond,9.0454,11.5590,-2.5135,12,0
qian2023,276,5,is,5.0668,4.4482,0.6186,12,0
qian2023,276,6,highly,7.5672,9.4639,-1.8968,12,0
qian2023,276,7,recommended,3.5618,10.3624,-6.8006,12,0
qian2023,276,8,for,1.1590,4.5854,-3.4263,12,0
qian2023,276,9,beginner,7.6650,12.6186,-4.9536,12,0
qian2023,276,10,cyclists,4.3992,12.2263,-7.8271,12,0
qian2023,276,11,.,1.1995,2.3026,-1.1031,12,0
qian2023,276,12,<eos>,4.9364,2.3026,2.6338,12,0
qian2023,277,0,The,3.9742,2.9243,1.0498,12,0
qian2023,277,1,trails,12.4760,11.6968,0.7791,12,0
qian2023,277,2,to,4.2548,3.6156,0.6391,12,0
qian2023,277,3,the,1.4538,2.9243,-1.4705,12,0
qian2023,277,4,pond,9.0454,11.5590,-2.5135,12,0
qian2023,277,5,are,1.9621,5.2030,-3.2409,12,0
qian2023,277,6,highly,7.6796,9.4639,-1.7843,12,0
qian2023,277,7,recommended,3.6578,10.3624,-6.7046,12,0
qian2023,277,8,for,1.0882,4.5854,-3.4971,12,0
qian2023,277,9,beginner,7.5780,12.6186,-5.0405,12,0
qian2023,277,10,cyclists,4.4360,12.2263,-7.7903,12,0
qian2023,277,11,.,1.2366,2.3026,-1.0660,12,0
qian2023,277,12,<eos>,4.9569,2.3026,2.6543,12,0
qian2023,278,0,The,3.9738,2.9243,1.0495,12,0
qian2023,278,1,trails,12.4759,11.6968,0.7791,12,0
qian2023,278,2,to,4.2544,3.6156,0.6388,12,0
qian2023,278,3,the,1.4538,2.9243,-1.4706,12,0
qian2023,278,4,ponds,11.6202,12.7577,-1.1375,12,0
qian2023,278,5,is,4.9476,4.4482,0.4994,12,0
qian2023,278,6,highly,7.3325,9.4639,-2.1314,12,0
qian2023,278,7,recommended,3.5215,10.3624,-6.8408,12,0
qian2023,278,8,for,1.3074,4.5854,-3.2780,12,0
qian2023,278,9,beginner,7.7448,12.6186,-4.8738,12,0
qian2023,278,10,cyclists,4.2866,12.2263,-7.9397,12,0
qian2023,278,11,.,1.1804,2.3026,-1.1222,12,0
qian2023,278,12,<eos>,4.9994,2.3026,2.6968,12,0
qian2023,279,0,The,3.9738,2.9243,1.0495,12,0
qian2023,279,1,trails,12.4759,11.6968,0.7791,12,0
qian2023,279,2,to,4.2544,3.6156,0.6388,12,0
qian2023,279,3,the,1.4538,2.9243,-1.4706,12,0
qian2023,279,4,ponds,11.6202,12.7577,-1.1375,12,0
qian2023,279,5,are,1.9062,5.2030,-3.2968,12,0
qian2023,279,6,highly,7.4095,9.4639,-2.0544,12,0
qian2023,279,7,recommended,3.8062,10.3624,-6.5562,12,0
qian2023,279,8,for,1.1840,4.5854,-3.4013,12,0
qian2023,279,9,beginner,7.7559,12.6186,-4.8626,12,0
qian2023,279,10,cyclists,4.3397,12.2263,-7.8866,12,0
qian2023,279,11,.,1.1911,2.3026,-1.1115,12,0
qian2023,279,12,<eos>,5.0412,2.3026,2.7386,12,0
qian2023,280,0,The,3.9742,2.9243,1.0498,11,0
qian2023,280,1,gift,9.1268,9.7162,-0.5893,11,0
qian2023,280,2,for,3.3046,4.5854,-1.2808,11,0
qian2023,280,3,the,1.7941,2.9243,-1.1302,11,0
qian2023,280,4,kid,7.7187,9.2336,-1.5149,11,0
qian2023,280,5,is,2.5682,4.4482,-1.8800,11,0
qian2023,280,6,hidden,9.2650,10.2921,-1.0271,11,0
qian2023,280,7,under,4.1848,7.5295,-3.3447,11,0
qian2023,280,8,the,0.9324,2.9243,-1.9919,11,0
qian2023,280,9,bed,3.6418,9.0533,-5.4115,11,0
qian2023,280,10,.,1.5157,2.3026,-0.7869,11,0
qian2023,280,11,<eos>,5.0055,2.3026,2.7029,11,0
qian2023,281,0,The,3.9742,2.9243,1.0498,11,0
qian2023,281,1,gift,9.1268,9.7162,-0.5893,11,0
qian2023,281,2,for,3.3046,4.5854,-1.2808,11,0
qian2023,281,3,the,1.7941,2.9243,-1.1302,11,0
qian2023,281,4,kid,7.7187,9.2336,-1.5149,11,0
qian2023,281,5,are,7.4391,5.2030,2.2361,11,0
qian2023,281,6,hidden,8.5390,10.2921,-1.7531,11,0
qian2023,281,7,under,4.0541,7.5295,-3.4754,11,0
qian2023,281,8,the,0.9861,2.9243,-1.9382,11,0
qian2023,281,9,bed,3.6749,9.0533,-5.3784,11,0
qian2023,281,10,.,1.7187,2.3026,-0.5839,11,0
qian2023,281,11,<eos>,5.0785,2.3026,2.7760,11,0
qian2023,282,0,The,3.9742,2.9243,1.0498,11,0
qian2023,282,1,gift,9.1268,9.7162,-0.5893,11,0
qian2023,282,2,for,3.3046,4.5854,-1.2808,11,0
qian2023,282,3,the,1.7941,2.9243,-1.1302,11,0
qian2023,282,4,kids,6.1434,8.5632,-2.4199,11,0
qian2023,282,5,is,2.0149,4.4482,-2.4333,11,0
qian2023,282,6,hidden,9.5256,10.2921,-0.7665,11,0
qian2023,282,7,under,4.4592,7.5295,-3.0703,11,0
qian2023,282,8,the,0.8724,2.9243,-2.0519,11,0
qian2023,282,9,bed,3.6670,9.0533,-5.3864,11,0
qian2023,282,10,.,1.4441,2.3026,-0.8585,11,0
qian2023,282,11,<eos>,5.2170,2.3026,2.9145,11,0
qian2023,283,0,The,3.9742,2.9243,1.0498,11,0
qian2023,283,1,gift,9.1268,9.7162,-0.5893,11,0
qian2023,283,2,for,3.3046,4.5854,-1.2808,11,0
qian2023,283,3,the,1.7941,2.9243,-1.1302,11,0
qian2023,283,4,kids,6.1434,8.5632,-2.4199,11,0
qian2023,283,5,are,5.9208,5.2030,0.7178,11,0
qian2023,283,6,hidden,9.5622,10.2921,-0.7299,11,0
qian2023,283,7,under,4.2305,7.5295,-3.2990,11,0
qian2023,283,8,the,0.9867,2.9243,-1.9377,11,0
qian2023,283,9,bed,3.5150,9.0533,-5.5384,11,0
qian2023,283,10,.,1.6409,2.3026,-0.6617,11,0
qian2023,283,11,<eos>,5.2466,2.3026,2.9441,11,0
qian2023,284,0,The,3.9742,2.9243,1.0498,11,0
qian2023,284,1,gifts,11.2775,10.6375,0.6400,11,0
qian2023,284,2,for,2.5307,4.5854,-2.0547,11,0
qian2023,284,3,the,1.6060,2.9243,-1.3183,11,0
qian2023,284,4,kid,8.5528,9.2336,-0.6808,11,0
qian2023,284,5,is,4.2972,4.4482,-0.1510,11,0
qian2023,284,6,hidden,8.9962,10.2921,-1.2959,11,0
qian2023,284,7,under,4.1312,7.5295,-3.3984,11,0
qian2023,284,8,the,0.8776,2.9243,-2.0467,11,0
qian2023,284,9,bed,3.6200,9.0533,-5.4334,11,0
qian2023,284,10,.,1.5938,2.3026,-0.7088,11,0
qian2023,284,11,<eos>,5.1395,2.3026,2.8369,11,0
qian2023,285,0,The,3.9742,2.9243,1.0498,11,0
qian2023,285,1,gifts,11.2775,10.6375,0.6400,11,0
qian2023,285,2,for,2.5307,4.5854,-2.0547,11,0
qian2023,285,3,the,1.6060,2.9243,-1.3183,11,0
qian2023,285,4,kid,8.5528,9.2336,-0.6808,11,0
qian2023,285,5,are,2.3840,5.2030,-2.8190,11,0
qian2023,285,6,hidden,8.1600,10.2921,-2.1321,11,0
qian2023,285,7,under,4.0627,7.5295,-3.4668,11,0
qian2023,285,8,the,0.9040,2.9243,-2.0203,11,0
qian2023,285,9,bed,3.7058,9.0533,-5.3476,11,0
qian2023,285,10,.,1.7602,2.3026,-0.5424,11,0
qian2023,285,11,<eos>,5.1500,2.3026,2.8474,11,0
qian2023,286,0,The,3.9742,2.9243,1.0498,11,0
qian2023,286,1,gifts,11.2775,10.6375,0.6400,11,0
qian2023,286,2,for,2.5307,4.5854,-2.0547,11,0
qian2023,286,3,the,1.6060,2.9243,-1.3183,11,0
qian2023,286,4,kids,5.6457,8.5632,-2.9175,11,0
qian2023,286,5,is,3.9096,4.4482,-0.5386,11,0
qian2023,286,6,hidden,9.2376,10.2921,-1.0545,11,0
qian2023,286,7,under,4.3526,7.5295,-3.1769,11,0
qian2023,286,8,the,0.8329,2.9243,-2.0915,11,0
qian2023,286,9,bed,3.6929,9.0533,-5.3604,11,0
qian2023,286,10,.,1.5187,2.3026,-0.7839,11,0
qian2023,286,11,<eos>,5.2778,2.3026,2.9752,11,0
qian2023,287,0,The,3.9742,2.9243,1.0498,11,0
qian2023,287,1,gifts,11.2775,10.6375,0.6400,11,0
qian2023,287,2,for,2.5307,4.5854,-2.0547,11,0
qian2023,287,3,the,1.6060,2.9243,-1.3183,11,0
qian2023,287,4,kids,5.6457,8.5632,-2.9175,11,0
qian2023,287,5,are,1.7118,5.2030,-3.4912,11,0
qian2023,287,6,hidden,8.6258,10.2921,-1.6663,11,0
qian2023,287,7,under,4.2415,7.5295,-3.2880,11,0
qian2023,287,8,the,0.9072,2.9243,-2.0172,11,0
qian2023,287,9,bed,3.5998,9.0533,-5.4535,11,0
qian2023,287,10,.,1.7592,2.3026,-0.5434,11,0
qian2023,287,11,<eos>,5.2594,2.3026,2.9568,11,0
qian2023,288,0,The,3.9738,2.9243,1.0495,12,0
qian2023,288,1,cake,11.2395,10.2921,0.9474,12,0
qian2023,288,2,for,5.1832,4.5854,0.5979,12,0
qian2023,288,3,the,1.5183,2.9243,-1.4060,12,0
qian2023,288,4,family,5.9895,7.6908,-1.7013,12,0
qian2023,288,5,was,3.0864,5.0192,-1.9328,12,0
qian2023,288,6,prepared,4.9209,9.8082,-4.8873,12,0
qian2023,288,7,by,0.9305,5.3882,-4.4578,12,0
qian2023,288,8,a,2.9353,3.7766,-0.8413,12,0
qian2023,288,9,local,5.0736,8.2208,-3.1472,12,0
qian2023,288,10,bakery,5.3690,12.2722,-6.9032,12,0
qian2023,288,11,.,1.9642,2.3026,-0.3383,12,0
qian2023,288,12,<eos>,5.8749,2.3026,3.5724,12,0
qian2023,289,0,The,3.9738,2.9243,1.0495,12,0
qian2023,289,1,cake,11.2395,10.2921,0.9474,12,0
qian2023,289,2,for,5.1832,4.5854,0.5979,12,0
qian2023,289,3,the,1.5183,2.9243,-1.4060,12,0
qian2023,289,4,family,5.9895,7.6908,-1.7013,12,0
qian2023,289,5,were,7.0856,6.1239,0.9617,12,0
qian2023,289,6,prepared,4.4999,9.8082,-5.3082,12,0
qian2023,289,7,by,0.9528,5.3882,-4.4355,12,0
qian2023,289,8,a,3.0516,3.7766,-0.7250,12,0
qian2023,289,9,local,5.0382,8.2208,-3.1826,12,0
qian2023,289,10,bakery,5.4997,12.2722,-6.7725,12,0
qian2023,289,11,.,2.0116,2.3026,-0.2910,12,0
qian2023,289,12,<eos>,5.9946,2.3026,3.6921,12,0
qian2023,290,0,The,3.9738,2.9243,1.0495,12,0
qian2023,290,1,cake,11.2395,10.2921,0.9474,12,0
qian2023,290,2,for,5.1832,4.5854,0.5979,12,0
qian2023,290,3,the,1.5183,2.9243,-1.4060,12,0
qian2023,290,4,families,9.1944,9.3485,-0.1540,12,0
qian2023,290,5,was,3.7085,5.0192,-1.3106,12,0
qian2023,290,6,prepared,4.7085,9.8082,-5.0997,12,0
qian2023,290,7,by,1.0077,5.3882,-4.3805,12,0
qian2023,290,8,a,2.9217,3.7766,-0.8549,12,0
qian2023,290,9,local,4.9502,8.2208,-3.2706,12,0
qian2023,290,10,bakery,5.4223,12.2722,-6.8499,12,0
qian2023,290,11,.,1.9588,2.3026,-0.3438,12,0
qian2023,290,12,<eos>,5.7676,2.3026,3.4651,12,0
qian2023,291,0,The,3.9738,2.9243,1.0495,12,0
qian2023,291,1,cake,11.2395,10.2921,0.9474,12,0
qian2023,291,2,for,5.1832,4.5854,0.5979,12,0
qian2023,291,3,the,1.5183,2.9243,-1.4060,12,0
qian2023,291,4,families,9.1944,9.3485,-0.1540,12,0
qian2023,291,5,were,6.0854,6.1239,-0.0385,12,0
qian2023,291,6,prepared,5.0544,9.8082,-4.7537,12,0
qian2023,291,7,by,1.1660,5.3882,-4.2222,12,0
qian2023,291,8,a,3.0371,3.7766,-0.7396,12,0
qian2023,291,9,local,4.8756,8.2208,-3.3452,12,0
qian2023,291,10,bakery,5.5038,12.2722,-6.7685,12,0
qian2023,291,11,.,1.9888,2.3026,-0.3138,12,0
qian2023,291,12,<eos>,5.9593,2.3026,3.6567,12,0
qian2023,292,0,The,3.9738,2.9243,1.0495,12,0
qian2023,292,1,cakes,14.2675,11.8582,2.4093,12,0
qian2023,292,2,for,5.0840,4.5854,0.4987,12,0
qian2023,292,3,the,1.6907,2.9243,-1.2337,12,0
qian2023,292,4,family,5.8479,7.6908,-1.8429,12,0
qian2023,292,5,was,6.1892,5.0192,1.1700,12,0
qian2023,292,6,prepared,5.4913,9.8082,-4.3169,12,0
qian2023,292,7,by,1.0995,5.3882,-4.2887,12,0
qian2023,292,8,a,2.9078,3.7766,-0.8688,12,0
qian2023,292,9,local,5.3677,8.2208,-2.8531,12,0
qian2023,292,10,bakery,5.4765,12.2722,-6.7957,12,0
qian2023,292,11,.,2.0696,2.3026,-0.2330,12,0
qian2023,292,12,<eos>,6.1516,2.3026,3.8490,12,0
qian2023,293,0,The,3.9738,2.9243,1.0495,12,0
qian2023,293,1,cakes,14.2675,11.8582,2.4093,12,0
qian2023,293,2,for,5.0840,4.5854,0.4987,12,0
qian2023,293,3,the,1.6907,2.9243,-1.2337,12,0
qian2023,293,4,family,5.8479,7.6908,-1.8429,12,0
qian2023,293,5,were,3.1830,6.1239,-2.9409,12,0
qian2023,293,6,prepared,4.5829,9.8082,-5.2253,12,0
qian2023,293,7,by,1.1746,5.3882,-4.2136,12,0
qian2023,293,8,a,2.9725,3.7766,-0.8041,12,0
qian2023,293,9,local,5.3402,8.2208,-2.8806,12,0
qian2023,293,10,bakery,5.5232,12.2722,-6.7490,12,0
qian2023,293,11,.,2.0723,2.3026,-0.2302,12,0
qian2023,293,12,<eos>,6.2266,2.3026,3.9240,12,0
qian2023,294,0,The,3.9738,2.9243,1.0495,12,0
qian2023,294,1,cakes,14.2675,11.8582,2.4093,12,0
qian2023,294,2,for,5.0840,4.5854,0.4987,12,0
qian2023,294,3,the,1.6907,2.9243,-1.2337,12,0
qian2023,294,4,families,7.4427,9.3485,-1.9057,12,0
qian2023,294,5,was,6.7332,5.0192,1.7140,12,0
qian2023,294,6,prepared,5.2522,9.8082,-4.5560,12,0
qian2023,294,7,by,1.1391,5.3882,-4.2492,12,0
qian2023,294,8,a,2.9111,3.7766,-0.8655,12,0
qian2023,294,9,local,5.3344,8.2208,-2.8864,12,0
qian2023,294,10,bakery,5.6329,12.2722,-6.6393,12,0
qian2023,294,11,.,2.0365,2.3026,-0.2661,12,0
qian2023,294,12,<eos>,6.0272,2.3026,3.7246,12,0
qian2023,295,0,The,3.9738,2.9243,1.0495,12,0
qian2023,295,1,cakes,14.2675,11.8582,2.4093,12,0
qian2023,295,2,for,5.0840,4.5854,0.4987,12,0
qian2023,295,3,the,1.6907,2.9243,-1.2337,12,0
qian2023,295,4,families,7.4427,9.3485,-1.9057,12,0
qian2023,295,5,were,3.5968,6.1239,-2.5271,12,0
qian2023,295,6,prepared,4.4322,9.8082,-5.3760,12,0
qian2023,295,7,by,1.2658,5.3882,-4.1225,12,0
qian2023,295,8,a,3.0227,3.7766,-0.7539,12,0
qian2023,295,9,local,5.2676,8.2208,-2.9532,12,0
qian2023,295,10,bakery,5.6590,12.2722,-6.6132,12,0
qian2023,295,11,.,1.9999,2.3026,-0.3027,12,0
qian2023,295,12,<eos>,6.1062,2.3026,3.8036,12,0
qian2023,296,0,The,3.9742,2.9243,1.0498,9,0
qian2023,296,1,ticket,11.6455,10.1093,1.5362,9,0
qian2023,296,2,for,3.7748,4.5854,-0.8106,9,0
qian2023,296,3,the,1.5210,2.9243,-1.4033,9,0
qian2023,296,4,game,5.2948,7.5521,-2.2573,9,0
qian2023,296,5,was,3.2028,5.0192,-1.8164,9,0
qian2023,296,6,ordered,6.6906,9.8082,-3.1176,9,0
qian2023,296,7,online,5.8422,8.7721,-2.9299,9,0
qian2023,296,8,.,1.9384,2.3026,-0.3642,9,0
qian2023,296,9,<eos>,4.9635,2.3026,2.6609,9,0
qian2023,297,0,The,3.9742,2.9243,1.0498,9,0
qian2023,297,1,ticket,11.6455,10.1093,1.5362,9,0
qian2023,297,2,for,3.7748,4.5854,-0.8106,9,0
qian2023,297,3,the,1.5210,2.9243,-1.4033,9,0
qian2023,297,4,game,5.2948,7.5521,-2.2573,9,0
qian2023,297,5,were,7.1151,6.1239,0.9913,9,0
qian2023,297,6,ordered,6.8589,9.8082,-2.9492,9,0
qian2023,297,7,online,5.7573,8.7721,-3.0148,9,0
qian2023,297,8,.,1.8386,2.3026,-0.4640,9,0
qian2023,297,9,<eos>,5.0135,2.3026,2.7109,9,0
qian2023,298,0,The,3.9742,2.9243,1.0498,9,0
qian2023,298,1,ticket,11.6455,10.1093,1.5362,9,0
qian2023,298,2,for,3.7748,4.5854,-0.8106,9,0
qian2023,298,3,the,1.5210,2.9243,-1.4033,9,0
qian2023,298,4,games,7.9671,8.1987,-0.2317,9,0
qian2023,298,5,was,3.3981,5.0192,-1.6210,9,0
qian2023,298,6,ordered,6.3944,9.8082,-3.4138,9,0
qian2023,298,7,online,5.7980,8.7721,-2.9741,9,0
qian2023,298,8,.,1.8156,2.3026,-0.4870,9,0
qian2023,298,9,<eos>,4.8615,2.3026,2.5589,9,0
qian2023,299,0,The,3.9742,2.9243,1.0498,9,0
qian2023,299,1,ticket,11.6455,10.1093,1.5362,9,0
qian2023,299,2,for,3.7748,4.5854,-0.8106,9,0
qian2023,299,3,the,1.5210,2.9243,-1.4033,9,0
qian2023,299,4,games,7.9671,8.1987,-0.2317,9,0
qian2023,299,5,were,5.7526,6.1239,-0.3712,9,0
qian2023,299,6,ordered,6.6509,9.8082,-3.1573,9,0
qian2023,299,7,online,5.7348,8.7721,-3.0373,9,0
qian2023,299,8,.,1.6803,2.3026,-0.6223,9,0
qian2023,299,9,<eos>,4.9039,2.3026,2.6013,9,0
qian2023,300,0,The,3.9742,2.9243,1.0498,9,0
qian2023,300,1,tickets,12.0887,10.1316,1.9571,9,0
qian2023,300,2,for,2.5762,4.5854,-2.0092,9,0
qian2023,300,3,the,1.1082,2.9243,-1.8162,9,0
qian2023,300,4,game,4.5006,7.5521,-3.0515,9,0
qian2023,300,5,was,6.0830,5.0192,1.0639,9,0
qian2023,300,6,ordered,6.7069,9.8082,-3.1013,9,0
qian2023,300,7,online,5.2870,8.7721,-3.4851,9,0
qian2023,300,8,.,1.9258,2.3026,-0.3768,9,0
qian2023,300,9,<eos>,4.8661,2.3026,2.5636,9,0
qian2023,301,0,The,3.9742,2.9243,1.0498,9,0
qian2023,301,1,tickets,12.0887,10.1316,1.9571,9,0
qian2023,301,2,for,2.5762,4.5854,-2.0092,9,0
qian2023,301,3,the,1.1082,2.9243,-1.8162,9,0
qian2023,301,4,game,4.5006,7.5521,-3.0515,9,0
qian2023,301,5,were,3.8286,6.1239,-2.2952,9,0
qian2023,301,6,ordered,6.5739,9.8082,-3.2343,9,0
qian2023,301,7,online,5.1098,8.7721,-3.6623,9,0
qian2023,301,8,.,1.8632,2.3026,-0.4394,9,0
qian2023,301,9,<eos>,4.9331,2.3026,2.6305,9,0
qian2023,302,0,The,3.9742,2.9243,1.0498,9,0
qian2023,302,1,tickets,12.0887,10.1316,1.9571,9,0
qian2023,302,2,for,2.5762,4.5854,-2.0092,9,0
qian2023,302,3,the,1.1082,2.9243,-1.8162,9,0
qian2023,302,4,games,5.2188,8.1987,-2.9799,9,0
qian2023,302,5,was,6.2176,5.0192,1.1984,9,0
qian2023,302,6,ordered,6.5657,9.8082,-3.2424,9,0
qian2023,302,7,online,5.2029,8.7721,-3.5692,9,0
qian2023,302,8,.,1.8301,2.3026,-0.4725,9,0
qian2023,302,9,<eos>,4.8888,2.3026,2.5862,9,0
qian2023,303,0,The,3.9742,2.9243,1.0498,9,0
qian2023,303,1,tickets,12.0887,10.1316,1.9571,9,0
qian2023,303,2,for,2.5762,4.5854,-2.0092,9,0
qian2023,303,3,the,1.1082,2.9243,-1.8162,9,0
qian2023,303,4,games,5.2188,8.1987,-2.9799,9,0
qian2023,303,5,were,3.8560,6.1239,-2.2678,9,0
qian2023,303,6,ordered,6.4236,9.8082,-3.3846,9,0
qian2023,303,7,online,5.0623,8.7721,-3.7098,9,0
qian2023,303,8,.,1.7525,2.3026,-0.5501,9,0
qian2023,303,9,<eos>,4.9409,2.3026,2.6383,9,0
qian2023,304,0,The,3.9742,2.9243,1.0498,10,0
qian2023,304,1,exam,10.9282,10.9141,0.0141,10,0
qian2023,304,2,for,4.7468,4.5854,0.1615,10,0
qian2023,304,3,the,1.7079,2.9243,-1.2164,10,0
qian2023,304,4,student,6.0152,9.1616,-3.1464,10,0
qian2023,304,5,was,4.5508,5.0192,-0.4684,10,0
qian2023,304,6,challenging,8.2421,10.8923,-2.6503,10,0
qian2023,304,7,but,3.3758,5.4561,-2.0804,10,0
qian2023,304,8,interesting,5.5457,9.2103,-3.6646,10,0
qian2023,304,9,.,0.9048,2.3026,-1.3978,10,0
qian2023,304,10,<eos>,6.0465,2.3026,3.7439,10,0
qian2023,305,0,The,3.9742,2.9243,1.0498,10,0
qian2023,305,1,exam,10.9282,10.9141,0.0141,10,0
qian2023,305,2,for,4.7468,4.5854,0.1615,10,0
qian2023,305,3,the,1.7079,2.9243,-1.2164,10,0
qian2023,305,4,student,6.0152,9.1616,-3.1464,10,0
qian2023,305,5,were,6.4923,6.1239,0.3684,10,0
qian2023,305,6,challenging,8.2527,10.8923,-2.6397,10,0
qian2023,305,7,but,3.5226,5.4561,-1.9335,10,0
qian2023,305,8,interesting,5.1658,9.2103,-4.0446,10,0
qian2023,305,9,.,0.9159,2.3026,-1.3866,10,0
qian2023,305,10,<eos>,6.0770,2.3026,3.7744,10,0
qian2023,306,0,The,3.9742,2.9243,1.0498,10,0
qian2023,306,1,exam,10.9282,10.9141,0.0141,10,0
qian2023,306,2,for,4.7468,4.5854,0.1615,10,0
qian2023,306,3,the,1.7079,2.9243,-1.2164,10,0
qian2023,306,4,students,6.5141,8.6337,-2.1197,10,0
qian2023,306,5,was,4.4739,5.0192,-0.5453,10,0
qian2023,306,6,challenging,7.7654,10.8923,-3.1269,10,0
qian2023,306,7,but,3.1698,5.4561,-2.2863,10,0
qian2023,306,8,interesting,5.2926,9.2103,-3.9178,10,0
qian2023,306,9,.,0.8649,2.3026,-1.4377,10,0
qian2023,306,10,<eos>,6.0751,2.3026,3.7725,10,0
qian2023,307,0,The,3.9742,2.9243,1.0498,10,0
qian2023,307,1,exam,10.9282,10.9141,0.0141,10,0
qian2023,307,2,for,4.7468,4.5854,0.1615,10,0
qian2023,307,3,the,1.7079,2.9243,-1.2164,10,0
qian2023,307,4,students,6.5141,8.6337,-2.1197,10,0
qian2023,307,5,were,5.9133,6.1239,-0.2105,10,0
qian2023,307,6,challenging,8.5804,10.8923,-2.3120,10,0
qian2023,307,7,but,3.7865,5.4561,-1.6697,10,0
qian2023,307,8,interesting,4.9956,9.2103,-4.2147,10,0
qian2023,307,9,.,0.9912,2.3026,-1.3114,10,0
qian2023,307,10,<eos>,6.1734,2.3026,3.8708,10,0
qian2023,308,0,The,3.9742,2.9243,1.0498,10,0
qian2023,308,1,exams,13.0759,11.5129,1.5630,10,0
qian2023,308,2,for,3.3104,4.5854,-1.2750,10,0
qian2023,308,3,the,1.4710,2.9243,-1.4533,10,0
qian2023,308,4,student,6.9071,9.1616,-2.2545,10,0
qian2023,308,5,was,7.5221,5.0192,2.5029,10,0
qian2023,308,6,challenging,8.2097,10.8923,-2.6826,10,0
qian2023,308,7,but,3.7299,5.4561,-1.7262,10,0
qian2023,308,8,interesting,5.8460,9.2103,-3.3644,10,0
qian2023,308,9,.,1.0143,2.3026,-1.2883,10,0
qian2023,308,10,<eos>,6.1543,2.3026,3.8517,10,0
qian2023,309,0,The,3.9742,2.9243,1.0498,10,0
qian2023,309,1,exams,13.0759,11.5129,1.5630,10,0
qian2023,309,2,for,3.3104,4.5854,-1.2750,10,0
qian2023,309,3,the,1.4710,2.9243,-1.4533,10,0
qian2023,309,4,student,6.9071,9.1616,-2.2545,10,0
qian2023,309,5,were,4.2138,6.1239,-1.9101,10,0
qian2023,309,6,challenging,7.8878,10.8923,-3.0046,10,0
qian2023,309,7,but,3.6140,5.4561,-1.8421,10,0
qian2023,309,8,interesting,5.6766,9.2103,-3.5338,10,0
qian2023,309,9,.,1.0159,2.3026,-1.2866,10,0
qian2023,309,10,<eos>,6.1837,2.3026,3.8811,10,0
qian2023,310,0,The,3.9742,2.9243,1.0498,10,0
qian2023,310,1,exams,13.0759,11.5129,1.5630,10,0
qian2023,310,2,for,3.3104,4.5854,-1.2750,10,0
qian2023,310,3,the,1.4710,2.9243,-1.4533,10,0
qian2023,310,4,students,6.0987,8.6337,-2.5350,10,0
qian2023,310,5,was,7.3783,5.0192,2.3592,10,0
qian2023,310,6,challenging,7.5788,10.8923,-3.3135,10,0
qian2023,310,7,but,3.4401,5.4561,-2.0160,10,0
qian2023,310,8,interesting,5.5576,9.2103,-3.6527,10,0
qian2023,310,9,.,0.9443,2.3026,-1.3582,10,0
qian2023,310,10,<eos>,6.1521,2.3026,3.8495,10,0
qian2023,311,0,The,3.9742,2.9243,1.0498,10,0
qian2023,311,1,exams,13.0759,11.5129,1.5630,10,0
qian2023,311,2,for,3.3104,4.5854,-1.2750,10,0
qian2023,311,3,the,1.4710,2.9243,-1.4533,10,0
qian2023,311,4,students,6.0987,8.6337,-2.5350,10,0
qian2023,311,5,were,3.7169,6.1239,-2.4069,10,0
qian2023,311,6,challenging,7.9474,10.8923,-2.9450,10,0
qian2023,311,7,but,3.8050,5.4561,-1.6511,10,0
qian2023,311,8,interesting,5.4053,9.2103,-3.8051,10,0
qian2023,311,9,.,1.0171,2.3026,-1.2855,10,0
qian2023,311,10,<eos>,6.1784,2.3026,3.8758,10,0
qian2023,312,0,The,3.9742,2.9243,1.0498,10,0
qian2023,312,1,prize,9.7305,10.1545,-0.4240,10,0
qian2023,312,2,for,1.6816,4.5854,-2.9038,10,0
qian2023,312,3,the,1.1614,2.9243,-1.7629,10,0
qian2023,312,4,winner,4.6921,9.6708,-4.9787,10,0
qian2023,312,5,is,1.8683,4.4482,-2.5798,10,0
qian2023,312,6,a,1.9673,3.7766,-1.8094,10,0
qian2023,312,7,big,5.4437,7.6670,-2.2233,10,0
qian2023,312,8,surprise,5.0461,9.7866,-4.7405,10,0
qian2023,312,9,.,2.1923,2.3026,-0.1103,10,0
qian2023,312,10,<eos>,5.8508,2.3026,3.5482,10,0
qian2023,313,0,The,3.9742,2.9243,1.0498,10,0
qian2023,313,1,prize,9.7305,10.1545,-0.4240,10,0
qian2023,313,2,for,1.6816,4.5854,-2.9038,10,0
qian2023,313,3,the,1.1614,2.9243,-1.7629,10,0
qian2023,313,4,winner,4.6921,9.6708,-4.9787,10,0
qian2023,313,5,are,7.8523,5.2030,2.6493,10,0
qian2023,313,6,a,3.3724,3.7766,-0.4042,10,0
qian2023,313,7,big,5.5633,7.6670,-2.1037,10,0
qian2023,313,8,surprise,5.1931,9.7866,-4.5935,10,0
qian2023,313,9,.,2.3578,2.3026,0.0552,10,0
qian2023,313,10,<eos>,5.7186,2.3026,3.4160,10,0
qian2023,314,0,The,3.9742,2.9243,1.0498,10,0
qian2023,314,1,prize,9.7305,10.1545,-0.4240,10,0
qian2023,314,2,for,1.6816,4.5854,-2.9038,10,0
qian2023,314,3,the,1.1614,2.9243,-1.7629,10,0
qian2023,314,4,winners,6.1575,10.5234,-4.3658,10,0
qian2023,314,5,is,1.5363,4.4482,-2.9118,10,0
qian2023,314,6,a,2.1382,3.7766,-1.6384,10,0
qian2023,314,7,big,5.4580,7.6670,-2.2090,10,0
qian2023,314,8,surprise,5.2722,9.7866,-4.5144,10,0
qian2023,314,9,.,2.1431,2.3026,-0.1595,10,0
qian2023,314,10,<eos>,5.7970,2.3026,3.4944,10,0
qian2023,315,0,The,3.9742,2.9243,1.0498,10,0
qian2023,315,1,prize,9.7305,10.1545,-0.4240,10,0
qian2023,315,2,for,1.6816,4.5854,-2.9038,10,0
qian2023,315,3,the,1.1614,2.9243,-1.7629,10,0
qian2023,315,4,winners,6.1575,10.5234,-4.3658,10,0
qian2023,315,5,are,5.3219,5.2030,0.1189,10,0
qian2023,315,6,a,3.5428,3.7766,-0.2338,10,0
qian2023,315,7,big,5.5532,7.6670,-2.1139,10,0
qian2023,315,8,surprise,5.1395,9.7866,-4.6471,10,0
qian2023,315,9,.,2.2919,2.3026,-0.0106,10,0
qian2023,315,10,<eos>,5.6281,2.3026,3.3255,10,0
qian2023,316,0,The,3.9742,2.9243,1.0498,10,0
qian2023,316,1,prizes,12.8663,11.4931,1.3732,10,0
qian2023,316,2,for,2.1449,4.5854,-2.4405,10,0
qian2023,316,3,the,1.6248,2.9243,-1.2996,10,0
qian2023,316,4,winner,6.2092,9.6708,-3.4616,10,0
qian2023,316,5,is,5.3065,4.4482,0.8583,10,0
qian2023,316,6,a,2.9955,3.7766,-0.7811,10,0
qian2023,316,7,big,5.1358,7.6670,-2.5312,10,0
qian2023,316,8,surprise,4.7152,9.7866,-5.0714,10,0
qian2023,316,9,.,2.0345,2.3026,-0.2681,10,0
qian2023,316,10,<eos>,5.8796,2.3026,3.5770,10,0
qian2023,317,0,The,3.9742,2.9243,1.0498,10,0
qian2023,317,1,prizes,12.8663,11.4931,1.3732,10,0
qian2023,317,2,for,2.1449,4.5854,-2.4405,10,0
qian2023,317,3,the,1.6248,2.9243,-1.2996,10,0
qian2023,317,4,winner,6.2092,9.6708,-3.4616,10,0
qian2023,317,5,are,1.3067,5.2030,-3.8963,10,0
qian2023,317,6,a,5.4843,3.7766,1.7077,10,0
qian2023,317,7,big,5.3038,7.6670,-2.3632,10,0
qian2023,317,8,surprise,5.1011,9.7866,-4.6855,10,0
qian2023,317,9,.,2.1294,2.3026,-0.1732,10,0
qian2023,317,10,<eos>,5.7999,2.3026,3.4974,10,0
qian2023,318,0,The,3.9742,2.9243,1.0498,10,0
qian2023,318,1,prizes,12.8663,11.4931,1.3732,10,0
qian2023,318,2,for,2.1449,4.5854,-2.4405,10,0
qian2023,318,3,the,1.6248,2.9243,-1.2996,10,0
qian2023,318,4,winners,4.8708,10.5234,-5.6526,10,0
qian2023,318,5,is,4.9802,4.4482,0.5320,10,0
qian2023,318,6,a,3.5279,3.7766,-0.2487,10,0
qian2023,318,7,big,5.0268,7.6670,-2.6402,10,0
qian2023,318,8,surprise,5.1830,9.7866,-4.6036,10,0
qian2023,318,9,.,1.8914,2.3026,-0.4111,10,0
qian2023,318,10,<eos>,5.8139,2.3026,3.5113,10,0
qian2023,319,0,The,3.9742,2.9243,1.0498,10,0
qian2023,319,1,prizes,12.8663,11.4931,1.3732,10,0
qian2023,319,2,for,2.1449,4.5854,-2.4405,10,0
qian2023,319,3,the,1.6248,2.9243,-1.2996,10,0
qian2023,319,4,winners,4.8708,10.5234,-5.6526,10,0
qian2023,319,5,are,0.5686,5.2030,-4.6344,10,0
qian2023,319,6,a,5.7496,3.7766,1.9730,10,0
qian2023,319,7,big,5.2395,7.6670,-2.4275,10,0
qian2023,319,8,surprise,5.1941,9.7866,-4.5925,10,0
qian2023,319,9,.,2.0709,2.3026,-0.2316,10,0
qian2023,319,10,<eos>,5.7060,2.3026,3.4034,10,0
qian2023,320,0,The,3.9742,2.9243,1.0498,12,0
qian2023,320,1,plan,7.6769,8.5425,-0.8656,12,0
qian2023,320,2,for,1.9783,4.5854,-2.6071,12,0
qian2023,320,3,the,1.2093,2.9243,-1.7150,12,0
qian2023,320,4,event,7.1181,8.7982,-1.6802,12,0
qian2023,320,5,was,1.4351,5.0192,-3.5840,12,0
qian2023,320,6,discussed,6.8317,10.4762,-3.6445,12,0
qian2023,320,7,at,2.2735,5.2963,-3.0228,12,0
qian2023,320,8,a,2.2533,3.7766,-1.5233,12,0
qian2023,320,9,group,7.9296,7.8966,0.0330,12,0
qian2023,320,10,meeting,0.6527,8.8668,-8.2141,12,0
qian2023,320,11,.,3.4048,2.3026,1.1022,12,0
qian2023,320,12,<eos>,4.9510,2.3026,2.6484,12,0
qian2023,321,0,The,3.9742,2.9243,1.0498,12,0
qian2023,321,1,plan,7.6769,8.5425,-0.8656,12,0
qian2023,321,2,for,1.9783,4.5854,-2.6071,12,0
qian2023,321,3,the,1.2093,2.9243,-1.7150,12,0
qian2023,321,4,event,7.1181,8.7982,-1.6802,12,0
qian2023,321,5,were,6.5692,6.1239,0.4453,12,0
qian2023,321,6,discussed,6.1240,10.4762,-4.3522,12,0
qian2023,321,7,at,2.3595,5.2963,-2.9369,12,0
qian2023,321,8,a,2.3387,3.7766,-1.4379,12,0
qian2023,321,9,group,7.8213,7.8966,-0.0753,12,0
qian2023,321,10,meeting,0.7311,8.8668,-8.1357,12,0
qian2023,321,11,.,3.4040,2.3026,1.1014,12,0
qian2023,321,12,<eos>,5.1005,2.3026,2.7979,12,0
qian2023,322,0,The,3.9742,2.9243,1.0498,12,0
qian2023,322,1,plan,7.6769,8.5425,-0.8656,12,0
qian2023,322,2,for,1.9783,4.5854,-2.6071,12,0
qian2023,322,3,the,1.2093,2.9243,-1.7150,12,0
qian2023,322,4,events,9.4413,9.0280,0.4133,12,0
qian2023,322,5,was,3.7807,5.0192,-1.2385,12,0
qian2023,322,6,discussed,6.4671,10.4762,-4.0091,12,0
qian2023,322,7,at,2.3138,5.2963,-2.9825,12,0
qian2023,322,8,a,2.2571,3.7766,-1.5195,12,0
qian2023,322,9,group,8.2917,7.8966,0.3951,12,0
qian2023,322,10,meeting,0.5853,8.8668,-8.2815,12,0
qian2023,322,11,.,3.3275,2.3026,1.0249,12,0
qian2023,322,12,<eos>,4.9193,2.3026,2.6167,12,0
qian2023,323,0,The,3.9742,2.9243,1.0498,12,0
qian2023,323,1,plan,7.6769,8.5425,-0.8656,12,0
qian2023,323,2,for,1.9783,4.5854,-2.6071,12,0
qian2023,323,3,the,1.2093,2.9243,-1.7150,12,0
qian2023,323,4,events,9.4413,9.0280,0.4133,12,0
qian2023,323,5,were,6.3109,6.1239,0.1871,12,0
qian2023,323,6,discussed,5.5780,10.4762,-4.8982,12,0
qian2023,323,7,at,2.3472,5.2963,-2.9491,12,0
qian2023,323,8,a,2.2877,3.7766,-1.4889,12,0
qian2023,323,9,group,8.0612,7.8966,0.1646,12,0
qian2023,323,10,meeting,0.6815,8.8668,-8.1853,12,0
qian2023,323,11,.,3.2894,2.3026,0.9868,12,0
qian2023,323,12,<eos>,5.0796,2.3026,2.7770,12,0
qian2023,324,0,The,3.9742,2.9243,1.0498,12,0
qian2023,324,1,plans,9.8246,9.1905,0.6341,12,0
qian2023,324,2,for,1.1146,4.5854,-3.4708,12,0
qian2023,324,3,the,1.0725,2.9243,-1.8519,12,0
qian2023,324,4,event,7.5345,8.7982,-1.2638,12,0
qian2023,324,5,was,5.8545,5.0192,0.8353,12,0
qian2023,324,6,discussed,5.6798,10.4762,-4.7964,12,0
qian2023,324,7,at,2.1239,5.2963,-3.1724,12,0
qian2023,324,8,a,2.2814,3.7766,-1.4952,12,0
qian2023,324,9,group,8.3542,7.8966,0.4575,12,0
qian2023,324,10,meeting,0.5314,8.8668,-8.3353,12,0
qian2023,324,11,.,3.6020,2.3026,1.2994,12,0
qian2023,324,12,<eos>,4.6081,2.3026,2.3055,12,0
qian2023,325,0,The,3.9742,2.9243,1.0498,12,0
qian2023,325,1,plans,9.8246,9.1905,0.6341,12,0
qian2023,325,2,for,1.1146,4.5854,-3.4708,12,0
qian2023,325,3,the,1.0725,2.9243,-1.8519,12,0
qian2023,325,4,event,7.5345,8.7982,-1.2638,12,0
qian2023,325,5,were,2.2382,6.1239,-3.8856,12,0
qian2023,325,6,discussed,5.1372,10.4762,-5.3390,12,0
qian2023,325,7,at,2.2222,5.2963,-3.0741,12,0
qian2023,325,8,a,2.4283,3.7766,-1.3483,12,0
qian2023,325,9,group,8.2518,7.8966,0.3551,12,0
qian2023,325,10,meeting,0.6001,8.8668,-8.2667,12,0
qian2023,325,11,.,3.5881,2.3026,1.2855,12,0
qian2023,325,12,<eos>,4.7372,2.3026,2.4346,12,0
qian2023,326,0,The,3.9742,2.9243,1.0498,12,0
qian2023,326,1,plans,9.8246,9.1905,0.6341,12,0
qian2023,326,2,for,1.1146,4.5854,-3.4708,12,0
qian2023,326,3,the,1.0725,2.9243,-1.8519,12,0
qian2023,326,4,events,9.0301,9.0280,0.0020,12,0
qian2023,326,5,was,8.0608,5.0192,3.0416,12,0
qian2023,326,6,discussed,5.0750,10.4762,-5.4012,12,0
qian2023,326,7,at,2.2114,5.2963,-3.0849,12,0
qian2023,326,8,a,2.3053,3.7766,-1.4713,12,0
qian2023,326,9,group,8.6173,7.8966,0.7207,12,0
qian2023,326,10,meeting,0.4763,8.8668,-8.3904,12,0
qian2023,326,11,.,3.5801,2.3026,1.2775,12,0
qian2023,326,12,<eos>,4.5577,2.3026,2.2551,12,0
qian2023,327,0,The,3.9742,2.9243,1.0498,12,0
qian2023,327,1,plans,9.8246,9.1905,0.6341,12,0
qian2023,327,2,for,1.1146,4.5854,-3.4708,12,0
qian2023,327,3,the,1.0725,2.9243,-1.8519,12,0
qian2023,327,4,events,9.0301,9.0280,0.0020,12,0
qian2023,327,5,were,3.8253,6.1239,-2.2985,12,0
qian2023,327,6,discussed,4.8141,10.4762,-5.6621,12,0
qian2023,327,7,at,2.2164,5.2963,-3.0799,12,0
qian2023,327,8,a,2.3451,3.7766,-1.4315,12,0
qian2023,327,9,group,8.4509,7.8966,0.5543,12,0
qian2023,327,10,meeting,0.5496,8.8668,-8.3172,12,0
qian2023,327,11,.,3.5420,2.3026,1.2394,12,0
qian2023,327,12,<eos>,4.6554,2.3026,2.3528,12,0
qian2023,328,0,The,3.9742,2.9243,1.0498,10,0
qian2023,328,1,wine,10.3556,9.8082,0.5474,10,0
qian2023,328,2,on,6.3558,4.8122,1.5436,10,0
qian2023,328,3,the,1.2800,2.9243,-1.6444,10,0
qian2023,328,4,table,3.0438,9.0970,-6.0533,10,0
qian2023,328,5,is,1.0862,4.4482,-3.3620,10,0
qian2023,328,6,from,4.5977,5.4561,-0.8584,10,0
qian2023,328,7,napa,14.9406,13.0783,1.8622,10,0
qian2023,328,8,valley,10.2453,9.8547,0.3906,10,0
qian2023,328,9,.,1.6911,2.3026,-0.6115,10,0
qian2023,328,10,<eos>,5.3447,2.3026,3.0422,10,0
qian2023,329,0,The,3.9742,2.9243,1.0498,10,0
qian2023,329,1,wine,10.3556,9.8082,0.5474,10,0
qian2023,329,2,on,6.3558,4.8122,1.5436,10,0
qian2023,329,3,the,1.2800,2.9243,-1.6444,10,0
qian2023,329,4,table,3.0438,9.0970,-6.0533,10,0
qian2023,329,5,are,5.6431,5.2030,0.4401,10,0
qian2023,329,6,from,4.0023,5.4561,-1.4538,10,0
qian2023,329,7,napa,15.0962,13.0783,2.0178,10,0
qian2023,329,8,valley,10.2210,9.8547,0.3663,10,0
qian2023,329,9,.,1.7910,2.3026,-0.5116,10,0
qian2023,329,10,<eos>,5.4352,2.3026,3.1326,10,0
qian2023,330,0,The,3.9742,2.9243,1.0498,10,0
qian2023,330,1,wine,10.3556,9.8082,0.5474,10,0
qian2023,330,2,on,6.3558,4.8122,1.5436,10,0
qian2023,330,3,the,1.2800,2.9243,-1.6444,10,0
qian2023,330,4,tables,7.7684,10.8451,-3.0767,10,0
qian2023,330,5,is,1.5892,4.4482,-2.8590,10,0
qian2023,330,6,from,4.5437,5.4561,-0.9124,10,0
qian2023,330,7,napa,15.2718,13.0783,2.1935,10,0
qian2023,330,8,valley,10.3364,9.8547,0.4817,10,0
qian2023,330,9,.,1.7351,2.3026,-0.5675,10,0
qian2023,330,10,<eos>,5.4803,2.3026,3.1777,10,0
qian2023,331,0,The,3.9742,2.9243,1.0498,10,0
qian2023,331,1,wine,10.3556,9.8082,0.5474,10,0
qian2023,331,2,on,6.3558,4.8122,1.5436,10,0
qian2023,331,3,the,1.2800,2.9243,-1.6444,10,0
qian2023,331,4,tables,7.7684,10.8451,-3.0767,10,0
qian2023,331,5,are,3.3815,5.2030,-1.8215,10,0
qian2023,331,6,from,4.0045,5.4561,-1.4516,10,0
qian2023,331,7,napa,15.3919,13.0783,2.3136,10,0
qian2023,331,8,valley,10.3625,9.8547,0.5078,10,0
qian2023,331,9,.,1.8446,2.3026,-0.4580,10,0
qian2023,331,10,<eos>,5.5898,2.3026,3.2872,10,0
qian2023,332,0,The,3.9742,2.9243,1.0498,10,0
qian2023,332,1,wines,11.8831,11.9734,-0.0903,10,0
qian2023,332,2,on,5.2982,4.8122,0.4860,10,0
qian2023,332,3,the,1.0851,2.9243,-1.8392,10,0
qian2023,332,4,table,2.2557,9.0970,-6.8413,10,0
qian2023,332,5,is,5.0630,4.4482,0.6148,10,0
qian2023,332,6,from,4.1411,5.4561,-1.3150,10,0
qian2023,332,7,napa,15.0973,13.0783,2.0190,10,0
qian2023,332,8,valley,9.2068,9.8547,-0.6479,10,0
qian2023,332,9,.,1.8845,2.3026,-0.4181,10,0
qian2023,332,10,<eos>,5.6076,2.3026,3.3050,10,0
qian2023,333,0,The,3.9742,2.9243,1.0498,10,0
qian2023,333,1,wines,11.8831,11.9734,-0.0903,10,0
qian2023,333,2,on,5.2982,4.8122,0.4860,10,0
qian2023,333,3,the,1.0851,2.9243,-1.8392,10,0
qian2023,333,4,table,2.2557,9.0970,-6.8413,10,0
qian2023,333,5,are,0.7975,5.2030,-4.4056,10,0
qian2023,333,6,from,3.6705,5.4561,-1.7857,10,0
qian2023,333,7,napa,15.2641,13.0783,2.1857,10,0
qian2023,333,8,valley,9.2715,9.8547,-0.5832,10,0
qian2023,333,9,.,1.9583,2.3026,-0.3443,10,0
qian2023,333,10,<eos>,5.7692,2.3026,3.4666,10,0
qian2023,334,0,The,3.9742,2.9243,1.0498,10,0
qian2023,334,1,wines,11.8831,11.9734,-0.0903,10,0
qian2023,334,2,on,5.2982,4.8122,0.4860,10,0
qian2023,334,3,the,1.0851,2.9243,-1.8392,10,0
qian2023,334,4,tables,6.3127,10.8451,-4.5324,10,0
qian2023,334,5,is,6.0829,4.4482,1.6347,10,0
qian2023,334,6,from,4.2418,5.4561,-1.2143,10,0
qian2023,334,7,napa,15.3454,13.0783,2.2670,10,0
qian2023,334,8,valley,9.3352,9.8547,-0.5195,10,0
qian2023,334,9,.,1.9034,2.3026,-0.3992,10,0
qian2023,334,10,<eos>,5.6886,2.3026,3.3860,10,0
qian2023,335,0,The,3.9742,2.9243,1.0498,10,0
qian2023,335,1,wines,11.8831,11.9734,-0.0903,10,0
qian2023,335,2,on,5.2982,4.8122,0.4860,10,0
qian2023,335,3,the,1.0851,2.9243,-1.8392,10,0
qian2023,335,4,tables,6.3127,10.8451,-4.5324,10,0
qian2023,335,5,are,1.1563,5.2030,-4.0467,10,0
qian2023,335,6,from,3.6779,5.4561,-1.7782,10,0
qian2023,335,7,napa,15.4125,13.0783,2.3341,10,0
qian2023,335,8,valley,9.4617,9.8547,-0.3930,10,0
qian2023,335,9,.,1.9541,2.3026,-0.3485,10,0
qian2023,335,10,<eos>,5.8780,2.3026,3.5754,10,0
qian2023,336,0,The,3.9742,2.9243,1.0498,12,0
qian2023,336,1,magazine,9.8257,9.8082,0.0175,12,0
qian2023,336,2,on,6.3508,4.8122,1.5386,12,0
qian2023,336,3,the,1.5992,2.9243,-1.3252,12,0
qian2023,336,4,shelf,6.9190,11.4641,-4.5451,12,0
qian2023,336,5,was,3.2920,5.0192,-1.7272,12,0
qian2023,336,6,moved,7.8787,9.1905,-1.3118,12,0
qian2023,336,7,to,0.9486,3.6156,-2.6671,12,0
qian2023,336,8,a,2.4691,3.7766,-1.3075,12,0
qian2023,336,9,different,5.1763,7.8519,-2.6756,12,0
qian2023,336,10,place,2.4098,7.5752,-5.1655,12,0
qian2023,336,11,.,1.7338,2.3026,-0.5687,12,0
qian2023,336,12,<eos>,6.2134,2.3026,3.9108,12,0
qian2023,337,0,The,3.9742,2.9243,1.0498,12,0
qian2023,337,1,magazine,9.8257,9.8082,0.0175,12,0
qian2023,337,2,on,6.3508,4.8122,1.5386,12,0
qian2023,337,3,the,1.5992,2.9243,-1.3252,12,0
qian2023,337,4,shelf,6.9190,11.4641,-4.5451,12,0
qian2023,337,5,were,7.1078,6.1239,0.9839,12,0
qian2023,337,6,moved,8.3627,9.1905,-0.8278,12,0
qian2023,337,7,to,0.9898,3.6156,-2.6258,12,0
qian2023,337,8,a,2.2423,3.7766,-1.5344,12,0
qian2023,337,9,different,5.0279,7.8519,-2.8240,12,0
qian2023,337,10,place,2.4936,7.5752,-5.0817,12,0
qian2023,337,11,.,1.7043,2.3026,-0.5983,12,0
qian2023,337,12,<eos>,6.3549,2.3026,4.0523,12,0
qian2023,338,0,The,3.9742,2.9243,1.0498,12,0
qian2023,338,1,magazine,9.8257,9.8082,0.0175,12,0
qian2023,338,2,on,6.3508,4.8122,1.5386,12,0
qian2023,338,3,the,1.5992,2.9243,-1.3252,12,0
qian2023,338,4,shelves,7.6793,12.0663,-4.3870,12,0
qian2023,338,5,was,3.8029,5.0192,-1.2163,12,0
qian2023,338,6,moved,7.4617,9.1905,-1.7289,12,0
qian2023,338,7,to,0.8825,3.6156,-2.7331,12,0
qian2023,338,8,a,2.4599,3.7766,-1.3167,12,0
qian2023,338,9,different,4.9246,7.8519,-2.9273,12,0
qian2023,338,10,place,2.4181,7.5752,-5.1572,12,0
qian2023,338,11,.,1.7227,2.3026,-0.5799,12,0
qian2023,338,12,<eos>,6.4648,2.3026,4.1622,12,0
qian2023,339,0,The,3.9742,2.9243,1.0498,12,0
qian2023,339,1,magazine,9.8257,9.8082,0.0175,12,0
qian2023,339,2,on,6.3508,4.8122,1.5386,12,0
qian2023,339,3,the,1.5992,2.9243,-1.3252,12,0
qian2023,339,4,shelves,7.6793,12.0663,-4.3870,12,0
qian2023,339,5,were,6.8390,6.1239,0.7152,12,0
qian2023,339,6,moved,7.5392,9.1905,-1.6514,12,0
qian2023,339,7,to,0.9448,3.6156,-2.6709,12,0
qian2023,339,8,a,2.2298,3.7766,-1.5468,12,0
qian2023,339,9,different,4.8496,7.8519,-3.0023,12,0
qian2023,339,10,place,2.4500,7.5752,-5.1252,12,0
qian2023,339,11,.,1.6814,2.3026,-0.6212,12,0
qian2023,339,12,<eos>,6.6026,2.3026,4.3000,12,0
qian2023,340,0,The,3.9742,2.9243,1.0498,12,0
qian2023,340,1,magazines,12.0347,11.3559,0.6788,12,0
qian2023,340,2,on,4.3428,4.8122,-0.4694,12,0
qian2023,340,3,the,1.2747,2.9243,-1.6496,12,0
qian2023,340,4,shelf,5.6228,11.4641,-5.8414,12,0
qian2023,340,5,was,5.9440,5.0192,0.9248,12,0
qian2023,340,6,moved,8.0305,9.1905,-1.1601,12,0
qian2023,340,7,to,1.0603,3.6156,-2.5554,12,0
qian2023,340,8,a,2.4530,3.7766,-1.3236,12,0
qian2023,340,9,different,4.8028,7.8519,-3.0491,12,0
qian2023,340,10,place,2.5826,7.5752,-4.9927,12,0
qian2023,340,11,.,1.5335,2.3026,-0.7691,12,0
qian2023,340,12,<eos>,6.5048,2.3026,4.2022,12,0
qian2023,341,0,The,3.9742,2.9243,1.0498,12,0
qian2023,341,1,magazines,12.0347,11.3559,0.6788,12,0
qian2023,341,2,on,4.3428,4.8122,-0.4694,12,0
qian2023,341,3,the,1.2747,2.9243,-1.6496,12,0
qian2023,341,4,shelf,5.6228,11.4641,-5.8414,12,0
qian2023,341,5,were,3.1624,6.1239,-2.9615,12,0
qian2023,341,6,moved,8.1645,9.1905,-1.0260,12,0
qian2023,341,7,to,1.0585,3.6156,-2.5571,12,0
qian2023,341,8,a,2.5070,3.7766,-1.2696,12,0
qian2023,341,9,different,4.6599,7.8519,-3.1920,12,0
qian2023,341,10,place,2.6834,7.5752,-4.8918,12,0
qian2023,341,11,.,1.5321,2.3026,-0.7705,12,0
qian2023,341,12,<eos>,6.5988,2.3026,4.2962,12,0
qian2023,342,0,The,3.9742,2.9243,1.0498,12,0
qian2023,342,1,magazines,12.0347,11.3559,0.6788,12,0
qian2023,342,2,on,4.3428,4.8122,-0.4694,12,0
qian2023,342,3,the,1.2747,2.9243,-1.6496,12,0
qian2023,342,4,shelves,5.2148,12.0663,-6.8515,12,0
qian2023,342,5,was,6.3249,5.0192,1.3057,12,0
qian2023,342,6,moved,7.7977,9.1905,-1.3928,12,0
qian2023,342,7,to,1.0311,3.6156,-2.5846,12,0
qian2023,342,8,a,2.4947,3.7766,-1.2819,12,0
qian2023,342,9,different,4.7357,7.8519,-3.1163,12,0
qian2023,342,10,place,2.5970,7.5752,-4.9783,12,0
qian2023,342,11,.,1.5141,2.3026,-0.7885,12,0
qian2023,342,12,<eos>,6.8230,2.3026,4.5205,12,0
qian2023,343,0,The,3.9742,2.9243,1.0498,12,0
qian2023,343,1,magazines,12.0347,11.3559,0.6788,12,0
qian2023,343,2,on,4.3428,4.8122,-0.4694,12,0
qian2023,343,3,the,1.2747,2.9243,-1.6496,12,0
qian2023,343,4,shelves,5.2148,12.0663,-6.8515,12,0
qian2023,343,5,were,3.4764,6.1239,-2.6475,12,0
qian2023,343,6,moved,7.7110,9.1905,-1.4795,12,0
qian2023,343,7,to,1.0493,3.6156,-2.5663,12,0
qian2023,343,8,a,2.4718,3.7766,-1.3048,12,0
qian2023,343,9,different,4.6330,7.8519,-3.2189,12,0
qian2023,343,10,place,2.6654,7.5752,-4.9099,12,0
qian2023,343,11,.,1.5045,2.3026,-0.7981,12,0
qian2023,343,12,<eos>,6.8932,2.3026,4.5906,12,0
qian2023,344,0,The,3.9745,2.9243,1.0501,13,0
qian2023,344,1,pebble,17.5794,13.0316,4.5478,13,0
qian2023,344,2,on,4.2032,4.8122,-0.6090,13,0
qian2023,344,3,the,0.6091,2.9243,-2.3152,13,0
qian2023,344,4,beach,4.4737,9.3943,-4.9206,13,0
qian2023,344,5,is,1.6150,4.4482,-2.8331,13,0
qian2023,344,6,up,6.0497,6.0117,0.0381,13,0
qian2023,344,7,to,2.3830,3.6156,-1.2327,13,0
qian2023,344,8,200,5.0962,2.3026,2.7936,13,0
qian2023,344,9,million,6.1969,8.4495,-2.2527,13,0
qian2023,344,10,years,2.7864,6.9999,-4.2134,13,0
qian2023,344,11,old,0.9318,7.4840,-6.5522,13,0
qian2023,344,12,.,0.7930,2.3026,-1.5096,13,0
qian2023,344,13,<eos>,6.2800,2.3026,3.9774,13,0
qian2023,345,0,The,3.9745,2.9243,1.0501,13,0
qian2023,345,1,pebble,17.5794,13.0316,4.5478,13,0
qian2023,345,2,on,4.2032,4.8122,-0.6090,13,0
qian2023,345,3,the,0.6091,2.9243,-2.3152,13,0
qian2023,345,4,beach,4.4737,9.3943,-4.9206,13,0
qian2023,345,5,are,5.0774,5.2030,-0.1256,13,0
qian2023,345,6,up,6.4763,6.0117,0.4647,13,0
qian2023,345,7,to,2.1751,3.6156,-1.4405,13,0
qian2023,345,8,200,5.1719,2.3026,2.8693,13,0
qian2023,345,9,million,5.5622,8.4495,-2.8873,13,0
qian2023,345,10,years,2.5257,6.9999,-4.4742,13,0
qian2023,345,11,old,0.8031,7.4840,-6.6809,13,0
qian2023,345,12,.,0.9057,2.3026,-1.3969,13,0
qian2023,345,13,<eos>,6.3131,2.3026,4.0105,13,0
qian2023,346,0,The,3.9745,2.9243,1.0501,13,0
qian2023,346,1,pebble,17.5794,13.0316,4.5478,13,0
qian2023,346,2,on,4.2032,4.8122,-0.6090,13,0
qian2023,346,3,the,0.6091,2.9243,-2.3152,13,0
qian2023,346,4,beaches,7.7886,11.6050,-3.8164,13,0
qian2023,346,5,is,1.8187,4.4482,-2.6294,13,0
qian2023,346,6,up,6.4343,6.0117,0.4226,13,0
qian2023,346,7,to,2.2455,3.6156,-1.3701,13,0
qian2023,346,8,200,5.2874,2.3026,2.9848,13,0
qian2023,346,9,million,5.2507,8.4495,-3.1989,13,0
qian2023,346,10,years,2.5329,6.9999,-4.4670,13,0
qian2023,346,11,old,1.2875,7.4840,-6.1965,13,0
qian2023,346,12,.,0.8247,2.3026,-1.4779,13,0
qian2023,346,13,<eos>,6.3117,2.3026,4.0091,13,0
qian2023,347,0,The,3.9745,2.9243,1.0501,13,0
qian2023,347,1,pebble,17.5794,13.0316,4.5478,13,0
qian2023,347,2,on,4.2032,4.8122,-0.6090,13,0
qian2023,347,3,the,0.6091,2.9243,-2.3152,13,0
qian2023,347,4,beaches,7.7886,11.6050,-3.8164,13,0
qian2023,347,5,are,3.9871,5.2030,-1.2159,13,0
qian2023,347,6,up,6.4446,6.0117,0.4329,13,0
qian2023,347,7,to,2.0852,3.6156,-1.5304,13,0
qian2023,347,8,200,5.2543,2.3026,2.9518,13,0
qian2023,347,9,million,5.0766,8.4495,-3.3729,13,0
qian2023,347,10,years,1.9247,6.9999,-5.0752,13,0
qian2023,347,11,old,1.1136,7.4840,-6.3704,13,0
qian2023,347,12,.,0.8337,2.3026,-1.4689,13,0
qian2023,347,13,<eos>,6.3791,2.3026,4.0765,13,0
qian2023,348,0,The,3.9745,2.9243,1.0501,13,0
qian2023,348,1,pebbles,15.9151,13.4235,2.4916,13,0
qian2023,348,2,on,3.3184,4.8122,-1.4938,13,0
qian2023,348,3,the,0.6793,2.9243,-2.2451,13,0
qian2023,348,4,beach,5.2353,9.3943,-4.1590,13,0
qian2023,348,5,is,5.3498,4.4482,0.9016,13,0
qian2023,348,6,up,6.1952,6.0117,0.1835,13,0
qian2023,348,7,to,2.4179,3.6156,-1.1978,13,0
qian2023,348,8,200,5.2022,2.3026,2.8996,13,0
qian2023,348,9,million,5.2127,8.4495,-3.2368,13,0
qian2023,348,10,years,2.4969,6.9999,-4.5030,13,0
qian2023,348,11,old,1.0075,7.4840,-6.4765,13,0
qian2023,348,12,.,0.7226,2.3026,-1.5800,13,0
qian2023,348,13,<eos>,6.1349,2.3026,3.8323,13,0
qian2023,349,0,The,3.9745,2.9243,1.0501,13,0
qian2023,349,1,pebbles,15.9151,13.4235,2.4916,13,0
qian2023,349,2,on,3.3184,4.8122,-1.4938,13,0
qian2023,349,3,the,0.6793,2.9243,-2.2451,13,0
qian2023,349,4,beach,5.2353,9.3943,-4.1590,13,0
qian2023,349,5,are,1.3005,5.2030,-3.9025,13,0
qian2023,349,6,up,6.3557,6.0117,0.3440,13,0
qian2023,349,7,to,2.6721,3.6156,-0.9435,13,0
qian2023,349,8,200,5.0717,2.3026,2.7691,13,0
qian2023,349,9,million,5.0562,8.4495,-3.3934,13,0
qian2023,349,10,years,1.9544,6.9999,-5.0455,13,0
qian2023,349,11,old,0.7280,7.4840,-6.7560,13,0
qian2023,349,12,.,0.7409,2.3026,-1.5617,13,0
qian2023,349,13,<eos>,6.2870,2.3026,3.9845,13,0
qian2023,350,0,The,3.9745,2.9243,1.0501,13,0
qian2023,350,1,pebbles,15.9151,13.4235,2.4916,13,0
qian2023,350,2,on,3.3184,4.8122,-1.4938,13,0
qian2023,350,3,the,0.6793,2.9243,-2.2451,13,0
qian2023,350,4,beaches,7.5440,11.6050,-4.0610,13,0
qian2023,350,5,is,5.6961,4.4482,1.2479,13,0
qian2023,350,6,up,6.5093,6.0117,0.4976,13,0
qian2023,350,7,to,2.1983,3.6156,-1.4174,13,0
qian2023,350,8,200,5.5215,2.3026,3.2189,13,0
qian2023,350,9,million,4.4050,8.4495,-4.0446,13,0
qian2023,350,10,years,2.2778,6.9999,-4.7220,13,0
qian2023,350,11,old,1.3976,7.4840,-6.0864,13,0
qian2023,350,12,.,0.7598,2.3026,-1.5428,13,0
qian2023,350,13,<eos>,6.2132,2.3026,3.9106,13,0
qian2023,351,0,The,3.9745,2.9243,1.0501,13,0
qian2023,351,1,pebbles,15.9151,13.4235,2.4916,13,0
qian2023,351,2,on,3.3184,4.8122,-1.4938,13,0
qian2023,351,3,the,0.6793,2.9243,-2.2451,13,0
qian2023,351,4,beaches,7.5440,11.6050,-4.0610,13,0
qian2023,351,5,are,1.7910,5.2030,-3.4120,13,0
qian2023,351,6,up,6.4207,6.0117,0.4090,13,0
qian2023,351,7,to,2.3540,3.6156,-1.2616,13,0
qian2023,351,8,200,5.2009,2.3026,2.8983,13,0
qian2023,351,9,million,4.6209,8.4495,-3.8286,13,0
qian2023,351,10,years,1.6422,6.9999,-5.3577,13,0
qian2023,351,11,old,0.9741,7.4840,-6.5099,13,0
qian2023,351,12,.,0.7429,2.3026,-1.5597,13,0
qian2023,351,13,<eos>,6.4001,2.3026,4.0975,13,0
qian2023,352,0,The,3.9742,2.9243,1.0498,11,0
qian2023,352,1,label,9.4109,10.5234,-1.1125,11,0
qian2023,352,2,on,4.3610,4.8122,-0.4511,11,0
qian2023,352,3,the,0.9811,2.9243,-1.9432,11,0
qian2023,352,4,box,5.7351,9.1150,-3.3800,11,0
qian2023,352,5,is,2.2095,4.4482,-2.2387,11,0
qian2023,352,6,positioned,8.9823,11.9958,-3.0135,11,0
qian2023,352,7,properly,8.1481,10.0382,-1.8900,11,0
qian2023,352,8,before,5.9283,7.0691,-1.1408,11,0
qian2023,352,9,shipping,7.6985,10.3160,-2.6175,11,0
qian2023,352,10,.,1.3498,2.3026,-0.9528,11,0
qian2023,352,11,<eos>,4.8465,2.3026,2.5440,11,0
qian2023,353,0,The,3.9742,2.9243,1.0498,11,0
qian2023,353,1,label,9.4109,10.5234,-1.1125,11,0
qian2023,353,2,on,4.3610,4.8122,-0.4511,11,0
qian2023,353,3,the,0.9811,2.9243,-1.9432,11,0
qian2023,353,4,box,5.7351,9.1150,-3.3800,11,0
qian2023,353,5,are,7.0804,5.2030,1.8774,11,0
qian2023,353,6,positioned,9.1335,11.9958,-2.8623,11,0
qian2023,353,7,properly,7.8466,10.0382,-2.1915,11,0
qian2023,353,8,before,5.9084,7.0691,-1.1607,11,0
qian2023,353,9,shipping,7.5219,10.3160,-2.7941,11,0
qian2023,353,10,.,1.4058,2.3026,-0.8968,11,0
qian2023,353,11,<eos>,4.8140,2.3026,2.5114,11,0
qian2023,354,0,The,3.9742,2.9243,1.0498,11,0
qian2023,354,1,label,9.4109,10.5234,-1.1125,11,0
qian2023,354,2,on,4.3610,4.8122,-0.4511,11,0
qian2023,354,3,the,0.9811,2.9243,-1.9432,11,0
qian2023,354,4,boxes,8.3289,10.7290,-2.4001,11,0
qian2023,354,5,is,2.6281,4.4482,-1.8201,11,0
qian2023,354,6,positioned,9.1024,11.9958,-2.8934,11,0
qian2023,354,7,properly,8.2062,10.0382,-1.8320,11,0
qian2023,354,8,before,5.9883,7.0691,-1.0808,11,0
qian2023,354,9,shipping,7.6663,10.3160,-2.6496,11,0
qian2023,354,10,.,1.4158,2.3026,-0.8868,11,0
qian2023,354,11,<eos>,5.1225,2.3026,2.8199,11,0
qian2023,355,0,The,3.9742,2.9243,1.0498,11,0
qian2023,355,1,label,9.4109,10.5234,-1.1125,11,0
qian2023,355,2,on,4.3610,4.8122,-0.4511,11,0
qian2023,355,3,the,0.9811,2.9243,-1.9432,11,0
qian2023,355,4,boxes,8.3289,10.7290,-2.4001,11,0
qian2023,355,5,are,4.3340,5.2030,-0.8690,11,0
qian2023,355,6,positioned,7.8607,11.9958,-4.1351,11,0
qian2023,355,7,properly,8.0314,10.0382,-2.0068,11,0
qian2023,355,8,before,5.9868,7.0691,-1.0823,11,0
qian2023,355,9,shipping,7.5319,10.3160,-2.7841,11,0
qian2023,355,10,.,1.4526,2.3026,-0.8500,11,0
qian2023,355,11,<eos>,5.1448,2.3026,2.8422,11,0
qian2023,356,0,The,3.9742,2.9243,1.0498,11,0
qian2023,356,1,labels,11.4888,11.3306,0.1582,11,0
qian2023,356,2,on,2.9355,4.8122,-1.8767,11,0
qian2023,356,3,the,1.0711,2.9243,-1.8533,11,0
qian2023,356,4,box,5.9872,9.1150,-3.1278,11,0
qian2023,356,5,is,4.8023,4.4482,0.3541,11,0
qian2023,356,6,positioned,7.8071,11.9958,-4.1887,11,0
qian2023,356,7,properly,7.6047,10.0382,-2.4334,11,0
qian2023,356,8,before,5.6338,7.0691,-1.4353,11,0
qian2023,356,9,shipping,7.6007,10.3160,-2.7153,11,0
qian2023,356,10,.,1.4333,2.3026,-0.8693,11,0
qian2023,356,11,<eos>,4.7283,2.3026,2.4257,11,0
qian2023,357,0,The,3.9742,2.9243,1.0498,11,0
qian2023,357,1,labels,11.4888,11.3306,0.1582,11,0
qian2023,357,2,on,2.9355,4.8122,-1.8767,11,0
qian2023,357,3,the,1.0711,2.9243,-1.8533,11,0
qian2023,357,4,box,5.9872,9.1150,-3.1278,11,0
qian2023,357,5,are,2.1205,5.2030,-3.0825,11,0
qian2023,357,6,positioned,8.1687,11.9958,-3.8271,11,0
qian2023,357,7,properly,7.6703,10.0382,-2.3678,11,0
qian2023,357,8,before,5.6235,7.0691,-1.4456,11,0
qian2023,357,9,shipping,7.4270,10.3160,-2.8890,11,0
qian2023,357,10,.,1.4753,2.3026,-0.8273,11,0
qian2023,357,11,<eos>,4.8087,2.3026,2.5061,11,0
qian2023,358,0,The,3.9742,2.9243,1.0498,11,0
qian2023,358,1,labels,11.4888,11.3306,0.1582,11,0
qian2023,358,2,on,2.9355,4.8122,-1.8767,11,0
qian2023,358,3,the,1.0711,2.9243,-1.8533,11,0
qian2023,358,4,boxes,5.7479,10.7290,-4.9811,11,0
qian2023,358,5,is,5.4111,4.4482,0.9629,11,0
qian2023,358,6,positioned,8.4735,11.9958,-3.5223,11,0
qian2023,358,7,properly,7.5775,10.0382,-2.4606,11,0
qian2023,358,8,before,5.6790,7.0691,-1.3901,11,0
qian2023,358,9,shipping,7.4302,10.3160,-2.8858,11,0
qian2023,358,10,.,1.5632,2.3026,-0.7394,11,0
qian2023,358,11,<eos>,4.9781,2.3026,2.6756,11,0
qian2023,359,0,The,3.9742,2.9243,1.0498,11,0
qian2023,359,1,labels,11.4888,11.3306,0.1582,11,0
qian2023,359,2,on,2.9355,4.8122,-1.8767,11,0
qian2023,359,3,the,1.0711,2.9243,-1.8533,11,0
qian2023,359,4,boxes,5.7479,10.7290,-4.9811,11,0
qian2023,359,5,are,1.6537,5.2030,-3.5493,11,0
qian2023,359,6,positioned,7.8191,11.9958,-4.1767,11,0
qian2023,359,7,properly,7.5941,10.0382,-2.4441,11,0
qian2023,359,8,before,5.7365,7.0691,-1.3326,11,0
qian2023,359,9,shipping,7.3371,10.3160,-2.9789,11,0
qian2023,359,10,.,1.5553,2.3026,-0.7473,11,0
qian2023,359,11,<eos>,5.1208,2.3026,2.8182,11,0
qian2023,360,0,The,3.9742,2.9243,1.0498,12,0
qian2023,360,1,painting,10.5023,10.1316,0.3707,12,0
qian2023,360,2,on,4.1659,4.8122,-0.6463,12,0
qian2023,360,3,the,0.8803,2.9243,-2.0441,12,0
qian2023,360,4,wall,1.9518,9.1150,-7.1632,12,0
qian2023,360,5,was,2.6572,5.0192,-2.3620,12,0
qian2023,360,6,taken,4.2631,8.4495,-4.1865,12,0
qian2023,360,7,down,3.3317,7.1835,-3.8518,12,0
qian2023,360,8,during,5.4556,7.5521,-2.0965,12,0
qian2023,360,9,the,0.8099,2.9243,-2.1145,12,0
qian2023,360,10,renovation,5.9970,12.1108,-6.1138,12,0
qian2023,360,11,.,2.6909,2.3026,0.3883,12,0
qian2023,360,12,<eos>,4.7502,2.3026,2.4477,12,0
qian2023,361,0,The,3.9742,2.9243,1.0498,12,0
qian2023,361,1,painting,10.5023,10.1316,0.3707,12,0
qian2023,361,2,on,4.1659,4.8122,-0.6463,12,0
qian2023,361,3,the,0.8803,2.9243,-2.0441,12,0
qian2023,361,4,wall,1.9518,9.1150,-7.1632,12,0
qian2023,361,5,were,8.4765,6.1239,2.3527,12,0
qian2023,361,6,taken,4.0909,8.4495,-4.3587,12,0
qian2023,361,7,down,3.5078,7.1835,-3.6757,12,0
qian2023,361,8,during,5.3981,7.5521,-2.1540,12,0
qian2023,361,9,the,0.7925,2.9243,-2.1318,12,0
qian2023,361,10,renovation,5.9806,12.1108,-6.1302,12,0
qian2023,361,11,.,2.6621,2.3026,0.3596,12,0
qian2023,361,12,<eos>,4.8284,2.3026,2.5258,12,0
qian2023,362,0,The,3.9742,2.9243,1.0498,12,0
qian2023,362,1,painting,10.5023,10.1316,0.3707,12,0
qian2023,362,2,on,4.1659,4.8122,-0.6463,12,0
qian2023,362,3,the,0.8803,2.9243,-2.0441,12,0
qian2023,362,4,walls,4.2075,10.0850,-5.8775,12,0
qian2023,362,5,was,3.5518,5.0192,-1.4674,12,0
qian2023,362,6,taken,4.3437,8.4495,-4.1058,12,0
qian2023,362,7,down,3.3489,7.1835,-3.8346,12,0
qian2023,362,8,during,5.4921,7.5521,-2.0601,12,0
qian2023,362,9,the,0.7487,2.9243,-2.1757,12,0
qian2023,362,10,renovation,6.0803,12.1108,-6.0304,12,0
qian2023,362,11,.,2.6401,2.3026,0.3375,12,0
qian2023,362,12,<eos>,4.8169,2.3026,2.5143,12,0
qian2023,363,0,The,3.9742,2.9243,1.0498,12,0
qian2023,363,1,painting,10.5023,10.1316,0.3707,12,0
qian2023,363,2,on,4.1659,4.8122,-0.6463,12,0
qian2023,363,3,the,0.8803,2.9243,-2.0441,12,0
qian2023,363,4,walls,4.2075,10.0850,-5.8775,12,0
qian2023,363,5,were,7.1422,6.1239,1.0184,12,0
qian2023,363,6,taken,4.2855,8.4495,-4.1641,12,0
qian2023,363,7,down,3.3890,7.1835,-3.7945,12,0
qian2023,363,8,during,5.4398,7.5521,-2.1123,12,0
qian2023,363,9,the,0.7291,2.9243,-2.1953,12,0
qian2023,363,10,renovation,6.0735,12.1108,-6.0372,12,0
qian2023,363,11,.,2.6097,2.3026,0.3071,12,0
qian2023,363,12,<eos>,4.9011,2.3026,2.5985,12,0
qian2023,364,0,The,3.9742,2.9243,1.0498,12,0
qian2023,364,1,paintings,11.6216,11.0555,0.5661,12,0
qian2023,364,2,on,3.4902,4.8122,-1.3220,12,0
qian2023,364,3,the,0.9598,2.9243,-1.9645,12,0
qian2023,364,4,wall,2.1479,9.1150,-6.9671,12,0
qian2023,364,5,was,6.6959,5.0192,1.6767,12,0
qian2023,364,6,taken,4.0209,8.4495,-4.4286,12,0
qian2023,364,7,down,3.8324,7.1835,-3.3511,12,0
qian2023,364,8,during,4.7669,7.5521,-2.7852,12,0
qian2023,364,9,the,0.5770,2.9243,-2.3474,12,0
qian2023,364,10,renovation,6.0571,12.1108,-6.0536,12,0
qian2023,364,11,.,3.1021,2.3026,0.7996,12,0
qian2023,364,12,<eos>,4.9150,2.3026,2.6124,12,0
qian2023,365,0,The,3.9742,2.9243,1.0498,12,0
qian2023,365,1,paintings,11.6216,11.0555,0.5661,12,0
qian2023,365,2,on,3.4902,4.8122,-1.3220,12,0
qian2023,365,3,the,0.9598,2.9243,-1.9645,12,0
qian2023,365,4,wall,2.1479,9.1150,-6.9671,12,0
qian2023,365,5,were,3.1635,6.1239,-2.9603,12,0
qian2023,365,6,taken,3.6735,8.4495,-4.7761,12,0
qian2023,365,7,down,4.0686,7.1835,-3.1149,12,0
qian2023,365,8,during,4.7821,7.5521,-2.7701,12,0
qian2023,365,9,the,0.5894,2.9243,-2.3350,12,0
qian2023,365,10,renovation,5.9872,12.1108,-6.1235,12,0
qian2023,365,11,.,3.1035,2.3026,0.8009,12,0
qian2023,365,12,<eos>,4.9176,2.3026,2.6150,12,0
qian2023,366,0,The,3.9742,2.9243,1.0498,12,0
qian2023,366,1,paintings,11.6216,11.0555,0.5661,12,0
qian2023,366,2,on,3.4902,4.8122,-1.3220,12,0
qian2023,366,3,the,0.9598,2.9243,-1.9645,12,0
qian2023,366,4,walls,2.1162,10.0850,-7.9688,12,0
qian2023,366,5,was,7.3665,5.0192,2.3474,12,0
qian2023,366,6,taken,4.0505,8.4495,-4.3991,12,0
qian2023,366,7,down,3.9465,7.1835,-3.2370,12,0
qian2023,366,8,during,4.7958,7.5521,-2.7563,12,0
qian2023,366,9,the,0.5344,2.9243,-2.3899,12,0
qian2023,366,10,renovation,6.2117,12.1108,-5.8990,12,0
qian2023,366,11,.,3.0841,2.3026,0.7815,12,0
qian2023,366,12,<eos>,4.9995,2.3026,2.6969,12,0
qian2023,367,0,The,3.9742,2.9243,1.0498,12,0
qian2023,367,1,paintings,11.6216,11.0555,0.5661,12,0
qian2023,367,2,on,3.4902,4.8122,-1.3220,12,0
qian2023,367,3,the,0.9598,2.9243,-1.9645,12,0
qian2023,367,4,walls,2.1162,10.0850,-7.9688,12,0
qian2023,367,5,were,3.6969,6.1239,-2.4270,12,0
qian2023,367,6,taken,3.5933,8.4495,-4.8563,12,0
qian2023,367,7,down,4.1121,7.1835,-3.0714,12,0
qian2023,367,8,during,4.7965,7.5521,-2.7556,12,0
qian2023,367,9,the,0.5473,2.9243,-2.3771,12,0
qian2023,367,10,renovation,6.1227,12.1108,-5.9881,12,0
qian2023,367,11,.,3.0537,2.3026,0.7511,12,0
qian2023,367,12,<eos>,5.0176,2.3026,2.7150,12,0
qian2023,368,0,The,3.9742,2.9243,1.0498,11,0
qian2023,368,1,slogan,9.7808,12.1573,-2.3765,11,0
qian2023,368,2,on,4.6938,4.8122,-0.1184,11,0
qian2023,368,3,the,1.0274,2.9243,-1.8970,11,0
qian2023,368,4,poster,6.2304,11.0747,-4.8443,11,0
qian2023,368,5,is,2.2065,4.4482,-2.2417,11,0
qian2023,368,6,printed,9.1331,10.5926,-1.4595,11,0
qian2023,368,7,in,2.0706,3.9846,-1.9140,11,0
qian2023,368,8,larger,9.7214,9.6243,0.0971,11,0
qian2023,368,9,font,4.0258,11.9734,-7.9475,11,0
qian2023,368,10,.,1.5872,2.3026,-0.7154,11,0
qian2023,368,11,<eos>,4.8016,2.3026,2.4990,11,0
qian2023,369,0,The,3.9742,2.9243,1.0498,11,0
qian2023,369,1,slogan,9.7808,12.1573,-2.3765,11,0
qian2023,369,2,on,4.6938,4.8122,-0.1184,11,0
qian2023,369,3,the,1.0274,2.9243,-1.8970,11,0
qian2023,369,4,poster,6.2304,11.0747,-4.8443,11,0
qian2023,369,5,are,7.2364,5.2030,2.0334,11,0
qian2023,369,6,printed,8.0938,10.5926,-2.4988,11,0
qian2023,369,7,in,2.0539,3.9846,-1.9307,11,0
qian2023,369,8,larger,9.6370,9.6243,0.0126,11,0
qian2023,369,9,font,4.1542,11.9734,-7.8192,11,0
qian2023,369,10,.,1.8418,2.3026,-0.4608,11,0
qian2023,369,11,<eos>,4.9090,2.3026,2.6064,11,0
qian2023,370,0,The,3.9742,2.9243,1.0498,11,0
qian2023,370,1,slogan,9.7808,12.1573,-2.3765,11,0
qian2023,370,2,on,4.6938,4.8122,-0.1184,11,0
qian2023,370,3,the,1.0274,2.9243,-1.8970,11,0
qian2023,370,4,posters,7.9340,11.5362,-3.6022,11,0
qian2023,370,5,is,1.7548,4.4482,-2.6934,11,0
qian2023,370,6,printed,8.7538,10.5926,-1.8388,11,0
qian2023,370,7,in,1.9272,3.9846,-2.0574,11,0
qian2023,370,8,larger,9.3760,9.6243,-0.2483,11,0
qian2023,370,9,font,4.2735,11.9734,-7.6998,11,0
qian2023,370,10,.,1.8608,2.3026,-0.4418,11,0
qian2023,370,11,<eos>,5.0967,2.3026,2.7941,11,0
qian2023,371,0,The,3.9742,2.9243,1.0498,11,0
qian2023,371,1,slogan,9.7808,12.1573,-2.3765,11,0
qian2023,371,2,on,4.6938,4.8122,-0.1184,11,0
qian2023,371,3,the,1.0274,2.9243,-1.8970,11,0
qian2023,371,4,posters,7.9340,11.5362,-3.6022,11,0
qian2023,371,5,are,4.9630,5.2030,-0.2400,11,0
qian2023,371,6,printed,7.2833,10.5926,-3.3094,11,0
qian2023,371,7,in,1.9339,3.9846,-2.0507,11,0
qian2023,371,8,larger,9.2979,9.6243,-0.3265,11,0
qian2023,371,9,font,4.4016,11.9734,-7.5717,11,0
qian2023,371,10,.,2.0253,2.3026,-0.2772,11,0
qian2023,371,11,<eos>,5.1458,2.3026,2.8432,11,0
qian2023,372,0,The,3.9742,2.9243,1.0498,11,0
qian2023,372,1,slogans,12.5925,13.0547,-0.4622,11,0
qian2023,372,2,on,2.7465,4.8122,-2.0657,11,0
qian2023,372,3,the,0.9659,2.9243,-1.9584,11,0
qian2023,372,4,poster,7.7257,11.0747,-3.3490,11,0
qian2023,372,5,is,6.2875,4.4482,1.8394,11,0
qian2023,372,6,printed,8.4438,10.5926,-2.1488,11,0
qian2023,372,7,in,1.8413,3.9846,-2.1433,11,0
qian2023,372,8,larger,9.6916,9.6243,0.0672,11,0
qian2023,372,9,font,3.9761,11.9734,-7.9973,11,0
qian2023,372,10,.,1.8345,2.3026,-0.4681,11,0
qian2023,372,11,<eos>,5.1388,2.3026,2.8362,11,0
qian2023,373,0,The,3.9742,2.9243,1.0498,11,0
qian2023,373,1,slogans,12.5925,13.0547,-0.4622,11,0
qian2023,373,2,on,2.7465,4.8122,-2.0657,11,0
qian2023,373,3,the,0.9659,2.9243,-1.9584,11,0
qian2023,373,4,poster,7.7257,11.0747,-3.3490,11,0
qian2023,373,5,are,2.0727,5.2030,-3.1303,11,0
qian2023,373,6,printed,8.1471,10.5926,-2.4455,11,0
qian2023,373,7,in,1.7516,3.9846,-2.2330,11,0
qian2023,373,8,larger,9.8256,9.6243,0.2012,11,0
qian2023,373,9,font,3.8887,11.9734,-8.0847,11,0
qian2023,373,10,.,1.9993,2.3026,-0.3033,11,0
qian2023,373,11,<eos>,5.3493,2.3026,3.0467,11,0
qian2023,374,0,The,3.9742,2.9243,1.0498,11,0
qian2023,374,1,slogans,12.5925,13.0547,-0.4622,11,0
qian2023,374,2,on,2.7465,4.8122,-2.0657,11,0
qian2023,374,3,the,0.9659,2.9243,-1.9584,11,0
qian2023,374,4,posters,7.6560,11.5362,-3.8802,11,0
qian2023,374,5,is,5.2365,4.4482,0.7883,11,0
qian2023,374,6,printed,8.2016,10.5926,-2.3911,11,0
qian2023,374,7,in,1.7579,3.9846,-2.2267,11,0
qian2023,374,8,larger,9.4790,9.6243,-0.1454,11,0
qian2023,374,9,font,4.3772,11.9734,-7.5962,11,0
qian2023,374,10,.,2.1902,2.3026,-0.1124,11,0
qian2023,374,11,<eos>,5.4078,2.3026,3.1052,11,0
qian2023,375,0,The,3.9742,2.9243,1.0498,11,0
qian2023,375,1,slogans,12.5925,13.0547,-0.4622,11,0
qian2023,375,2,on,2.7465,4.8122,-2.0657,11,0
qian2023,375,3,the,0.9659,2.9243,-1.9584,11,0
qian2023,375,4,posters,7.6560,11.5362,-3.8802,11,0
qian2023,375,5,are,1.7915,5.2030,-3.4115,11,0
qian2023,375,6,printed,7.4987,10.5926,-3.0939,11,0
qian2023,375,7,in,1.7435,3.9846,-2.2410,11,0
qian2023,375,8,larger,9.5996,9.6243,-0.0247,11,0
qian2023,375,9,font,4.2771,11.9734,-7.6963,11,0
qian2023,375,10,.,2.2274,2.3026,-0.0752,11,0
qian2023,375,11,<eos>,5.4984,2.3026,3.1959,11,0
qian2023,376,0,The,3.9742,2.9243,1.0498,12,0
qian2023,376,1,debate,7.8389,10.0382,-2.1993,12,0
qian2023,376,2,with,4.4781,4.9505,-0.4724,12,0
qian2023,376,3,the,1.3814,2.9243,-1.5430,12,0
qian2023,376,4,lawyer,9.5954,9.9696,-0.3742,12,0
qian2023,376,5,is,3.1042,4.4482,-1.3440,12,0
qian2023,376,6,broadcast,9.1141,10.6168,-1.5027,12,0
qian2023,376,7,live,2.0409,7.9662,-5.9253,12,0
qian2023,376,8,on,0.8459,4.8122,-3.9663,12,0
qian2023,376,9,the,1.7192,2.9243,-1.2051,12,0
qian2023,376,10,radio,4.0535,9.1905,-5.1370,12,0
qian2023,376,11,.,1.6640,2.3026,-0.6386,12,0
qian2023,376,12,<eos>,4.9048,2.3026,2.6022,12,0
qian2023,377,0,The,3.9742,2.9243,1.0498,12,0
qian2023,377,1,debate,7.8389,10.0382,-2.1993,12,0
qian2023,377,2,with,4.4781,4.9505,-0.4724,12,0
qian2023,377,3,the,1.3814,2.9243,-1.5430,12,0
qian2023,377,4,lawyer,9.5954,9.9696,-0.3742,12,0
qian2023,377,5,are,7.0966,5.2030,1.8936,12,0
qian2023,377,6,broadcast,8.9165,10.6168,-1.7003,12,0
qian2023,377,7,live,1.9063,7.9662,-6.0599,12,0
qian2023,377,8,on,1.0085,4.8122,-3.8037,12,0
qian2023,377,9,the,1.6465,2.9243,-1.2779,12,0
qian2023,377,10,radio,4.0683,9.1905,-5.1223,12,0
qian2023,377,11,.,1.7134,2.3026,-0.5892,12,0
qian2023,377,12,<eos>,4.9567,2.3026,2.6541,12,0
qian2023,378,0,The,3.9742,2.9243,1.0498,12,0
qian2023,378,1,debate,7.8389,10.0382,-2.1993,12,0
qian2023,378,2,with,4.4781,4.9505,-0.4724,12,0
qian2023,378,3,the,1.3814,2.9243,-1.5430,12,0
qian2023,378,4,lawyers,8.9653,10.6168,-1.6516,12,0
qian2023,378,5,is,2.4323,4.4482,-2.0159,12,0
qian2023,378,6,broadcast,8.9718,10.6168,-1.6450,12,0
qian2023,378,7,live,2.4113,7.9662,-5.5549,12,0
qian2023,378,8,on,0.8597,4.8122,-3.9525,12,0
qian2023,378,9,the,1.6171,2.9243,-1.3072,12,0
qian2023,378,10,radio,4.1541,9.1905,-5.0365,12,0
qian2023,378,11,.,1.7229,2.3026,-0.5797,12,0
qian2023,378,12,<eos>,4.8178,2.3026,2.5152,12,0
qian2023,379,0,The,3.9742,2.9243,1.0498,12,0
qian2023,379,1,debate,7.8389,10.0382,-2.1993,12,0
qian2023,379,2,with,4.4781,4.9505,-0.4724,12,0
qian2023,379,3,the,1.3814,2.9243,-1.5430,12,0
qian2023,379,4,lawyers,8.9653,10.6168,-1.6516,12,0
qian2023,379,5,are,5.4515,5.2030,0.2484,12,0
qian2023,379,6,broadcast,9.0890,10.6168,-1.5278,12,0
qian2023,379,7,live,2.1623,7.9662,-5.8039,12,0
qian2023,379,8,on,0.9967,4.8122,-3.8155,12,0
qian2023,379,9,the,1.5397,2.9243,-1.3847,12,0
qian2023,379,10,radio,4.1869,9.1905,-5.0036,12,0
qian2023,379,11,.,1.7381,2.3026,-0.5645,12,0
qian2023,379,12,<eos>,4.8952,2.3026,2.5926,12,0
qian2023,380,0,The,3.9742,2.9243,1.0498,12,0
qian2023,380,1,debates,11.1147,11.5590,-0.4442,12,0
qian2023,380,2,with,4.5382,4.9505,-0.4122,12,0
qian2023,380,3,the,1.6235,2.9243,-1.3008,12,0
qian2023,380,4,lawyer,9.2195,9.9696,-0.7502,12,0
qian2023,380,5,is,5.3759,4.4482,0.9277,12,0
qian2023,380,6,broadcast,9.3385,10.6168,-1.2783,12,0
qian2023,380,7,live,2.0764,7.9662,-5.8898,12,0
qian2023,380,8,on,0.8188,4.8122,-3.9934,12,0
qian2023,380,9,the,1.6263,2.9243,-1.2981,12,0
qian2023,380,10,radio,4.1985,9.1905,-4.9921,12,0
qian2023,380,11,.,1.7833,2.3026,-0.5193,12,0
qian2023,380,12,<eos>,4.7787,2.3026,2.4761,12,0
qian2023,381,0,The,3.9742,2.9243,1.0498,12,0
qian2023,381,1,debates,11.1147,11.5590,-0.4442,12,0
qian2023,381,2,with,4.5382,4.9505,-0.4122,12,0
qian2023,381,3,the,1.6235,2.9243,-1.3008,12,0
qian2023,381,4,lawyer,9.2195,9.9696,-0.7502,12,0
qian2023,381,5,are,3.2555,5.2030,-1.9475,12,0
qian2023,381,6,broadcast,8.4170,10.6168,-2.1998,12,0
qian2023,381,7,live,1.7510,7.9662,-6.2152,12,0
qian2023,381,8,on,0.9387,4.8122,-3.8735,12,0
qian2023,381,9,the,1.5452,2.9243,-1.3791,12,0
qian2023,381,10,radio,4.1625,9.1905,-5.0280,12,0
qian2023,381,11,.,1.7631,2.3026,-0.5395,12,0
qian2023,381,12,<eos>,4.9245,2.3026,2.6219,12,0
qian2023,382,0,The,3.9742,2.9243,1.0498,12,0
qian2023,382,1,debates,11.1147,11.5590,-0.4442,12,0
qian2023,382,2,with,4.5382,4.9505,-0.4122,12,0
qian2023,382,3,the,1.6235,2.9243,-1.3008,12,0
qian2023,382,4,lawyers,8.2888,10.6168,-2.3280,12,0
qian2023,382,5,is,5.8188,4.4482,1.3707,12,0
qian2023,382,6,broadcast,9.1255,10.6168,-1.4914,12,0
qian2023,382,7,live,2.3696,7.9662,-5.5966,12,0
qian2023,382,8,on,0.8506,4.8122,-3.9616,12,0
qian2023,382,9,the,1.5355,2.9243,-1.3889,12,0
qian2023,382,10,radio,4.3327,9.1905,-4.8579,12,0
qian2023,382,11,.,1.8215,2.3026,-0.4811,12,0
qian2023,382,12,<eos>,4.6933,2.3026,2.3907,12,0
qian2023,383,0,The,3.9742,2.9243,1.0498,12,0
qian2023,383,1,debates,11.1147,11.5590,-0.4442,12,0
qian2023,383,2,with,4.5382,4.9505,-0.4122,12,0
qian2023,383,3,the,1.6235,2.9243,-1.3008,12,0
qian2023,383,4,lawyers,8.2888,10.6168,-2.3280,12,0
qian2023,383,5,are,2.5262,5.2030,-2.6768,12,0
qian2023,383,6,broadcast,8.4693,10.6168,-2.1475,12,0
qian2023,383,7,live,2.0478,7.9662,-5.9184,12,0
qian2023,383,8,on,0.9405,4.8122,-3.8717,12,0
qian2023,383,9,the,1.4567,2.9243,-1.4676,12,0
qian2023,383,10,radio,4.3087,9.1905,-4.8818,12,0
qian2023,383,11,.,1.7765,2.3026,-0.5261,12,0
qian2023,383,12,<eos>,4.8076,2.3026,2.5051,12,0
qian2023,384,0,The,3.9734,2.9243,1.0490,14,0
qian2023,384,1,contract,8.9315,9.3485,-0.4170,14,0
qian2023,384,2,with,3.1930,4.9505,-1.7575,14,0
qian2023,384,3,the,1.2177,2.9243,-1.7066,14,0
qian2023,384,4,company,5.0146,7.8291,-2.8145,14,0
qian2023,384,5,has,3.0771,6.0576,-2.9805,14,0
qian2023,384,6,been,0.9343,6.2872,-5.3529,14,0
qian2023,384,7,examined,8.3215,11.2818,-2.9603,14,0
qian2023,384,8,carefully,6.5362,10.4551,-3.9190,14,0
qian2023,384,9,by,2.0437,5.3882,-3.3446,14,0
qian2023,384,10,a,2.5287,3.7766,-1.2479,14,0
qian2023,384,11,legal,6.2109,9.0280,-2.8171,14,0
qian2023,384,12,consultant,5.6039,11.2128,-5.6089,14,0
qian2023,384,13,.,1.7524,2.3026,-0.5502,14,0
qian2023,384,14,<eos>,5.4023,2.3026,3.0997,14,0
qian2023,385,0,The,3.9734,2.9243,1.0490,14,0
qian2023,385,1,contract,8.9315,9.3485,-0.4170,14,0
qian2023,385,2,with,3.1930,4.9505,-1.7575,14,0
qian2023,385,3,the,1.2177,2.9243,-1.7066,14,0
qian2023,385,4,company,5.0146,7.8291,-2.8145,14,0
qian2023,385,5,have,7.3481,5.2726,2.0755,14,0
qian2023,385,6,been,1.0029,6.2872,-5.2843,14,0
qian2023,385,7,examined,8.2482,11.2818,-3.0336,14,0
qian2023,385,8,carefully,6.4583,10.4551,-3.9968,14,0
qian2023,385,9,by,2.0589,5.3882,-3.3293,14,0
qian2023,385,10,a,2.4511,3.7766,-1.3256,14,0
qian2023,385,11,legal,6.2277,9.0280,-2.8004,14,0
qian2023,385,12,consultant,5.5396,11.2128,-5.6732,14,0
qian2023,385,13,.,1.7796,2.3026,-0.5230,14,0
qian2023,385,14,<eos>,5.3500,2.3026,3.0474,14,0
qian2023,386,0,The,3.9734,2.9243,1.0490,14,0
qian2023,386,1,contract,8.9315,9.3485,-0.4170,14,0
qian2023,386,2,with,3.1930,4.9505,-1.7575,14,0
qian2023,386,3,the,1.2177,2.9243,-1.7066,14,0
qian2023,386,4,companies,7.8422,8.7982,-0.9560,14,0
qian2023,386,5,has,3.8551,6.0576,-2.2025,14,0
qian2023,386,6,been,0.9202,6.2872,-5.3670,14,0
qian2023,386,7,examined,8.1605,11.2818,-3.1213,14,0
qian2023,386,8,carefully,6.6509,10.4551,-3.8042,14,0
qian2023,386,9,by,2.2854,5.3882,-3.1028,14,0
qian2023,386,10,a,2.7750,3.7766,-1.0016,14,0
qian2023,386,11,legal,6.2128,9.0280,-2.8152,14,0
qian2023,386,12,consultant,5.8912,11.2128,-5.3216,14,0
qian2023,386,13,.,1.7142,2.3026,-0.5884,14,0
qian2023,386,14,<eos>,5.4801,2.3026,3.1775,14,0
qian2023,387,0,The,3.9734,2.9243,1.0490,14,0
qian2023,387,1,contract,8.9315,9.3485,-0.4170,14,0
qian2023,387,2,with,3.1930,4.9505,-1.7575,14,0
qian2023,387,3,the,1.2177,2.9243,-1.7066,14,0
qian2023,387,4,companies,7.8422,8.7982,-0.9560,14,0
qian2023,387,5,have,7.4099,5.2726,2.1373,14,0
qian2023,387,6,been,1.3461,6.2872,-4.9411,14,0
qian2023,387,7,examined,8.3043,11.2818,-2.9776,14,0
qian2023,387,8,carefully,6.6951,10.4551,-3.7600,14,0
qian2023,387,9,by,2.3144,5.3882,-3.0738,14,0
qian2023,387,10,a,2.7091,3.7766,-1.0675,14,0
qian2023,387,11,legal,6.2101,9.0280,-2.8180,14,0
qian2023,387,12,consultant,5.8596,11.2128,-5.3532,14,0
qian2023,387,13,.,1.7598,2.3026,-0.5428,14,0
qian2023,387,14,<eos>,5.5235,2.3026,3.2209,14,0
qian2023,388,0,The,3.9734,2.9243,1.0490,14,0
qian2023,388,1,contracts,11.0866,10.5926,0.4940,14,0
qian2023,388,2,with,3.0765,4.9505,-1.8739,14,0
qian2023,388,3,the,1.3629,2.9243,-1.5614,14,0
qian2023,388,4,company,4.8519,7.8291,-2.9771,14,0
qian2023,388,5,has,7.1751,6.0576,1.1175,14,0
qian2023,388,6,been,1.3670,6.2872,-4.9202,14,0
qian2023,388,7,examined,8.0248,11.2818,-3.2571,14,0
qian2023,388,8,carefully,6.2335,10.4551,-4.2217,14,0
qian2023,388,9,by,2.1953,5.3882,-3.1929,14,0
qian2023,388,10,a,2.7008,3.7766,-1.0759,14,0
qian2023,388,11,legal,6.1632,9.0280,-2.8648,14,0
qian2023,388,12,consultant,5.6542,11.2128,-5.5587,14,0
qian2023,388,13,.,1.7408,2.3026,-0.5618,14,0
qian2023,388,14,<eos>,5.2596,2.3026,2.9570,14,0
qian2023,389,0,The,3.9734,2.9243,1.0490,14,0
qian2023,389,1,contracts,11.0866,10.5926,0.4940,14,0
qian2023,389,2,with,3.0765,4.9505,-1.8739,14,0
qian2023,389,3,the,1.3629,2.9243,-1.5614,14,0
qian2023,389,4,company,4.8519,7.8291,-2.9771,14,0
qian2023,389,5,have,2.5654,5.2726,-2.7072,14,0
qian2023,389,6,been,1.0848,6.2872,-5.2024,14,0
qian2023,389,7,examined,7.5653,11.2818,-3.7165,14,0
qian2023,389,8,carefully,6.1675,10.4551,-4.2877,14,0
qian2023,389,9,by,2.2241,5.3882,-3.1641,14,0
qian2023,389,10,a,2.6222,3.7766,-1.1544,14,0
qian2023,389,11,legal,6.1587,9.0280,-2.8693,14,0
qian2023,389,12,consultant,5.6041,11.2128,-5.6087,14,0
qian2023,389,13,.,1.7044,2.3026,-0.5982,14,0
qian2023,389,14,<eos>,5.2079,2.3026,2.9053,14,0
qian2023,390,0,The,3.9734,2.9243,1.0490,14,0
qian2023,390,1,contracts,11.0866,10.5926,0.4940,14,0
qian2023,390,2,with,3.0765,4.9505,-1.8739,14,0
qian2023,390,3,the,1.3629,2.9243,-1.5614,14,0
qian2023,390,4,companies,5.7296,8.7982,-3.0686,14,0
qian2023,390,5,has,7.5278,6.0576,1.4701,14,0
qian2023,390,6,been,1.2044,6.2872,-5.0828,14,0
qian2023,390,7,examined,7.6716,11.2818,-3.6103,14,0
qian2023,390,8,carefully,6.4284,10.4551,-4.0267,14,0
qian2023,390,9,by,2.4342,5.3882,-2.9540,14,0
qian2023,390,10,a,2.8951,3.7766,-0.8815,14,0
qian2023,390,11,legal,6.2077,9.0280,-2.8204,14,0
qian2023,390,12,consultant,5.9765,11.2128,-5.2364,14,0
qian2023,390,13,.,1.6705,2.3026,-0.6321,14,0
qian2023,390,14,<eos>,5.3550,2.3026,3.0525,14,0
qian2023,391,0,The,3.9734,2.9243,1.0490,14,0
qian2023,391,1,contracts,11.0866,10.5926,0.4940,14,0
qian2023,391,2,with,3.0765,4.9505,-1.8739,14,0
qian2023,391,3,the,1.3629,2.9243,-1.5614,14,0
qian2023,391,4,companies,5.7296,8.7982,-3.0686,14,0
qian2023,391,5,have,3.9407,5.2726,-1.3319,14,0
qian2023,391,6,been,1.1364,6.2872,-5.1508,14,0
qian2023,391,7,examined,7.4015,11.2818,-3.8803,14,0
qian2023,391,8,carefully,6.4931,10.4551,-3.9621,14,0
qian2023,391,9,by,2.4337,5.3882,-2.9545,14,0
qian2023,391,10,a,2.8124,3.7766,-0.9643,14,0
qian2023,391,11,legal,6.1836,9.0280,-2.8444,14,0
qian2023,391,12,consultant,5.9527,11.2128,-5.2601,14,0
qian2023,391,13,.,1.6552,2.3026,-0.6474,14,0
qian2023,391,14,<eos>,5.3925,2.3026,3.0899,14,0
qian2023,392,0,The,3.9742,2.9243,1.0498,10,0
qian2023,392,1,project,6.2943,8.7035,-2.4092,10,0
qian2023,392,2,with,6.9507,4.9505,2.0002,10,0
qian2023,392,3,the,1.2397,2.9243,-1.6846,10,0
qian2023,392,4,team,5.6255,7.6670,-2.0415,10,0
qian2023,392,5,has,3.7789,6.0576,-2.2787,10,0
qian2023,392,6,been,0.8522,6.2872,-5.4350,10,0
qian2023,392,7,very,4.5685,6.9078,-2.3393,10,0
qian2023,392,8,successful,0.4354,9.3485,-8.9131,10,0
qian2023,392,9,.,2.1938,2.3026,-0.1087,10,0
qian2023,392,10,<eos>,5.4733,2.3026,3.1707,10,0
qian2023,393,0,The,3.9742,2.9243,1.0498,10,0
qian2023,393,1,project,6.2943,8.7035,-2.4092,10,0
qian2023,393,2,with,6.9507,4.9505,2.0002,10,0
qian2023,393,3,the,1.2397,2.9243,-1.6846,10,0
qian2023,393,4,team,5.6255,7.6670,-2.0415,10,0
qian2023,393,5,have,5.4260,5.2726,0.1533,10,0
qian2023,393,6,been,1.2302,6.2872,-5.0569,10,0
qian2023,393,7,very,4.3533,6.9078,-2.5544,10,0
qian2023,393,8,successful,0.4468,9.3485,-8.9016,10,0
qian2023,393,9,.,2.2776,2.3026,-0.0250,10,0
qian2023,393,10,<eos>,5.4770,2.3026,3.1744,10,0
qian2023,394,0,The,3.9742,2.9243,1.0498,10,0
qian2023,394,1,project,6.2943,8.7035,-2.4092,10,0
qian2023,394,2,with,6.9507,4.9505,2.0002,10,0
qian2023,394,3,the,1.2397,2.9243,-1.6846,10,0
qian2023,394,4,teams,8.7676,9.2797,-0.5121,10,0
qian2023,394,5,has,4.9639,6.0576,-1.0937,10,0
qian2023,394,6,been,0.8157,6.2872,-5.4715,10,0
qian2023,394,7,very,4.3695,6.9078,-2.5383,10,0
qian2023,394,8,successful,0.5157,9.3485,-8.8327,10,0
qian2023,394,9,.,1.7897,2.3026,-0.5129,10,0
qian2023,394,10,<eos>,5.3777,2.3026,3.0751,10,0
qian2023,395,0,The,3.9742,2.9243,1.0498,10,0
qian2023,395,1,project,6.2943,8.7035,-2.4092,10,0
qian2023,395,2,with,6.9507,4.9505,2.0002,10,0
qian2023,395,3,the,1.2397,2.9243,-1.6846,10,0
qian2023,395,4,teams,8.7676,9.2797,-0.5121,10,0
qian2023,395,5,have,5.5536,5.2726,0.2810,10,0
qian2023,395,6,been,1.3327,6.2872,-4.9545,10,0
qian2023,395,7,very,4.0890,6.9078,-2.8188,10,0
qian2023,395,8,successful,0.6111,9.3485,-8.7373,10,0
qian2023,395,9,.,1.9088,2.3026,-0.3938,10,0
qian2023,395,10,<eos>,5.4358,2.3026,3.1332,10,0
qian2023,396,0,The,3.9742,2.9243,1.0498,10,0
qian2023,396,1,projects,9.5066,9.6473,-0.1407,10,0
qian2023,396,2,with,4.9429,4.9505,-0.0076,10,0
qian2023,396,3,the,1.4686,2.9243,-1.4558,10,0
qian2023,396,4,team,6.2575,7.6670,-1.4095,10,0
qian2023,396,5,has,6.6779,6.0576,0.6203,10,0
qian2023,396,6,been,1.1111,6.2872,-5.1761,10,0
qian2023,396,7,very,4.0692,6.9078,-2.8385,10,0
qian2023,396,8,successful,0.8223,9.3485,-8.5262,10,0
qian2023,396,9,.,1.8037,2.3026,-0.4988,10,0
qian2023,396,10,<eos>,5.2268,2.3026,2.9242,10,0
qian2023,397,0,The,3.9742,2.9243,1.0498,10,0
qian2023,397,1,projects,9.5066,9.6473,-0.1407,10,0
qian2023,397,2,with,4.9429,4.9505,-0.0076,10,0
qian2023,397,3,the,1.4686,2.9243,-1.4558,10,0
qian2023,397,4,team,6.2575,7.6670,-1.4095,10,0
qian2023,397,5,have,2.8847,5.2726,-2.3879,10,0
qian2023,397,6,been,0.8346,6.2872,-5.4526,10,0
qian2023,397,7,very,3.8772,6.9078,-3.0306,10,0
qian2023,397,8,successful,0.7407,9.3485,-8.6077,10,0
qian2023,397,9,.,1.7147,2.3026,-0.5879,10,0
qian2023,397,10,<eos>,5.2103,2.3026,2.9078,10,0
qian2023,398,0,The,3.9742,2.9243,1.0498,10,0
qian2023,398,1,projects,9.5066,9.6473,-0.1407,10,0
qian2023,398,2,with,4.9429,4.9505,-0.0076,10,0
qian2023,398,3,the,1.4686,2.9243,-1.4558,10,0
qian2023,398,4,teams,7.7221,9.2797,-1.5576,10,0
qian2023,398,5,has,6.8866,6.0576,0.8290,10,0
qian2023,398,6,been,0.9606,6.2872,-5.3266,10,0
qian2023,398,7,very,4.0955,6.9078,-2.8123,10,0
qian2023,398,8,successful,0.9160,9.3485,-8.4325,10,0
qian2023,398,9,.,1.5111,2.3026,-0.7915,10,0
qian2023,398,10,<eos>,5.1211,2.3026,2.8185,10,0
qian2023,399,0,The,3.9742,2.9243,1.0498,10,0
qian2023,399,1,projects,9.5066,9.6473,-0.1407,10,0
qian2023,399,2,with,4.9429,4.9505,-0.0076,10,0
qian2023,399,3,the,1.4686,2.9243,-1.4558,10,0
qian2023,399,4,teams,7.7221,9.2797,-1.5576,10,0
qian2023,399,5,have,3.4471,5.2726,-1.8255,10,0
qian2023,399,6,been,0.8683,6.2872,-5.4189,10,0
qian2023,399,7,very,4.0152,6.9078,-2.8925,10,0
qian2023,399,8,successful,0.7904,9.3485,-8.5580,10,0
qian2023,399,9,.,1.4521,2.3026,-0.8505,10,0
qian2023,399,10,<eos>,5.0815,2.3026,2.7789,10,0
qian2023,400,0,The,3.9742,2.9243,1.0498,8,0
qian2023,400,1,rehearsal,12.6910,12.2490,0.4420,8,0
qian2023,400,2,with,6.2712,4.9505,1.3207,8,0
qian2023,400,3,the,1.2069,2.9243,-1.7174,8,0
qian2023,400,4,band,6.4826,9.3943,-2.9117,8,0
qian2023,400,5,is,2.8448,4.4482,-1.6033,8,0
qian2023,400,6,rescheduled,13.7601,13.5609,0.1992,8,0
qian2023,400,7,.,2.2601,2.3026,-0.0425,8,0
qian2023,400,8,<eos>,4.9388,2.3026,2.6362,8,0
qian2023,401,0,The,3.9742,2.9243,1.0498,8,0
qian2023,401,1,rehearsal,12.6910,12.2490,0.4420,8,0
qian2023,401,2,with,6.2712,4.9505,1.3207,8,0
qian2023,401,3,the,1.2069,2.9243,-1.7174,8,0
qian2023,401,4,band,6.4826,9.3943,-2.9117,8,0
qian2023,401,5,are,5.4239,5.2030,0.2209,8,0
qian2023,401,6,rescheduled,14.0358,13.5609,0.4749,8,0
qian2023,401,7,.,2.3670,2.3026,0.0644,8,0
qian2023,401,8,<eos>,5.0589,2.3026,2.7563,8,0
qian2023,402,0,The,3.9742,2.9243,1.0498,8,0
qian2023,402,1,rehearsal,12.6910,12.2490,0.4420,8,0
qian2023,402,2,with,6.2712,4.9505,1.3207,8,0
qian2023,402,3,the,1.2069,2.9243,-1.7174,8,0
qian2023,402,4,bands,8.3349,10.6628,-2.3279,8,0
qian2023,402,5,is,3.0669,4.4482,-1.3812,8,0
qian2023,402,6,rescheduled,13.3697,13.5609,-0.1912,8,0
qian2023,402,7,.,2.0770,2.3026,-0.2256,8,0
qian2023,402,8,<eos>,4.8564,2.3026,2.5538,8,0
qian2023,403,0,The,3.9742,2.9243,1.0498,8,0
qian2023,403,1,rehearsal,12.6910,12.2490,0.4420,8,0
qian2023,403,2,with,6.2712,4.9505,1.3207,8,0
qian2023,403,3,the,1.2069,2.9243,-1.7174,8,0
qian2023,403,4,bands,8.3349,10.6628,-2.3279,8,0
qian2023,403,5,are,4.5778,5.2030,-0.6252,8,0
qian2023,403,6,rescheduled,13.2678,13.5609,-0.2931,8,0
qian2023,403,7,.,2.1429,2.3026,-0.1596,8,0
qian2023,403,8,<eos>,5.2076,2.3026,2.9050,8,0
qian2023,404,0,The,3.9742,2.9243,1.0498,8,0
qian2023,404,1,rehearsals,15.3599,12.8952,2.4647,8,0
qian2023,404,2,with,5.9340,4.9505,0.9835,8,0
qian2023,404,3,the,1.3161,2.9243,-1.6083,8,0
qian2023,404,4,band,6.1722,9.3943,-3.2220,8,0
qian2023,404,5,is,4.4013,4.4482,-0.0469,8,0
qian2023,404,6,rescheduled,14.0781,13.5609,0.5172,8,0
qian2023,404,7,.,2.4626,2.3026,0.1600,8,0
qian2023,404,8,<eos>,5.0674,2.3026,2.7648,8,0
qian2023,405,0,The,3.9742,2.9243,1.0498,8,0
qian2023,405,1,rehearsals,15.3599,12.8952,2.4647,8,0
qian2023,405,2,with,5.9340,4.9505,0.9835,8,0
qian2023,405,3,the,1.3161,2.9243,-1.6083,8,0
qian2023,405,4,band,6.1722,9.3943,-3.2220,8,0
qian2023,405,5,are,2.5742,5.2030,-2.6289,8,0
qian2023,405,6,rescheduled,13.6098,13.5609,0.0489,8,0
qian2023,405,7,.,2.2968,2.3026,-0.0058,8,0
qian2023,405,8,<eos>,5.1377,2.3026,2.8351,8,0
qian2023,406,0,The,3.9742,2.9243,1.0498,8,0
qian2023,406,1,rehearsals,15.3599,12.8952,2.4647,8,0
qian2023,406,2,with,5.9340,4.9505,0.9835,8,0
qian2023,406,3,the,1.3161,2.9243,-1.6083,8,0
qian2023,406,4,bands,7.3710,10.6628,-3.2918,8,0
qian2023,406,5,is,4.7802,4.4482,0.3320,8,0
qian2023,406,6,rescheduled,13.8946,13.5609,0.3337,8,0
qian2023,406,7,.,2.1756,2.3026,-0.1269,8,0
qian2023,406,8,<eos>,4.9548,2.3026,2.6522,8,0
qian2023,407,0,The,3.9742,2.9243,1.0498,8,0
qian2023,407,1,rehearsals,15.3599,12.8952,2.4647,8,0
qian2023,407,2,with,5.9340,4.9505,0.9835,8,0
qian2023,407,3,the,1.3161,2.9243,-1.6083,8,0
qian2023,407,4,bands,7.3710,10.6628,-3.2918,8,0
qian2023,407,5,are,2.3386,5.2030,-2.8644,8,0
qian2023,407,6,rescheduled,13.3340,13.5609,-0.2269,8,0
qian2023,407,7,.,2.1275,2.3026,-0.1751,8,0
qian2023,407,8,<eos>,5.2548,2.3026,2.9522,8,0
qian2023,408,0,The,3.9742,2.9243,1.0498,10,0
qian2023,408,1,lawsuit,8.0654,11.3059,-3.2405,10,0
qian2023,408,2,against,2.5893,7.6438,-5.0545,10,0
qian2023,408,3,the,1.0614,2.9243,-1.8630,10,0
qian2023,408,4,company,4.9179,7.8291,-2.9112,10,0
qian2023,408,5,was,2.7061,5.0192,-2.3131,10,0
qian2023,408,6,resolved,7.9553,11.2818,-3.3266,10,0
qian2023,408,7,in,2.3246,3.9846,-1.6600,10,0
qian2023,408,8,court,3.4840,8.2664,-4.7824,10,0
qian2023,408,9,.,2.6312,2.3026,0.3286,10,0
qian2023,408,10,<eos>,5.5441,2.3026,3.2415,10,0
qian2023,409,0,The,3.9742,2.9243,1.0498,10,0
qian2023,409,1,lawsuit,8.0654,11.3059,-3.2405,10,0
qian2023,409,2,against,2.5893,7.6438,-5.0545,10,0
qian2023,409,3,the,1.0614,2.9243,-1.8630,10,0
qian2023,409,4,company,4.9179,7.8291,-2.9112,10,0
qian2023,409,5,were,7.4236,6.1239,1.2998,10,0
qian2023,409,6,resolved,8.0836,11.2818,-3.1983,10,0
qian2023,409,7,in,2.4720,3.9846,-1.5126,10,0
qian2023,409,8,court,3.3357,8.2664,-4.9307,10,0
qian2023,409,9,.,2.3731,2.3026,0.0705,10,0
qian2023,409,10,<eos>,5.4323,2.3026,3.1298,10,0
qian2023,410,0,The,3.9742,2.9243,1.0498,10,0
qian2023,410,1,lawsuit,8.0654,11.3059,-3.2405,10,0
qian2023,410,2,against,2.5893,7.6438,-5.0545,10,0
qian2023,410,3,the,1.0614,2.9243,-1.8630,10,0
qian2023,410,4,companies,7.1194,8.7982,-1.6788,10,0
qian2023,410,5,was,4.4809,5.0192,-0.5383,10,0
qian2023,410,6,resolved,7.8886,11.2818,-3.3932,10,0
qian2023,410,7,in,2.3430,3.9846,-1.6416,10,0
qian2023,410,8,court,3.4687,8.2664,-4.7977,10,0
qian2023,410,9,.,2.5085,2.3026,0.2059,10,0
qian2023,410,10,<eos>,5.5082,2.3026,3.2057,10,0
qian2023,411,0,The,3.9742,2.9243,1.0498,10,0
qian2023,411,1,lawsuit,8.0654,11.3059,-3.2405,10,0
qian2023,411,2,against,2.5893,7.6438,-5.0545,10,0
qian2023,411,3,the,1.0614,2.9243,-1.8630,10,0
qian2023,411,4,companies,7.1194,8.7982,-1.6788,10,0
qian2023,411,5,were,7.1264,6.1239,1.0026,10,0
qian2023,411,6,resolved,7.7748,11.2818,-3.5070,10,0
qian2023,411,7,in,2.4829,3.9846,-1.5017,10,0
qian2023,411,8,court,3.3669,8.2664,-4.8995,10,0
qian2023,411,9,.,2.3851,2.3026,0.0825,10,0
qian2023,411,10,<eos>,5.5346,2.3026,3.2321,10,0
qian2023,412,0,The,3.9742,2.9243,1.0498,10,0
qian2023,412,1,lawsuits,11.1392,12.3639,-1.2247,10,0
qian2023,412,2,against,2.8116,7.6438,-4.8322,10,0
qian2023,412,3,the,1.3439,2.9243,-1.5804,10,0
qian2023,412,4,company,4.5167,7.8291,-3.3123,10,0
qian2023,412,5,was,5.8105,5.0192,0.7913,10,0
qian2023,412,6,resolved,6.7146,11.2818,-4.5672,10,0
qian2023,412,7,in,2.2086,3.9846,-1.7760,10,0
qian2023,412,8,court,3.9082,8.2664,-4.3582,10,0
qian2023,412,9,.,2.4217,2.3026,0.1192,10,0
qian2023,412,10,<eos>,5.3460,2.3026,3.0434,10,0
qian2023,413,0,The,3.9742,2.9243,1.0498,10,0
qian2023,413,1,lawsuits,11.1392,12.3639,-1.2247,10,0
qian2023,413,2,against,2.8116,7.6438,-4.8322,10,0
qian2023,413,3,the,1.3439,2.9243,-1.5804,10,0
qian2023,413,4,company,4.5167,7.8291,-3.3123,10,0
qian2023,413,5,were,2.9048,6.1239,-3.2190,10,0
qian2023,413,6,resolved,6.8533,11.2818,-4.4285,10,0
qian2023,413,7,in,2.3220,3.9846,-1.6626,10,0
qian2023,413,8,court,3.5102,8.2664,-4.7563,10,0
qian2023,413,9,.,2.1604,2.3026,-0.1421,10,0
qian2023,413,10,<eos>,5.2459,2.3026,2.9433,10,0
qian2023,414,0,The,3.9742,2.9243,1.0498,10,0
qian2023,414,1,lawsuits,11.1392,12.3639,-1.2247,10,0
qian2023,414,2,against,2.8116,7.6438,-4.8322,10,0
qian2023,414,3,the,1.3439,2.9243,-1.5804,10,0
qian2023,414,4,companies,5.4833,8.7982,-3.3149,10,0
qian2023,414,5,was,7.4797,5.0192,2.4606,10,0
qian2023,414,6,resolved,6.4530,11.2818,-4.8288,10,0
qian2023,414,7,in,2.2187,3.9846,-1.7659,10,0
qian2023,414,8,court,3.8966,8.2664,-4.3699,10,0
qian2023,414,9,.,2.2426,2.3026,-0.0599,10,0
qian2023,414,10,<eos>,5.4108,2.3026,3.1082,10,0
qian2023,415,0,The,3.9742,2.9243,1.0498,10,0
qian2023,415,1,lawsuits,11.1392,12.3639,-1.2247,10,0
qian2023,415,2,against,2.8116,7.6438,-4.8322,10,0
qian2023,415,3,the,1.3439,2.9243,-1.5804,10,0
qian2023,415,4,companies,5.4833,8.7982,-3.3149,10,0
qian2023,415,5,were,4.7754,6.1239,-1.3485,10,0
qian2023,415,6,resolved,6.8595,11.2818,-4.4223,10,0
qian2023,415,7,in,2.3374,3.9846,-1.6472,10,0
qian2023,415,8,court,3.5335,8.2664,-4.7329,10,0
qian2023,415,9,.,2.0493,2.3026,-0.2533,10,0
qian2023,415,10,<eos>,5.4030,2.3026,3.1004,10,0
qian2023,416,0,The,3.9738,2.9243,1.0495,12,0
qian2023,416,1,vote,9.5527,8.9557,0.5970,12,0
qian2023,416,2,against,6.2705,7.6438,-1.3733,12,0
qian2023,416,3,the,1.5601,2.9243,-1.3642,12,0
qian2023,416,4,measure,7.1930,10.0155,-2.8225,12,0
qian2023,416,5,is,1.7788,4.4482,-2.6693,12,0
qian2023,416,6,indicative,8.1720,12.5018,-4.3298,12,0
qian2023,416,7,of,0.0883,3.6849,-3.5966,12,0
qian2023,416,8,the,1.4097,2.9243,-1.5147,12,0
qian2023,416,9,ongoing,5.5970,10.7758,-5.1788,12,0
qian2023,416,10,miscommunication,11.9297,14.5067,-2.5769,12,0
qian2023,416,11,.,4.1818,2.3026,1.8792,12,0
qian2023,416,12,<eos>,5.3675,2.3026,3.0649,12,0
qian2023,417,0,The,3.9738,2.9243,1.0495,12,0
qian2023,417,1,vote,9.5527,8.9557,0.5970,12,0
qian2023,417,2,against,6.2705,7.6438,-1.3733,12,0
qian2023,417,3,the,1.5601,2.9243,-1.3642,12,0
qian2023,417,4,measure,7.1930,10.0155,-2.8225,12,0
qian2023,417,5,are,5.9442,5.2030,0.7412,12,0
qian2023,417,6,indicative,8.4811,12.5018,-4.0207,12,0
qian2023,417,7,of,0.0773,3.6849,-3.6076,12,0
qian2023,417,8,the,1.3836,2.9243,-1.5408,12,0
qian2023,417,9,ongoing,5.4929,10.7758,-5.2829,12,0
qian2023,417,10,miscommunication,12.1221,14.5067,-2.3846,12,0
qian2023,417,11,.,4.3403,2.3026,2.0378,12,0
qian2023,417,12,<eos>,5.3521,2.3026,3.0495,12,0
qian2023,418,0,The,3.9738,2.9243,1.0495,12,0
qian2023,418,1,vote,9.5527,8.9557,0.5970,12,0
qian2023,418,2,against,6.2705,7.6438,-1.3733,12,0
qian2023,418,3,the,1.5601,2.9243,-1.3642,12,0
qian2023,418,4,measures,9.1113,9.9696,-0.8583,12,0
qian2023,418,5,is,3.8414,4.4482,-0.6067,12,0
qian2023,418,6,indicative,8.3729,12.5018,-4.1289,12,0
qian2023,418,7,of,0.0986,3.6849,-3.5863,12,0
qian2023,418,8,the,1.3665,2.9243,-1.5578,12,0
qian2023,418,9,ongoing,5.1758,10.7758,-5.6000,12,0
qian2023,418,10,miscommunication,12.1905,14.5067,-2.3162,12,0
qian2023,418,11,.,4.1738,2.3026,1.8712,12,0
qian2023,418,12,<eos>,5.2905,2.3026,2.9880,12,0
qian2023,419,0,The,3.9738,2.9243,1.0495,12,0
qian2023,419,1,vote,9.5527,8.9557,0.5970,12,0
qian2023,419,2,against,6.2705,7.6438,-1.3733,12,0
qian2023,419,3,the,1.5601,2.9243,-1.3642,12,0
qian2023,419,4,measures,9.1113,9.9696,-0.8583,12,0
qian2023,419,5,are,4.7918,5.2030,-0.4113,12,0
qian2023,419,6,indicative,8.4832,12.5018,-4.0185,12,0
qian2023,419,7,of,0.0753,3.6849,-3.6096,12,0
qian2023,419,8,the,1.4172,2.9243,-1.5072,12,0
qian2023,419,9,ongoing,5.0835,10.7758,-5.6923,12,0
qian2023,419,10,miscommunication,12.5087,14.5067,-1.9980,12,0
qian2023,419,11,.,4.3714,2.3026,2.0688,12,0
qian2023,419,12,<eos>,5.4114,2.3026,3.1088,12,0
qian2023,420,0,The,3.9738,2.9243,1.0495,12,0
qian2023,420,1,votes,10.2932,10.0382,0.2550,12,0
qian2023,420,2,against,6.7970,7.6438,-0.8468,12,0
qian2023,420,3,the,1.6197,2.9243,-1.3046,12,0
qian2023,420,4,measure,7.5532,10.0155,-2.4624,12,0
qian2023,420,5,is,4.7466,4.4482,0.2984,12,0
qian2023,420,6,indicative,7.4264,12.5018,-5.0754,12,0
qian2023,420,7,of,0.0962,3.6849,-3.5886,12,0
qian2023,420,8,the,1.3923,2.9243,-1.5321,12,0
qian2023,420,9,ongoing,6.1590,10.7758,-4.6167,12,0
qian2023,420,10,miscommunication,11.7560,14.5067,-2.7506,12,0
qian2023,420,11,.,3.7952,2.3026,1.4926,12,0
qian2023,420,12,<eos>,5.1812,2.3026,2.8786,12,0
qian2023,421,0,The,3.9738,2.9243,1.0495,12,0
qian2023,421,1,votes,10.2932,10.0382,0.2550,12,0
qian2023,421,2,against,6.7970,7.6438,-0.8468,12,0
qian2023,421,3,the,1.6197,2.9243,-1.3046,12,0
qian2023,421,4,measure,7.5532,10.0155,-2.4624,12,0
qian2023,421,5,are,2.3883,5.2030,-2.8147,12,0
qian2023,421,6,indicative,7.8919,12.5018,-4.6099,12,0
qian2023,421,7,of,0.0887,3.6849,-3.5962,12,0
qian2023,421,8,the,1.3940,2.9243,-1.5303,12,0
qian2023,421,9,ongoing,6.1055,10.7758,-4.6703,12,0
qian2023,421,10,miscommunication,11.8470,14.5067,-2.6596,12,0
qian2023,421,11,.,3.8263,2.3026,1.5237,12,0
qian2023,421,12,<eos>,5.1603,2.3026,2.8577,12,0
qian2023,422,0,The,3.9738,2.9243,1.0495,12,0
qian2023,422,1,votes,10.2932,10.0382,0.2550,12,0
qian2023,422,2,against,6.7970,7.6438,-0.8468,12,0
qian2023,422,3,the,1.6197,2.9243,-1.3046,12,0
qian2023,422,4,measures,8.6795,9.9696,-1.2901,12,0
qian2023,422,5,is,5.7133,4.4482,1.2652,12,0
qian2023,422,6,indicative,7.7153,12.5018,-4.7865,12,0
qian2023,422,7,of,0.1138,3.6849,-3.5711,12,0
qian2023,422,8,the,1.4013,2.9243,-1.5231,12,0
qian2023,422,9,ongoing,5.7038,10.7758,-5.0719,12,0
qian2023,422,10,miscommunication,12.0296,14.5067,-2.4770,12,0
qian2023,422,11,.,3.8190,2.3026,1.5164,12,0
qian2023,422,12,<eos>,5.0898,2.3026,2.7872,12,0
qian2023,423,0,The,3.9738,2.9243,1.0495,12,0
qian2023,423,1,votes,10.2932,10.0382,0.2550,12,0
qian2023,423,2,against,6.7970,7.6438,-0.8468,12,0
qian2023,423,3,the,1.6197,2.9243,-1.3046,12,0
qian2023,423,4,measures,8.6795,9.9696,-1.2901,12,0
qian2023,423,5,are,3.2686,5.2030,-1.9344,12,0
qian2023,423,6,indicative,8.0440,12.5018,-4.4578,12,0
qian2023,423,7,of,0.0925,3.6849,-3.5924,12,0
qian2023,423,8,the,1.4234,2.9243,-1.5010,12,0
qian2023,423,9,ongoing,5.6476,10.7758,-5.1282,12,0
qian2023,423,10,miscommunication,12.2099,14.5067,-2.2967,12,0
qian2023,423,11,.,3.8976,2.3026,1.5950,12,0
qian2023,423,12,<eos>,5.1254,2.3026,2.8228,12,0
qian2023,424,0,The,3.9742,2.9243,1.0498,10,0
qian2023,424,1,complaint,9.8314,10.7758,-0.9443,10,0
qian2023,424,2,from,5.5860,5.4561,0.1299,10,0
qian2023,424,3,the,1.0590,2.9243,-1.8653,10,0
qian2023,424,4,customer,7.2378,10.1093,-2.8714,10,0
qian2023,424,5,was,2.8559,5.0192,-2.1633,10,0
qian2023,424,6,filed,1.3690,10.3848,-9.0158,10,0
qian2023,424,7,in,1.7850,3.9846,-2.1996,10,0
qian2023,424,8,time,7.7962,6.2399,1.5563,10,0
qian2023,424,9,.,3.1658,2.3026,0.8632,10,0
qian2023,424,10,<eos>,5.6559,2.3026,3.3533,10,0
qian2023,425,0,The,3.9742,2.9243,1.0498,10,0
qian2023,425,1,complaint,9.8314,10.7758,-0.9443,10,0
qian2023,425,2,from,5.5860,5.4561,0.1299,10,0
qian2023,425,3,the,1.0590,2.9243,-1.8653,10,0
qian2023,425,4,customer,7.2378,10.1093,-2.8714,10,0
qian2023,425,5,were,6.5816,6.1239,0.4577,10,0
qian2023,425,6,filed,1.6919,10.3848,-8.6928,10,0
qian2023,425,7,in,1.7386,3.9846,-2.2460,10,0
qian2023,425,8,time,7.9292,6.2399,1.6893,10,0
qian2023,425,9,.,3.1765,2.3026,0.8739,10,0
qian2023,425,10,<eos>,5.6978,2.3026,3.3952,10,0
qian2023,426,0,The,3.9742,2.9243,1.0498,10,0
qian2023,426,1,complaint,9.8314,10.7758,-0.9443,10,0
qian2023,426,2,from,5.5860,5.4561,0.1299,10,0
qian2023,426,3,the,1.0590,2.9243,-1.8653,10,0
qian2023,426,4,customers,8.8193,9.7162,-0.8969,10,0
qian2023,426,5,was,3.3049,5.0192,-1.7142,10,0
qian2023,426,6,filed,1.1080,10.3848,-9.2767,10,0
qian2023,426,7,in,1.8349,3.9846,-2.1497,10,0
qian2023,426,8,time,7.8052,6.2399,1.5653,10,0
qian2023,426,9,.,3.1886,2.3026,0.8861,10,0
qian2023,426,10,<eos>,5.6193,2.3026,3.3167,10,0
qian2023,427,0,The,3.9742,2.9243,1.0498,10,0
qian2023,427,1,complaint,9.8314,10.7758,-0.9443,10,0
qian2023,427,2,from,5.5860,5.4561,0.1299,10,0
qian2023,427,3,the,1.0590,2.9243,-1.8653,10,0
qian2023,427,4,customers,8.8193,9.7162,-0.8969,10,0
qian2023,427,5,were,6.1757,6.1239,0.0518,10,0
qian2023,427,6,filed,1.6493,10.3848,-8.7355,10,0
qian2023,427,7,in,1.7736,3.9846,-2.2110,10,0
qian2023,427,8,time,7.9147,6.2399,1.6747,10,0
qian2023,427,9,.,3.1527,2.3026,0.8501,10,0
qian2023,427,10,<eos>,5.7648,2.3026,3.4622,10,0
qian2023,428,0,The,3.9742,2.9243,1.0498,10,0
qian2023,428,1,complaints,11.1145,10.9823,0.1322,10,0
qian2023,428,2,from,3.9345,5.4561,-1.5217,10,0
qian2023,428,3,the,1.2125,2.9243,-1.7118,10,0
qian2023,428,4,customer,6.4795,10.1093,-3.6298,10,0
qian2023,428,5,was,6.5225,5.0192,1.5034,10,0
qian2023,428,6,filed,3.6680,10.3848,-6.7168,10,0
qian2023,428,7,in,2.0080,3.9846,-1.9766,10,0
qian2023,428,8,time,7.6441,6.2399,1.4042,10,0
qian2023,428,9,.,2.8850,2.3026,0.5824,10,0
qian2023,428,10,<eos>,5.4968,2.3026,3.1943,10,0
qian2023,429,0,The,3.9742,2.9243,1.0498,10,0
qian2023,429,1,complaints,11.1145,10.9823,0.1322,10,0
qian2023,429,2,from,3.9345,5.4561,-1.5217,10,0
qian2023,429,3,the,1.2125,2.9243,-1.7118,10,0
qian2023,429,4,customer,6.4795,10.1093,-3.6298,10,0
qian2023,429,5,were,3.0786,6.1239,-3.0453,10,0
qian2023,429,6,filed,3.6995,10.3848,-6.6852,10,0
qian2023,429,7,in,1.9466,3.9846,-2.0380,10,0
qian2023,429,8,time,7.9611,6.2399,1.7211,10,0
qian2023,429,9,.,2.9480,2.3026,0.6454,10,0
qian2023,429,10,<eos>,5.5887,2.3026,3.2861,10,0
qian2023,430,0,The,3.9742,2.9243,1.0498,10,0
qian2023,430,1,complaints,11.1145,10.9823,0.1322,10,0
qian2023,430,2,from,3.9345,5.4561,-1.5217,10,0
qian2023,430,3,the,1.2125,2.9243,-1.7118,10,0
qian2023,430,4,customers,7.1642,9.7162,-2.5520,10,0
qian2023,430,5,was,6.4011,5.0192,1.3819,10,0
qian2023,430,6,filed,3.4926,10.3848,-6.8921,10,0
qian2023,430,7,in,2.0865,3.9846,-1.8981,10,0
qian2023,430,8,time,7.5894,6.2399,1.3495,10,0
qian2023,430,9,.,2.9340,2.3026,0.6314,10,0
qian2023,430,10,<eos>,5.5245,2.3026,3.2219,10,0
qian2023,431,0,The,3.9742,2.9243,1.0498,10,0
qian2023,431,1,complaints,11.1145,10.9823,0.1322,10,0
qian2023,431,2,from,3.9345,5.4561,-1.5217,10,0
qian2023,431,3,the,1.2125,2.9243,-1.7118,10,0
qian2023,431,4,customers,7.1642,9.7162,-2.5520,10,0
qian2023,431,5,were,3.2921,6.1239,-2.8317,10,0
qian2023,431,6,filed,3.6438,10.3848,-6.7409,10,0
qian2023,431,7,in,2.0131,3.9846,-1.9715,10,0
qian2023,431,8,time,7.8559,6.2399,1.6159,10,0
qian2023,431,9,.,2.9426,2.3026,0.6400,10,0
qian2023,431,10,<eos>,5.6484,2.3026,3.3458,10,0
qian2023,432,0,The,3.9742,2.9243,1.0498,9,0
qian2023,432,1,question,6.0508,8.4039,-2.3531,9,0
qian2023,432,2,from,5.9226,5.4561,0.4665,9,0
qian2023,432,3,the,1.1254,2.9243,-1.7989,9,0
qian2023,432,4,interviewer,9.2495,12.6399,-3.3904,9,0
qian2023,432,5,is,2.7852,4.4482,-1.6630,9,0
qian2023,432,6,too,6.8417,7.0232,-0.1815,9,0
qian2023,432,7,difficult,4.3864,9.0533,-4.6670,9,0
qian2023,432,8,.,1.9557,2.3026,-0.3469,9,0
qian2023,432,9,<eos>,6.0008,2.3026,3.6982,9,0
qian2023,433,0,The,3.9742,2.9243,1.0498,9,0
qian2023,433,1,question,6.0508,8.4039,-2.3531,9,0
qian2023,433,2,from,5.9226,5.4561,0.4665,9,0
qian2023,433,3,the,1.1254,2.9243,-1.7989,9,0
qian2023,433,4,interviewer,9.2495,12.6399,-3.3904,9,0
qian2023,433,5,are,8.2363,5.2030,3.0333,9,0
qian2023,433,6,too,7.2165,7.0232,0.1934,9,0
qian2023,433,7,difficult,4.5903,9.0533,-4.4631,9,0
qian2023,433,8,.,2.2787,2.3026,-0.0239,9,0
qian2023,433,9,<eos>,6.0244,2.3026,3.7218,9,0
qian2023,434,0,The,3.9742,2.9243,1.0498,9,0
qian2023,434,1,question,6.0508,8.4039,-2.3531,9,0
qian2023,434,2,from,5.9226,5.4561,0.4665,9,0
qian2023,434,3,the,1.1254,2.9243,-1.7989,9,0
qian2023,434,4,interviewers,10.1108,14.1153,-4.0044,9,0
qian2023,434,5,is,2.2330,4.4482,-2.2152,9,0
qian2023,434,6,too,6.8127,7.0232,-0.2105,9,0
qian2023,434,7,difficult,4.2015,9.0533,-4.8518,9,0
qian2023,434,8,.,1.8489,2.3026,-0.4537,9,0
qian2023,434,9,<eos>,5.8520,2.3026,3.5494,9,0
qian2023,435,0,The,3.9742,2.9243,1.0498,9,0
qian2023,435,1,question,6.0508,8.4039,-2.3531,9,0
qian2023,435,2,from,5.9226,5.4561,0.4665,9,0
qian2023,435,3,the,1.1254,2.9243,-1.7989,9,0
qian2023,435,4,interviewers,10.1108,14.1153,-4.0044,9,0
qian2023,435,5,are,6.5019,5.2030,1.2989,9,0
qian2023,435,6,too,6.5441,7.0232,-0.4790,9,0
qian2023,435,7,difficult,4.7029,9.0533,-4.3504,9,0
qian2023,435,8,.,2.0999,2.3026,-0.2027,9,0
qian2023,435,9,<eos>,5.8457,2.3026,3.5431,9,0
qian2023,436,0,The,3.9742,2.9243,1.0498,9,0
qian2023,436,1,questions,8.0955,8.8668,-0.7713,9,0
qian2023,436,2,from,5.6512,5.4561,0.1951,9,0
qian2023,436,3,the,1.1645,2.9243,-1.7599,9,0
qian2023,436,4,interviewer,9.6756,12.6399,-2.9643,9,0
qian2023,436,5,is,5.3473,4.4482,0.8991,9,0
qian2023,436,6,too,6.5624,7.0232,-0.4608,9,0
qian2023,436,7,difficult,4.2729,9.0533,-4.7804,9,0
qian2023,436,8,.,2.0233,2.3026,-0.2793,9,0
qian2023,436,9,<eos>,5.7431,2.3026,3.4405,9,0
qian2023,437,0,The,3.9742,2.9243,1.0498,9,0
qian2023,437,1,questions,8.0955,8.8668,-0.7713,9,0
qian2023,437,2,from,5.6512,5.4561,0.1951,9,0
qian2023,437,3,the,1.1645,2.9243,-1.7599,9,0
qian2023,437,4,interviewer,9.6756,12.6399,-2.9643,9,0
qian2023,437,5,are,2.3740,5.2030,-2.8290,9,0
qian2023,437,6,too,6.0442,7.0232,-0.9789,9,0
qian2023,437,7,difficult,4.2231,9.0533,-4.8302,9,0
qian2023,437,8,.,2.1628,2.3026,-0.1398,9,0
qian2023,437,9,<eos>,5.7740,2.3026,3.4714,9,0
qian2023,438,0,The,3.9742,2.9243,1.0498,9,0
qian2023,438,1,questions,8.0955,8.8668,-0.7713,9,0
qian2023,438,2,from,5.6512,5.4561,0.1951,9,0
qian2023,438,3,the,1.1645,2.9243,-1.7599,9,0
qian2023,438,4,interviewers,9.3560,14.1153,-4.7592,9,0
qian2023,438,5,is,5.1156,4.4482,0.6674,9,0
qian2023,438,6,too,6.4129,7.0232,-0.6102,9,0
qian2023,438,7,difficult,4.0536,9.0533,-4.9998,9,0
qian2023,438,8,.,2.0160,2.3026,-0.2865,9,0
qian2023,438,9,<eos>,5.5021,2.3026,3.1995,9,0
qian2023,439,0,The,3.9742,2.9243,1.0498,9,0
qian2023,439,1,questions,8.0955,8.8668,-0.7713,9,0
qian2023,439,2,from,5.6512,5.4561,0.1951,9,0
qian2023,439,3,the,1.1645,2.9243,-1.7599,9,0
qian2023,439,4,interviewers,9.3560,14.1153,-4.7592,9,0
qian2023,439,5,are,2.2095,5.2030,-2.9935,9,0
qian2023,439,6,too,5.9239,7.0232,-1.0993,9,0
qian2023,439,7,difficult,4.1190,9.0533,-4.9343,9,0
qian2023,439,8,.,2.2025,2.3026,-0.1001,9,0
qian2023,439,9,<eos>,5.5104,2.3026,3.2078,9,0
qian2023,440,0,The,3.9742,2.9243,1.0498,10,0
qian2023,440,1,waiter,12.3969,12.4119,-0.0150,10,0
qian2023,440,2,at,4.6100,5.2963,-0.6863,10,0
qian2023,440,3,the,0.7742,2.9243,-2.1502,10,0
qian2023,440,4,restaurant,4.4653,9.9464,-5.4811,10,0
qian2023,440,5,has,3.5867,6.0576,-2.4709,10,0
qian2023,440,6,cleaned,7.2202,11.4641,-4.2439,10,0
qian2023,440,7,the,1.3497,2.9243,-1.5747,10,0
qian2023,440,8,room,3.1622,8.3143,-5.1520,10,0
qian2023,440,9,.,2.1232,2.3026,-0.1794,10,0
qian2023,440,10,<eos>,5.9036,2.3026,3.6010,10,0
qian2023,441,0,The,3.9742,2.9243,1.0498,10,0
qian2023,441,1,waiter,12.3969,12.4119,-0.0150,10,0
qian2023,441,2,at,4.6100,5.2963,-0.6863,10,0
qian2023,441,3,the,0.7742,2.9243,-2.1502,10,0
qian2023,441,4,restaurant,4.4653,9.9464,-5.4811,10,0
qian2023,441,5,have,6.6324,5.2726,1.3598,10,0
qian2023,441,6,cleaned,6.7204,11.4641,-4.7437,10,0
qian2023,441,7,the,1.3036,2.9243,-1.6207,10,0
qian2023,441,8,room,3.1775,8.3143,-5.1367,10,0
qian2023,441,9,.,2.2902,2.3026,-0.0124,10,0
qian2023,441,10,<eos>,5.9087,2.3026,3.6061,10,0
qian2023,442,0,The,3.9742,2.9243,1.0498,10,0
qian2023,442,1,waiters,13.0794,13.2849,-0.2055,10,0
qian2023,442,2,at,3.8870,5.2963,-1.4093,10,0
qian2023,442,3,the,0.9697,2.9243,-1.9547,10,0
qian2023,442,4,restaurant,6.6869,9.9464,-3.2595,10,0
qian2023,442,5,has,6.2895,6.0576,0.2319,10,0
qian2023,442,6,cleaned,9.7727,11.4641,-1.6914,10,0
qian2023,442,7,the,1.9482,2.9243,-0.9761,10,0
qian2023,442,8,room,3.1964,8.3143,-5.1178,10,0
qian2023,442,9,.,2.1465,2.3026,-0.1561,10,0
qian2023,442,10,<eos>,5.9729,2.3026,3.6703,10,0
qian2023,443,0,The,3.9742,2.9243,1.0498,10,0
qian2023,443,1,waiters,13.0794,13.2849,-0.2055,10,0
qian2023,443,2,at,3.8870,5.2963,-1.4093,10,0
qian2023,443,3,the,0.9697,2.9243,-1.9547,10,0
qian2023,443,4,restaurant,6.6869,9.9464,-3.2595,10,0
qian2023,443,5,have,2.7044,5.2726,-2.5682,10,0
qian2023,443,6,cleaned,7.5047,11.4641,-3.9595,10,0
qian2023,443,7,the,1.5260,2.9243,-1.3983,10,0
qian2023,443,8,room,3.2542,8.3143,-5.0600,10,0
qian2023,443,9,.,2.5640,2.3026,0.2614,10,0
qian2023,443,10,<eos>,6.0948,2.3026,3.7922,10,0
qian2023,444,0,The,3.9742,2.9243,1.0498,8,0
qian2023,444,1,bike,10.9004,10.2921,0.6083,8,0
qian2023,444,2,at,6.6984,5.2963,1.4021,8,0
qian2023,444,3,the,0.9352,2.9243,-1.9892,8,0
qian2023,444,4,station,7.6898,9.1905,-1.5007,8,0
qian2023,444,5,is,1.4775,4.4482,-2.9707,8,0
qian2023,444,6,broken,8.0710,9.4861,-1.4151,8,0
qian2023,444,7,.,2.0249,2.3026,-0.2777,8,0
qian2023,444,8,<eos>,5.3615,2.3026,3.0589,8,0
qian2023,445,0,The,3.9742,2.9243,1.0498,8,0
qian2023,445,1,bike,10.9004,10.2921,0.6083,8,0
qian2023,445,2,at,6.6984,5.2963,1.4021,8,0
qian2023,445,3,the,0.9352,2.9243,-1.9892,8,0
qian2023,445,4,station,7.6898,9.1905,-1.5007,8,0
qian2023,445,5,are,6.1462,5.2030,0.9432,8,0
qian2023,445,6,broken,8.0453,9.4861,-1.4408,8,0
qian2023,445,7,.,1.9762,2.3026,-0.3264,8,0
qian2023,445,8,<eos>,5.3468,2.3026,3.0442,8,0
qian2023,446,0,The,3.9742,2.9243,1.0498,8,0
qian2023,446,1,bike,10.9004,10.2921,0.6083,8,0
qian2023,446,2,at,6.6984,5.2963,1.4021,8,0
qian2023,446,3,the,0.9352,2.9243,-1.9892,8,0
qian2023,446,4,stations,12.1980,10.3624,1.8357,8,0
qian2023,446,5,is,2.3321,4.4482,-2.1161,8,0
qian2023,446,6,broken,8.0667,9.4861,-1.4194,8,0
qian2023,446,7,.,1.9976,2.3026,-0.3050,8,0
qian2023,446,8,<eos>,5.3618,2.3026,3.0593,8,0
qian2023,447,0,The,3.9742,2.9243,1.0498,8,0
qian2023,447,1,bike,10.9004,10.2921,0.6083,8,0
qian2023,447,2,at,6.6984,5.2963,1.4021,8,0
qian2023,447,3,the,0.9352,2.9243,-1.9892,8,0
qian2023,447,4,stations,12.1980,10.3624,1.8357,8,0
qian2023,447,5,are,4.7279,5.2030,-0.4751,8,0
qian2023,447,6,broken,8.0601,9.4861,-1.4260,8,0
qian2023,447,7,.,1.9785,2.3026,-0.3240,8,0
qian2023,447,8,<eos>,5.4613,2.3026,3.1587,8,0
qian2023,448,0,The,3.9742,2.9243,1.0498,8,0
qian2023,448,1,bikes,13.2296,11.7665,1.4631,8,0
qian2023,448,2,at,6.1618,5.2963,0.8654,8,0
qian2023,448,3,the,0.9807,2.9243,-1.9436,8,0
qian2023,448,4,station,7.8524,9.1905,-1.3382,8,0
qian2023,448,5,is,5.0718,4.4482,0.6236,8,0
qian2023,448,6,broken,8.4062,9.4861,-1.0799,8,0
qian2023,448,7,.,2.2642,2.3026,-0.0384,8,0
qian2023,448,8,<eos>,5.4329,2.3026,3.1303,8,0
qian2023,449,0,The,3.9742,2.9243,1.0498,8,0
qian2023,449,1,bikes,13.2296,11.7665,1.4631,8,0
qian2023,449,2,at,6.1618,5.2963,0.8654,8,0
qian2023,449,3,the,0.9807,2.9243,-1.9436,8,0
qian2023,449,4,station,7.8524,9.1905,-1.3382,8,0
qian2023,449,5,are,1.0310,5.2030,-4.1720,8,0
qian2023,449,6,broken,8.3379,9.4861,-1.1482,8,0
qian2023,449,7,.,2.2326,2.3026,-0.0700,8,0
qian2023,449,8,<eos>,5.5604,2.3026,3.2578,8,0
qian2023,450,0,The,3.9742,2.9243,1.0498,8,0
qian2023,450,1,bikes,13.2296,11.7665,1.4631,8,0
qian2023,450,2,at,6.1618,5.2963,0.8654,8,0
qian2023,450,3,the,0.9807,2.9243,-1.9436,8,0
qian2023,450,4,stations,10.3661,10.3624,0.0037,8,0
qian2023,450,5,is,5.6791,4.4482,1.2310,8,0
qian2023,450,6,broken,8.3342,9.4861,-1.1519,8,0
qian2023,450,7,.,2.2563,2.3026,-0.0463,8,0
qian2023,450,8,<eos>,5.4591,2.3026,3.1565,8,0
qian2023,451,0,The,3.9742,2.9243,1.0498,8,0
qian2023,451,1,bikes,13.2296,11.7665,1.4631,8,0
qian2023,451,2,at,6.1618,5.2963,0.8654,8,0
qian2023,451,3,the,0.9807,2.9243,-1.9436,8,0
qian2023,451,4,stations,10.3661,10.3624,0.0037,8,0
qian2023,451,5,are,1.9209,5.2030,-3.2821,8,0
qian2023,451,6,broken,8.5574,9.4861,-0.9287,8,0
qian2023,451,7,.,2.3418,2.3026,0.0393,8,0
qian2023,451,8,<eos>,5.6932,2.3026,3.3906,8,0
qian2023,452,0,The,3.9742,2.9243,1.0498,8,0
qian2023,452,1,rice,11.4700,10.2460,1.2240,8,0
qian2023,452,2,in,5.2900,3.9846,1.3054,8,0
qian2023,452,3,the,1.5855,2.9243,-1.3388,8,0
qian2023,452,4,bowl,7.1803,10.0613,-2.8810,8,0
qian2023,452,5,is,1.4302,4.4482,-3.0180,8,0
qian2023,452,6,undercooked,11.9604,14.7831,-2.8227,8,0
qian2023,452,7,.,1.6186,2.3026,-0.6839,8,0
qian2023,452,8,<eos>,5.7324,2.3026,3.4298,8,0
qian2023,453,0,The,3.9742,2.9243,1.0498,8,0
qian2023,453,1,rice,11.4700,10.2460,1.2240,8,0
qian2023,453,2,in,5.2900,3.9846,1.3054,8,0
qian2023,453,3,the,1.5855,2.9243,-1.3388,8,0
qian2023,453,4,bowl,7.1803,10.0613,-2.8810,8,0
qian2023,453,5,are,5.1254,5.2030,-0.0776,8,0
qian2023,453,6,undercooked,12.2464,14.7831,-2.5367,8,0
qian2023,453,7,.,1.8742,2.3026,-0.4284,8,0
qian2023,453,8,<eos>,6.1075,2.3026,3.8049,8,0
qian2023,454,0,The,3.9742,2.9243,1.0498,8,0
qian2023,454,1,rices,18.8881,16.3717,2.5164,8,0
qian2023,454,2,in,3.7682,3.9846,-0.2164,8,0
qian2023,454,3,the,1.1729,2.9243,-1.7515,8,0
qian2023,454,4,bowl,8.5208,10.0613,-1.5405,8,0
qian2023,454,5,is,4.3900,4.4482,-0.0581,8,0
qian2023,454,6,undercooked,13.1264,14.7831,-1.6566,8,0
qian2023,454,7,.,1.5378,2.3026,-0.7648,8,0
qian2023,454,8,<eos>,5.3431,2.3026,3.0406,8,0
qian2023,455,0,The,3.9742,2.9243,1.0498,8,0
qian2023,455,1,rices,18.8881,16.3717,2.5164,8,0
qian2023,455,2,in,3.7682,3.9846,-0.2164,8,0
qian2023,455,3,the,1.1729,2.9243,-1.7515,8,0
qian2023,455,4,bowl,8.5208,10.0613,-1.5405,8,0
qian2023,455,5,are,1.8667,5.2030,-3.3363,8,0
qian2023,455,6,undercooked,13.0745,14.7831,-1.7086,8,0
qian2023,455,7,.,1.8417,2.3026,-0.4609,8,0
qian2023,455,8,<eos>,5.6195,2.3026,3.3169,8,0
qian2023,456,0,The,3.9742,2.9243,1.0498,9,0
qian2023,456,1,water,8.4243,8.0134,0.4109,9,0
qian2023,456,2,in,3.5699,3.9846,-0.4147,9,0
qian2023,456,3,the,0.9834,2.9243,-1.9410,9,0
qian2023,456,4,bottle,5.8937,10.1992,-4.3055,9,0
qian2023,456,5,is,1.3580,4.4482,-3.0902,9,0
qian2023,456,6,too,5.3599,7.0232,-1.6632,9,0
qian2023,456,7,cold,2.5179,9.1616,-6.6436,9,0
qian2023,456,8,.,1.6530,2.3026,-0.6496,9,0
qian2023,456,9,<eos>,5.7745,2.3026,3.4719,9,0
qian2023,457,0,The,3.9742,2.9243,1.0498,9,0
qian2023,457,1,water,8.4243,8.0134,0.4109,9,0
qian2023,457,2,in,3.5699,3.9846,-0.4147,9,0
qian2023,457,3,the,0.9834,2.9243,-1.9410,9,0
qian2023,457,4,bottle,5.8937,10.1992,-4.3055,9,0
qian2023,457,5,are,6.1650,5.2030,0.9620,9,0
qian2023,457,6,too,6.1151,7.0232,-0.9080,9,0
qian2023,457,7,cold,3.0744,9.1616,-6.0871,9,0
qian2023,457,8,.,1.9696,2.3026,-0.3330,9,0
qian2023,457,9,<eos>,5.9170,2.3026,3.6144,9,0
qian2023,458,0,The,3.9742,2.9243,1.0498,9,0
qian2023,458,1,water,8.4243,8.0134,0.4109,9,0
qian2023,458,2,in,3.5699,3.9846,-0.4147,9,0
qian2023,458,3,the,0.9834,2.9243,-1.9410,9,0
qian2023,458,4,bottles,8.5021,11.0747,-2.5726,9,0
qian2023,458,5,is,1.5459,4.4482,-2.9023,9,0
qian2023,458,6,too,5.6765,7.0232,-1.3467,9,0
qian2023,458,7,cold,2.4330,9.1616,-6.7285,9,0
qian2023,458,8,.,1.6405,2.3026,-0.6621,9,0
qian2023,458,9,<eos>,5.9833,2.3026,3.6807,9,0
qian2023,459,0,The,3.9742,2.9243,1.0498,9,0
qian2023,459,1,water,8.4243,8.0134,0.4109,9,0
qian2023,459,2,in,3.5699,3.9846,-0.4147,9,0
qian2023,459,3,the,0.9834,2.9243,-1.9410,9,0
qian2023,459,4,bottles,8.5021,11.0747,-2.5726,9,0
qian2023,459,5,are,3.9879,5.2030,-1.2151,9,0
qian2023,459,6,too,6.2082,7.0232,-0.8150,9,0
qian2023,459,7,cold,2.9508,9.1616,-6.2108,9,0
qian2023,459,8,.,1.8365,2.3026,-0.4661,9,0
qian2023,459,9,<eos>,6.0300,2.3026,3.7274,9,0
qian2023,460,0,The,3.9742,2.9243,1.0498,9,0
qian2023,460,1,waters,11.3325,10.4762,0.8563,9,0
qian2023,460,2,in,2.7498,3.9846,-1.2348,9,0
qian2023,460,3,the,0.8785,2.9243,-2.0458,9,0
qian2023,460,4,bottle,8.2055,10.1992,-1.9937,9,0
qian2023,460,5,is,4.8431,4.4482,0.3950,9,0
qian2023,460,6,too,5.9300,7.0232,-1.0932,9,0
qian2023,460,7,cold,2.9439,9.1616,-6.2177,9,0
qian2023,460,8,.,1.7392,2.3026,-0.5634,9,0
qian2023,460,9,<eos>,5.7793,2.3026,3.4768,9,0
qian2023,461,0,The,3.9742,2.9243,1.0498,9,0
qian2023,461,1,waters,11.3325,10.4762,0.8563,9,0
qian2023,461,2,in,2.7498,3.9846,-1.2348,9,0
qian2023,461,3,the,0.8785,2.9243,-2.0458,9,0
qian2023,461,4,bottle,8.2055,10.1992,-1.9937,9,0
qian2023,461,5,are,1.4026,5.2030,-3.8004,9,0
qian2023,461,6,too,5.9427,7.0232,-1.0805,9,0
qian2023,461,7,cold,3.2452,9.1616,-5.9163,9,0
qian2023,461,8,.,1.9803,2.3026,-0.3223,9,0
qian2023,461,9,<eos>,5.9781,2.3026,3.6755,9,0
qian2023,462,0,The,3.9742,2.9243,1.0498,9,0
qian2023,462,1,waters,11.3325,10.4762,0.8563,9,0
qian2023,462,2,in,2.7498,3.9846,-1.2348,9,0
qian2023,462,3,the,0.8785,2.9243,-2.0458,9,0
qian2023,462,4,bottles,11.0189,11.0747,-0.0557,9,0
qian2023,462,5,is,5.2820,4.4482,0.8338,9,0
qian2023,462,6,too,6.0819,7.0232,-0.9412,9,0
qian2023,462,7,cold,2.8188,9.1616,-6.3428,9,0
qian2023,462,8,.,1.7764,2.3026,-0.5262,9,0
qian2023,462,9,<eos>,5.9354,2.3026,3.6328,9,0
qian2023,463,0,The,3.9742,2.9243,1.0498,9,0
qian2023,463,1,waters,11.3325,10.4762,0.8563,9,0
qian2023,463,2,in,2.7498,3.9846,-1.2348,9,0
qian2023,463,3,the,0.8785,2.9243,-2.0458,9,0
qian2023,463,4,bottles,11.0189,11.0747,-0.0557,9,0
qian2023,463,5,are,1.5647,5.2030,-3.6383,9,0
qian2023,463,6,too,6.0186,7.0232,-1.0046,9,0
qian2023,463,7,cold,3.0671,9.1616,-6.0944,9,0
qian2023,463,8,.,1.9187,2.3026,-0.3839,9,0
qian2023,463,9,<eos>,6.1049,2.3026,3.8023,9,0
qian2023,464,0,The,3.9742,2.9243,1.0498,12,0
qian2023,464,1,meeting,8.6707,8.8668,-0.1961,12,0
qian2023,464,2,between,3.8735,7.4371,-3.5636,12,0
qian2023,464,3,the,1.4139,2.9243,-1.5105,12,0
qian2023,464,4,senator,8.1816,10.1779,-1.9963,12,0
qian2023,464,5,is,7.2207,4.4482,2.7726,12,0
qian2023,464,6,held,4.8966,8.6565,-3.7598,12,0
qian2023,464,7,in,1.1974,3.9846,-2.7872,12,0
qian2023,464,8,the,2.4739,2.9243,-0.4505,12,0
qian2023,464,9,conference,6.8898,9.1905,-2.3007,12,0
qian2023,464,10,room,0.7796,8.3143,-7.5347,12,0
qian2023,464,11,.,2.6748,2.3026,0.3723,12,0
qian2023,464,12,<eos>,5.6852,2.3026,3.3826,12,0
qian2023,465,0,The,3.9742,2.9243,1.0498,12,0
qian2023,465,1,meeting,8.6707,8.8668,-0.1961,12,0
qian2023,465,2,between,3.8735,7.4371,-3.5636,12,0
qian2023,465,3,the,1.4139,2.9243,-1.5105,12,0
qian2023,465,4,senator,8.1816,10.1779,-1.9963,12,0
qian2023,465,5,are,10.9152,5.2030,5.7122,12,0
qian2023,465,6,held,4.9882,8.6565,-3.6683,12,0
qian2023,465,7,in,1.2163,3.9846,-2.7682,12,0
qian2023,465,8,the,2.3094,2.9243,-0.6150,12,0
qian2023,465,9,conference,6.8258,9.1905,-2.3647,12,0
qian2023,465,10,room,0.7442,8.3143,-7.5701,12,0
qian2023,465,11,.,2.6055,2.3026,0.3029,12,0
qian2023,465,12,<eos>,5.7070,2.3026,3.4044,12,0
qian2023,466,0,The,3.9742,2.9243,1.0498,12,0
qian2023,466,1,meeting,8.6707,8.8668,-0.1961,12,0
qian2023,466,2,between,3.8735,7.4371,-3.5636,12,0
qian2023,466,3,the,1.4139,2.9243,-1.5105,12,0
qian2023,466,4,senators,7.4488,11.2818,-3.8330,12,0
qian2023,466,5,is,5.4648,4.4482,1.0166,12,0
qian2023,466,6,held,4.1839,8.6565,-4.4725,12,0
qian2023,466,7,in,1.2323,3.9846,-2.7523,12,0
qian2023,466,8,the,2.3763,2.9243,-0.5481,12,0
qian2023,466,9,conference,6.9787,9.1905,-2.2118,12,0
qian2023,466,10,room,0.8929,8.3143,-7.4214,12,0
qian2023,466,11,.,2.5491,2.3026,0.2465,12,0
qian2023,466,12,<eos>,5.5406,2.3026,3.2380,12,0
qian2023,467,0,The,3.9742,2.9243,1.0498,12,0
qian2023,467,1,meeting,8.6707,8.8668,-0.1961,12,0
qian2023,467,2,between,3.8735,7.4371,-3.5636,12,0
qian2023,467,3,the,1.4139,2.9243,-1.5105,12,0
qian2023,467,4,senators,7.4488,11.2818,-3.8330,12,0
qian2023,467,5,are,7.3407,5.2030,2.1377,12,0
qian2023,467,6,held,5.1664,8.6565,-3.4901,12,0
qian2023,467,7,in,1.2534,3.9846,-2.7312,12,0
qian2023,467,8,the,2.2077,2.9243,-0.7166,12,0
qian2023,467,9,conference,6.8122,9.1905,-2.3783,12,0
qian2023,467,10,room,0.7881,8.3143,-7.5261,12,0
qian2023,467,11,.,2.4939,2.3026,0.1913,12,0
qian2023,467,12,<eos>,5.5045,2.3026,3.2020,12,0
qian2023,468,0,The,3.9742,2.9243,1.0498,12,0
qian2023,468,1,meetings,11.6605,10.4077,1.2529,12,0
qian2023,468,2,between,3.6375,7.4371,-3.7995,12,0
qian2023,468,3,the,1.3726,2.9243,-1.5517,12,0
qian2023,468,4,senator,8.3476,10.1779,-1.8303,12,0
qian2023,468,5,is,6.8915,4.4482,2.4433,12,0
qian2023,468,6,held,5.3019,8.6565,-3.3546,12,0
qian2023,468,7,in,1.0578,3.9846,-2.9267,12,0
qian2023,468,8,the,2.1078,2.9243,-0.8165,12,0
qian2023,468,9,conference,7.3404,9.1905,-1.8501,12,0
qian2023,468,10,room,0.7358,8.3143,-7.5785,12,0
qian2023,468,11,.,2.3675,2.3026,0.0649,12,0
qian2023,468,12,<eos>,5.8963,2.3026,3.5937,12,0
qian2023,469,0,The,3.9742,2.9243,1.0498,12,0
qian2023,469,1,meetings,11.6605,10.4077,1.2529,12,0
qian2023,469,2,between,3.6375,7.4371,-3.7995,12,0
qian2023,469,3,the,1.3726,2.9243,-1.5517,12,0
qian2023,469,4,senator,8.3476,10.1779,-1.8303,12,0
qian2023,469,5,are,8.6928,5.2030,3.4898,12,0
qian2023,469,6,held,3.5963,8.6565,-5.0601,12,0
qian2023,469,7,in,1.1074,3.9846,-2.8771,12,0
qian2023,469,8,the,1.9505,2.9243,-0.9739,12,0
qian2023,469,9,conference,7.2640,9.1905,-1.9265,12,0
qian2023,469,10,room,0.7053,8.3143,-7.6089,12,0
qian2023,469,11,.,2.2667,2.3026,-0.0359,12,0
qian2023,469,12,<eos>,5.9494,2.3026,3.6469,12,0
qian2023,470,0,The,3.9742,2.9243,1.0498,12,0
qian2023,470,1,meetings,11.6605,10.4077,1.2529,12,0
qian2023,470,2,between,3.6375,7.4371,-3.7995,12,0
qian2023,470,3,the,1.3726,2.9243,-1.5517,12,0
qian2023,470,4,senators,7.1454,11.2818,-4.1365,12,0
qian2023,470,5,is,5.9512,4.4482,1.5030,12,0
qian2023,470,6,held,4.8497,8.6565,-3.8068,12,0
qian2023,470,7,in,1.1068,3.9846,-2.8778,12,0
qian2023,470,8,the,2.0025,2.9243,-0.9218,12,0
qian2023,470,9,conference,7.4954,9.1905,-1.6952,12,0
qian2023,470,10,room,0.8648,8.3143,-7.4494,12,0
qian2023,470,11,.,2.2736,2.3026,-0.0290,12,0
qian2023,470,12,<eos>,5.7470,2.3026,3.4444,12,0
qian2023,471,0,The,3.9742,2.9243,1.0498,12,0
qian2023,471,1,meetings,11.6605,10.4077,1.2529,12,0
qian2023,471,2,between,3.6375,7.4371,-3.7995,12,0
qian2023,471,3,the,1.3726,2.9243,-1.5517,12,0
qian2023,471,4,senators,7.1454,11.2818,-4.1365,12,0
qian2023,471,5,are,5.2595,5.2030,0.0565,12,0
qian2023,471,6,held,3.4686,8.6565,-5.1879,12,0
qian2023,471,7,in,1.1375,3.9846,-2.8471,12,0
qian2023,471,8,the,1.8536,2.9243,-1.0707,12,0
qian2023,471,9,conference,7.3051,9.1905,-1.8854,12,0
qian2023,471,10,room,0.7834,8.3143,-7.5309,12,0
qian2023,471,11,.,2.2002,2.3026,-0.1024,12,0
qian2023,471,12,<eos>,5.7746,2.3026,3.4720,12,0
