dataset,sentence_id,unit_idx,unit,s_lm,s_uni,rel,n_units,has_context
tabor2004,0,0,The,3.9745,2.9243,1.0501,15,0
tabor2004,0,1,kindergartners,18.4074,15.7745,2.6329,15,0
tabor2004,0,2,liked,8.1946,9.7637,-1.5691,15,0
tabor2004,0,3,the,1.3489,2.9243,-1.5754,15,0
tabor2004,0,4,little,5.1117,7.4840,-2.3723,15,0
tabor2004,0,5,girl,3.0531,8.3349,-5.2818,15,0
tabor2004,0,6,who,3.1340,6.1239,-2.9899,15,0
tabor2004,0,7,was,2.2796,5.0192,-2.7396,15,0
tabor2004,0,8,chosen,8.2438,10.1093,-1.8655,15,0
tabor2004,0,9,a,4.7986,3.7766,1.0220,15,0
tabor2004,0,10,toy,6.8566,10.8198,-3.9632,15,0
tabor2004,0,11,by,3.9047,5.3882,-1.4835,15,0
tabor2004,0,12,her,1.8483,6.2146,-4.3663,15,0
tabor2004,0,13,parents,2.0799,8.7279,-6.6480,15,0
tabor2004,0,14,.,1.3929,2.3026,-0.9097,15,0
tabor2004,0,15,<eos>,5.5457,2.3026,3.2431,15,0
tabor2004,1,0,The,3.9745,2.9243,1.0501,13,0
tabor2004,1,1,kindergartners,18.4074,15.7745,2.6329,13,0
tabor2004,1,2,liked,8.1946,9.7637,-1.5691,13,0
tabor2004,1,3,the,1.3489,2.9243,-1.5754,13,0
tabor2004,1,4,little,5.1117,7.4840,-2.3723,13,0
tabor2004,1,5,girl,3.0531,8.3349,-5.2818,13,0
tabor2004,1,6,chosen,10.9336,10.1093,0.8244,13,0
tabor2004,1,7,a,3.1629,3.7766,-0.6137,13,0
tabor2004,1,8,toy,5.4051,10.8198,-5.4147,13,0
tabor2004,1,9,by,4.7569,5.3882,-0.6313,13,0
tabor2004,1,10,her,2.0580,6.2146,-4.1566,13,0
tabor2004,1,11,parents,3.1152,8.7279,-5.6128,13,0
tabor2004,1,12,.,1.4256,2.3026,-0.8770,13,0
tabor2004,1,13,<eos>,5.7840,2.3026,3.4814,13,0
tabor2004,2,0,The,3.9745,2.9243,1.0501,15,0
tabor2004,2,1,kindergartners,18.4074,15.7745,2.6329,15,0
tabor2004,2,2,liked,8.1946,9.7637,-1.5691,15,0
tabor2004,2,3,the,1.3489,2.9243,-1.5754,15,0
tabor2004,2,4,little,5.1117,7.4840,-2.3723,15,0
tabor2004,2,5,girl,3.0531,8.3349,-5.2818,15,0
tabor2004,2,6,who,3.1340,6.1239,-2.9899,15,0
tabor2004,2,7,was,2.2796,5.0192,-2.7396,15,0
tabor2004,2,8,brought,6.3827,8.8388,-2.4560,15,0
tabor2004,2,9,a,6.8541,3.7766,3.0775,15,0
tabor2004,2,10,toy,5.7603,10.8198,-5.0595,15,0
tabor2004,2,11,by,2.9625,5.3882,-2.4257,15,0
tabor2004,2,12,her,1.9252,6.2146,-4.2894,15,0
tabor2004,2,13,parents,3.0523,8.7279,-5.6756,15,0
tabor2004,2,14,.,1.5146,2.3026,-0.7880,15,0
tabor2004,2,15,<eos>,5.7774,2.3026,3.4748,15,0
tabor2004,3,0,The,3.9745,2.9243,1.0501,13,0
tabor2004,3,1,kindergartners,18.4074,15.7745,2.6329,13,0
tabor2004,3,2,liked,8.1946,9.7637,-1.5691,13,0
tabor2004,3,3,the,1.3489,2.9243,-1.5754,13,0
tabor2004,3,4,little,5.1117,7.4840,-2.3723,13,0
tabor2004,3,5,girl,3.0531,8.3349,-5.2818,13,0
tabor2004,3,6,brought,9.7270,8.8388,0.8882,13,0
tabor2004,3,7,a,2.8952,3.7766,-0.8814,13,0
tabor2004,3,8,toy,4.8763,10.8198,-5.9435,13,0
tabor2004,3,9,by,5.0307,5.3882,-0.3576,13,0
tabor2004,3,10,her,2.0167,6.2146,-4.1979,13,0
tabor2004,3,11,parents,3.6885,8.7279,-5.0394,13,0
tabor2004,3,12,.,1.5692,2.3026,-0.7334,13,0
tabor2004,3,13,<eos>,6.0705,2.3026,3.7680,13,0
tabor2004,4,0,We,5.3132,5.6636,-0.3504,16,0
tabor2004,4,1,saw,6.5273,8.4264,-1.8992,16,0
tabor2004,4,2,a,1.7086,3.7766,-2.0680,16,0
tabor2004,4,3,movie,7.1073,8.8388,-1.7315,16,0
tabor2004,4,4,about,2.6533,5.9875,-3.3342,16,0
tabor2004,4,5,an,3.6332,5.6869,-2.0537,16,0
tabor2004,4,6,artist,5.0905,9.6708,-4.5802,16,0
tabor2004,4,7,who,1.8617,6.1239,-4.2621,16,0
tabor2004,4,8,was,2.4047,5.0192,-2.6145,16,0
tabor2004,4,9,drawn,6.6287,10.2921,-3.6634,16,0
tabor2004,4,10,a,5.4379,3.7766,1.6613,16,0
tabor2004,4,11,picture,3.5167,8.9102,-5.3935,16,0
tabor2004,4,12,by,2.5620,5.3882,-2.8262,16,0
tabor2004,4,13,her,4.8447,6.2146,-1.3699,16,0
tabor2004,4,14,father,2.8544,8.6115,-5.7571,16,0
tabor2004,4,15,.,2.0078,2.3026,-0.2948,16,0
tabor2004,4,16,<eos>,6.0436,2.3026,3.7410,16,0
tabor2004,5,0,We,5.3124,5.6636,-0.3512,14,0
tabor2004,5,1,saw,6.5275,8.4264,-1.8990,14,0
tabor2004,5,2,a,1.7086,3.7766,-2.0680,14,0
tabor2004,5,3,movie,7.1071,8.8388,-1.7317,14,0
tabor2004,5,4,about,2.6533,5.9875,-3.3342,14,0
tabor2004,5,5,an,3.6331,5.6869,-2.0538,14,0
tabor2004,5,6,artist,5.0910,9.6708,-4.5798,14,0
tabor2004,5,7,drawn,8.8283,10.2921,-1.4638,14,0
tabor2004,5,8,a,4.0665,3.7766,0.2899,14,0
tabor2004,5,9,picture,3.3139,8.9102,-5.5963,14,0
tabor2004,5,10,by,3.4841,5.3882,-1.9042,14,0
tabor2004,5,11,her,5.7833,6.2146,-0.4313,14,0
tabor2004,5,12,father,3.1650,8.6115,-5.4465,14,0
tabor2004,5,13,.,2.0010,2.3026,-0.3016,14,0
tabor2004,5,14,<eos>,6.1386,2.3026,3.8360,14,0
tabor2004,6,0,We,5.3132,5.6636,-0.3504,16,0
tabor2004,6,1,saw,6.5273,8.4264,-1.8992,16,0
tabor2004,6,2,a,1.7086,3.7766,-2.0680,16,0
tabor2004,6,3,movie,7.1073,8.8388,-1.7315,16,0
tabor2004,6,4,about,2.6533,5.9875,-3.3342,16,0
tabor2004,6,5,an,3.6332,5.6869,-2.0537,16,0
tabor2004,6,6,artist,5.0905,9.6708,-4.5802,16,0
tabor2004,6,7,who,1.8617,6.1239,-4.2621,16,0
tabor2004,6,8,was,2.4047,5.0192,-2.6145,16,0
tabor2004,6,9,painted,7.5359,10.7064,-3.1705,16,0
tabor2004,6,10,a,3.4379,3.7766,-0.3387,16,0
tabor2004,6,11,picture,2.8082,8.9102,-6.1021,16,0
tabor2004,6,12,by,2.7480,5.3882,-2.6402,16,0
tabor2004,6,13,her,5.0871,6.2146,-1.1275,16,0
tabor2004,6,14,father,2.2946,8.6115,-6.3170,16,0
tabor2004,6,15,.,1.8426,2.3026,-0.4600,16,0
tabor2004,6,16,<eos>,5.9860,2.3026,3.6834,16,0
tabor2004,7,0,We,5.3124,5.6636,-0.3512,14,0
tabor2004,7,1,saw,6.5275,8.4264,-1.8990,14,0
tabor2004,7,2,a,1.7086,3.7766,-2.0680,14,0
tabor2004,7,3,movie,7.1071,8.8388,-1.7317,14,0
tabor2004,7,4,about,2.6533,5.9875,-3.3342,14,0
tabor2004,7,5,an,3.6331,5.6869,-2.0538,14,0
tabor2004,7,6,artist,5.0910,9.6708,-4.5798,14,0
tabor2004,7,7,painted,9.9169,10.7064,-0.7896,14,0
tabor2004,7,8,a,3.4725,3.7766,-0.3041,14,0
tabor2004,7,9,picture,2.6766,8.9102,-6.2336,14,0
tabor2004,7,10,by,3.1918,5.3882,-2.1964,14,0
tabor2004,7,11,her,5.6809,6.2146,-0.5337,14,0
tabor2004,7,12,father,2.7165,8.6115,-5.8950,14,0
tabor2004,7,13,.,1.9781,2.3026,-0.3245,14,0
tabor2004,7,14,<eos>,6.1169,2.3026,3.8143,14,0
tabor2004,8,0,The,3.9745,2.9243,1.0501,18,0
tabor2004,8,1,health,8.8293,8.1987,0.6306,18,0
tabor2004,8,2,officials,8.1436,9.9464,-1.8028,18,0
tabor2004,8,3,pounced,14.2825,14.8044,-0.5218,18,0
tabor2004,8,4,on,0.5519,4.8122,-4.2603,18,0
tabor2004,8,5,a,3.0246,3.7766,-0.7520,18,0
tabor2004,8,6,restaurant,8.8249,9.9464,-1.1215,18,0
tabor2004,8,7,which,6.8018,6.2146,0.5872,18,0
tabor2004,8,8,was,2.2980,5.0192,-2.7212,18,0
tabor2004,8,9,flown,8.8357,11.9045,-3.0688,18,0
tabor2004,8,10,a,5.2241,3.7766,1.4475,18,0
tabor2004,8,11,shipment,11.0397,12.0663,-1.0266,18,0
tabor2004,8,12,of,1.8878,3.6849,-1.7971,18,0
tabor2004,8,13,salmon,6.9774,11.4931,-4.5157,18,0
tabor2004,8,14,by,5.8930,5.3882,0.5048,18,0
tabor2004,8,15,a,1.5111,3.7766,-2.2655,18,0
tabor2004,8,16,company,4.9318,7.8291,-2.8972,18,0
tabor2004,8,17,.,3.2528,2.3026,0.9502,18,0
tabor2004,8,18,<eos>,5.7277,2.3026,3.4251,18,0
tabor2004,9,0,The,3.9745,2.9243,1.0501,16,0
tabor2004,9,1,health,8.8293,8.1987,0.6306,16,0
tabor2004,9,2,officials,8.1436,9.9464,-1.8028,16,0
tabor2004,9,3,pounced,14.2825,14.8044,-0.5218,16,0
tabor2004,9,4,on,0.5519,4.8122,-4.2603,16,0
tabor2004,9,5,a,3.0246,3.7766,-0.7520,16,0
tabor2004,9,6,restaurant,8.8249,9.9464,-1.1215,16,0
tabor2004,9,7,flown,13.4562,11.9045,1.5517,16,0
tabor2004,9,8,a,5.4590,3.7766,1.6824,16,0
tabor2004,9,9,shipment,8.3410,12.0663,-3.7253,16,0
tabor2004,9,10,of,1.1236,3.6849,-2.5613,16,0
tabor2004,9,11,salmon,7.0387,11.4931,-4.4544,16,0
tabor2004,9,12,by,5.7398,5.3882,0.3516,16,0
tabor2004,9,13,a,1.6865,3.7766,-2.0901,16,0
tabor2004,9,14,company,5.0785,7.8291,-2.7506,16,0
tabor2004,9,15,.,3.2737,2.3026,0.9711,16,0
tabor2004,9,16,<eos>,6.1546,2.3026,3.8520,16,0
tabor2004,10,0,The,3.9745,2.9243,1.0501,18,0
tabor2004,10,1,health,8.8293,8.1987,0.6306,18,0
tabor2004,10,2,officials,8.1436,9.9464,-1.8028,18,0
tabor2004,10,3,pounced,14.2825,14.8044,-0.5218,18,0
tabor2004,10,4,on,0.5519,4.8122,-4.2603,18,0
tabor2004,10,5,a,3.0246,3.7766,-0.7520,18,0
tabor2004,10,6,restaurant,8.8249,9.9464,-1.1215,18,0
tabor2004,10,7,which,6.8018,6.2146,0.5872,18,0
tabor2004,10,8,was,2.2980,5.0192,-2.7212,18,0
tabor2004,10,9,sent,6.9053,8.8388,-1.9335,18,0
tabor2004,10,10,a,4.6288,3.7766,0.8522,18,0
tabor2004,10,11,shipment,7.6736,12.0663,-4.3927,18,0
tabor2004,10,12,of,0.7227,3.6849,-2.9621,18,0
tabor2004,10,13,salmon,6.9299,11.4931,-4.5632,18,0
tabor2004,10,14,by,6.1555,5.3882,0.7673,18,0
tabor2004,10,15,a,1.8132,3.7766,-1.9635,18,0
tabor2004,10,16,company,4.4142,7.8291,-3.4148,18,0
tabor2004,10,17,.,2.6902,2.3026,0.3876,18,0
tabor2004,10,18,<eos>,5.9401,2.3026,3.6375,18,0
tabor2004,11,0,The,3.9745,2.9243,1.0501,16,0
tabor2004,11,1,health,8.8293,8.1987,0.6306,16,0
tabor2004,11,2,officials,8.1436,9.9464,-1.8028,16,0
tabor2004,11,3,pounced,14.2825,14.8044,-0.5218,16,0
tabor2004,11,4,on,0.5519,4.8122,-4.2603,16,0
tabor2004,11,5,a,3.0246,3.7766,-0.7520,16,0
tabor2004,11,6,restaurant,8.8249,9.9464,-1.1215,16,0
tabor2004,11,7,sent,10.5033,8.8388,1.6646,16,0
tabor2004,11,8,a,2.4515,3.7766,-1.3252,16,0
tabor2004,11,9,shipment,7.5268,12.0663,-4.5395,16,0
tabor2004,11,10,of,0.4657,3.6849,-3.2192,16,0
tabor2004,11,11,salmon,7.2565,11.4931,-4.2366,16,0
tabor2004,11,12,by,6.6177,5.3882,1.2295,16,0
tabor2004,11,13,a,2.0471,3.7766,-1.7296,16,0
tabor2004,11,14,company,4.8227,7.8291,-3.0064,16,0
tabor2004,11,15,.,2.8826,2.3026,0.5800,16,0
tabor2004,11,16,<eos>,6.3979,2.3026,4.0953,16,0
tabor2004,12,0,At,6.1467,5.2963,0.8504,21,0
tabor2004,12,1,the,1.5587,2.9243,-1.3656,21,0
tabor2004,12,2,dinner,8.1613,9.7162,-1.5549,21,0
tabor2004,12,3,party,2.7645,8.0822,-5.3176,21,0
tabor2004,12,4,",",0.8037,2.3026,-1.4989,21,0
tabor2004,12,5,I,2.5953,4.3982,-1.8029,21,0
tabor2004,12,6,met,4.6262,9.0033,-4.3771,21,0
tabor2004,12,7,a,1.8407,3.7766,-1.9359,21,0
tabor2004,12,8,man,2.9512,7.3218,-4.3705,21,0
tabor2004,12,9,who,0.6805,6.1239,-5.4434,21,0
tabor2004,12,10,was,1.9405,5.0192,-3.0787,21,0
tabor2004,12,11,forbidden,10.2922,11.6050,-1.3128,21,0
tabor2004,12,12,the,6.2716,2.9243,3.3473,21,0
tabor2004,12,13,pleasure,7.5986,10.1992,-2.6006,21,0
tabor2004,12,14,of,0.1773,3.6849,-3.5076,21,0
tabor2004,12,15,eating,4.0603,9.5557,-5.4954,21,0
tabor2004,12,16,sweets,6.8157,12.3876,-5.5719,21,0
tabor2004,12,17,by,4.8396,5.3882,-0.5486,21,0
tabor2004,12,18,his,2.6368,5.7322,-3.0953,21,0
tabor2004,12,19,doctor,6.6074,9.4410,-2.8336,21,0
tabor2004,12,20,.,0.9648,2.3026,-1.3378,21,0
tabor2004,12,21,<eos>,5.8487,2.3026,3.5461,21,0
tabor2004,13,0,At,6.1467,5.2963,0.8504,19,0
tabor2004,13,1,the,1.5587,2.9243,-1.3656,19,0
tabor2004,13,2,dinner,8.1613,9.7162,-1.5549,19,0
tabor2004,13,3,party,2.7645,8.0822,-5.3176,19,0
tabor2004,13,4,",",0.8037,2.3026,-1.4989,19,0
tabor2004,13,5,I,2.5953,4.3982,-1.8029,19,0
tabor2004,13,6,met,4.6262,9.0033,-4.3771,19,0
tabor2004,13,7,a,1.8407,3.7766,-1.9359,19,0
tabor2004,13,8,man,2.9512,7.3218,-4.3705,19,0
tabor2004,13,9,forbidden,14.9935,11.6050,3.3884,19,0
tabor2004,13,10,the,7.1289,2.9243,4.2046,19,0
tabor2004,13,11,pleasure,8.2846,10.1992,-1.9146,19,0
tabor2004,13,12,of,0.1994,3.6849,-3.4854,19,0
tabor2004,13,13,eating,3.9439,9.5557,-5.6117,19,0
tabor2004,13,14,sweets,7.1515,12.3876,-5.2361,19,0
tabor2004,13,15,by,5.5013,5.3882,0.1131,19,0
tabor2004,13,16,his,3.3290,5.7322,-2.4031,19,0
tabor2004,13,17,doctor,6.8957,9.4410,-2.5453,19,0
tabor2004,13,18,.,0.8942,2.3026,-1.4084,19,0
tabor2004,13,19,<eos>,5.7621,2.3026,3.4595,19,0
tabor2004,14,0,At,6.1467,5.2963,0.8504,21,0
tabor2004,14,1,the,1.5587,2.9243,-1.3656,21,0
tabor2004,14,2,dinner,8.1613,9.7162,-1.5549,21,0
tabor2004,14,3,party,2.7645,8.0822,-5.3176,21,0
tabor2004,14,4,",",0.8037,2.3026,-1.4989,21,0
tabor2004,14,5,I,2.5953,4.3982,-1.8029,21,0
tabor2004,14,6,met,4.6262,9.0033,-4.3771,21,0
tabor2004,14,7,a,1.8407,3.7766,-1.9359,21,0
tabor2004,14,8,man,2.9512,7.3218,-4.3705,21,0
tabor2004,14,9,who,0.6805,6.1239,-5.4434,21,0
tabor2004,14,10,was,1.9405,5.0192,-3.0787,21,0
tabor2004,14,11,allowed,8.0206,9.1427,-1.1221,21,0
tabor2004,14,12,the,4.5064,2.9243,1.5821,21,0
tabor2004,14,13,pleasure,6.7553,10.1992,-3.4439,21,0
tabor2004,14,14,of,0.1274,3.6849,-3.5575,21,0
tabor2004,14,15,eating,4.5198,9.5557,-5.0358,21,0
tabor2004,14,16,sweets,7.7453,12.3876,-4.6423,21,0
tabor2004,14,17,by,4.9494,5.3882,-0.4388,21,0
tabor2004,14,18,his,2.7517,5.7322,-2.9805,21,0
tabor2004,14,19,doctor,6.8998,9.4410,-2.5412,21,0
tabor2004,14,20,.,1.1096,2.3026,-1.1929,21,0
tabor2004,14,21,<eos>,5.7411,2.3026,3.4385,21,0
tabor2004,15,0,At,6.1467,5.2963,0.8504,19,0
tabor2004,15,1,the,1.5587,2.9243,-1.3656,19,0
tabor2004,15,2,dinner,8.1613,9.7162,-1.5549,19,0
tabor2004,15,3,party,2.7645,8.0822,-5.3176,19,0
tabor2004,15,4,",",0.8037,2.3026,-1.4989,19,0
tabor2004,15,5,I,2.5953,4.3982,-1.8029,19,0
tabor2004,15,6,met,4.6262,9.0033,-4.3771,19,0
tabor2004,15,7,a,1.8407,3.7766,-1.9359,19,0
tabor2004,15,8,man,2.9512,7.3218,-4.3705,19,0
tabor2004,15,9,allowed,12.0103,9.1427,2.8676,19,0
tabor2004,15,10,the,5.7542,2.9243,2.8298,19,0
tabor2004,15,11,pleasure,8.2034,10.1992,-1.9958,19,0
tabor2004,15,12,of,0.1614,3.6849,-3.5235,19,0
tabor2004,15,13,eating,4.5990,9.5557,-4.9567,19,0
tabor2004,15,14,sweets,7.6477,12.3876,-4.7399,19,0
tabor2004,15,15,by,5.5403,5.3882,0.1521,19,0
tabor2004,15,16,his,3.5643,5.7322,-2.1679,19,0
tabor2004,15,17,doctor,7.5656,9.4410,-1.8754,19,0
tabor2004,15,18,.,1.1626,2.3026,-1.1400,19,0
tabor2004,15,19,<eos>,5.6287,2.3026,3.3261,19,0
tabor2004,16,0,One,6.2042,5.8260,0.3783,15,0
tabor2004,16,1,should,8.0720,6.9310,1.1410,15,0
tabor2004,16,2,respect,5.3303,9.1427,-3.8124,15,0
tabor2004,16,3,a,4.5016,3.7766,0.7250,15,0
tabor2004,16,4,man,5.1024,7.3218,-2.2193,15,0
tabor2004,16,5,who,0.9440,6.1239,-5.1798,15,0
tabor2004,16,6,is,2.0648,4.4482,-2.3834,15,0
tabor2004,16,7,forgiven,10.6006,12.2960,-1.6954,15,0
tabor2004,16,8,his,4.9182,5.7322,-0.8140,15,0
tabor2004,16,9,sins,2.9588,11.4176,-8.4588,15,0
tabor2004,16,10,by,2.7404,5.3882,-2.6478,15,0
tabor2004,16,11,his,2.4835,5.7322,-3.2487,15,0
tabor2004,16,12,own,1.9935,7.5056,-5.5121,15,0
tabor2004,16,13,god,6.5363,7.8966,-1.3604,15,0
tabor2004,16,14,.,1.0886,2.3026,-1.2140,15,0
tabor2004,16,15,<eos>,5.9110,2.3026,3.6084,15,0
tabor2004,17,0,One,6.2040,5.8260,0.3781,13,0
tabor2004,17,1,should,8.0720,6.9310,1.1410,13,0
tabor2004,17,2,respect,5.3302,9.1427,-3.8125,13,0
tabor2004,17,3,a,4.5018,3.7766,0.7252,13,0
tabor2004,17,4,man,5.1025,7.3218,-2.2192,13,0
tabor2004,17,5,forgiven,13.6909,12.2960,1.3949,13,0
tabor2004,17,6,his,4.4496,5.7322,-1.2826,13,0
tabor2004,17,7,sins,4.8539,11.4176,-6.5637,13,0
tabor2004,17,8,by,2.8799,5.3882,-2.5083,13,0
tabor2004,17,9,his,3.0716,5.7322,-2.6606,13,0
tabor2004,17,10,own,2.1282,7.5056,-5.3774,13,0
tabor2004,17,11,god,6.6187,7.8966,-1.2779,13,0
tabor2004,17,12,.,1.0605,2.3026,-1.2421,13,0
tabor2004,17,13,<eos>,5.8772,2.3026,3.5746,13,0
tabor2004,18,0,One,6.2042,5.8260,0.3783,15,0
tabor2004,18,1,should,8.0720,6.9310,1.1410,15,0
tabor2004,18,2,respect,5.3303,9.1427,-3.8124,15,0
tabor2004,18,3,a,4.5016,3.7766,0.7250,15,0
tabor2004,18,4,man,5.1024,7.3218,-2.2193,15,0
tabor2004,18,5,who,0.9440,6.1239,-5.1798,15,0
tabor2004,18,6,is,2.0648,4.4482,-2.3834,15,0
tabor2004,18,7,told,7.4858,7.9662,-0.4804,15,0
tabor2004,18,8,his,5.2162,5.7322,-0.5159,15,0
tabor2004,18,9,sins,9.0068,11.4176,-2.4108,15,0
tabor2004,18,10,by,3.0173,5.3882,-2.3710,15,0
tabor2004,18,11,his,2.0199,5.7322,-3.7122,15,0
tabor2004,18,12,own,1.9606,7.5056,-5.5450,15,0
tabor2004,18,13,god,5.5434,7.8966,-2.3533,15,0
tabor2004,18,14,.,1.5141,2.3026,-0.7885,15,0
tabor2004,18,15,<eos>,6.3018,2.3026,3.9992,15,0
tabor2004,19,0,One,6.2040,5.8260,0.3781,13,0
tabor2004,19,1,should,8.0720,6.9310,1.1410,13,0
tabor2004,19,2,respect,5.3302,9.1427,-3.8125,13,0
tabor2004,19,3,a,4.5018,3.7766,0.7252,13,0
tabor2004,19,4,man,5.1025,7.3218,-2.2192,13,0
tabor2004,19,5,told,9.6514,7.9662,1.6852,13,0
tabor2004,19,6,his,2.6142,5.7322,-3.1180,13,0
tabor2004,19,7,sins,11.7538,11.4176,0.3362,13,0
tabor2004,19,8,by,4.3301,5.3882,-1.0582,13,0
tabor2004,19,9,his,2.5802,5.7322,-3.1520,13,0
tabor2004,19,10,own,2.1627,7.5056,-5.3429,13,0
tabor2004,19,11,god,5.8476,7.8966,-2.0490,13,0
tabor2004,19,12,.,1.5243,2.3026,-0.7783,13,0
tabor2004,19,13,<eos>,6.3154,2.3026,4.0128,13,0
tabor2004,20,0,An,7.1824,5.6869,1.4954,15,0
tabor2004,20,1,elderly,8.2653,11.1693,-2.9041,15,0
tabor2004,20,2,gentleman,5.6021,11.1414,-5.5392,15,0
tabor2004,20,3,addressed,9.3074,10.9141,-1.6067,15,0
tabor2004,20,4,the,1.7689,2.9243,-1.1555,15,0
tabor2004,20,5,woman,7.3197,8.4039,-1.0841,15,0
tabor2004,20,6,who,2.4591,6.1239,-3.6648,15,0
tabor2004,20,7,was,2.0723,5.0192,-2.9468,15,0
tabor2004,20,8,given,6.8077,8.2664,-1.4587,15,0
tabor2004,20,9,a,1.3795,3.7766,-2.3971,15,0
tabor2004,20,10,beer,7.2011,9.9015,-2.7003,15,0
tabor2004,20,11,by,2.4194,5.3882,-2.9689,15,0
tabor2004,20,12,the,1.6902,2.9243,-1.2341,15,0
tabor2004,20,13,hostess,8.8182,13.0090,-4.1908,15,0
tabor2004,20,14,.,2.0803,2.3026,-0.2223,15,0
tabor2004,20,15,<eos>,5.3422,2.3026,3.0396,15,0
tabor2004,21,0,An,7.1811,5.6869,1.4942,13,0
tabor2004,21,1,elderly,8.2649,11.1693,-2.9045,13,0
tabor2004,21,2,gentleman,5.6024,11.1414,-5.5390,13,0
tabor2004,21,3,addressed,9.3078,10.9141,-1.6062,13,0
tabor2004,21,4,the,1.7688,2.9243,-1.1555,13,0
tabor2004,21,5,woman,7.3195,8.4039,-1.0843,13,0
tabor2004,21,6,given,9.1116,8.2664,0.8451,13,0
tabor2004,21,7,a,1.7231,3.7766,-2.0535,13,0
tabor2004,21,8,beer,7.8870,9.9015,-2.0145,13,0
tabor2004,21,9,by,3.0955,5.3882,-2.2927,13,0
tabor2004,21,10,the,2.1665,2.9243,-0.7578,13,0
tabor2004,21,11,hostess,9.4596,13.0090,-3.5495,13,0
tabor2004,21,12,.,1.9576,2.3026,-0.3450,13,0
tabor2004,21,13,<eos>,5.4306,2.3026,3.1280,13,0
tabor2004,22,0,An,7.1824,5.6869,1.4954,15,0
tabor2004,22,1,elderly,8.2653,11.1693,-2.9041,15,0
tabor2004,22,2,gentleman,5.6021,11.1414,-5.5392,15,0
tabor2004,22,3,addressed,9.3074,10.9141,-1.6067,15,0
tabor2004,22,4,the,1.7689,2.9243,-1.1555,15,0
tabor2004,22,5,woman,7.3197,8.4039,-1.0841,15,0
tabor2004,22,6,who,2.4591,6.1239,-3.6648,15,0
tabor2004,22,7,was,2.0723,5.0192,-2.9468,15,0
tabor2004,22,8,offered,7.5590,9.5333,-1.9743,15,0
tabor2004,22,9,a,1.3044,3.7766,-2.4722,15,0
tabor2004,22,10,beer,6.8178,9.9015,-3.0837,15,0
tabor2004,22,11,by,2.8953,5.3882,-2.4929,15,0
tabor2004,22,12,the,1.5761,2.9243,-1.3483,15,0
tabor2004,22,13,hostess,9.0420,13.0090,-3.9670,15,0
tabor2004,22,14,.,2.3487,2.3026,0.0461,15,0
tabor2004,22,15,<eos>,5.6441,2.3026,3.3415,15,0
tabor2004,23,0,An,7.1811,5.6869,1.4942,13,0
tabor2004,23,1,elderly,8.2649,11.1693,-2.9045,13,0
tabor2004,23,2,gentleman,5.6024,11.1414,-5.5390,13,0
tabor2004,23,3,addressed,9.3078,10.9141,-1.6062,13,0
tabor2004,23,4,the,1.7688,2.9243,-1.1555,13,0
tabor2004,23,5,woman,7.3195,8.4039,-1.0843,13,0
tabor2004,23,6,offered,9.8905,9.5333,0.3572,13,0
tabor2004,23,7,a,1.7723,3.7766,-2.0043,13,0
tabor2004,23,8,beer,7.6734,9.9015,-2.2281,13,0
tabor2004,23,9,by,3.8557,5.3882,-1.5325,13,0
tabor2004,23,10,the,1.7560,2.9243,-1.1684,13,0
tabor2004,23,11,hostess,9.5502,13.0090,-3.4588,13,0
tabor2004,23,12,.,2.3069,2.3026,0.0043,13,0
tabor2004,23,13,<eos>,5.9033,2.3026,3.6007,13,0
tabor2004,24,0,The,3.9745,2.9243,1.0501,14,0
tabor2004,24,1,manager,10.7428,9.2797,1.4631,14,0
tabor2004,24,2,watched,9.6020,9.8547,-0.2527,14,0
tabor2004,24,3,a,2.7211,3.7766,-1.0555,14,0
tabor2004,24,4,waiter,9.0247,12.4119,-3.3872,14,0
tabor2004,24,5,who,3.6093,6.1239,-2.5145,14,0
tabor2004,24,6,was,2.2574,5.0192,-2.7618,14,0
tabor2004,24,7,given,6.1799,8.2664,-2.0865,14,0
tabor2004,24,8,pea,13.6184,12.5714,1.0471,14,0
tabor2004,24,9,soup,3.7601,11.1693,-7.4092,14,0
tabor2004,24,10,by,2.4057,5.3882,-2.9825,14,0
tabor2004,24,11,a,1.4050,3.7766,-2.3716,14,0
tabor2004,24,12,trainee,11.8269,12.8260,-0.9991,14,0
tabor2004,24,13,.,1.8562,2.3026,-0.4464,14,0
tabor2004,24,14,<eos>,6.1488,2.3026,3.8462,14,0
tabor2004,25,0,The,3.9734,2.9243,1.0490,12,0
tabor2004,25,1,manager,10.7428,9.2797,1.4631,12,0
tabor2004,25,2,watched,9.6018,9.8547,-0.2529,12,0
tabor2004,25,3,a,2.7212,3.7766,-1.0554,12,0
tabor2004,25,4,waiter,9.0248,12.4119,-3.3871,12,0
tabor2004,25,5,given,9.2329,8.2664,0.9664,12,0
tabor2004,25,6,pea,13.7086,12.5714,1.1372,12,0
tabor2004,25,7,soup,3.7376,11.1693,-7.4318,12,0
tabor2004,25,8,by,3.5923,5.3882,-1.7959,12,0
tabor2004,25,9,a,1.6674,3.7766,-2.1092,12,0
tabor2004,25,10,trainee,12.5221,12.8260,-0.3039,12,0
tabor2004,25,11,.,2.1000,2.3026,-0.2026,12,0
tabor2004,25,12,<eos>,6.1182,2.3026,3.8156,12,0
tabor2004,26,0,The,3.9745,2.9243,1.0501,14,0
tabor2004,26,1,manager,10.7428,9.2797,1.4631,14,0
tabor2004,26,2,watched,9.6020,9.8547,-0.2527,14,0
tabor2004,26,3,a,2.7211,3.7766,-1.0555,14,0
tabor2004,26,4,waiter,9.0247,12.4119,-3.3872,14,0
tabor2004,26,5,who,3.6093,6.1239,-2.5145,14,0
tabor2004,26,6,was,2.2574,5.0192,-2.7618,14,0
tabor2004,26,7,served,8.2580,9.6473,-1.3893,14,0
tabor2004,26,8,pea,14.1662,12.5714,1.5948,14,0
tabor2004,26,9,soup,2.2150,11.1693,-8.9544,14,0
tabor2004,26,10,by,3.1406,5.3882,-2.2476,14,0
tabor2004,26,11,a,1.6614,3.7766,-2.1152,14,0
tabor2004,26,12,trainee,11.4340,12.8260,-1.3919,14,0
tabor2004,26,13,.,1.9644,2.3026,-0.3382,14,0
tabor2004,26,14,<eos>,5.9568,2.3026,3.6543,14,0
tabor2004,27,0,The,3.9734,2.9243,1.0490,12,0
tabor2004,27,1,manager,10.7428,9.2797,1.4631,12,0
tabor2004,27,2,watched,9.6018,9.8547,-0.2529,12,0
tabor2004,27,3,a,2.7212,3.7766,-1.0554,12,0
tabor2004,27,4,waiter,9.0248,12.4119,-3.3871,12,0
tabor2004,27,5,served,9.2602,9.6473,-0.3871,12,0
tabor2004,27,6,pea,13.5214,12.5714,0.9501,12,0
tabor2004,27,7,soup,2.6959,11.1693,-8.4735,12,0
tabor2004,27,8,by,3.9991,5.3882,-1.3891,12,0
tabor2004,27,9,a,2.0777,3.7766,-1.6989,12,0
tabor2004,27,10,trainee,12.2721,12.8260,-0.5538,12,0
tabor2004,27,11,.,2.1971,2.3026,-0.1055,12,0
tabor2004,27,12,<eos>,5.9275,2.3026,3.6249,12,0
tabor2004,28,0,The,3.9745,2.9243,1.0501,15,0
tabor2004,28,1,foreman,13.5849,12.4805,1.1044,15,0
tabor2004,28,2,yelled,10.9819,12.0663,-1.0844,15,0
tabor2004,28,3,at,0.7761,5.2963,-4.5203,15,0
tabor2004,28,4,a,2.7158,3.7766,-1.0608,15,0
tabor2004,28,5,carpenter,10.6534,11.9499,-1.2965,15,0
tabor2004,28,6,who,2.2663,6.1239,-3.8575,15,0
tabor2004,28,7,was,2.2043,5.0192,-2.8149,15,0
tabor2004,28,8,sawn,13.0221,14.5986,-1.5765,15,0
tabor2004,28,9,a,6.0141,3.7766,2.2374,15,0
tabor2004,28,10,board,8.1030,8.6565,-0.5534,15,0
tabor2004,28,11,by,6.1625,5.3882,0.7742,15,0
tabor2004,28,12,his,2.7401,5.7322,-2.9921,15,0
tabor2004,28,13,buddy,7.5705,10.5926,-3.0221,15,0
tabor2004,28,14,.,2.5718,2.3026,0.2692,15,0
tabor2004,28,15,<eos>,5.3254,2.3026,3.0228,15,0
tabor2004,29,0,The,3.9745,2.9243,1.0501,13,0
tabor2004,29,1,foreman,13.5849,12.4805,1.1044,13,0
tabor2004,29,2,yelled,10.9819,12.0663,-1.0844,13,0
tabor2004,29,3,at,0.7761,5.2963,-4.5203,13,0
tabor2004,29,4,a,2.7158,3.7766,-1.0608,13,0
tabor2004,29,5,carpenter,10.6534,11.9499,-1.2965,13,0
tabor2004,29,6,sawn,16.6275,14.5986,2.0289,13,0
tabor2004,29,7,a,6.2640,3.7766,2.4874,13,0
tabor2004,29,8,board,6.7951,8.6565,-1.8613,13,0
tabor2004,29,9,by,5.6517,5.3882,0.2634,13,0
tabor2004,29,10,his,3.1024,5.7322,-2.6298,13,0
tabor2004,29,11,buddy,8.1509,10.5926,-2.4418,13,0
tabor2004,29,12,.,2.3928,2.3026,0.0902,13,0
tabor2004,29,13,<eos>,5.4735,2.3026,3.1709,13,0
tabor2004,30,0,The,3.9745,2.9243,1.0501,15,0
tabor2004,30,1,foreman,13.5849,12.4805,1.1044,15,0
tabor2004,30,2,yelled,10.9819,12.0663,-1.0844,15,0
tabor2004,30,3,at,0.7761,5.2963,-4.5203,15,0
tabor2004,30,4,a,2.7158,3.7766,-1.0608,15,0
tabor2004,30,5,carpenter,10.6534,11.9499,-1.2965,15,0
tabor2004,30,6,who,2.2663,6.1239,-3.8575,15,0
tabor2004,30,7,was,2.2043,5.0192,-2.8149,15,0
tabor2004,30,8,cut,6.9867,8.6565,-1.6697,15,0
tabor2004,30,9,a,4.6835,3.7766,0.9069,15,0
tabor2004,30,10,board,8.6652,8.6565,0.0088,15,0
tabor2004,30,11,by,4.1678,5.3882,-1.2204,15,0
tabor2004,30,12,his,2.9336,5.7322,-2.7986,15,0
tabor2004,30,13,buddy,8.0423,10.5926,-2.5504,15,0
tabor2004,30,14,.,2.8063,2.3026,0.5037,15,0
tabor2004,30,15,<eos>,5.5933,2.3026,3.2908,15,0
tabor2004,31,0,The,3.9745,2.9243,1.0501,13,0
tabor2004,31,1,foreman,13.5849,12.4805,1.1044,13,0
tabor2004,31,2,yelled,10.9819,12.0663,-1.0844,13,0
tabor2004,31,3,at,0.7761,5.2963,-4.5203,13,0
tabor2004,31,4,a,2.7158,3.7766,-1.0608,13,0
tabor2004,31,5,carpenter,10.6534,11.9499,-1.2965,13,0
tabor2004,31,6,cut,10.5775,8.6565,1.9210,13,0
tabor2004,31,7,a,2.5802,3.7766,-1.1964,13,0
tabor2004,31,8,board,6.6002,8.6565,-2.0563,13,0
tabor2004,31,9,by,4.6931,5.3882,-0.6951,13,0
tabor2004,31,10,his,3.4131,5.7322,-2.3191,13,0
tabor2004,31,11,buddy,9.0634,10.5926,-1.5292,13,0
tabor2004,31,12,.,2.7501,2.3026,0.4475,13,0
tabor2004,31,13,<eos>,5.7223,2.3026,3.4197,13,0
tabor2004,32,0,The,3.9745,2.9243,1.0501,16,0
tabor2004,32,1,preschool,11.9424,12.6399,-0.6976,16,0
tabor2004,32,2,teacher,5.0600,9.4861,-4.4261,16,0
tabor2004,32,3,congratulated,11.6839,13.3331,-1.6492,16,0
tabor2004,32,4,the,1.8648,2.9243,-1.0596,16,0
tabor2004,32,5,little,6.6830,7.4840,-0.8010,16,0
tabor2004,32,6,boy,2.1832,8.8183,-6.6351,16,0
tabor2004,32,7,who,3.3558,6.1239,-2.7680,16,0
tabor2004,32,8,was,2.1040,5.0192,-2.9152,16,0
tabor2004,32,9,sewn,12.7623,13.4034,-0.6411,16,0
tabor2004,32,10,a,5.9894,3.7766,2.2127,16,0
tabor2004,32,11,hat,7.7504,10.2921,-2.5417,16,0
tabor2004,32,12,by,6.3125,5.3882,0.9243,16,0
tabor2004,32,13,his,2.3366,5.7322,-3.3956,16,0
tabor2004,32,14,grandmother,4.3791,11.1908,-6.8117,16,0
tabor2004,32,15,.,1.9058,2.3026,-0.3968,16,0
tabor2004,32,16,<eos>,4.7414,2.3026,2.4388,16,0
tabor2004,33,0,The,3.9745,2.9243,1.0501,14,0
tabor2004,33,1,preschool,11.9424,12.6399,-0.6976,14,0
tabor2004,33,2,teacher,5.0600,9.4861,-4.4261,14,0
tabor2004,33,3,congratulated,11.6839,13.3331,-1.6492,14,0
tabor2004,33,4,the,1.8648,2.9243,-1.0596,14,0
tabor2004,33,5,little,6.6830,7.4840,-0.8010,14,0
tabor2004,33,6,boy,2.1832,8.8183,-6.6351,14,0
tabor2004,33,7,sewn,15.5548,13.4034,2.1514,14,0
tabor2004,33,8,a,4.2012,3.7766,0.4246,14,0
tabor2004,33,9,hat,7.3725,10.2921,-2.9196,14,0
tabor2004,33,10,by,5.9533,5.3882,0.5651,14,0
tabor2004,33,11,his,2.5931,5.7322,-3.1391,14,0
tabor2004,33,12,grandmother,4.8702,11.1908,-6.3206,14,0
tabor2004,33,13,.,1.8620,2.3026,-0.4406,14,0
tabor2004,33,14,<eos>,4.9858,2.3026,2.6832,14,0
tabor2004,34,0,The,3.9745,2.9243,1.0501,16,0
tabor2004,34,1,preschool,11.9424,12.6399,-0.6976,16,0
tabor2004,34,2,teacher,5.0600,9.4861,-4.4261,16,0
tabor2004,34,3,congratulated,11.6839,13.3331,-1.6492,16,0
tabor2004,34,4,the,1.8648,2.9243,-1.0596,16,0
tabor2004,34,5,little,6.6830,7.4840,-0.8010,16,0
tabor2004,34,6,boy,2.1832,8.8183,-6.6351,16,0
tabor2004,34,7,who,3.3558,6.1239,-2.7680,16,0
tabor2004,34,8,was,2.1040,5.0192,-2.9152,16,0
tabor2004,34,9,knitted,11.2758,13.4439,-2.1682,16,0
tabor2004,34,10,a,4.9532,3.7766,1.1766,16,0
tabor2004,34,11,hat,8.6458,10.2921,-1.6463,16,0
tabor2004,34,12,by,5.9065,5.3882,0.5183,16,0
tabor2004,34,13,his,2.3993,5.7322,-3.3329,16,0
tabor2004,34,14,grandmother,4.1459,11.1908,-7.0449,16,0
tabor2004,34,15,.,1.8979,2.3026,-0.4047,16,0
tabor2004,34,16,<eos>,4.7196,2.3026,2.4170,16,0
tabor2004,35,0,The,3.9745,2.9243,1.0501,14,0
tabor2004,35,1,preschool,11.9424,12.6399,-0.6976,14,0
tabor2004,35,2,teacher,5.0600,9.4861,-4.4261,14,0
tabor2004,35,3,congratulated,11.6839,13.3331,-1.6492,14,0
tabor2004,35,4,the,1.8648,2.9243,-1.0596,14,0
tabor2004,35,5,little,6.6830,7.4840,-0.8010,14,0
tabor2004,35,6,boy,2.1832,8.8183,-6.6351,14,0
tabor2004,35,7,knitted,14.1876,13.4439,0.7437,14,0
tabor2004,35,8,a,2.6547,3.7766,-1.1219,14,0
tabor2004,35,9,hat,7.7409,10.2921,-2.5512,14,0
tabor2004,35,10,by,5.5544,5.3882,0.1661,14,0
tabor2004,35,11,his,2.4940,5.7322,-3.2382,14,0
tabor2004,35,12,grandmother,4.6255,11.1908,-6.5653,14,0
tabor2004,35,13,.,2.0152,2.3026,-0.2874,14,0
tabor2004,35,14,<eos>,4.9791,2.3026,2.6765,14,0
tabor2004,36,0,The,3.9745,2.9243,1.0501,16,0
tabor2004,36,1,janitor,12.8077,13.3581,-0.5504,16,0
tabor2004,36,2,chatted,12.4913,13.4235,-0.9322,16,0
tabor2004,36,3,with,0.8592,4.9505,-4.0913,16,0
tabor2004,36,4,the,2.3733,2.9243,-0.5510,16,0
tabor2004,36,5,young,5.7896,8.2208,-2.4312,16,0
tabor2004,36,6,man,2.3508,7.3218,-4.9709,16,0
tabor2004,36,7,who,2.3625,6.1239,-3.7614,16,0
tabor2004,36,8,was,1.9360,5.0192,-3.0832,16,0
tabor2004,36,9,shown,7.9814,9.4410,-1.4596,16,0
tabor2004,36,10,an,4.3584,5.6869,-1.3285,16,0
tabor2004,36,11,apartment,4.9615,10.0155,-5.0541,16,0
tabor2004,36,12,by,3.2711,5.3882,-2.1172,16,0
tabor2004,36,13,his,2.5531,5.7322,-3.1790,16,0
tabor2004,36,14,uncle,5.8344,10.4762,-4.6418,16,0
tabor2004,36,15,.,2.2667,2.3026,-0.0359,16,0
tabor2004,36,16,<eos>,5.1354,2.3026,2.8328,16,0
tabor2004,37,0,The,3.9745,2.9243,1.0501,14,0
tabor2004,37,1,janitor,12.8077,13.3581,-0.5504,14,0
tabor2004,37,2,chatted,12.4913,13.4235,-0.9322,14,0
tabor2004,37,3,with,0.8592,4.9505,-4.0913,14,0
tabor2004,37,4,the,2.3733,2.9243,-0.5510,14,0
tabor2004,37,5,young,5.7896,8.2208,-2.4312,14,0
tabor2004,37,6,man,2.3508,7.3218,-4.9709,14,0
tabor2004,37,7,shown,12.0425,9.4410,2.6015,14,0
tabor2004,37,8,an,6.7580,5.6869,1.0711,14,0
tabor2004,37,9,apartment,5.5106,10.0155,-4.5049,14,0
tabor2004,37,10,by,4.7207,5.3882,-0.6675,14,0
tabor2004,37,11,his,3.1826,5.7322,-2.5496,14,0
tabor2004,37,12,uncle,5.9864,10.4762,-4.4898,14,0
tabor2004,37,13,.,2.2319,2.3026,-0.0707,14,0
tabor2004,37,14,<eos>,5.5768,2.3026,3.2742,14,0
tabor2004,38,0,The,3.9745,2.9243,1.0501,16,0
tabor2004,38,1,janitor,12.8077,13.3581,-0.5504,16,0
tabor2004,38,2,chatted,12.4913,13.4235,-0.9322,16,0
tabor2004,38,3,with,0.8592,4.9505,-4.0913,16,0
tabor2004,38,4,the,2.3733,2.9243,-0.5510,16,0
tabor2004,38,5,young,5.7896,8.2208,-2.4312,16,0
tabor2004,38,6,man,2.3508,7.3218,-4.9709,16,0
tabor2004,38,7,who,2.3625,6.1239,-3.7614,16,0
tabor2004,38,8,was,1.9360,5.0192,-3.0832,16,0
tabor2004,38,9,rented,10.5357,11.7887,-1.2530,16,0
tabor2004,38,10,an,5.6926,5.6869,0.0057,16,0
tabor2004,38,11,apartment,1.1395,10.0155,-8.8761,16,0
tabor2004,38,12,by,3.5586,5.3882,-1.8297,16,0
tabor2004,38,13,his,2.7075,5.7322,-3.0247,16,0
tabor2004,38,14,uncle,4.7476,10.4762,-5.7286,16,0
tabor2004,38,15,.,2.1771,2.3026,-0.1255,16,0
tabor2004,38,16,<eos>,5.5267,2.3026,3.2242,16,0
tabor2004,39,0,The,3.9745,2.9243,1.0501,14,0
tabor2004,39,1,janitor,12.8077,13.3581,-0.5504,14,0
tabor2004,39,2,chatted,12.4913,13.4235,-0.9322,14,0
tabor2004,39,3,with,0.8592,4.9505,-4.0913,14,0
tabor2004,39,4,the,2.3733,2.9243,-0.5510,14,0
tabor2004,39,5,young,5.7896,8.2208,-2.4312,14,0
tabor2004,39,6,man,2.3508,7.3218,-4.9709,14,0
tabor2004,39,7,rented,13.1524,11.7887,1.3637,14,0
tabor2004,39,8,an,2.7124,5.6869,-2.9745,14,0
tabor2004,39,9,apartment,1.3062,10.0155,-8.7094,14,0
tabor2004,39,10,by,5.9420,5.3882,0.5538,14,0
tabor2004,39,11,his,3.5641,5.7322,-2.1681,14,0
tabor2004,39,12,uncle,5.3279,10.4762,-5.1482,14,0
tabor2004,39,13,.,2.0951,2.3026,-0.2075,14,0
tabor2004,39,14,<eos>,5.9273,2.3026,3.6247,14,0
tabor2004,40,0,The,3.9745,2.9243,1.0501,16,0
tabor2004,40,1,play,9.2668,7.8067,1.4601,16,0
tabor2004,40,2,centered,10.0503,11.5362,-1.4859,16,0
tabor2004,40,3,around,1.6227,7.4371,-5.8144,16,0
tabor2004,40,4,an,3.6875,5.6869,-1.9995,16,0
tabor2004,40,5,innkeeper,13.2346,14.5289,-1.2942,16,0
tabor2004,40,6,who,1.7891,6.1239,-4.3348,16,0
tabor2004,40,7,was,2.0371,5.0192,-2.9821,16,0
tabor2004,40,8,sung,13.7176,11.7199,1.9976,16,0
tabor2004,40,9,a,3.7871,3.7766,0.0105,16,0
tabor2004,40,10,verse,7.2987,11.1008,-3.8022,16,0
tabor2004,40,11,by,2.4842,5.3882,-2.9040,16,0
tabor2004,40,12,a,1.5559,3.7766,-2.2208,16,0
tabor2004,40,13,traveling,8.2624,10.8923,-2.6300,16,0
tabor2004,40,14,monk,5.7617,11.6743,-5.9126,16,0
tabor2004,40,15,.,1.9528,2.3026,-0.3498,16,0
tabor2004,40,16,<eos>,5.4164,2.3026,3.1138,16,0
tabor2004,41,0,The,3.9745,2.9243,1.0501,14,0
tabor2004,41,1,play,9.2668,7.8067,1.4601,14,0
tabor2004,41,2,centered,10.0503,11.5362,-1.4859,14,0
tabor2004,41,3,around,1.6227,7.4371,-5.8144,14,0
tabor2004,41,4,an,3.6875,5.6869,-1.9995,14,0
tabor2004,41,5,innkeeper,13.2346,14.5289,-1.2942,14,0
tabor2004,41,6,sung,13.2387,11.7199,1.5187,14,0
tabor2004,41,7,a,2.6218,3.7766,-1.1549,14,0
tabor2004,41,8,verse,6.3245,11.1008,-4.7763,14,0
tabor2004,41,9,by,3.0254,5.3882,-2.3628,14,0
tabor2004,41,10,a,2.1861,3.7766,-1.5906,14,0
tabor2004,41,11,traveling,8.2407,10.8923,-2.6517,14,0
tabor2004,41,12,monk,5.5653,11.6743,-6.1089,14,0
tabor2004,41,13,.,1.7999,2.3026,-0.5027,14,0
tabor2004,41,14,<eos>,5.8441,2.3026,3.5415,14,0
tabor2004,42,0,The,3.9745,2.9243,1.0501,16,0
tabor2004,42,1,play,9.2668,7.8067,1.4601,16,0
tabor2004,42,2,centered,10.0503,11.5362,-1.4859,16,0
tabor2004,42,3,around,1.6227,7.4371,-5.8144,16,0
tabor2004,42,4,an,3.6875,5.6869,-1.9995,16,0
tabor2004,42,5,innkeeper,13.2346,14.5289,-1.2942,16,0
tabor2004,42,6,who,1.7891,6.1239,-4.3348,16,0
tabor2004,42,7,was,2.0371,5.0192,-2.9821,16,0
tabor2004,42,8,recited,13.2499,13.4934,-0.2435,16,0
tabor2004,42,9,a,2.5519,3.7766,-1.2248,16,0
tabor2004,42,10,verse,6.5969,11.1008,-4.5039,16,0
tabor2004,42,11,by,2.9778,5.3882,-2.4104,16,0
tabor2004,42,12,a,1.2776,3.7766,-2.4990,16,0
tabor2004,42,13,traveling,8.1436,10.8923,-2.7487,16,0
tabor2004,42,14,monk,5.3958,11.6743,-6.2784,16,0
tabor2004,42,15,.,1.9009,2.3026,-0.4017,16,0
tabor2004,42,16,<eos>,5.8281,2.3026,3.5255,16,0
tabor2004,43,0,The,3.9745,2.9243,1.0501,14,0
tabor2004,43,1,play,9.2668,7.8067,1.4601,14,0
tabor2004,43,2,centered,10.0503,11.5362,-1.4859,14,0
tabor2004,43,3,around,1.6227,7.4371,-5.8144,14,0
tabor2004,43,4,an,3.6875,5.6869,-1.9995,14,0
tabor2004,43,5,innkeeper,13.2346,14.5289,-1.2942,14,0
tabor2004,43,6,recited,12.9468,13.4934,-0.5466,14,0
tabor2004,43,7,a,1.0093,3.7766,-2.7673,14,0
tabor2004,43,8,verse,5.9153,11.1008,-5.1856,14,0
tabor2004,43,9,by,3.3448,5.3882,-2.0434,14,0
tabor2004,43,10,a,1.6366,3.7766,-2.1401,14,0
tabor2004,43,11,traveling,8.0032,10.8923,-2.8891,14,0
tabor2004,43,12,monk,5.4240,11.6743,-6.2503,14,0
tabor2004,43,13,.,2.0541,2.3026,-0.2485,14,0
tabor2004,43,14,<eos>,6.3926,2.3026,4.0900,14,0
tabor2004,44,0,The,3.9745,2.9243,1.0501,15,0
tabor2004,44,1,hotel,10.0091,9.3258,0.6834,15,0
tabor2004,44,2,owner,5.1714,9.6019,-4.4305,15,0
tabor2004,44,3,questioned,9.4613,11.4641,-2.0028,15,0
tabor2004,44,4,a,3.6468,3.7766,-0.1299,15,0
tabor2004,44,5,guest,6.3943,10.1779,-3.7836,15,0
tabor2004,44,6,who,2.7577,6.1239,-3.3661,15,0
tabor2004,44,7,was,2.2019,5.0192,-2.8173,15,0
tabor2004,44,8,taken,5.9878,8.4495,-2.4617,15,0
tabor2004,44,9,a,6.2370,3.7766,2.4604,15,0
tabor2004,44,10,drink,5.9880,9.4410,-3.4530,15,0
tabor2004,44,11,by,2.4403,5.3882,-2.9479,15,0
tabor2004,44,12,the,1.5275,2.9243,-1.3968,15,0
tabor2004,44,13,bellboy,14.0486,16.1414,-2.0928,15,0
tabor2004,44,14,.,2.5803,2.3026,0.2777,15,0
tabor2004,44,15,<eos>,5.3052,2.3026,3.0026,15,0
tabor2004,45,0,The,3.9734,2.9243,1.0490,13,0
tabor2004,45,1,hotel,10.0090,9.3258,0.6833,13,0
tabor2004,45,2,owner,5.1711,9.6019,-4.4308,13,0
tabor2004,45,3,questioned,9.4615,11.4641,-2.0027,13,0
tabor2004,45,4,a,3.6467,3.7766,-0.1300,13,0
tabor2004,45,5,guest,6.3944,10.1779,-3.7835,13,0
tabor2004,45,6,taken,11.5215,8.4495,3.0720,13,0
tabor2004,45,7,a,4.2302,3.7766,0.4536,13,0
tabor2004,45,8,drink,5.7761,9.4410,-3.6649,13,0
tabor2004,45,9,by,3.0893,5.3882,-2.2989,13,0
tabor2004,45,10,the,1.5765,2.9243,-1.3478,13,0
tabor2004,45,11,bellboy,14.3282,16.1414,-1.8132,13,0
tabor2004,45,12,.,2.6980,2.3026,0.3954,13,0
tabor2004,45,13,<eos>,5.5161,2.3026,3.2135,13,0
tabor2004,46,0,The,3.9745,2.9243,1.0501,15,0
tabor2004,46,1,hotel,10.0091,9.3258,0.6834,15,0
tabor2004,46,2,owner,5.1714,9.6019,-4.4305,15,0
tabor2004,46,3,questioned,9.4613,11.4641,-2.0028,15,0
tabor2004,46,4,a,3.6468,3.7766,-0.1299,15,0
tabor2004,46,5,guest,6.3943,10.1779,-3.7836,15,0
tabor2004,46,6,who,2.7577,6.1239,-3.3661,15,0
tabor2004,46,7,was,2.2019,5.0192,-2.8173,15,0
tabor2004,46,8,brought,6.9644,8.8388,-1.8744,15,0
tabor2004,46,9,a,6.1876,3.7766,2.4110,15,0
tabor2004,46,10,drink,6.3017,9.4410,-3.1393,15,0
tabor2004,46,11,by,2.7511,5.3882,-2.6372,15,0
tabor2004,46,12,the,1.4530,2.9243,-1.4714,15,0
tabor2004,46,13,bellboy,14.7624,16.1414,-1.3789,15,0
tabor2004,46,14,.,2.3267,2.3026,0.0241,15,0
tabor2004,46,15,<eos>,5.3476,2.3026,3.0450,15,0
tabor2004,47,0,The,3.9734,2.9243,1.0490,13,0
tabor2004,47,1,hotel,10.0090,9.3258,0.6833,13,0
tabor2004,47,2,owner,5.1711,9.6019,-4.4308,13,0
tabor2004,47,3,questioned,9.4615,11.4641,-2.0027,13,0
tabor2004,47,4,a,3.6467,3.7766,-0.1300,13,0
tabor2004,47,5,guest,6.3944,10.1779,-3.7835,13,0
tabor2004,47,6,brought,10.1262,8.8388,1.2875,13,0
tabor2004,47,7,a,2.6959,3.7766,-1.0808,13,0
tabor2004,47,8,drink,6.1876,9.4410,-3.2535,13,0
tabor2004,47,9,by,4.1678,5.3882,-1.2204,13,0
tabor2004,47,10,the,1.7070,2.9243,-1.2173,13,0
tabor2004,47,11,bellboy,14.4406,16.1414,-1.7008,13,0
tabor2004,47,12,.,2.5679,2.3026,0.2653,13,0
tabor2004,47,13,<eos>,5.5897,2.3026,3.2871,13,0
tabor2004,48,0,The,3.9745,2.9243,1.0501,16,0
tabor2004,48,1,coach,11.6324,9.3025,2.3300,16,0
tabor2004,48,2,smiled,8.2553,11.8359,-3.5806,16,0
tabor2004,48,3,at,1.9716,5.2963,-3.3248,16,0
tabor2004,48,4,the,1.2728,2.9243,-1.6515,16,0
tabor2004,48,5,player,6.5363,8.7721,-2.2358,16,0
tabor2004,48,6,who,2.2704,6.1239,-3.8535,16,0
tabor2004,48,7,was,2.2912,5.0192,-2.7280,16,0
tabor2004,48,8,thrown,7.1512,10.5926,-3.4415,16,0
tabor2004,48,9,a,5.3509,3.7766,1.5743,16,0
tabor2004,48,10,frisbee,10.1438,13.9076,-3.7638,16,0
tabor2004,48,11,by,3.1739,5.3882,-2.2144,16,0
tabor2004,48,12,the,1.2691,2.9243,-1.6552,16,0
tabor2004,48,13,opposing,7.6120,11.4176,-3.8056,16,0
tabor2004,48,14,team,1.5093,7.6670,-6.1577,16,0
tabor2004,48,15,.,1.1962,2.3026,-1.1063,16,0
tabor2004,48,16,<eos>,5.3852,2.3026,3.0827,16,0
tabor2004,49,0,The,3.9745,2.9243,1.0501,14,0
tabor2004,49,1,coach,11.6324,9.3025,2.3300,14,0
tabor2004,49,2,smiled,8.2553,11.8359,-3.5806,14,0
tabor2004,49,3,at,1.9716,5.2963,-3.3248,14,0
tabor2004,49,4,the,1.2728,2.9243,-1.6515,14,0
tabor2004,49,5,player,6.5363,8.7721,-2.2358,14,0
tabor2004,49,6,thrown,11.6766,10.5926,1.0840,14,0
tabor2004,49,7,a,4.2054,3.7766,0.4288,14,0
tabor2004,49,8,frisbee,10.0721,13.9076,-3.8356,14,0
tabor2004,49,9,by,3.3844,5.3882,-2.0038,14,0
tabor2004,49,10,the,1.5621,2.9243,-1.3622,14,0
tabor2004,49,11,opposing,8.0319,11.4176,-3.3857,14,0
tabor2004,49,12,team,2.0156,7.6670,-5.6515,14,0
tabor2004,49,13,.,1.2338,2.3026,-1.0687,14,0
tabor2004,49,14,<eos>,5.5537,2.3026,3.2511,14,0
tabor2004,50,0,The,3.9745,2.9243,1.0501,16,0
tabor2004,50,1,coach,11.6324,9.3025,2.3300,16,0
tabor2004,50,2,smiled,8.2553,11.8359,-3.5806,16,0
tabor2004,50,3,at,1.9716,5.2963,-3.3248,16,0
tabor2004,50,4,the,1.2728,2.9243,-1.6515,16,0
tabor2004,50,5,player,6.5363,8.7721,-2.2358,16,0
tabor2004,50,6,who,2.2704,6.1239,-3.8535,16,0
tabor2004,50,7,was,2.2912,5.0192,-2.7280,16,0
tabor2004,50,8,tossed,9.3624,12.0892,-2.7268,16,0
tabor2004,50,9,a,4.4687,3.7766,0.6921,16,0
tabor2004,50,10,frisbee,10.9130,13.9076,-2.9946,16,0
tabor2004,50,11,by,3.4954,5.3882,-1.8928,16,0
tabor2004,50,12,the,1.1150,2.9243,-1.8094,16,0
tabor2004,50,13,opposing,7.2952,11.4176,-4.1225,16,0
tabor2004,50,14,team,1.6130,7.6670,-6.0541,16,0
tabor2004,50,15,.,1.1157,2.3026,-1.1869,16,0
tabor2004,50,16,<eos>,5.2478,2.3026,2.9452,16,0
tabor2004,51,0,The,3.9745,2.9243,1.0501,14,0
tabor2004,51,1,coach,11.6324,9.3025,2.3300,14,0
tabor2004,51,2,smiled,8.2553,11.8359,-3.5806,14,0
tabor2004,51,3,at,1.9716,5.2963,-3.3248,14,0
tabor2004,51,4,the,1.2728,2.9243,-1.6515,14,0
tabor2004,51,5,player,6.5363,8.7721,-2.2358,14,0
tabor2004,51,6,tossed,12.4248,12.0892,0.3356,14,0
tabor2004,51,7,a,2.0804,3.7766,-1.6962,14,0
tabor2004,51,8,frisbee,10.0684,13.9076,-3.8392,14,0
tabor2004,51,9,by,5.2253,5.3882,-0.1630,14,0
tabor2004,51,10,the,1.2416,2.9243,-1.6828,14,0
tabor2004,51,11,opposing,7.7636,11.4176,-3.6540,14,0
tabor2004,51,12,team,2.5378,7.6670,-5.1292,14,0
tabor2004,51,13,.,1.1739,2.3026,-1.1287,14,0
tabor2004,51,14,<eos>,5.5580,2.3026,3.2554,14,0
tabor2004,52,0,The,3.9745,2.9243,1.0501,14,0
tabor2004,52,1,anthropologist,14.1168,13.4439,0.6729,14,0
tabor2004,52,2,interviewed,8.0729,11.5129,-3.4400,14,0
tabor2004,52,3,a,2.6397,3.7766,-1.1370,14,0
tabor2004,52,4,woman,3.0141,8.4039,-5.3898,14,0
tabor2004,52,5,who,1.4497,6.1239,-4.6742,14,0
tabor2004,52,6,was,1.8976,5.0192,-3.1215,14,0
tabor2004,52,7,woven,13.6690,12.5263,1.1427,14,0
tabor2004,52,8,a,4.1091,3.7766,0.3324,14,0
tabor2004,52,9,shawl,10.3521,13.4235,-3.0714,14,0
tabor2004,52,10,by,3.7822,5.3882,-1.6060,14,0
tabor2004,52,11,her,2.2327,6.2146,-3.9819,14,0
tabor2004,52,12,mother,2.9090,8.6565,-5.7475,14,0
tabor2004,52,13,.,2.2619,2.3026,-0.0407,14,0
tabor2004,52,14,<eos>,6.3720,2.3026,4.0694,14,0
tabor2004,53,0,The,3.9745,2.9243,1.0501,12,0
tabor2004,53,1,anthropologist,14.1168,13.4439,0.6729,12,0
tabor2004,53,2,interviewed,8.0729,11.5129,-3.4400,12,0
tabor2004,53,3,a,2.6397,3.7766,-1.1370,12,0
tabor2004,53,4,woman,3.0141,8.4039,-5.3898,12,0
tabor2004,53,5,woven,13.9608,12.5263,1.4345,12,0
tabor2004,53,6,a,3.3122,3.7766,-0.4644,12,0
tabor2004,53,7,shawl,10.2554,13.4235,-3.1681,12,0
tabor2004,53,8,by,3.6785,5.3882,-1.7098,12,0
tabor2004,53,9,her,2.5736,6.2146,-3.6410,12,0
tabor2004,53,10,mother,3.2009,8.6565,-5.4555,12,0
tabor2004,53,11,.,2.3379,2.3026,0.0354,12,0
tabor2004,53,12,<eos>,6.3499,2.3026,4.0473,12,0
tabor2004,54,0,The,3.9745,2.9243,1.0501,14,0
tabor2004,54,1,anthropologist,14.1168,13.4439,0.6729,14,0
tabor2004,54,2,interviewed,8.0729,11.5129,-3.4400,14,0
tabor2004,54,3,a,2.6397,3.7766,-1.1370,14,0
tabor2004,54,4,woman,3.0141,8.4039,-5.3898,14,0
tabor2004,54,5,who,1.4497,6.1239,-4.6742,14,0
tabor2004,54,6,was,1.8976,5.0192,-3.1215,14,0
tabor2004,54,7,knitted,12.5422,13.4439,-0.9018,14,0
tabor2004,54,8,a,5.2395,3.7766,1.4629,14,0
tabor2004,54,9,shawl,11.7930,13.4235,-1.6305,14,0
tabor2004,54,10,by,4.4509,5.3882,-0.9374,14,0
tabor2004,54,11,her,2.0836,6.2146,-4.1310,14,0
tabor2004,54,12,mother,2.9752,8.6565,-5.6813,14,0
tabor2004,54,13,.,2.2405,2.3026,-0.0620,14,0
tabor2004,54,14,<eos>,6.2886,2.3026,3.9860,14,0
tabor2004,55,0,The,3.9745,2.9243,1.0501,12,0
tabor2004,55,1,anthropologist,14.1168,13.4439,0.6729,12,0
tabor2004,55,2,interviewed,8.0729,11.5129,-3.4400,12,0
tabor2004,55,3,a,2.6397,3.7766,-1.1370,12,0
tabor2004,55,4,woman,3.0141,8.4039,-5.3898,12,0
tabor2004,55,5,knitted,13.8286,13.4439,0.3846,12,0
tabor2004,55,6,a,3.9781,3.7766,0.2015,12,0
tabor2004,55,7,shawl,11.2376,13.4235,-2.1859,12,0
tabor2004,55,8,by,4.6296,5.3882,-0.7587,12,0
tabor2004,55,9,her,2.3838,6.2146,-3.8308,12,0
tabor2004,55,10,mother,3.1905,8.6565,-5.4660,12,0
tabor2004,55,11,.,2.3474,2.3026,0.0448,12,0
tabor2004,55,12,<eos>,6.4596,2.3026,4.1571,12,0
tabor2004,56,0,The,3.9745,2.9243,1.0501,14,0
tabor2004,56,1,FBI,7.1169,10.5234,-3.4065,14,0
tabor2004,56,2,questioned,8.6848,11.4641,-2.7793,14,0
tabor2004,56,3,a,3.4863,3.7766,-0.2903,14,0
tabor2004,56,4,congressman,7.3195,11.8359,-4.5164,14,0
tabor2004,56,5,who,2.3654,6.1239,-3.7585,14,0
tabor2004,56,6,was,2.1893,5.0192,-2.8299,14,0
tabor2004,56,7,written,9.9522,9.0033,0.9489,14,0
tabor2004,56,8,a,3.9217,3.7766,0.1451,14,0
tabor2004,56,9,letter,1.9099,9.3258,-7.4158,14,0
tabor2004,56,10,by,4.0734,5.3882,-1.3148,14,0
tabor2004,56,11,the,1.4951,2.9243,-1.4293,14,0
tabor2004,56,12,activist,9.2089,11.2128,-2.0039,14,0
tabor2004,56,13,.,3.5045,2.3026,1.2019,14,0
tabor2004,56,14,<eos>,6.3620,2.3026,4.0594,14,0
tabor2004,57,0,The,3.9738,2.9243,1.0495,12,0
tabor2004,57,1,FBI,7.1171,10.5234,-3.4062,12,0
tabor2004,57,2,questioned,8.6853,11.4641,-2.7788,12,0
tabor2004,57,3,a,3.4862,3.7766,-0.2904,12,0
tabor2004,57,4,congressman,7.3195,11.8359,-4.5164,12,0
tabor2004,57,5,written,10.9858,9.0033,1.9824,12,0
tabor2004,57,6,a,2.7099,3.7766,-1.0667,12,0
tabor2004,57,7,letter,1.3465,9.3258,-7.9792,12,0
tabor2004,57,8,by,4.9603,5.3882,-0.4280,12,0
tabor2004,57,9,the,1.7915,2.9243,-1.1328,12,0
tabor2004,57,10,activist,9.0814,11.2128,-2.1314,12,0
tabor2004,57,11,.,3.7773,2.3026,1.4747,12,0
tabor2004,57,12,<eos>,6.5639,2.3026,4.2613,12,0
tabor2004,58,0,The,3.9745,2.9243,1.0501,14,0
tabor2004,58,1,FBI,7.1169,10.5234,-3.4065,14,0
tabor2004,58,2,questioned,8.6848,11.4641,-2.7793,14,0
tabor2004,58,3,a,3.4863,3.7766,-0.2903,14,0
tabor2004,58,4,congressman,7.3195,11.8359,-4.5164,14,0
tabor2004,58,5,who,2.3654,6.1239,-3.7585,14,0
tabor2004,58,6,was,2.1893,5.0192,-2.8299,14,0
tabor2004,58,7,mailed,10.5841,12.6649,-2.0808,14,0
tabor2004,58,8,a,1.0134,3.7766,-2.7632,14,0
tabor2004,58,9,letter,1.1463,9.3258,-8.1795,14,0
tabor2004,58,10,by,5.2414,5.3882,-0.1468,14,0
tabor2004,58,11,the,0.9712,2.9243,-1.9532,14,0
tabor2004,58,12,activist,10.1017,11.2128,-1.1112,14,0
tabor2004,58,13,.,3.7808,2.3026,1.4782,14,0
tabor2004,58,14,<eos>,6.3401,2.3026,4.0375,14,0
tabor2004,59,0,The,3.9738,2.9243,1.0495,12,0
tabor2004,59,1,FBI,7.1171,10.5234,-3.4062,12,0
tabor2004,59,2,questioned,8.6853,11.4641,-2.7788,12,0
tabor2004,59,3,a,3.4862,3.7766,-0.2904,12,0
tabor2004,59,4,congressman,7.3195,11.8359,-4.5164,12,0
tabor2004,59,5,mailed,14.8023,12.6649,2.1374,12,0
tabor2004,59,6,a,1.0578,3.7766,-2.7188,12,0
tabor2004,59,7,letter,1.3121,9.3258,-8.0136,12,0
tabor2004,59,8,by,6.2116,5.3882,0.8234,12,0
tabor2004,59,9,the,1.1893,2.9243,-1.7350,12,0
tabor2004,59,10,activist,10.2728,11.2128,-0.9401,12,0
tabor2004,59,11,.,4.1690,2.3026,1.8665,12,0
tabor2004,59,12,<eos>,6.6550,2.3026,4.3524,12,0
tabor2004,60,0,The,3.9745,2.9243,1.0501,14,0
tabor2004,60,1,deliveryman,21.0388,16.4179,4.6210,14,0
tabor2004,60,2,teased,13.4670,13.0783,0.3887,14,0
tabor2004,60,3,the,1.3281,2.9243,-1.5962,14,0
tabor2004,60,4,accountant,13.2775,12.0663,1.2112,14,0
tabor2004,60,5,who,4.0152,6.1239,-2.1086,14,0
tabor2004,60,6,was,3.0538,5.0192,-1.9654,14,0
tabor2004,60,7,given,5.5609,8.2664,-2.7055,14,0
tabor2004,60,8,a,2.0514,3.7766,-1.7252,14,0
tabor2004,60,9,coupon,7.7203,11.8359,-4.1156,14,0
tabor2004,60,10,by,4.2584,5.3882,-1.1298,14,0
tabor2004,60,11,her,4.4428,6.2146,-1.7719,14,0
tabor2004,60,12,boss,3.4869,9.7637,-6.2768,14,0
tabor2004,60,13,.,1.9186,2.3026,-0.3840,14,0
tabor2004,60,14,<eos>,4.8986,2.3026,2.5960,14,0
tabor2004,61,0,The,3.9734,2.9243,1.0490,12,0
tabor2004,61,1,deliveryman,21.0384,16.4179,4.6206,12,0
tabor2004,61,2,teased,13.4663,13.0783,0.3880,12,0
tabor2004,61,3,the,1.3282,2.9243,-1.5961,12,0
tabor2004,61,4,accountant,13.2776,12.0663,1.2113,12,0
tabor2004,61,5,given,10.0736,8.2664,1.8072,12,0
tabor2004,61,6,a,2.6691,3.7766,-1.1075,12,0
tabor2004,61,7,coupon,7.3663,11.8359,-4.4696,12,0
tabor2004,61,8,by,5.2806,5.3882,-0.1076,12,0
tabor2004,61,9,her,5.8057,6.2146,-0.4089,12,0
tabor2004,61,10,boss,4.3855,9.7637,-5.3783,12,0
tabor2004,61,11,.,1.8549,2.3026,-0.4476,12,0
tabor2004,61,12,<eos>,4.8812,2.3026,2.5787,12,0
tabor2004,62,0,The,3.9745,2.9243,1.0501,14,0
tabor2004,62,1,deliveryman,21.0388,16.4179,4.6210,14,0
tabor2004,62,2,teased,13.4670,13.0783,0.3887,14,0
tabor2004,62,3,the,1.3281,2.9243,-1.5962,14,0
tabor2004,62,4,accountant,13.2775,12.0663,1.2112,14,0
tabor2004,62,5,who,4.0152,6.1239,-2.1086,14,0
tabor2004,62,6,was,3.0538,5.0192,-1.9654,14,0
tabor2004,62,7,saved,9.5511,9.9696,-0.4185,14,0
tabor2004,62,8,a,3.7542,3.7766,-0.0224,14,0
tabor2004,62,9,coupon,9.5827,11.8359,-2.2532,14,0
tabor2004,62,10,by,3.5609,5.3882,-1.8273,14,0
tabor2004,62,11,her,4.9075,6.2146,-1.3071,14,0
tabor2004,62,12,boss,3.5636,9.7637,-6.2001,14,0
tabor2004,62,13,.,1.9077,2.3026,-0.3949,14,0
tabor2004,62,14,<eos>,4.6427,2.3026,2.3401,14,0
tabor2004,63,0,The,3.9734,2.9243,1.0490,12,0
tabor2004,63,1,deliveryman,21.0384,16.4179,4.6206,12,0
tabor2004,63,2,teased,13.4663,13.0783,0.3880,12,0
tabor2004,63,3,the,1.3282,2.9243,-1.5961,12,0
tabor2004,63,4,accountant,13.2776,12.0663,1.2113,12,0
tabor2004,63,5,saved,11.3723,9.9696,1.4027,12,0
tabor2004,63,6,a,2.9415,3.7766,-0.8351,12,0
tabor2004,63,7,coupon,8.1072,11.8359,-3.7287,12,0
tabor2004,63,8,by,4.3430,5.3882,-1.0452,12,0
tabor2004,63,9,her,6.1685,6.2146,-0.0461,12,0
tabor2004,63,10,boss,4.4324,9.7637,-5.3313,12,0
tabor2004,63,11,.,1.9729,2.3026,-0.3297,12,0
tabor2004,63,12,<eos>,4.6123,2.3026,2.3097,12,0
tabor2004,64,0,The,3.9745,2.9243,1.0501,17,0
tabor2004,64,1,man,7.4145,7.3218,0.0928,17,0
tabor2004,64,2,reminded,10.3501,11.1209,-0.7708,17,0
tabor2004,64,3,us,2.8672,6.8124,-3.9453,17,0
tabor2004,64,4,of,1.0912,3.6849,-2.5937,17,0
tabor2004,64,5,the,1.2024,2.9243,-1.7220,17,0
tabor2004,64,6,evidence,8.7537,8.8883,-0.1346,17,0
tabor2004,64,7,that,1.5670,4.5854,-3.0183,17,0
tabor2004,64,8,was,4.3533,5.0192,-0.6659,17,0
tabor2004,64,9,examined,8.2888,11.2818,-2.9931,17,0
tabor2004,64,10,the,5.5071,2.9243,2.5827,17,0
tabor2004,64,11,previous,4.9934,9.2103,-4.2169,17,0
tabor2004,64,12,day,1.8826,7.0232,-5.1406,17,0
tabor2004,64,13,by,1.6956,5.3882,-3.6926,17,0
tabor2004,64,14,the,1.6190,2.9243,-1.3053,17,0
tabor2004,64,15,lawyer,6.4736,9.9696,-3.4960,17,0
tabor2004,64,16,.,3.3450,2.3026,1.0424,17,0
tabor2004,64,17,<eos>,5.4496,2.3026,3.1471,17,0
tabor2004,65,0,The,3.9745,2.9243,1.0501,15,0
tabor2004,65,1,man,7.4145,7.3218,0.0928,15,0
tabor2004,65,2,reminded,10.3501,11.1209,-0.7708,15,0
tabor2004,65,3,us,2.8672,6.8124,-3.9453,15,0
tabor2004,65,4,of,1.0912,3.6849,-2.5937,15,0
tabor2004,65,5,the,1.2024,2.9243,-1.7220,15,0
tabor2004,65,6,evidence,8.7537,8.8883,-0.1346,15,0
tabor2004,65,7,examined,11.4534,11.2818,0.1716,15,0
tabor2004,65,8,the,6.0612,2.9243,3.1369,15,0
tabor2004,65,9,previous,5.8831,9.2103,-3.3273,15,0
tabor2004,65,10,day,2.4516,7.0232,-4.5716,15,0
tabor2004,65,11,by,2.9178,5.3882,-2.4704,15,0
tabor2004,65,12,the,1.9104,2.9243,-1.0139,15,0
tabor2004,65,13,lawyer,6.9172,9.9696,-3.0524,15,0
tabor2004,65,14,.,3.5272,2.3026,1.2246,15,0
tabor2004,65,15,<eos>,5.7754,2.3026,3.4728,15,0
tabor2004,66,0,The,3.9745,2.9243,1.0501,17,0
tabor2004,66,1,man,7.4145,7.3218,0.0928,17,0
tabor2004,66,2,reminded,10.3501,11.1209,-0.7708,17,0
tabor2004,66,3,us,2.8672,6.8124,-3.9453,17,0
tabor2004,66,4,of,1.0912,3.6849,-2.5937,17,0
tabor2004,66,5,the,1.2024,2.9243,-1.7220,17,0
tabor2004,66,6,defendant,10.7644,11.5590,-0.7945,17,0
tabor2004,66,7,who,4.7216,6.1239,-1.4023,17,0
tabor2004,66,8,was,2.4374,5.0192,-2.5818,17,0
tabor2004,66,9,examined,10.2383,11.2818,-1.0435,17,0
tabor2004,66,10,the,5.5267,2.9243,2.6023,17,0
tabor2004,66,11,previous,6.0956,9.2103,-3.1147,17,0
tabor2004,66,12,day,1.2931,7.0232,-5.7301,17,0
tabor2004,66,13,by,1.8035,5.3882,-3.5847,17,0
tabor2004,66,14,the,1.5533,2.9243,-1.3710,17,0
tabor2004,66,15,lawyer,5.6584,9.9696,-4.3113,17,0
tabor2004,66,16,.,3.2537,2.3026,0.9511,17,0
tabor2004,66,17,<eos>,5.5285,2.3026,3.2259,17,0
tabor2004,67,0,The,3.9745,2.9243,1.0501,15,0
tabor2004,67,1,man,7.4145,7.3218,0.0928,15,0
tabor2004,67,2,reminded,10.3501,11.1209,-0.7708,15,0
tabor2004,67,3,us,2.8672,6.8124,-3.9453,15,0
tabor2004,67,4,of,1.0912,3.6849,-2.5937,15,0
tabor2004,67,5,the,1.2024,2.9243,-1.7220,15,0
tabor2004,67,6,defendant,10.7644,11.5590,-0.7945,15,0
tabor2004,67,7,examined,14.9389,11.2818,3.6570,15,0
tabor2004,67,8,the,2.2753,2.9243,-0.6490,15,0
tabor2004,67,9,previous,8.1444,9.2103,-1.0659,15,0
tabor2004,67,10,day,2.5429,7.0232,-4.4802,15,0
tabor2004,67,11,by,2.8049,5.3882,-2.5833,15,0
tabor2004,67,12,the,2.3224,2.9243,-0.6019,15,0
tabor2004,67,13,lawyer,5.8172,9.9696,-4.1524,15,0
tabor2004,67,14,.,2.9738,2.3026,0.6712,15,0
tabor2004,67,15,<eos>,6.0558,2.3026,3.7532,15,0
tabor2004,68,0,The,3.9745,2.9243,1.0501,17,0
tabor2004,68,1,bandit,16.8982,12.9654,3.9329,17,0
tabor2004,68,2,talked,10.2507,10.0850,0.1657,17,0
tabor2004,68,3,remorsefully,16.3347,18.2137,-1.8789,17,0
tabor2004,68,4,of,4.8366,3.6849,1.1517,17,0
tabor2004,68,5,the,1.3850,2.9243,-1.5393,17,0
tabor2004,68,6,gold,9.2096,8.8183,0.3913,17,0
tabor2004,68,7,that,5.9307,4.5854,1.3454,17,0
tabor2004,68,8,was,2.4765,5.0192,-2.5427,17,0
tabor2004,68,9,transported,9.0429,11.7887,-2.7458,17,0
tabor2004,68,10,the,4.7328,2.9243,1.8085,17,0
tabor2004,68,11,whole,5.1742,8.1526,-2.9783,17,0
tabor2004,68,12,way,3.0748,6.8880,-3.8131,17,0
tabor2004,68,13,by,5.4765,5.3882,0.0883,17,0
tabor2004,68,14,the,1.0991,2.9243,-1.8252,17,0
tabor2004,68,15,guards,8.1404,10.7758,-2.6354,17,0
tabor2004,68,16,.,1.4228,2.3026,-0.8798,17,0
tabor2004,68,17,<eos>,5.0302,2.3026,2.7276,17,0
tabor2004,69,0,The,3.9745,2.9243,1.0501,15,0
tabor2004,69,1,bandit,16.8982,12.9654,3.9329,15,0
tabor2004,69,2,talked,10.2507,10.0850,0.1657,15,0
tabor2004,69,3,remorsefully,16.3347,18.2137,-1.8789,15,0
tabor2004,69,4,of,4.8366,3.6849,1.1517,15,0
tabor2004,69,5,the,1.3850,2.9243,-1.5393,15,0
tabor2004,69,6,gold,9.2096,8.8183,0.3913,15,0
tabor2004,69,7,transported,14.7364,11.7887,2.9477,15,0
tabor2004,69,8,the,3.9104,2.9243,0.9861,15,0
tabor2004,69,9,whole,5.8693,8.1526,-2.2833,15,0
tabor2004,69,10,way,4.5786,6.8880,-2.3093,15,0
tabor2004,69,11,by,5.6469,5.3882,0.2586,15,0
tabor2004,69,12,the,1.6759,2.9243,-1.2485,15,0
tabor2004,69,13,guards,8.2193,10.7758,-2.5565,15,0
tabor2004,69,14,.,1.4203,2.3026,-0.8823,15,0
tabor2004,69,15,<eos>,5.0130,2.3026,2.7105,15,0
tabor2004,70,0,The,3.9745,2.9243,1.0501,17,0
tabor2004,70,1,bandit,16.8982,12.9654,3.9329,17,0
tabor2004,70,2,talked,10.2507,10.0850,0.1657,17,0
tabor2004,70,3,remorsefully,16.3347,18.2137,-1.8789,17,0
tabor2004,70,4,of,4.8366,3.6849,1.1517,17,0
tabor2004,70,5,the,1.3850,2.9243,-1.5393,17,0
tabor2004,70,6,prisoner,9.0681,11.0555,-1.9874,17,0
tabor2004,70,7,who,2.0801,6.1239,-4.0438,17,0
tabor2004,70,8,was,2.2449,5.0192,-2.7743,17,0
tabor2004,70,9,transported,6.3647,11.7887,-5.4240,17,0
tabor2004,70,10,the,6.4624,2.9243,3.5381,17,0
tabor2004,70,11,whole,6.1549,8.1526,-1.9976,17,0
tabor2004,70,12,way,2.7933,6.8880,-4.0947,17,0
tabor2004,70,13,by,5.4822,5.3882,0.0940,17,0
tabor2004,70,14,the,1.3002,2.9243,-1.6241,17,0
tabor2004,70,15,guards,5.7290,10.7758,-5.0467,17,0
tabor2004,70,16,.,1.4599,2.3026,-0.8427,17,0
tabor2004,70,17,<eos>,5.1078,2.3026,2.8052,17,0
tabor2004,71,0,The,3.9745,2.9243,1.0501,15,0
tabor2004,71,1,bandit,16.8982,12.9654,3.9329,15,0
tabor2004,71,2,talked,10.2507,10.0850,0.1657,15,0
tabor2004,71,3,remorsefully,16.3347,18.2137,-1.8789,15,0
tabor2004,71,4,of,4.8366,3.6849,1.1517,15,0
tabor2004,71,5,the,1.3850,2.9243,-1.5393,15,0
tabor2004,71,6,prisoner,9.0681,11.0555,-1.9874,15,0
tabor2004,71,7,transported,10.0637,11.7887,-1.7249,15,0
tabor2004,71,8,the,4.3156,2.9243,1.3912,15,0
tabor2004,71,9,whole,6.3676,8.1526,-1.7850,15,0
tabor2004,71,10,way,5.1220,6.8880,-1.7659,15,0
tabor2004,71,11,by,6.3039,5.3882,0.9156,15,0
tabor2004,71,12,the,1.8344,2.9243,-1.0899,15,0
tabor2004,71,13,guards,5.9364,10.7758,-4.8393,15,0
tabor2004,71,14,.,1.4216,2.3026,-0.8810,15,0
tabor2004,71,15,<eos>,5.1587,2.3026,2.8561,15,0
tabor2004,72,0,The,3.9745,2.9243,1.0501,16,0
tabor2004,72,1,foreman,13.5849,12.4805,1.1044,16,0
tabor2004,72,2,worried,11.5376,10.0613,1.4763,16,0
tabor2004,72,3,about,1.4491,5.9875,-4.5384,16,0
tabor2004,72,4,the,1.3744,2.9243,-1.5500,16,0
tabor2004,72,5,bricks,11.4790,11.9499,-0.4709,16,0
tabor2004,72,6,that,3.4149,4.5854,-1.1704,16,0
tabor2004,72,7,were,2.3714,6.1239,-3.7525,16,0
tabor2004,72,8,lifted,7.3978,11.2818,-3.8840,16,0
tabor2004,72,9,the,5.0983,2.9243,2.1740,16,0
tabor2004,72,10,whole,5.0040,8.1526,-3.1485,16,0
tabor2004,72,11,way,2.0197,6.8880,-4.8682,16,0
tabor2004,72,12,by,5.1510,5.3882,-0.2372,16,0
tabor2004,72,13,the,0.8743,2.9243,-2.0501,16,0
tabor2004,72,14,crane,8.8921,11.6968,-2.8048,16,0
tabor2004,72,15,.,1.6675,2.3026,-0.6351,16,0
tabor2004,72,16,<eos>,6.0906,2.3026,3.7880,16,0
tabor2004,73,0,The,3.9745,2.9243,1.0501,14,0
tabor2004,73,1,foreman,13.5849,12.4805,1.1044,14,0
tabor2004,73,2,worried,11.5376,10.0613,1.4763,14,0
tabor2004,73,3,about,1.4491,5.9875,-4.5384,14,0
tabor2004,73,4,the,1.3744,2.9243,-1.5500,14,0
tabor2004,73,5,bricks,11.4790,11.9499,-0.4709,14,0
tabor2004,73,6,lifted,10.1795,11.2818,-1.1023,14,0
tabor2004,73,7,the,5.0147,2.9243,2.0903,14,0
tabor2004,73,8,whole,5.6296,8.1526,-2.5230,14,0
tabor2004,73,9,way,3.2722,6.8880,-3.6157,14,0
tabor2004,73,10,by,5.2854,5.3882,-0.1028,14,0
tabor2004,73,11,the,1.9284,2.9243,-0.9960,14,0
tabor2004,73,12,crane,9.2504,11.6968,-2.4465,14,0
tabor2004,73,13,.,1.5060,2.3026,-0.7966,14,0
tabor2004,73,14,<eos>,6.1915,2.3026,3.8890,14,0
tabor2004,74,0,The,3.9745,2.9243,1.0501,16,0
tabor2004,74,1,foreman,13.5849,12.4805,1.1044,16,0
tabor2004,74,2,worried,11.5376,10.0613,1.4763,16,0
tabor2004,74,3,about,1.4491,5.9875,-4.5384,16,0
tabor2004,74,4,the,1.3744,2.9243,-1.5500,16,0
tabor2004,74,5,workers,9.5968,9.3258,0.2711,16,0
tabor2004,74,6,who,2.9452,6.1239,-3.1786,16,0
tabor2004,74,7,were,2.1479,6.1239,-3.9759,16,0
tabor2004,74,8,lifted,9.4607,11.2818,-1.8211,16,0
tabor2004,74,9,the,4.8758,2.9243,1.9514,16,0
tabor2004,74,10,whole,6.0062,8.1526,-2.1464,16,0
tabor2004,74,11,way,2.8419,6.8880,-4.0460,16,0
tabor2004,74,12,by,4.8505,5.3882,-0.5378,16,0
tabor2004,74,13,the,0.8803,2.9243,-2.0441,16,0
tabor2004,74,14,crane,10.2493,11.6968,-1.4476,16,0
tabor2004,74,15,.,1.7448,2.3026,-0.5578,16,0
tabor2004,74,16,<eos>,6.2412,2.3026,3.9386,16,0
tabor2004,75,0,The,3.9745,2.9243,1.0501,14,0
tabor2004,75,1,foreman,13.5849,12.4805,1.1044,14,0
tabor2004,75,2,worried,11.5376,10.0613,1.4763,14,0
tabor2004,75,3,about,1.4491,5.9875,-4.5384,14,0
tabor2004,75,4,the,1.3744,2.9243,-1.5500,14,0
tabor2004,75,5,workers,9.5968,9.3258,0.2711,14,0
tabor2004,75,6,lifted,12.9229,11.2818,1.6411,14,0
tabor2004,75,7,the,1.9775,2.9243,-0.9468,14,0
tabor2004,75,8,whole,6.4932,8.1526,-1.6594,14,0
tabor2004,75,9,way,4.7134,6.8880,-2.1746,14,0
tabor2004,75,10,by,5.6043,5.3882,0.2160,14,0
tabor2004,75,11,the,1.9664,2.9243,-0.9580,14,0
tabor2004,75,12,crane,10.6417,11.6968,-1.0552,14,0
tabor2004,75,13,.,1.6166,2.3026,-0.6860,14,0
tabor2004,75,14,<eos>,6.4084,2.3026,4.1058,14,0
tabor2004,76,0,The,3.9745,2.9243,1.0501,17,0
tabor2004,76,1,master,9.0078,9.3717,-0.3639,17,0
tabor2004,76,2,of,1.9034,3.6849,-1.7815,17,0
tabor2004,76,3,ceremonies,7.2217,12.1347,-4.9130,17,0
tabor2004,76,4,discussed,8.7065,10.4762,-1.7696,17,0
tabor2004,76,5,the,1.6964,2.9243,-1.2280,17,0
tabor2004,76,6,recipe,9.9163,10.9823,-1.0660,17,0
tabor2004,76,7,that,4.3739,4.5854,-0.2115,17,0
tabor2004,76,8,was,2.2900,5.0192,-2.7292,17,0
tabor2004,76,9,selected,6.4923,9.9464,-3.4540,17,0
tabor2004,76,10,the,6.1771,2.9243,3.2527,17,0
tabor2004,76,11,third,7.1464,8.4732,-1.3267,17,0
tabor2004,76,12,time,1.3830,6.2399,-4.8570,17,0
tabor2004,76,13,by,3.1964,5.3882,-2.1918,17,0
tabor2004,76,14,the,1.1522,2.9243,-1.7721,17,0
tabor2004,76,15,judges,4.6857,10.5459,-5.8603,17,0
tabor2004,76,16,.,1.8354,2.3026,-0.4672,17,0
tabor2004,76,17,<eos>,4.8218,2.3026,2.5192,17,0
tabor2004,77,0,The,3.9745,2.9243,1.0501,15,0
tabor2004,77,1,master,9.0078,9.3717,-0.3639,15,0
tabor2004,77,2,of,1.9034,3.6849,-1.7815,15,0
tabor2004,77,3,ceremonies,7.2217,12.1347,-4.9130,15,0
tabor2004,77,4,discussed,8.7065,10.4762,-1.7696,15,0
tabor2004,77,5,the,1.6964,2.9243,-1.2280,15,0
tabor2004,77,6,recipe,9.9163,10.9823,-1.0660,15,0
tabor2004,77,7,selected,10.0484,9.9464,0.1020,15,0
tabor2004,77,8,the,4.5906,2.9243,1.6663,15,0
tabor2004,77,9,third,7.3453,8.4732,-1.1279,15,0
tabor2004,77,10,time,2.6597,6.2399,-3.5803,15,0
tabor2004,77,11,by,3.1029,5.3882,-2.2854,15,0
tabor2004,77,12,the,2.3165,2.9243,-0.6078,15,0
tabor2004,77,13,judges,5.8040,10.5459,-4.7419,15,0
tabor2004,77,14,.,1.8339,2.3026,-0.4687,15,0
tabor2004,77,15,<eos>,4.9152,2.3026,2.6126,15,0
tabor2004,78,0,The,3.9745,2.9243,1.0501,17,0
tabor2004,78,1,master,9.0078,9.3717,-0.3639,17,0
tabor2004,78,2,of,1.9034,3.6849,-1.7815,17,0
tabor2004,78,3,ceremonies,7.2217,12.1347,-4.9130,17,0
tabor2004,78,4,discussed,8.7065,10.4762,-1.7696,17,0
tabor2004,78,5,the,1.6964,2.9243,-1.2280,17,0
tabor2004,78,6,contestant,13.4071,12.7103,0.6968,17,0
tabor2004,78,7,who,4.9833,6.1239,-1.1406,17,0
tabor2004,78,8,was,2.7891,5.0192,-2.2301,17,0
tabor2004,78,9,selected,5.1453,9.9464,-4.8011,17,0
tabor2004,78,10,the,5.4488,2.9243,2.5245,17,0
tabor2004,78,11,third,5.3272,8.4732,-3.1460,17,0
tabor2004,78,12,time,2.5377,6.2399,-3.7022,17,0
tabor2004,78,13,by,2.6367,5.3882,-2.7516,17,0
tabor2004,78,14,the,0.8825,2.9243,-2.0418,17,0
tabor2004,78,15,judges,3.9523,10.5459,-6.5937,17,0
tabor2004,78,16,.,1.8241,2.3026,-0.4785,17,0
tabor2004,78,17,<eos>,4.7510,2.3026,2.4484,17,0
tabor2004,79,0,The,3.9745,2.9243,1.0501,15,0
tabor2004,79,1,master,9.0078,9.3717,-0.3639,15,0
tabor2004,79,2,of,1.9034,3.6849,-1.7815,15,0
tabor2004,79,3,ceremonies,7.2217,12.1347,-4.9130,15,0
tabor2004,79,4,discussed,8.7065,10.4762,-1.7696,15,0
tabor2004,79,5,the,1.6964,2.9243,-1.2280,15,0
tabor2004,79,6,contestant,13.4071,12.7103,0.6968,15,0
tabor2004,79,7,selected,9.3373,9.9464,-0.6091,15,0
tabor2004,79,8,the,1.9509,2.9243,-0.9734,15,0
tabor2004,79,9,third,6.1357,8.4732,-2.3375,15,0
tabor2004,79,10,time,3.4683,6.2399,-2.7716,15,0
tabor2004,79,11,by,3.1706,5.3882,-2.2176,15,0
tabor2004,79,12,the,1.9747,2.9243,-0.9497,15,0
tabor2004,79,13,judges,4.6619,10.5459,-5.8840,15,0
tabor2004,79,14,.,1.8463,2.3026,-0.4563,15,0
tabor2004,79,15,<eos>,4.9517,2.3026,2.6491,15,0
tabor2004,80,0,The,3.9745,2.9243,1.0501,17,0
tabor2004,80,1,doctor,9.0336,9.4410,-0.4075,17,0
tabor2004,80,2,spoke,7.4252,10.1093,-2.6841,17,0
tabor2004,80,3,highly,9.2351,9.4639,-0.2288,17,0
tabor2004,80,4,of,0.4873,3.6849,-3.1975,17,0
tabor2004,80,5,the,1.2505,2.9243,-1.6738,17,0
tabor2004,80,6,equipment,9.7113,9.4861,0.2253,17,0
tabor2004,80,7,that,2.9687,4.5854,-1.6167,17,0
tabor2004,80,8,was,2.1975,5.0192,-2.8217,17,0
tabor2004,80,9,requested,8.4743,10.7521,-2.2778,17,0
tabor2004,80,10,the,5.8637,2.9243,2.9393,17,0
tabor2004,80,11,second,5.4545,7.7587,-2.3043,17,0
tabor2004,80,12,time,0.6062,6.2399,-5.6337,17,0
tabor2004,80,13,by,3.5602,5.3882,-1.8281,17,0
tabor2004,80,14,the,0.9043,2.9243,-2.0200,17,0
tabor2004,80,15,hospital,4.6135,9.0533,-4.4399,17,0
tabor2004,80,16,.,1.8250,2.3026,-0.4775,17,0
tabor2004,80,17,<eos>,5.3084,2.3026,3.0058,17,0
tabor2004,81,0,The,3.9745,2.9243,1.0501,15,0
tabor2004,81,1,doctor,9.0336,9.4410,-0.4075,15,0
tabor2004,81,2,spoke,7.4252,10.1093,-2.6841,15,0
tabor2004,81,3,highly,9.2351,9.4639,-0.2288,15,0
tabor2004,81,4,of,0.4873,3.6849,-3.1975,15,0
tabor2004,81,5,the,1.2505,2.9243,-1.6738,15,0
tabor2004,81,6,equipment,9.7113,9.4861,0.2253,15,0
tabor2004,81,7,requested,9.1948,10.7521,-1.5573,15,0
tabor2004,81,8,the,5.5678,2.9243,2.6435,15,0
tabor2004,81,9,second,6.6521,7.7587,-1.1066,15,0
tabor2004,81,10,time,1.3527,6.2399,-4.8872,15,0
tabor2004,81,11,by,3.7183,5.3882,-1.6700,15,0
tabor2004,81,12,the,1.5316,2.9243,-1.3927,15,0
tabor2004,81,13,hospital,5.3799,9.0533,-3.6735,15,0
tabor2004,81,14,.,1.8718,2.3026,-0.4308,15,0
tabor2004,81,15,<eos>,5.3876,2.3026,3.0850,15,0
tabor2004,82,0,The,3.9745,2.9243,1.0501,17,0
tabor2004,82,1,doctor,9.0336,9.4410,-0.4075,17,0
tabor2004,82,2,spoke,7.4252,10.1093,-2.6841,17,0
tabor2004,82,3,highly,9.2351,9.4639,-0.2288,17,0
tabor2004,82,4,of,0.4873,3.6849,-3.1975,17,0
tabor2004,82,5,the,1.2505,2.9243,-1.6738,17,0
tabor2004,82,6,specialist,10.2129,10.8658,-0.6529,17,0
tabor2004,82,7,who,3.0413,6.1239,-3.0825,17,0
tabor2004,82,8,was,2.4274,5.0192,-2.5918,17,0
tabor2004,82,9,requested,8.8162,10.7521,-1.9359,17,0
tabor2004,82,10,the,5.7586,2.9243,2.8342,17,0
tabor2004,82,11,second,3.9717,7.7587,-3.7871,17,0
tabor2004,82,12,time,0.9137,6.2399,-5.3262,17,0
tabor2004,82,13,by,3.3947,5.3882,-1.9935,17,0
tabor2004,82,14,the,1.1591,2.9243,-1.7652,17,0
tabor2004,82,15,hospital,4.6559,9.0533,-4.3975,17,0
tabor2004,82,16,.,2.1537,2.3026,-0.1488,17,0
tabor2004,82,17,<eos>,5.1823,2.3026,2.8797,17,0
tabor2004,83,0,The,3.9745,2.9243,1.0501,15,0
tabor2004,83,1,doctor,9.0336,9.4410,-0.4075,15,0
tabor2004,83,2,spoke,7.4252,10.1093,-2.6841,15,0
tabor2004,83,3,highly,9.2351,9.4639,-0.2288,15,0
tabor2004,83,4,of,0.4873,3.6849,-3.1975,15,0
tabor2004,83,5,the,1.2505,2.9243,-1.6738,15,0
tabor2004,83,6,specialist,10.2129,10.8658,-0.6529,15,0
tabor2004,83,7,requested,11.2094,10.7521,0.4573,15,0
tabor2004,83,8,the,3.1526,2.9243,0.2283,15,0
tabor2004,83,9,second,6.3215,7.7587,-1.4372,15,0
tabor2004,83,10,time,2.0603,6.2399,-4.1796,15,0
tabor2004,83,11,by,4.3046,5.3882,-1.0836,15,0
tabor2004,83,12,the,1.8402,2.9243,-1.0842,15,0
tabor2004,83,13,hospital,5.2647,9.0533,-3.7887,15,0
tabor2004,83,14,.,2.1349,2.3026,-0.1677,15,0
tabor2004,83,15,<eos>,5.4328,2.3026,3.1302,15,0
tabor2004,84,0,The,3.9745,2.9243,1.0501,17,0
tabor2004,84,1,police,8.6830,8.4495,0.2334,17,0
tabor2004,84,2,took,5.3114,8.0348,-2.7233,17,0
tabor2004,84,3,pictures,4.0415,9.3943,-5.3527,17,0
tabor2004,84,4,of,0.2449,3.6849,-3.4399,17,0
tabor2004,84,5,the,1.1210,2.9243,-1.8033,17,0
tabor2004,84,6,jewelry,8.8152,11.2353,-2.4201,17,0
tabor2004,84,7,that,3.3639,4.5854,-1.2214,17,0
tabor2004,84,8,was,1.8451,5.0192,-3.1740,17,0
tabor2004,84,9,identified,7.6135,10.0613,-2.4478,17,0
tabor2004,84,10,the,6.2957,2.9243,3.3714,17,0
tabor2004,84,11,first,5.4577,6.6531,-1.1954,17,0
tabor2004,84,12,night,5.0061,7.8067,-2.8006,17,0
tabor2004,84,13,by,4.9529,5.3882,-0.4353,17,0
tabor2004,84,14,the,1.3419,2.9243,-1.5824,17,0
tabor2004,84,15,victim,6.0853,10.2237,-4.1384,17,0
tabor2004,84,16,.,1.8212,2.3026,-0.4814,17,0
tabor2004,84,17,<eos>,4.7831,2.3026,2.4805,17,0
tabor2004,85,0,The,3.9745,2.9243,1.0501,15,0
tabor2004,85,1,police,8.6830,8.4495,0.2334,15,0
tabor2004,85,2,took,5.3114,8.0348,-2.7233,15,0
tabor2004,85,3,pictures,4.0415,9.3943,-5.3527,15,0
tabor2004,85,4,of,0.2449,3.6849,-3.4399,15,0
tabor2004,85,5,the,1.1210,2.9243,-1.8033,15,0
tabor2004,85,6,jewelry,8.8152,11.2353,-2.4201,15,0
tabor2004,85,7,identified,9.9495,10.0613,-0.1118,15,0
tabor2004,85,8,the,4.8362,2.9243,1.9119,15,0
tabor2004,85,9,first,6.4975,6.6531,-0.1556,15,0
tabor2004,85,10,night,4.9067,7.8067,-2.9000,15,0
tabor2004,85,11,by,4.9470,5.3882,-0.4412,15,0
tabor2004,85,12,the,1.6924,2.9243,-1.2319,15,0
tabor2004,85,13,victim,6.2031,10.2237,-4.0206,15,0
tabor2004,85,14,.,2.0389,2.3026,-0.2636,15,0
tabor2004,85,15,<eos>,4.9673,2.3026,2.6647,15,0
tabor2004,86,0,The,3.9745,2.9243,1.0501,17,0
tabor2004,86,1,police,8.6830,8.4495,0.2334,17,0
tabor2004,86,2,took,5.3114,8.0348,-2.7233,17,0
tabor2004,86,3,pictures,4.0415,9.3943,-5.3527,17,0
tabor2004,86,4,of,0.2449,3.6849,-3.4399,17,0
tabor2004,86,5,the,1.1210,2.9243,-1.8033,17,0
tabor2004,86,6,thief,8.8984,11.7887,-2.8903,17,0
tabor2004,86,7,who,3.0780,6.1239,-3.0458,17,0
tabor2004,86,8,was,2.3744,5.0192,-2.6447,17,0
tabor2004,86,9,identified,6.5578,10.0613,-3.5035,17,0
tabor2004,86,10,the,6.9534,2.9243,4.0291,17,0
tabor2004,86,11,first,5.5525,6.6531,-1.1006,17,0
tabor2004,86,12,night,4.6488,7.8067,-3.1579,17,0
tabor2004,86,13,by,4.1091,5.3882,-1.2791,17,0
tabor2004,86,14,the,1.3852,2.9243,-1.5391,17,0
tabor2004,86,15,victim,4.9958,10.2237,-5.2279,17,0
tabor2004,86,16,.,1.9652,2.3026,-0.3374,17,0
tabor2004,86,17,<eos>,4.7890,2.3026,2.4864,17,0
tabor2004,87,0,The,3.9745,2.9243,1.0501,15,0
tabor2004,87,1,police,8.6830,8.4495,0.2334,15,0
tabor2004,87,2,took,5.3114,8.0348,-2.7233,15,0
tabor2004,87,3,pictures,4.0415,9.3943,-5.3527,15,0
tabor2004,87,4,of,0.2449,3.6849,-3.4399,15,0
tabor2004,87,5,the,1.1210,2.9243,-1.8033,15,0
tabor2004,87,6,thief,8.8984,11.7887,-2.8903,15,0
tabor2004,87,7,identified,9.1094,10.0613,-0.9519,15,0
tabor2004,87,8,the,2.5308,2.9243,-0.3936,15,0
tabor2004,87,9,first,6.4390,6.6531,-0.2141,15,0
tabor2004,87,10,night,6.0055,7.8067,-1.8012,15,0
tabor2004,87,11,by,4.3258,5.3882,-1.0624,15,0
tabor2004,87,12,the,1.7638,2.9243,-1.1605,15,0
tabor2004,87,13,victim,5.1581,10.2237,-5.0656,15,0
tabor2004,87,14,.,2.0794,2.3026,-0.2232,15,0
tabor2004,87,15,<eos>,5.0200,2.3026,2.7175,15,0
tabor2004,88,0,The,3.9745,2.9243,1.0501,16,0
tabor2004,88,1,general,6.7297,8.1285,-1.3988,16,0
tabor2004,88,2,thought,7.2414,7.8519,-0.6105,16,0
tabor2004,88,3,about,3.9997,5.9875,-1.9878,16,0
tabor2004,88,4,the,1.1771,2.9243,-1.7472,16,0
tabor2004,88,5,valley,11.4919,9.8547,1.6372,16,0
tabor2004,88,6,that,5.8483,4.5854,1.2629,16,0
tabor2004,88,7,was,2.9091,5.0192,-2.1101,16,0
tabor2004,88,8,captured,7.8533,10.5013,-2.6481,16,0
tabor2004,88,9,the,4.9942,2.9243,2.0698,16,0
tabor2004,88,10,previous,4.2836,9.2103,-4.9267,16,0
tabor2004,88,11,day,1.3335,7.0232,-5.6897,16,0
tabor2004,88,12,by,2.9441,5.3882,-2.4441,16,0
tabor2004,88,13,the,0.9183,2.9243,-2.0060,16,0
tabor2004,88,14,troops,8.3236,10.0382,-1.7146,16,0
tabor2004,88,15,.,2.7478,2.3026,0.4452,16,0
tabor2004,88,16,<eos>,6.1138,2.3026,3.8112,16,0
tabor2004,89,0,The,3.9734,2.9243,1.0490,14,0
tabor2004,89,1,general,6.7298,8.1285,-1.3987,14,0
tabor2004,89,2,thought,7.2414,7.8519,-0.6105,14,0
tabor2004,89,3,about,3.9994,5.9875,-1.9881,14,0
tabor2004,89,4,the,1.1773,2.9243,-1.7471,14,0
tabor2004,89,5,valley,11.4921,9.8547,1.6374,14,0
tabor2004,89,6,captured,13.4815,10.5013,2.9802,14,0
tabor2004,89,7,the,3.9659,2.9243,1.0416,14,0
tabor2004,89,8,previous,7.6863,9.2103,-1.5240,14,0
tabor2004,89,9,day,2.1207,7.0232,-4.9025,14,0
tabor2004,89,10,by,1.8320,5.3882,-3.5563,14,0
tabor2004,89,11,the,1.4645,2.9243,-1.4599,14,0
tabor2004,89,12,troops,9.3323,10.0382,-0.7059,14,0
tabor2004,89,13,.,2.4904,2.3026,0.1878,14,0
tabor2004,89,14,<eos>,6.1190,2.3026,3.8164,14,0
tabor2004,90,0,The,3.9745,2.9243,1.0501,16,0
tabor2004,90,1,general,6.7297,8.1285,-1.3988,16,0
tabor2004,90,2,thought,7.2414,7.8519,-0.6105,16,0
tabor2004,90,3,about,3.9997,5.9875,-1.9878,16,0
tabor2004,90,4,the,1.1771,2.9243,-1.7472,16,0
tabor2004,90,5,soldier,11.6660,10.4551,1.2109,16,0
tabor2004,90,6,who,3.1644,6.1239,-2.9595,16,0
tabor2004,90,7,was,2.4953,5.0192,-2.5239,16,0
tabor2004,90,8,captured,4.9848,10.5013,-5.5166,16,0
tabor2004,90,9,the,6.0114,2.9243,3.0870,16,0
tabor2004,90,10,previous,6.2965,9.2103,-2.9138,16,0
tabor2004,90,11,day,0.8568,7.0232,-6.1663,16,0
tabor2004,90,12,by,3.0889,5.3882,-2.2994,16,0
tabor2004,90,13,the,1.0295,2.9243,-1.8948,16,0
tabor2004,90,14,troops,6.8018,10.0382,-3.2364,16,0
tabor2004,90,15,.,2.7090,2.3026,0.4064,16,0
tabor2004,90,16,<eos>,6.2102,2.3026,3.9076,16,0
tabor2004,91,0,The,3.9734,2.9243,1.0490,14,0
tabor2004,91,1,general,6.7298,8.1285,-1.3987,14,0
tabor2004,91,2,thought,7.2414,7.8519,-0.6105,14,0
tabor2004,91,3,about,3.9994,5.9875,-1.9881,14,0
tabor2004,91,4,the,1.1773,2.9243,-1.7471,14,0
tabor2004,91,5,soldier,11.6661,10.4551,1.2109,14,0
tabor2004,91,6,captured,10.1580,10.5013,-0.3433,14,0
tabor2004,91,7,the,2.1935,2.9243,-0.7308,14,0
tabor2004,91,8,previous,9.2496,9.2103,0.0392,14,0
tabor2004,91,9,day,1.5284,7.0232,-5.4948,14,0
tabor2004,91,10,by,2.5496,5.3882,-2.8387,14,0
tabor2004,91,11,the,1.8042,2.9243,-1.1201,14,0
tabor2004,91,12,troops,7.0203,10.0382,-3.0179,14,0
tabor2004,91,13,.,2.4746,2.3026,0.1720,14,0
tabor2004,91,14,<eos>,6.2906,2.3026,3.9880,14,0
tabor2004,92,0,The,3.9745,2.9243,1.0501,18,0
tabor2004,92,1,governor,9.4371,9.8778,-0.4407,18,0
tabor2004,92,2,sent,7.0925,8.8388,-1.7463,18,0
tabor2004,92,3,reinforcements,10.1445,12.7103,-2.5657,18,0
tabor2004,92,4,to,0.4507,3.6156,-3.1649,18,0
tabor2004,92,5,the,1.0892,2.9243,-1.8352,18,0
tabor2004,92,6,power,8.7680,8.0134,0.7546,18,0
tabor2004,92,7,plant,2.8737,9.4639,-6.5903,18,0
tabor2004,92,8,that,4.5122,4.5854,-0.0732,18,0
tabor2004,92,9,was,3.1901,5.0192,-1.8291,18,0
tabor2004,92,10,attacked,6.6656,10.3160,-3.6504,18,0
tabor2004,92,11,the,5.6764,2.9243,2.7521,18,0
tabor2004,92,12,previous,4.4653,9.2103,-4.7450,18,0
tabor2004,92,13,week,1.6570,7.9211,-6.2641,18,0
tabor2004,92,14,by,1.2347,5.3882,-4.1535,18,0
tabor2004,92,15,the,1.4837,2.9243,-1.4406,18,0
tabor2004,92,16,terrorists,7.6100,11.0555,-3.4455,18,0
tabor2004,92,17,.,1.5521,2.3026,-0.7505,18,0
tabor2004,92,18,<eos>,5.0980,2.3026,2.7954,18,0
tabor2004,93,0,The,3.9745,2.9243,1.0501,16,0
tabor2004,93,1,governor,9.4371,9.8778,-0.4407,16,0
tabor2004,93,2,sent,7.0925,8.8388,-1.7463,16,0
tabor2004,93,3,reinforcements,10.1445,12.7103,-2.5657,16,0
tabor2004,93,4,to,0.4507,3.6156,-3.1649,16,0
tabor2004,93,5,the,1.0892,2.9243,-1.8352,16,0
tabor2004,93,6,power,8.7680,8.0134,0.7546,16,0
tabor2004,93,7,plant,2.8737,9.4639,-6.5903,16,0
tabor2004,93,8,attacked,13.1519,10.3160,2.8359,16,0
tabor2004,93,9,the,2.2417,2.9243,-0.6826,16,0
tabor2004,93,10,previous,7.7201,9.2103,-1.4902,16,0
tabor2004,93,11,week,2.2845,7.9211,-5.6366,16,0
tabor2004,93,12,by,2.1498,5.3882,-3.2384,16,0
tabor2004,93,13,the,2.2859,2.9243,-0.6384,16,0
tabor2004,93,14,terrorists,8.0770,11.0555,-2.9785,16,0
tabor2004,93,15,.,1.5538,2.3026,-0.7488,16,0
tabor2004,93,16,<eos>,5.4114,2.3026,3.1088,16,0
tabor2004,94,0,The,3.9745,2.9243,1.0501,17,0
tabor2004,94,1,governor,9.4371,9.8778,-0.4407,17,0
tabor2004,94,2,sent,7.0925,8.8388,-1.7463,17,0
tabor2004,94,3,reinforcements,10.1445,12.7103,-2.5657,17,0
tabor2004,94,4,to,0.4507,3.6156,-3.1649,17,0
tabor2004,94,5,the,1.0892,2.9243,-1.8352,17,0
tabor2004,94,6,troops,6.3164,10.0382,-3.7217,17,0
tabor2004,94,7,who,4.3168,6.1239,-1.8070,17,0
tabor2004,94,8,were,1.5750,6.1239,-4.5488,17,0
tabor2004,94,9,attacked,5.6613,10.3160,-4.6547,17,0
tabor2004,94,10,the,5.2128,2.9243,2.2884,17,0
tabor2004,94,11,previous,5.2788,9.2103,-3.9315,17,0
tabor2004,94,12,week,1.7773,7.9211,-6.1438,17,0
tabor2004,94,13,by,1.8062,5.3882,-3.5821,17,0
tabor2004,94,14,the,1.2250,2.9243,-1.6993,17,0
tabor2004,94,15,terrorists,6.6651,11.0555,-4.3904,17,0
tabor2004,94,16,.,1.3545,2.3026,-0.9481,17,0
tabor2004,94,17,<eos>,5.0715,2.3026,2.7689,17,0
tabor2004,95,0,The,3.9745,2.9243,1.0501,15,0
tabor2004,95,1,governor,9.4371,9.8778,-0.4407,15,0
tabor2004,95,2,sent,7.0925,8.8388,-1.7463,15,0
tabor2004,95,3,reinforcements,10.1445,12.7103,-2.5657,15,0
tabor2004,95,4,to,0.4507,3.6156,-3.1649,15,0
tabor2004,95,5,the,1.0892,2.9243,-1.8352,15,0
tabor2004,95,6,troops,6.3164,10.0382,-3.7217,15,0
tabor2004,95,7,attacked,11.1771,10.3160,0.8611,15,0
tabor2004,95,8,the,1.6349,2.9243,-1.2895,15,0
tabor2004,95,9,previous,9.1048,9.2103,-0.1056,15,0
tabor2004,95,10,week,2.0515,7.9211,-5.8696,15,0
tabor2004,95,11,by,3.1600,5.3882,-2.2282,15,0
tabor2004,95,12,the,1.8566,2.9243,-1.0678,15,0
tabor2004,95,13,terrorists,7.0417,11.0555,-4.0138,15,0
tabor2004,95,14,.,1.5045,2.3026,-0.7981,15,0
tabor2004,95,15,<eos>,5.4425,2.3026,3.1399,15,0
tabor2004,96,0,The,3.9745,2.9243,1.0501,15,0
tabor2004,96,1,curator,13.1373,12.5486,0.5887,15,0
tabor2004,96,2,criticized,11.0606,11.5129,-0.4523,15,0
tabor2004,96,3,the,0.9702,2.9243,-1.9541,15,0
tabor2004,96,4,painting,9.7882,10.1316,-0.3435,15,0
tabor2004,96,5,that,4.7607,4.5854,0.1753,15,0
tabor2004,96,6,was,1.8798,5.0192,-3.1393,15,0
tabor2004,96,7,studied,9.5489,10.3848,-0.8359,15,0
tabor2004,96,8,the,5.1648,2.9243,2.2404,15,0
tabor2004,96,9,previous,3.9120,9.2103,-5.2983,15,0
tabor2004,96,10,term,9.8496,8.6797,1.1699,15,0
tabor2004,96,11,by,4.1147,5.3882,-1.2736,15,0
tabor2004,96,12,the,2.9145,2.9243,-0.0098,15,0
tabor2004,96,13,students,6.0493,8.6337,-2.5844,15,0
tabor2004,96,14,.,2.0276,2.3026,-0.2750,15,0
tabor2004,96,15,<eos>,5.0504,2.3026,2.7478,15,0
tabor2004,97,0,The,3.9734,2.9243,1.0490,13,0
tabor2004,97,1,curator,13.1372,12.5486,0.5886,13,0
tabor2004,97,2,criticized,11.0606,11.5129,-0.4523,13,0
tabor2004,97,3,the,0.9702,2.9243,-1.9541,13,0
tabor2004,97,4,painting,9.7884,10.1316,-0.3433,13,0
tabor2004,97,5,studied,13.6352,10.3848,3.2505,13,0
tabor2004,97,6,the,3.4903,2.9243,0.5659,13,0
tabor2004,97,7,previous,6.2834,9.2103,-2.9269,13,0
tabor2004,97,8,term,8.5406,8.6797,-0.1391,13,0
tabor2004,97,9,by,4.0622,5.3882,-1.3260,13,0
tabor2004,97,10,the,4.2918,2.9243,1.3674,13,0
tabor2004,97,11,students,6.5002,8.6337,-2.1335,13,0
tabor2004,97,12,.,2.0612,2.3026,-0.2413,13,0
tabor2004,97,13,<eos>,5.2056,2.3026,2.9030,13,0
tabor2004,98,0,The,3.9745,2.9243,1.0501,15,0
tabor2004,98,1,curator,13.1373,12.5486,0.5887,15,0
tabor2004,98,2,criticized,11.0606,11.5129,-0.4523,15,0
tabor2004,98,3,the,0.9702,2.9243,-1.9541,15,0
tabor2004,98,4,artist,8.0650,9.6708,-1.6058,15,0
tabor2004,98,5,who,3.3755,6.1239,-2.7483,15,0
tabor2004,98,6,was,3.6547,5.0192,-1.3644,15,0
tabor2004,98,7,studied,10.4427,10.3848,0.0579,15,0
tabor2004,98,8,the,4.6036,2.9243,1.6792,15,0
tabor2004,98,9,previous,5.3612,9.2103,-3.8492,15,0
tabor2004,98,10,term,8.1620,8.6797,-0.5178,15,0
tabor2004,98,11,by,4.0189,5.3882,-1.3694,15,0
tabor2004,98,12,the,2.5082,2.9243,-0.4162,15,0
tabor2004,98,13,students,6.4769,8.6337,-2.1569,15,0
tabor2004,98,14,.,2.1965,2.3026,-0.1061,15,0
tabor2004,98,15,<eos>,5.1736,2.3026,2.8711,15,0
tabor2004,99,0,The,3.9734,2.9243,1.0490,13,0
tabor2004,99,1,curator,13.1372,12.5486,0.5886,13,0
tabor2004,99,2,criticized,11.0606,11.5129,-0.4523,13,0
tabor2004,99,3,the,0.9702,2.9243,-1.9541,13,0
tabor2004,99,4,artist,8.0651,9.6708,-1.6057,13,0
tabor2004,99,5,studied,13.6058,10.3848,3.2210,13,0
tabor2004,99,6,the,1.0321,2.9243,-1.8923,13,0
tabor2004,99,7,previous,7.1944,9.2103,-2.0159,13,0
tabor2004,99,8,term,7.7622,8.6797,-0.9175,13,0
tabor2004,99,9,by,4.4594,5.3882,-0.9288,13,0
tabor2004,99,10,the,4.8227,2.9243,1.8984,13,0
tabor2004,99,11,students,6.7683,8.6337,-1.8654,13,0
tabor2004,99,12,.,2.4339,2.3026,0.1313,13,0
tabor2004,99,13,<eos>,5.4311,2.3026,3.1285,13,0
tabor2004,100,0,The,3.9745,2.9243,1.0501,15,0
tabor2004,100,1,governess,16.2999,14.1153,2.1847,15,0
tabor2004,100,2,identified,10.1843,10.0613,0.1230,15,0
tabor2004,100,3,the,3.0763,2.9243,0.1520,15,0
tabor2004,100,4,necklace,10.9362,11.8582,-0.9220,15,0
tabor2004,100,5,that,3.2622,4.5854,-1.3232,15,0
tabor2004,100,6,was,2.0827,5.0192,-2.9365,15,0
tabor2004,100,7,described,6.7914,9.2103,-2.4190,15,0
tabor2004,100,8,the,5.6727,2.9243,2.7484,15,0
tabor2004,100,9,first,4.6586,6.6531,-1.9945,15,0
tabor2004,100,10,time,0.5325,6.2399,-5.7074,15,0
tabor2004,100,11,by,2.9856,5.3882,-2.4027,15,0
tabor2004,100,12,the,2.2636,2.9243,-0.6607,15,0
tabor2004,100,13,lady,6.5720,9.3258,-2.7538,15,0
tabor2004,100,14,.,3.1655,2.3026,0.8629,15,0
tabor2004,100,15,<eos>,4.5580,2.3026,2.2555,15,0
tabor2004,101,0,The,3.9734,2.9243,1.0490,13,0
tabor2004,101,1,governess,16.3002,14.1153,2.1849,13,0
tabor2004,101,2,identified,10.1834,10.0613,0.1220,13,0
tabor2004,101,3,the,3.0765,2.9243,0.1521,13,0
tabor2004,101,4,necklace,10.9362,11.8582,-0.9221,13,0
tabor2004,101,5,described,7.6346,9.2103,-1.5757,13,0
tabor2004,101,6,the,4.7706,2.9243,1.8463,13,0
tabor2004,101,7,first,4.2118,6.6531,-2.4413,13,0
tabor2004,101,8,time,1.2767,6.2399,-4.9632,13,0
tabor2004,101,9,by,3.3690,5.3882,-2.0192,13,0
tabor2004,101,10,the,2.3523,2.9243,-0.5720,13,0
tabor2004,101,11,lady,7.5912,9.3258,-1.7345,13,0
tabor2004,101,12,.,3.4985,2.3026,1.1959,13,0
tabor2004,101,13,<eos>,4.9065,2.3026,2.6039,13,0
tabor2004,102,0,The,3.9745,2.9243,1.0501,15,0
tabor2004,102,1,governess,16.2999,14.1153,2.1847,15,0
tabor2004,102,2,identified,10.1843,10.0613,0.1230,15,0
tabor2004,102,3,the,3.0763,2.9243,0.1520,15,0
tabor2004,102,4,boy,7.0944,8.8183,-1.7239,15,0
tabor2004,102,5,who,2.9459,6.1239,-3.1780,15,0
tabor2004,102,6,was,1.8698,5.0192,-3.1493,15,0
tabor2004,102,7,described,7.1752,9.2103,-2.0352,15,0
tabor2004,102,8,the,5.6585,2.9243,2.7342,15,0
tabor2004,102,9,first,4.4496,6.6531,-2.2035,15,0
tabor2004,102,10,time,1.4035,6.2399,-4.8365,15,0
tabor2004,102,11,by,2.6503,5.3882,-2.7379,15,0
tabor2004,102,12,the,2.0316,2.9243,-0.8927,15,0
tabor2004,102,13,lady,7.0575,9.3258,-2.2683,15,0
tabor2004,102,14,.,3.1613,2.3026,0.8588,15,0
tabor2004,102,15,<eos>,4.8280,2.3026,2.5254,15,0
tabor2004,103,0,The,3.9734,2.9243,1.0490,13,0
tabor2004,103,1,governess,16.3002,14.1153,2.1849,13,0
tabor2004,103,2,identified,10.1834,10.0613,0.1220,13,0
tabor2004,103,3,the,3.0765,2.9243,0.1521,13,0
tabor2004,103,4,boy,7.0944,8.8183,-1.7239,13,0
tabor2004,103,5,described,7.6620,9.2103,-1.5483,13,0
tabor2004,103,6,the,3.3936,2.9243,0.4692,13,0
tabor2004,103,7,first,4.1202,6.6531,-2.5329,13,0
tabor2004,103,8,time,2.2726,6.2399,-3.9674,13,0
tabor2004,103,9,by,3.6659,5.3882,-1.7224,13,0
tabor2004,103,10,the,2.2955,2.9243,-0.6289,13,0
tabor2004,103,11,lady,7.9417,9.3258,-1.3841,13,0
tabor2004,103,12,.,3.5759,2.3026,1.2733,13,0
tabor2004,103,13,<eos>,5.4447,2.3026,3.1421,13,0
tabor2004,104,0,The,3.9745,2.9243,1.0501,17,0
tabor2004,104,1,children,9.0552,8.1285,0.9266,17,0
tabor2004,104,2,were,3.6192,6.1239,-2.5047,17,0
tabor2004,104,3,worried,9.2607,10.0613,-0.8006,17,0
tabor2004,104,4,about,0.7598,5.9875,-5.2277,17,0
tabor2004,104,5,the,1.4363,2.9243,-1.4880,17,0
tabor2004,104,6,sofa,11.8274,11.9499,-0.1225,17,0
tabor2004,104,7,that,4.7159,4.5854,0.1305,17,0
tabor2004,104,8,was,1.8679,5.0192,-3.1512,17,0
tabor2004,104,9,scratched,9.4712,12.6873,-3.2161,17,0
tabor2004,104,10,the,5.0028,2.9243,2.0785,17,0
tabor2004,104,11,first,5.7887,6.6531,-0.8644,17,0
tabor2004,104,12,day,2.6350,7.0232,-4.3882,17,0
tabor2004,104,13,by,3.2415,5.3882,-2.1468,17,0
tabor2004,104,14,the,1.0796,2.9243,-1.8448,17,0
tabor2004,104,15,cat,6.1579,9.7162,-3.5582,17,0
tabor2004,104,16,.,1.7939,2.3026,-0.5087,17,0
tabor2004,104,17,<eos>,5.3129,2.3026,3.0103,17,0
tabor2004,105,0,The,3.9745,2.9243,1.0501,15,0
tabor2004,105,1,children,9.0552,8.1285,0.9266,15,0
tabor2004,105,2,were,3.6192,6.1239,-2.5047,15,0
tabor2004,105,3,worried,9.2607,10.0613,-0.8006,15,0
tabor2004,105,4,about,0.7598,5.9875,-5.2277,15,0
tabor2004,105,5,the,1.4363,2.9243,-1.4880,15,0
tabor2004,105,6,sofa,11.8274,11.9499,-0.1225,15,0
tabor2004,105,7,scratched,12.8494,12.6873,0.1621,15,0
tabor2004,105,8,the,4.8788,2.9243,1.9545,15,0
tabor2004,105,9,first,7.3268,6.6531,0.6737,15,0
tabor2004,105,10,day,4.1821,7.0232,-2.8411,15,0
tabor2004,105,11,by,3.3607,5.3882,-2.0275,15,0
tabor2004,105,12,the,1.3439,2.9243,-1.5804,15,0
tabor2004,105,13,cat,6.6417,9.7162,-3.0744,15,0
tabor2004,105,14,.,1.9533,2.3026,-0.3493,15,0
tabor2004,105,15,<eos>,5.5419,2.3026,3.2394,15,0
tabor2004,106,0,The,3.9745,2.9243,1.0501,17,0
tabor2004,106,1,children,9.0552,8.1285,0.9266,17,0
tabor2004,106,2,were,3.6192,6.1239,-2.5047,17,0
tabor2004,106,3,worried,9.2607,10.0613,-0.8006,17,0
tabor2004,106,4,about,0.7598,5.9875,-5.2277,17,0
tabor2004,106,5,the,1.4363,2.9243,-1.4880,17,0
tabor2004,106,6,woman,7.5016,8.4039,-0.9023,17,0
tabor2004,106,7,who,2.2867,6.1239,-3.8372,17,0
tabor2004,106,8,was,2.3942,5.0192,-2.6250,17,0
tabor2004,106,9,scratched,10.9805,12.6873,-1.7069,17,0
tabor2004,106,10,the,5.1899,2.9243,2.2656,17,0
tabor2004,106,11,first,4.8521,6.6531,-1.8010,17,0
tabor2004,106,12,day,2.1515,7.0232,-4.8717,17,0
tabor2004,106,13,by,2.7047,5.3882,-2.6836,17,0
tabor2004,106,14,the,1.4509,2.9243,-1.4734,17,0
tabor2004,106,15,cat,6.1047,9.7162,-3.6115,17,0
tabor2004,106,16,.,1.8283,2.3026,-0.4743,17,0
tabor2004,106,17,<eos>,5.6319,2.3026,3.3293,17,0
tabor2004,107,0,The,3.9745,2.9243,1.0501,15,0
tabor2004,107,1,children,9.0552,8.1285,0.9266,15,0
tabor2004,107,2,were,3.6192,6.1239,-2.5047,15,0
tabor2004,107,3,worried,9.2607,10.0613,-0.8006,15,0
tabor2004,107,4,about,0.7598,5.9875,-5.2277,15,0
tabor2004,107,5,the,1.4363,2.9243,-1.4880,15,0
tabor2004,107,6,woman,7.5016,8.4039,-0.9023,15,0
tabor2004,107,7,scratched,13.3143,12.6873,0.6269,15,0
tabor2004,107,8,the,3.6275,2.9243,0.7031,15,0
tabor2004,107,9,first,6.8819,6.6531,0.2288,15,0
tabor2004,107,10,day,4.3482,7.0232,-2.6750,15,0
tabor2004,107,11,by,3.4284,5.3882,-1.9598,15,0
tabor2004,107,12,the,1.5672,2.9243,-1.3572,15,0
tabor2004,107,13,cat,6.4066,9.7162,-3.3096,15,0
tabor2004,107,14,.,1.9227,2.3026,-0.3799,15,0
tabor2004,107,15,<eos>,5.7821,2.3026,3.4796,15,0
tabor2004,108,0,The,3.9745,2.9243,1.0501,15,0
tabor2004,108,1,agent,9.7613,9.6473,0.1140,15,0
tabor2004,108,2,photographed,11.3926,12.1573,-0.7647,15,0
tabor2004,108,3,the,2.4226,2.9243,-0.5017,15,0
tabor2004,108,4,van,9.0205,9.7162,-0.6956,15,0
tabor2004,108,5,that,5.3063,4.5854,0.7209,15,0
tabor2004,108,6,was,2.4571,5.0192,-2.5621,15,0
tabor2004,108,7,recognized,9.3360,10.3160,-0.9800,15,0
tabor2004,108,8,the,4.9315,2.9243,2.0072,15,0
tabor2004,108,9,previous,5.0685,9.2103,-4.1419,15,0
tabor2004,108,10,day,1.1600,7.0232,-5.8632,15,0
tabor2004,108,11,by,2.1356,5.3882,-3.2527,15,0
tabor2004,108,12,the,1.1481,2.9243,-1.7762,15,0
tabor2004,108,13,spy,9.9968,10.9590,-0.9623,15,0
tabor2004,108,14,.,3.2344,2.3026,0.9318,15,0
tabor2004,108,15,<eos>,4.3102,2.3026,2.0076,15,0
tabor2004,109,0,The,3.9738,2.9243,1.0495,13,0
tabor2004,109,1,agent,9.7613,9.6473,0.1140,13,0
tabor2004,109,2,photographed,11.3926,12.1573,-0.7647,13,0
tabor2004,109,3,the,2.4225,2.9243,-0.5018,13,0
tabor2004,109,4,van,9.0207,9.7162,-0.6955,13,0
tabor2004,109,5,recognized,11.4752,10.3160,1.1593,13,0
tabor2004,109,6,the,1.3111,2.9243,-1.6133,13,0
tabor2004,109,7,previous,8.3705,9.2103,-0.8399,13,0
tabor2004,109,8,day,2.1161,7.0232,-4.9071,13,0
tabor2004,109,9,by,2.4472,5.3882,-2.9411,13,0
tabor2004,109,10,the,1.7833,2.9243,-1.1411,13,0
tabor2004,109,11,spy,9.8739,10.9590,-1.0851,13,0
tabor2004,109,12,.,3.1830,2.3026,0.8804,13,0
tabor2004,109,13,<eos>,4.8267,2.3026,2.5241,13,0
tabor2004,110,0,The,3.9745,2.9243,1.0501,15,0
tabor2004,110,1,agent,9.7613,9.6473,0.1140,15,0
tabor2004,110,2,photographed,11.3926,12.1573,-0.7647,15,0
tabor2004,110,3,the,2.4226,2.9243,-0.5017,15,0
tabor2004,110,4,man,6.8567,7.3218,-0.4650,15,0
tabor2004,110,5,who,3.3059,6.1239,-2.8179,15,0
tabor2004,110,6,was,2.6275,5.0192,-2.3917,15,0
tabor2004,110,7,recognized,8.8898,10.3160,-1.4261,15,0
tabor2004,110,8,the,4.9578,2.9243,2.0335,15,0
tabor2004,110,9,previous,6.6426,9.2103,-2.5678,15,0
tabor2004,110,10,day,1.2904,7.0232,-5.7328,15,0
tabor2004,110,11,by,2.4032,5.3882,-2.9851,15,0
tabor2004,110,12,the,1.2017,2.9243,-1.7226,15,0
tabor2004,110,13,spy,9.8353,10.9590,-1.1237,15,0
tabor2004,110,14,.,2.8757,2.3026,0.5731,15,0
tabor2004,110,15,<eos>,4.3024,2.3026,1.9998,15,0
tabor2004,111,0,The,3.9738,2.9243,1.0495,13,0
tabor2004,111,1,agent,9.7613,9.6473,0.1140,13,0
tabor2004,111,2,photographed,11.3926,12.1573,-0.7647,13,0
tabor2004,111,3,the,2.4225,2.9243,-0.5018,13,0
tabor2004,111,4,man,6.8567,7.3218,-0.4650,13,0
tabor2004,111,5,recognized,12.2392,10.3160,1.9232,13,0
tabor2004,111,6,the,1.4484,2.9243,-1.4759,13,0
tabor2004,111,7,previous,8.9357,9.2103,-0.2746,13,0
tabor2004,111,8,day,2.4177,7.0232,-4.6055,13,0
tabor2004,111,9,by,2.5871,5.3882,-2.8012,13,0
tabor2004,111,10,the,1.7646,2.9243,-1.1597,13,0
tabor2004,111,11,spy,9.7851,10.9590,-1.1739,13,0
tabor2004,111,12,.,2.8773,2.3026,0.5747,13,0
tabor2004,111,13,<eos>,4.8182,2.3026,2.5156,13,0
tabor2004,112,0,The,3.9745,2.9243,1.0501,17,0
tabor2004,112,1,manager,10.7428,9.2797,1.4631,17,0
tabor2004,112,2,was,3.6924,5.0192,-1.3267,17,0
tabor2004,112,3,concerned,6.2841,9.7866,-3.5025,17,0
tabor2004,112,4,about,1.0910,5.9875,-4.8965,17,0
tabor2004,112,5,the,0.9070,2.9243,-2.0173,17,0
tabor2004,112,6,account,10.3388,8.7279,1.6109,17,0
tabor2004,112,7,that,3.0509,4.5854,-1.5345,17,0
tabor2004,112,8,was,2.8808,5.0192,-2.1384,17,0
tabor2004,112,9,observed,10.0069,10.6168,-0.6099,17,0
tabor2004,112,10,the,5.7131,2.9243,2.7887,17,0
tabor2004,112,11,previous,3.6796,9.2103,-5.5307,17,0
tabor2004,112,12,month,2.8745,8.6337,-5.7592,17,0
tabor2004,112,13,by,2.8230,5.3882,-2.5652,17,0
tabor2004,112,14,the,1.4707,2.9243,-1.4536,17,0
tabor2004,112,15,agents,7.4394,10.2460,-2.8065,17,0
tabor2004,112,16,.,2.4507,2.3026,0.1481,17,0
tabor2004,112,17,<eos>,5.4363,2.3026,3.1337,17,0
tabor2004,113,0,The,3.9745,2.9243,1.0501,15,0
tabor2004,113,1,manager,10.7428,9.2797,1.4631,15,0
tabor2004,113,2,was,3.6924,5.0192,-1.3267,15,0
tabor2004,113,3,concerned,6.2841,9.7866,-3.5025,15,0
tabor2004,113,4,about,1.0910,5.9875,-4.8965,15,0
tabor2004,113,5,the,0.9070,2.9243,-2.0173,15,0
tabor2004,113,6,account,10.3388,8.7279,1.6109,15,0
tabor2004,113,7,observed,12.1673,10.6168,1.5505,15,0
tabor2004,113,8,the,6.1230,2.9243,3.1987,15,0
tabor2004,113,9,previous,4.7221,9.2103,-4.4882,15,0
tabor2004,113,10,month,3.0899,8.6337,-5.5438,15,0
tabor2004,113,11,by,2.5318,5.3882,-2.8564,15,0
tabor2004,113,12,the,2.0471,2.9243,-0.8772,15,0
tabor2004,113,13,agents,8.1135,10.2460,-2.1325,15,0
tabor2004,113,14,.,2.7007,2.3026,0.3981,15,0
tabor2004,113,15,<eos>,5.4277,2.3026,3.1251,15,0
tabor2004,114,0,The,3.9745,2.9243,1.0501,17,0
tabor2004,114,1,manager,10.7428,9.2797,1.4631,17,0
tabor2004,114,2,was,3.6924,5.0192,-1.3267,17,0
tabor2004,114,3,concerned,6.2841,9.7866,-3.5025,17,0
tabor2004,114,4,about,1.0910,5.9875,-4.8965,17,0
tabor2004,114,5,the,0.9070,2.9243,-2.0173,17,0
tabor2004,114,6,client,8.6373,10.2688,-1.6315,17,0
tabor2004,114,7,who,4.7810,6.1239,-1.3429,17,0
tabor2004,114,8,was,2.0309,5.0192,-2.9883,17,0
tabor2004,114,9,observed,10.0271,10.6168,-0.5897,17,0
tabor2004,114,10,the,5.6509,2.9243,2.7266,17,0
tabor2004,114,11,previous,4.5645,9.2103,-4.6458,17,0
tabor2004,114,12,month,3.8755,8.6337,-4.7582,17,0
tabor2004,114,13,by,2.9909,5.3882,-2.3974,17,0
tabor2004,114,14,the,1.4393,2.9243,-1.4850,17,0
tabor2004,114,15,agents,7.0823,10.2460,-3.1636,17,0
tabor2004,114,16,.,2.3842,2.3026,0.0817,17,0
tabor2004,114,17,<eos>,5.6506,2.3026,3.3481,17,0
tabor2004,115,0,The,3.9745,2.9243,1.0501,15,0
tabor2004,115,1,manager,10.7428,9.2797,1.4631,15,0
tabor2004,115,2,was,3.6924,5.0192,-1.3267,15,0
tabor2004,115,3,concerned,6.2841,9.7866,-3.5025,15,0
tabor2004,115,4,about,1.0910,5.9875,-4.8965,15,0
tabor2004,115,5,the,0.9070,2.9243,-2.0173,15,0
tabor2004,115,6,client,8.6373,10.2688,-1.6315,15,0
tabor2004,115,7,observed,12.8509,10.6168,2.2341,15,0
tabor2004,115,8,the,2.0034,2.9243,-0.9210,15,0
tabor2004,115,9,previous,6.6766,9.2103,-2.5337,15,0
tabor2004,115,10,month,5.2412,8.6337,-3.3925,15,0
tabor2004,115,11,by,3.9001,5.3882,-1.4881,15,0
tabor2004,115,12,the,2.3376,2.9243,-0.5868,15,0
tabor2004,115,13,agents,7.8013,10.2460,-2.4446,15,0
tabor2004,115,14,.,2.8966,2.3026,0.5940,15,0
tabor2004,115,15,<eos>,5.8165,2.3026,3.5139,15,0
tabor2004,116,0,The,3.9745,2.9243,1.0501,15,0
tabor2004,116,1,activist,11.0018,11.2128,-0.2110,15,0
tabor2004,116,2,admired,12.1618,12.1573,0.0046,15,0
tabor2004,116,3,the,1.2602,2.9243,-1.6641,15,0
tabor2004,116,4,solution,9.8489,9.5785,0.2704,15,0
tabor2004,116,5,that,3.3553,4.5854,-1.2300,15,0
tabor2004,116,6,was,2.9776,5.0192,-2.0415,15,0
tabor2004,116,7,proposed,5.5051,9.8778,-4.3727,15,0
tabor2004,116,8,the,5.3608,2.9243,2.4365,15,0
tabor2004,116,9,first,2.8334,6.6531,-3.8197,15,0
tabor2004,116,10,time,0.4632,6.2399,-5.7767,15,0
tabor2004,116,11,by,3.4341,5.3882,-1.9541,15,0
tabor2004,116,12,the,1.5950,2.9243,-1.3293,15,0
tabor2004,116,13,group,5.1436,7.8966,-2.7530,15,0
tabor2004,116,14,.,2.6364,2.3026,0.3338,15,0
tabor2004,116,15,<eos>,5.7354,2.3026,3.4328,15,0
tabor2004,117,0,The,3.9738,2.9243,1.0495,13,0
tabor2004,117,1,activist,11.0018,11.2128,-0.2110,13,0
tabor2004,117,2,admired,12.1615,12.1573,0.0042,13,0
tabor2004,117,3,the,1.2605,2.9243,-1.6638,13,0
tabor2004,117,4,solution,9.8489,9.5785,0.2704,13,0
tabor2004,117,5,proposed,8.1143,9.8778,-1.7636,13,0
tabor2004,117,6,the,6.6217,2.9243,3.6974,13,0
tabor2004,117,7,first,4.1457,6.6531,-2.5074,13,0
tabor2004,117,8,time,1.3241,6.2399,-4.9158,13,0
tabor2004,117,9,by,1.6806,5.3882,-3.7076,13,0
tabor2004,117,10,the,2.0959,2.9243,-0.8285,13,0
tabor2004,117,11,group,5.2517,7.8966,-2.6449,13,0
tabor2004,117,12,.,2.5780,2.3026,0.2754,13,0
tabor2004,117,13,<eos>,5.9386,2.3026,3.6360,13,0
tabor2004,118,0,The,3.9745,2.9243,1.0501,15,0
tabor2004,118,1,activist,11.0018,11.2128,-0.2110,15,0
tabor2004,118,2,admired,12.1618,12.1573,0.0046,15,0
tabor2004,118,3,the,1.2602,2.9243,-1.6641,15,0
tabor2004,118,4,speaker,8.9971,10.3848,-1.3877,15,0
tabor2004,118,5,who,4.5032,6.1239,-1.6206,15,0
tabor2004,118,6,was,3.2922,5.0192,-1.7270,15,0
tabor2004,118,7,proposed,8.8142,9.8778,-1.0637,15,0
tabor2004,118,8,the,4.4564,2.9243,1.5321,15,0
tabor2004,118,9,first,2.7909,6.6531,-3.8622,15,0
tabor2004,118,10,time,1.6537,6.2399,-4.5862,15,0
tabor2004,118,11,by,3.3353,5.3882,-2.0530,15,0
tabor2004,118,12,the,1.6375,2.9243,-1.2868,15,0
tabor2004,118,13,group,5.1685,7.8966,-2.7281,15,0
tabor2004,118,14,.,2.4902,2.3026,0.1876,15,0
tabor2004,118,15,<eos>,5.7903,2.3026,3.4877,15,0
tabor2004,119,0,The,3.9738,2.9243,1.0495,13,0
tabor2004,119,1,activist,11.0018,11.2128,-0.2110,13,0
tabor2004,119,2,admired,12.1615,12.1573,0.0042,13,0
tabor2004,119,3,the,1.2605,2.9243,-1.6638,13,0
tabor2004,119,4,speaker,8.9969,10.3848,-1.3879,13,0
tabor2004,119,5,proposed,11.6876,9.8778,1.8098,13,0
tabor2004,119,6,the,2.7740,2.9243,-0.1503,13,0
tabor2004,119,7,first,4.4330,6.6531,-2.2201,13,0
tabor2004,119,8,time,2.6802,6.2399,-3.5597,13,0
tabor2004,119,9,by,3.5187,5.3882,-1.8695,13,0
tabor2004,119,10,the,2.3183,2.9243,-0.6061,13,0
tabor2004,119,11,group,5.2586,7.8966,-2.6381,13,0
tabor2004,119,12,.,2.5425,2.3026,0.2399,13,0
tabor2004,119,13,<eos>,6.1984,2.3026,3.8958,13,0
tabor2004,120,0,The,3.9745,2.9243,1.0501,17,0
tabor2004,120,1,congresswoman,14.5303,13.9994,0.5309,17,0
tabor2004,120,2,was,3.3011,5.0192,-1.7180,17,0
tabor2004,120,3,referring,7.1126,10.7064,-3.5939,17,0
tabor2004,120,4,to,0.0773,3.6156,-3.5384,17,0
tabor2004,120,5,the,1.1588,2.9243,-1.7655,17,0
tabor2004,120,6,package,9.9353,10.4551,-0.5198,17,0
tabor2004,120,7,that,2.4796,4.5854,-2.1058,17,0
tabor2004,120,8,was,2.1932,5.0192,-2.8260,17,0
tabor2004,120,9,sent,4.0386,8.8388,-4.8002,17,0
tabor2004,120,10,the,6.8032,2.9243,3.8788,17,0
tabor2004,120,11,first,4.1060,6.6531,-2.5471,17,0
tabor2004,120,12,time,1.9693,6.2399,-4.2706,17,0
tabor2004,120,13,by,3.9245,5.3882,-1.4638,17,0
tabor2004,120,14,the,1.1064,2.9243,-1.8179,17,0
tabor2004,120,15,governor,5.4958,9.8778,-4.3820,17,0
tabor2004,120,16,.,2.1231,2.3026,-0.1795,17,0
tabor2004,120,17,<eos>,4.7066,2.3026,2.4040,17,0
tabor2004,121,0,The,3.9745,2.9243,1.0501,15,0
tabor2004,121,1,congresswoman,14.5303,13.9994,0.5309,15,0
tabor2004,121,2,was,3.3011,5.0192,-1.7180,15,0
tabor2004,121,3,referring,7.1126,10.7064,-3.5939,15,0
tabor2004,121,4,to,0.0773,3.6156,-3.5384,15,0
tabor2004,121,5,the,1.1588,2.9243,-1.7655,15,0
tabor2004,121,6,package,9.9353,10.4551,-0.5198,15,0
tabor2004,121,7,sent,7.0632,8.8388,-1.7756,15,0
tabor2004,121,8,the,6.1582,2.9243,3.2338,15,0
tabor2004,121,9,first,4.9224,6.6531,-1.7307,15,0
tabor2004,121,10,time,3.6728,6.2399,-2.5671,15,0
tabor2004,121,11,by,2.3128,5.3882,-3.0754,15,0
tabor2004,121,12,the,1.3727,2.9243,-1.5516,15,0
tabor2004,121,13,governor,5.4001,9.8778,-4.4778,15,0
tabor2004,121,14,.,2.2649,2.3026,-0.0377,15,0
tabor2004,121,15,<eos>,4.9163,2.3026,2.6137,15,0
tabor2004,122,0,The,3.9745,2.9243,1.0501,17,0
tabor2004,122,1,congresswoman,14.5303,13.9994,0.5309,17,0
tabor2004,122,2,was,3.3011,5.0192,-1.7180,17,0
tabor2004,122,3,referring,7.1126,10.7064,-3.5939,17,0
tabor2004,122,4,to,0.0773,3.6156,-3.5384,17,0
tabor2004,122,5,the,1.1588,2.9243,-1.7655,17,0
tabor2004,122,6,lawyer,9.5926,9.9696,-0.3771,17,0
tabor2004,122,7,who,1.7518,6.1239,-4.3721,17,0
tabor2004,122,8,was,2.7129,5.0192,-2.3063,17,0
tabor2004,122,9,sent,6.1820,8.8388,-2.6568,17,0
tabor2004,122,10,the,4.0251,2.9243,1.1007,17,0
tabor2004,122,11,first,3.9240,6.6531,-2.7292,17,0
tabor2004,122,12,time,3.5567,6.2399,-2.6832,17,0
tabor2004,122,13,by,3.3792,5.3882,-2.0090,17,0
tabor2004,122,14,the,1.2103,2.9243,-1.7140,17,0
tabor2004,122,15,governor,5.0014,9.8778,-4.8764,17,0
tabor2004,122,16,.,2.5145,2.3026,0.2119,17,0
tabor2004,122,17,<eos>,4.8786,2.3026,2.5760,17,0
tabor2004,123,0,The,3.9745,2.9243,1.0501,15,0
tabor2004,123,1,congresswoman,14.5303,13.9994,0.5309,15,0
tabor2004,123,2,was,3.3011,5.0192,-1.7180,15,0
tabor2004,123,3,referring,7.1126,10.7064,-3.5939,15,0
tabor2004,123,4,to,0.0773,3.6156,-3.5384,15,0
tabor2004,123,5,the,1.1588,2.9243,-1.7655,15,0
tabor2004,123,6,lawyer,9.5926,9.9696,-0.3771,15,0
tabor2004,123,7,sent,8.7343,8.8388,-0.1045,15,0
tabor2004,123,8,the,5.0882,2.9243,2.1639,15,0
tabor2004,123,9,first,4.2891,6.6531,-2.3640,15,0
tabor2004,123,10,time,4.4161,6.2399,-1.8239,15,0
tabor2004,123,11,by,2.7943,5.3882,-2.5940,15,0
tabor2004,123,12,the,1.4261,2.9243,-1.4983,15,0
tabor2004,123,13,governor,5.0591,9.8778,-4.8187,15,0
tabor2004,123,14,.,2.7359,2.3026,0.4333,15,0
tabor2004,123,15,<eos>,5.2249,2.3026,2.9224,15,0
tabor2004,124,0,The,3.9745,2.9243,1.0501,17,0
tabor2004,124,1,board,8.5267,8.6565,-0.1297,17,0
tabor2004,124,2,was,3.6515,5.0192,-1.3677,17,0
tabor2004,124,3,concerned,6.1810,9.7866,-3.6056,17,0
tabor2004,124,4,about,1.2399,5.9875,-4.7476,17,0
tabor2004,124,5,the,0.8204,2.9243,-2.1039,17,0
tabor2004,124,6,awards,10.2131,9.8778,0.3353,17,0
tabor2004,124,7,that,3.4028,4.5854,-1.1826,17,0
tabor2004,124,8,were,2.0921,6.1239,-4.0318,17,0
tabor2004,124,9,accepted,6.5039,9.9696,-3.4657,17,0
tabor2004,124,10,the,6.6634,2.9243,3.7391,17,0
tabor2004,124,11,first,4.3849,6.6531,-2.2682,17,0
tabor2004,124,12,year,2.2731,6.9999,-4.7267,17,0
tabor2004,124,13,by,4.2749,5.3882,-1.1134,17,0
tabor2004,124,14,the,0.5043,2.9243,-2.4201,17,0
tabor2004,124,15,school,5.2006,7.5752,-2.3747,17,0
tabor2004,124,16,.,1.8002,2.3026,-0.5023,17,0
tabor2004,124,17,<eos>,5.5540,2.3026,3.2515,17,0
tabor2004,125,0,The,3.9745,2.9243,1.0501,15,0
tabor2004,125,1,board,8.5267,8.6565,-0.1297,15,0
tabor2004,125,2,was,3.6515,5.0192,-1.3677,15,0
tabor2004,125,3,concerned,6.1810,9.7866,-3.6056,15,0
tabor2004,125,4,about,1.2399,5.9875,-4.7476,15,0
tabor2004,125,5,the,0.8204,2.9243,-2.1039,15,0
tabor2004,125,6,awards,10.2131,9.8778,0.3353,15,0
tabor2004,125,7,accepted,9.7551,9.9696,-0.2145,15,0
tabor2004,125,8,the,6.7423,2.9243,3.8180,15,0
tabor2004,125,9,first,5.0563,6.6531,-1.5968,15,0
tabor2004,125,10,year,3.4096,6.9999,-3.5903,15,0
tabor2004,125,11,by,4.3056,5.3882,-1.0826,15,0
tabor2004,125,12,the,0.8193,2.9243,-2.1050,15,0
tabor2004,125,13,school,5.8659,7.5752,-1.7094,15,0
tabor2004,125,14,.,2.1714,2.3026,-0.1311,15,0
tabor2004,125,15,<eos>,5.7930,2.3026,3.4904,15,0
tabor2004,126,0,The,3.9745,2.9243,1.0501,17,0
tabor2004,126,1,board,8.5267,8.6565,-0.1297,17,0
tabor2004,126,2,was,3.6515,5.0192,-1.3677,17,0
tabor2004,126,3,concerned,6.1810,9.7866,-3.6056,17,0
tabor2004,126,4,about,1.2399,5.9875,-4.7476,17,0
tabor2004,126,5,the,0.8204,2.9243,-2.1039,17,0
tabor2004,126,6,students,7.8533,8.6337,-0.7805,17,0
tabor2004,126,7,who,2.4365,6.1239,-3.6874,17,0
tabor2004,126,8,were,1.6828,6.1239,-4.4410,17,0
tabor2004,126,9,accepted,7.9772,9.9696,-1.9924,17,0
tabor2004,126,10,the,4.9348,2.9243,2.0104,17,0
tabor2004,126,11,first,4.7187,6.6531,-1.9344,17,0
tabor2004,126,12,year,2.9885,6.9999,-4.0114,17,0
tabor2004,126,13,by,5.4732,5.3882,0.0850,17,0
tabor2004,126,14,the,0.7432,2.9243,-2.1811,17,0
tabor2004,126,15,school,3.5377,7.5752,-4.0375,17,0
tabor2004,126,16,.,2.1925,2.3026,-0.1101,17,0
tabor2004,126,17,<eos>,5.7661,2.3026,3.4635,17,0
tabor2004,127,0,The,3.9745,2.9243,1.0501,15,0
tabor2004,127,1,board,8.5267,8.6565,-0.1297,15,0
tabor2004,127,2,was,3.6515,5.0192,-1.3677,15,0
tabor2004,127,3,concerned,6.1810,9.7866,-3.6056,15,0
tabor2004,127,4,about,1.2399,5.9875,-4.7476,15,0
tabor2004,127,5,the,0.8204,2.9243,-2.1039,15,0
tabor2004,127,6,students,7.8533,8.6337,-0.7805,15,0
tabor2004,127,7,accepted,11.4388,9.9696,1.4692,15,0
tabor2004,127,8,the,1.5474,2.9243,-1.3769,15,0
tabor2004,127,9,first,5.5106,6.6531,-1.1425,15,0
tabor2004,127,10,year,5.5674,6.9999,-1.4325,15,0
tabor2004,127,11,by,6.0085,5.3882,0.6202,15,0
tabor2004,127,12,the,1.6170,2.9243,-1.3073,15,0
tabor2004,127,13,school,3.9410,7.5752,-3.6342,15,0
tabor2004,127,14,.,2.4728,2.3026,0.1702,15,0
tabor2004,127,15,<eos>,6.0490,2.3026,3.7464,15,0
