action,Mean,Std
Deletion,0.09031598234226278,0.06681166500972253
Form-based Sub.,0.021860041733554693,0.022686271806245734
Insertion,0.03986790360199033,0.027648712936677474
Morph. Sub.,0.043183557007894155,0.03283280804528487
Normal,0.7688218467707755,0.10355190793577351
Semantic Sub.,0.03595066854352231,0.04620770414231995
