action,Mean,Std
Deletion,0.043741048560819194,0.020532105663659147
Form-based Sub.,0.08149115917843497,0.019865306031357496
Insertion,0.043146840707371306,0.020145684700846683
Morph. Sub.,0.011222511692437386,0.0020065754224993185
Normal,0.7887335894645747,0.039706792893149316
Semantic Sub.,0.031664850396362285,0.016030734017949803
