action,Mean,Std
Deletion,0.04397650434697588,0.04397193648360625
Form-based Sub.,0.05084708506108695,0.050684848255893984
Insertion,0.05548500176181014,0.047788180565458103
Morph. Sub.,0.058644727688822326,0.0686771047456094
Normal,0.7501374607225104,0.11475465442036573
Semantic Sub.,0.04090922041879412,0.033711198139664354
