action,Mean,Std
Deletion,0.06938027515263187,0.05817584465690423
Form-based Sub.,0.04258572051869037,0.045909071191591405
Insertion,0.03989002673579482,0.03078856762996535
Morph. Sub.,0.062258715430279096,0.04083850053715816
Normal,0.73610743078142,0.10314813562113018
Semantic Sub.,0.049777831381183565,0.04512760991235875
