action,Mean,Std
Deletion,0.05684561060011549,0.04988659385888026
Form-based Sub.,0.04577839002450556,0.04106646437265765
Insertion,0.04382274168816939,0.0369181749088194
Morph. Sub.,0.0325358819092076,0.02014419987044097
Normal,0.7732699505790754,0.08601107252256143
Semantic Sub.,0.047747425198926434,0.04329864023907807
