action,Mean,Std
Deletion,0.04895966760305936,0.05017097040941473
Insertion,0.021695742608650655,0.03193055488052481
Morph. Sub.,0.0402775238951797,0.024605507752229538
Normal,0.8138033080603532,0.073880015528404
Phono. Sub.,0.03200479026666299,0.01652953683577417
Semant. Sub.,0.043258967566093896,0.029394957593694686
