surprisal,index
3.8862890620790402,1
6.994410005314777,2
7.232740538309992,3
3.2229043420361707,4
10.308564098842757,5
4.140534290160762,6
9.366545059391783,7
5.345906767085344,8
