surprisal,index
2.718271213824701,1
10.27894816880839,2
8.49974002708281,3
1.5412957883225944,4
2.9379414170930302,5
3.4804631236997414,6
2.59391696131327,7
4.346919139561695,8
8.239586951228917,9
2.713399222777827,10
