surprisal,index
3.8862890620790402,1
6.994410005314777,2
7.232740538309992,3
3.2229043420361707,4
9.966454418666975,5
4.394368600976266,6
9.64788036530803,7
4.724843591494561,8
