surprisal,index
2.6576394770393548,1
7.328577106406299,2
7.075564655180381,3
2.452985156606318,4
8.820070631890577,5
4.282114159201313,6
5.816720481335223,7
4.120187643970279,8
