dataset,subset,item_id,condition,stim_uid,sentence_orig,sentence_norm,model_input,context,sentence_id,plausibility,is_grammatical,contrast,intended_uid,intended_text,edit_type,edit_ops,edit_from,edit_to,critical_word_idx,comprehension_q,correct_answer,meta
chen2023,dopo_to,1,DO_plausible.none,chen2023/dopo_to/1/DO_plausible.none,The sister mailed the niece the letter.,the sister mailed the niece the letter .,The sister mailed the niece the letter.,,0,plausible,,dative,chen2023/dopo_to/1/DO_plausible.none,The sister mailed the niece the letter.,none,,,,,Did the niece receive something/someone?,Yes,"{""context_type"": ""none"", ""group"": ""dopo"", ""linger_cond"": ""DO_plausible"", ""same_structure_plausible_uid"": ""chen2023/dopo_to/1/DO_plausible.none"", ""structure"": ""DO""}"
chen2023,dopo_to,1,DO_implausible.none,chen2023/dopo_to/1/DO_implausible.none,The sister mailed the letter the niece.,the sister mailed the letter the niece .,The sister mailed the letter the niece.,,1,implausible,,dative,chen2023/dopo_to/1/PO_plausible.none,The sister mailed the letter to the niece.,ins,ins,,to,,Did the niece receive something/someone?,No,"{""context_type"": ""none"", ""group"": ""dopo"", ""linger_cond"": ""DO_implausible"", ""same_structure_plausible_uid"": ""chen2023/dopo_to/1/DO_plausible.none"", ""structure"": ""DO""}"
chen2023,dopo_to,1,PO_plausible.none,chen2023/dopo_to/1/PO_plausible.none,The sister mailed the letter to the niece.,the sister mailed the letter to the niece .,The sister mailed the letter to the niece.,,2,plausible,,dative,chen2023/dopo_to/1/PO_plausible.none,The sister mailed the letter to the niece.,none,,,,,Did the niece receive something/someone?,Yes,"{""context_type"": ""none"", ""group"": ""dopo"", ""linger_cond"": ""PO_plausible"", ""same_structure_plausible_uid"": ""chen2023/dopo_to/1/PO_plausible.none"", ""structure"": ""PO""}"
chen2023,dopo_to,1,PO_implausible.none,chen2023/dopo_to/1/PO_implausible.none,The sister mailed the niece to the letter.,the sister mailed the niece to the letter .,The sister mailed the niece to the letter.,,3,implausible,,dative,chen2023/dopo_to/1/DO_plausible.none,The sister mailed the niece the letter.,del,del,to,,5,Did the niece receive something/someone?,No,"{""context_type"": ""none"", ""group"": ""dopo"", ""linger_cond"": ""PO_implausible"", ""same_structure_plausible_uid"": ""chen2023/dopo_to/1/PO_plausible.none"", ""structure"": ""PO""}"
chen2023,dopo_to,2,DO_plausible.none,chen2023/dopo_to/2/DO_plausible.none,The mother gave the daughter the candle.,the mother gave the daughter the candle .,The mother gave the daughter the candle.,,4,plausible,,dative,chen2023/dopo_to/2/DO_plausible.none,The mother gave the daughter the candle.,none,,,,,Did the daughter receive something/someone?,Yes,"{""context_type"": ""none"", ""group"": ""dopo"", ""linger_cond"": ""DO_plausible"", ""same_structure_plausible_uid"": ""chen2023/dopo_to/2/DO_plausible.none"", ""structure"": ""DO""}"
chen2023,dopo_to,2,DO_implausible.none,chen2023/dopo_to/2/DO_implausible.none,The mother gave the candle the daughter.,the mother gave the candle the daughter .,The mother gave the candle the daughter.,,5,implausible,,dative,chen2023/dopo_to/2/PO_plausible.none,The mother gave the candle to the daughter.,ins,ins,,to,,Did the daughter receive something/someone?,No,"{""context_type"": ""none"", ""group"": ""dopo"", ""linger_cond"": ""DO_implausible"", ""same_structure_plausible_uid"": ""chen2023/dopo_to/2/DO_plausible.none"", ""structure"": ""DO""}"
chen2023,dopo_to,2,PO_plausible.none,chen2023/dopo_to/2/PO_plausible.none,The mother gave the candle to the daughter.,the mother gave the candle to the daughter .,The mother gave the candle to the daughter.,,6,plausible,,dative,chen2023/dopo_to/2/PO_plausible.none,The mother gave the candle to the daughter.,none,,,,,Did the daughter receive something/someone?,Yes,"{""context_type"": ""none"", ""group"": ""dopo"", ""linger_cond"": ""PO_plausible"", ""same_structure_plausible_uid"": ""chen2023/dopo_to/2/PO_plausible.none"", ""structure"": ""PO""}"
chen2023,dopo_to,2,PO_implausible.none,chen2023/dopo_to/2/PO_implausible.none,The mother gave the daughter to the candle.,the mother gave the daughter to the candle .,The mother gave the daughter to the candle.,,7,implausible,,dative,chen2023/dopo_to/2/DO_plausible.none,The mother gave the daughter the candle.,del,del,to,,5,Did the daughter receive something/someone?,No,"{""context_type"": ""none"", ""group"": ""dopo"", ""linger_cond"": ""PO_implausible"", ""same_structure_plausible_uid"": ""chen2023/dopo_to/2/PO_plausible.none"", ""structure"": ""PO""}"
chen2023,dopo_to,3,DO_plausible.none,chen2023/dopo_to/3/DO_plausible.none,The uncle sold the father the truck.,the uncle sold the father the truck .,The uncle sold the father the truck.,,8,plausible,,dative,chen2023/dopo_to/3/DO_plausible.none,The uncle sold the father the truck.,none,,,,,Did the father receive something/someone?,Yes,"{""context_type"": ""none"", ""group"": ""dopo"", ""linger_cond"": ""DO_plausible"", ""same_structure_plausible_uid"": ""chen2023/dopo_to/3/DO_plausible.none"", ""structure"": ""DO""}"
chen2023,dopo_to,3,DO_implausible.none,chen2023/dopo_to/3/DO_implausible.none,The uncle sold the truck the father.,the uncle sold the truck the father .,The uncle sold the truck the father.,,9,implausible,,dative,chen2023/dopo_to/3/PO_plausible.none,The uncle sold the truck to the father.,ins,ins,,to,,Did the father receive something/someone?,No,"{""context_type"": ""none"", ""group"": ""dopo"", ""linger_cond"": ""DO_implausible"", ""same_structure_plausible_uid"": ""chen2023/dopo_to/3/DO_plausible.none"", ""structure"": ""DO""}"
chen2023,dopo_to,3,PO_plausible.none,chen2023/dopo_to/3/PO_plausible.none,The uncle sold the truck to the father.,the uncle sold the truck to the father .,The uncle sold the truck to the father.,,10,plausible,,dative,chen2023/dopo_to/3/PO_plausible.none,The uncle sold the truck to the father.,none,,,,,Did the father receive something/someone?,Yes,"{""context_type"": ""none"", ""group"": ""dopo"", ""linger_cond"": ""PO_plausible"", ""same_structure_plausible_uid"": ""chen2023/dopo_to/3/PO_plausible.none"", ""structure"": ""PO""}"
chen2023,dopo_to,3,PO_implausible.none,chen2023/dopo_to/3/PO_implausible.none,The uncle sold the father to the truck.,the uncle sold the father to the truck .,The uncle sold the father to the truck.,,11,implausible,,dative,chen2023/dopo_to/3/DO_plausible.none,The uncle sold the father the truck.,del,del,to,,5,Did the father receive something/someone?,No,"{""context_type"": ""none"", ""group"": ""dopo"", ""linger_cond"": ""PO_implausible"", ""same_structure_plausible_uid"": ""chen2023/dopo_to/3/PO_plausible.none"", ""structure"": ""PO""}"
chen2023,dopo_to,4,DO_plausible.none,chen2023/dopo_to/4/DO_plausible.none,The contractor lent the homeowner the saw.,the contractor lent the homeowner the saw .,The contractor lent the homeowner the saw.,,12,plausible,,dative,chen2023/dopo_to/4/DO_plausible.none,The contractor lent the homeowner the saw.,none,,,,,Did the homeowner receive something/someone?,Yes,"{""context_type"": ""none"", ""group"": ""dopo"", ""linger_cond"": ""DO_plausible"", ""same_structure_plausible_uid"": ""chen2023/dopo_to/4/DO_plausible.none"", ""structure"": ""DO""}"
chen2023,dopo_to,4,DO_implausible.none,chen2023/dopo_to/4/DO_implausible.none,The contractor lent the saw the homeowner.,the contractor lent the saw the homeowner .,The contractor lent the saw the homeowner.,,13,implausible,,dative,chen2023/dopo_to/4/PO_plausible.none,The contractor lent the saw to the homeowner.,ins,ins,,to,,Did the homeowner receive something/someone?,No,"{""context_type"": ""none"", ""group"": ""dopo"", ""linger_cond"": ""DO_implausible"", ""same_structure_plausible_uid"": ""chen2023/dopo_to/4/DO_plausible.none"", ""structure"": ""DO""}"
chen2023,dopo_to,4,PO_plausible.none,chen2023/dopo_to/4/PO_plausible.none,The contractor lent the saw to the homeowner.,the contractor lent the saw to the homeowner .,The contractor lent the saw to the homeowner.,,14,plausible,,dative,chen2023/dopo_to/4/PO_plausible.none,The contractor lent the saw to the homeowner.,none,,,,,Did the homeowner receive something/someone?,Yes,"{""context_type"": ""none"", ""group"": ""dopo"", ""linger_cond"": ""PO_plausible"", ""same_structure_plausible_uid"": ""chen2023/dopo_to/4/PO_plausible.none"", ""structure"": ""PO""}"
chen2023,dopo_to,4,PO_implausible.none,chen2023/dopo_to/4/PO_implausible.none,The contractor lent the homeowner to the saw.,the contractor lent the homeowner to the saw .,The contractor lent the homeowner to the saw.,,15,implausible,,dative,chen2023/dopo_to/4/DO_plausible.none,The contractor lent the homeowner the saw.,del,del,to,,5,Did the homeowner receive something/someone?,No,"{""context_type"": ""none"", ""group"": ""dopo"", ""linger_cond"": ""PO_implausible"", ""same_structure_plausible_uid"": ""chen2023/dopo_to/4/PO_plausible.none"", ""structure"": ""PO""}"
chen2023,dopo_to,5,DO_plausible.none,chen2023/dopo_to/5/DO_plausible.none,The sailing club leased the man the boat.,the sailing club leased the man the boat .,The sailing club leased the man the boat.,,16,plausible,,dative,chen2023/dopo_to/5/DO_plausible.none,The sailing club leased the man the boat.,none,,,,,Did the man receive something/someone?,Yes,"{""context_type"": ""none"", ""group"": ""dopo"", ""linger_cond"": ""DO_plausible"", ""same_structure_plausible_uid"": ""chen2023/dopo_to/5/DO_plausible.none"", ""structure"": ""DO""}"
chen2023,dopo_to,5,DO_implausible.none,chen2023/dopo_to/5/DO_implausible.none,The sailing club leased the boat the man.,the sailing club leased the boat the man .,The sailing club leased the boat the man.,,17,implausible,,dative,chen2023/dopo_to/5/PO_plausible.none,The sailing club leased the boat to the man.,ins,ins,,to,,Did the man receive something/someone?,No,"{""context_type"": ""none"", ""group"": ""dopo"", ""linger_cond"": ""DO_implausible"", ""same_structure_plausible_uid"": ""chen2023/dopo_to/5/DO_plausible.none"", ""structure"": ""DO""}"
chen2023,dopo_to,5,PO_plausible.none,chen2023/dopo_to/5/PO_plausible.none,The sailing club leased the boat to the man.,the sailing club leased the boat to the man .,The sailing club leased the boat to the man.,,18,plausible,,dative,chen2023/dopo_to/5/PO_plausible.none,The sailing club leased the boat to the man.,none,,,,,Did the man receive something/someone?,Yes,"{""context_type"": ""none"", ""group"": ""dopo"", ""linger_cond"": ""PO_plausible"", ""same_structure_plausible_uid"": ""chen2023/dopo_to/5/PO_plausible.none"", ""structure"": ""PO""}"
chen2023,dopo_to,5,PO_implausible.none,chen2023/dopo_to/5/PO_implausible.none,The sailing club leased the man to the boat.,the sailing club leased the man to the boat .,The sailing club leased the man to the boat.,,19,implausible,,dative,chen2023/dopo_to/5/DO_plausible.none,The sailing club leased the man the boat.,del,del,to,,6,Did the man receive something/someone?,No,"{""context_type"": ""none"", ""group"": ""dopo"", ""linger_cond"": ""PO_implausible"", ""same_structure_plausible_uid"": ""chen2023/dopo_to/5/PO_plausible.none"", ""structure"": ""PO""}"
chen2023,dopo_to,6,DO_plausible.none,chen2023/dopo_to/6/DO_plausible.none,The girl tossed the boy the apple.,the girl tossed the boy the apple .,The girl tossed the boy the apple.,,20,plausible,,dative,chen2023/dopo_to/6/DO_plausible.none,The girl tossed the boy the apple.,none,,,,,Did the apple receive something/someone?,No,"{""context_type"": ""none"", ""group"": ""dopo"", ""linger_cond"": ""DO_plausible"", ""same_structure_plausible_uid"": ""chen2023/dopo_to/6/DO_plausible.none"", ""structure"": ""DO""}"
chen2023,dopo_to,6,DO_implausible.none,chen2023/dopo_to/6/DO_implausible.none,The girl tossed the apple the boy.,the girl tossed the apple the boy .,The girl tossed the apple the boy.,,21,implausible,,dative,chen2023/dopo_to/6/PO_plausible.none,The girl tossed the apple to the boy.,ins,ins,,to,,Did the apple receive something/someone?,Yes,"{""context_type"": ""none"", ""group"": ""dopo"", ""linger_cond"": ""DO_implausible"", ""same_structure_plausible_uid"": ""chen2023/dopo_to/6/DO_plausible.none"", ""structure"": ""DO""}"
chen2023,dopo_to,6,PO_plausible.none,chen2023/dopo_to/6/PO_plausible.none,The girl tossed the apple to the boy.,the girl tossed the apple to the boy .,The girl tossed the apple to the boy.,,22,plausible,,dative,chen2023/dopo_to/6/PO_plausible.none,The girl tossed the apple to the boy.,none,,,,,Did the apple receive something/someone?,No,"{""context_type"": ""none"", ""group"": ""dopo"", ""linger_cond"": ""PO_plausible"", ""same_structure_plausible_uid"": ""chen2023/dopo_to/6/PO_plausible.none"", ""structure"": ""PO""}"
chen2023,dopo_to,6,PO_implausible.none,chen2023/dopo_to/6/PO_implausible.none,The girl tossed the boy to the apple.,the girl tossed the boy to the apple .,The girl tossed the boy to the apple.,,23,implausible,,dative,chen2023/dopo_to/6/DO_plausible.none,The girl tossed the boy the apple.,del,del,to,,5,Did the apple receive something/someone?,Yes,"{""context_type"": ""none"", ""group"": ""dopo"", ""linger_cond"": ""PO_implausible"", ""same_structure_plausible_uid"": ""chen2023/dopo_to/6/PO_plausible.none"", ""structure"": ""PO""}"
chen2023,dopo_to,7,DO_plausible.none,chen2023/dopo_to/7/DO_plausible.none,The daughter passed the mother the bowl.,the daughter passed the mother the bowl .,The daughter passed the mother the bowl.,,24,plausible,,dative,chen2023/dopo_to/7/DO_plausible.none,The daughter passed the mother the bowl.,none,,,,,Did the bowl receive something/someone?,No,"{""context_type"": ""none"", ""group"": ""dopo"", ""linger_cond"": ""DO_plausible"", ""same_structure_plausible_uid"": ""chen2023/dopo_to/7/DO_plausible.none"", ""structure"": ""DO""}"
chen2023,dopo_to,7,DO_implausible.none,chen2023/dopo_to/7/DO_implausible.none,The daughter passed the bowl the mother.,the daughter passed the bowl the mother .,The daughter passed the bowl the mother.,,25,implausible,,dative,chen2023/dopo_to/7/PO_plausible.none,The daughter passed the bowl to the mother.,ins,ins,,to,,Did the bowl receive something/someone?,Yes,"{""context_type"": ""none"", ""group"": ""dopo"", ""linger_cond"": ""DO_implausible"", ""same_structure_plausible_uid"": ""chen2023/dopo_to/7/DO_plausible.none"", ""structure"": ""DO""}"
chen2023,dopo_to,7,PO_plausible.none,chen2023/dopo_to/7/PO_plausible.none,The daughter passed the bowl to the mother.,the daughter passed the bowl to the mother .,The daughter passed the bowl to the mother.,,26,plausible,,dative,chen2023/dopo_to/7/PO_plausible.none,The daughter passed the bowl to the mother.,none,,,,,Did the bowl receive something/someone?,No,"{""context_type"": ""none"", ""group"": ""dopo"", ""linger_cond"": ""PO_plausible"", ""same_structure_plausible_uid"": ""chen2023/dopo_to/7/PO_plausible.none"", ""structure"": ""PO""}"
chen2023,dopo_to,7,PO_implausible.none,chen2023/dopo_to/7/PO_implausible.none,The daughter passed the mother to the bowl.,the daughter passed the mother to the bowl .,The daughter passed the mother to the bowl.,,27,implausible,,dative,chen2023/dopo_to/7/DO_plausible.none,The daughter passed the mother the bowl.,del,del,to,,5,Did the bowl receive something/someone?,Yes,"{""context_type"": ""none"", ""group"": ""dopo"", ""linger_cond"": ""PO_implausible"", ""same_structure_plausible_uid"": ""chen2023/dopo_to/7/PO_plausible.none"", ""structure"": ""PO""}"
chen2023,dopo_to,8,DO_plausible.none,chen2023/dopo_to/8/DO_plausible.none,The scuba instructor rented the tourist the equipment.,the scuba instructor rented the tourist the equipment .,The scuba instructor rented the tourist the equipment.,,28,plausible,,dative,chen2023/dopo_to/8/DO_plausible.none,The scuba instructor rented the tourist the equipment.,none,,,,,Did the equipment receive something/someone?,No,"{""context_type"": ""none"", ""group"": ""dopo"", ""linger_cond"": ""DO_plausible"", ""same_structure_plausible_uid"": ""chen2023/dopo_to/8/DO_plausible.none"", ""structure"": ""DO""}"
chen2023,dopo_to,8,DO_implausible.none,chen2023/dopo_to/8/DO_implausible.none,The scuba instructor rented the equipment the tourist.,the scuba instructor rented the equipment the tourist .,The scuba instructor rented the equipment the tourist.,,29,implausible,,dative,chen2023/dopo_to/8/PO_plausible.none,The scuba instructor rented the equipment to the tourist.,ins,ins,,to,,Did the equipment receive something/someone?,Yes,"{""context_type"": ""none"", ""group"": ""dopo"", ""linger_cond"": ""DO_implausible"", ""same_structure_plausible_uid"": ""chen2023/dopo_to/8/DO_plausible.none"", ""structure"": ""DO""}"
chen2023,dopo_to,8,PO_plausible.none,chen2023/dopo_to/8/PO_plausible.none,The scuba instructor rented the equipment to the tourist.,the scuba instructor rented the equipment to the tourist .,The scuba instructor rented the equipment to the tourist.,,30,plausible,,dative,chen2023/dopo_to/8/PO_plausible.none,The scuba instructor rented the equipment to the tourist.,none,,,,,Did the equipment receive something/someone?,No,"{""context_type"": ""none"", ""group"": ""dopo"", ""linger_cond"": ""PO_plausible"", ""same_structure_plausible_uid"": ""chen2023/dopo_to/8/PO_plausible.none"", ""structure"": ""PO""}"
chen2023,dopo_to,8,PO_implausible.none,chen2023/dopo_to/8/PO_implausible.none,The scuba instructor rented the tourist to the equipment.,the scuba instructor rented the tourist to the equipment .,The scuba instructor rented the tourist to the equipment.,,31,implausible,,dative,chen2023/dopo_to/8/DO_plausible.none,The scuba instructor rented the tourist the equipment.,del,del,to,,6,Did the equipment receive something/someone?,Yes,"{""context_type"": ""none"", ""group"": ""dopo"", ""linger_cond"": ""PO_implausible"", ""same_structure_plausible_uid"": ""chen2023/dopo_to/8/PO_plausible.none"", ""structure"": ""PO""}"
chen2023,dopo_to,9,DO_plausible.none,chen2023/dopo_to/9/DO_plausible.none,The boy handed the girl the pencil.,the boy handed the girl the pencil .,The boy handed the girl the pencil.,,32,plausible,,dative,chen2023/dopo_to/9/DO_plausible.none,The boy handed the girl the pencil.,none,,,,,Did the pencil receive something/someone?,No,"{""context_type"": ""none"", ""group"": ""dopo"", ""linger_cond"": ""DO_plausible"", ""same_structure_plausible_uid"": ""chen2023/dopo_to/9/DO_plausible.none"", ""structure"": ""DO""}"
chen2023,dopo_to,9,DO_implausible.none,chen2023/dopo_to/9/DO_implausible.none,The boy handed the pencil the girl.,the boy handed the pencil the girl .,The boy handed the pencil the girl.,,33,implausible,,dative,chen2023/dopo_to/9/PO_plausible.none,The boy handed the pencil to the girl.,ins,ins,,to,,Did the pencil receive something/someone?,Yes,"{""context_type"": ""none"", ""group"": ""dopo"", ""linger_cond"": ""DO_implausible"", ""same_structure_plausible_uid"": ""chen2023/dopo_to/9/DO_plausible.none"", ""structure"": ""DO""}"
chen2023,dopo_to,9,PO_plausible.none,chen2023/dopo_to/9/PO_plausible.none,The boy handed the pencil to the girl.,the boy handed the pencil to the girl .,The boy handed the pencil to the girl.,,34,plausible,,dative,chen2023/dopo_to/9/PO_plausible.none,The boy handed the pencil to the girl.,none,,,,,Did the pencil receive something/someone?,No,"{""context_type"": ""none"", ""group"": ""dopo"", ""linger_cond"": ""PO_plausible"", ""same_structure_plausible_uid"": ""chen2023/dopo_to/9/PO_plausible.none"", ""structure"": ""PO""}"
chen2023,dopo_to,9,PO_implausible.none,chen2023/dopo_to/9/PO_implausible.none,The boy handed the girl to the pencil.,the boy handed the girl to the pencil .,The boy handed the girl to the pencil.,,35,implausible,,dative,chen2023/dopo_to/9/DO_plausible.none,The boy handed the girl the pencil.,del,del,to,,5,Did the pencil receive something/someone?,Yes,"{""context_type"": ""none"", ""group"": ""dopo"", ""linger_cond"": ""PO_implausible"", ""same_structure_plausible_uid"": ""chen2023/dopo_to/9/PO_plausible.none"", ""structure"": ""PO""}"
chen2023,dopo_to,10,DO_plausible.none,chen2023/dopo_to/10/DO_plausible.none,The nanny threw the child the toy.,the nanny threw the child the toy .,The nanny threw the child the toy.,,36,plausible,,dative,chen2023/dopo_to/10/DO_plausible.none,The nanny threw the child the toy.,none,,,,,Did the toy receive something/someone?,No,"{""context_type"": ""none"", ""group"": ""dopo"", ""linger_cond"": ""DO_plausible"", ""same_structure_plausible_uid"": ""chen2023/dopo_to/10/DO_plausible.none"", ""structure"": ""DO""}"
chen2023,dopo_to,10,DO_implausible.none,chen2023/dopo_to/10/DO_implausible.none,The nanny threw the toy the child.,the nanny threw the toy the child .,The nanny threw the toy the child.,,37,implausible,,dative,chen2023/dopo_to/10/PO_plausible.none,The nanny threw the toy to the child.,ins,ins,,to,,Did the toy receive something/someone?,Yes,"{""context_type"": ""none"", ""group"": ""dopo"", ""linger_cond"": ""DO_implausible"", ""same_structure_plausible_uid"": ""chen2023/dopo_to/10/DO_plausible.none"", ""structure"": ""DO""}"
chen2023,dopo_to,10,PO_plausible.none,chen2023/dopo_to/10/PO_plausible.none,The nanny threw the toy to the child.,the nanny threw the toy to the child .,The nanny threw the toy to the child.,,38,plausible,,dative,chen2023/dopo_to/10/PO_plausible.none,The nanny threw the toy to the child.,none,,,,,Did the toy receive something/someone?,No,"{""context_type"": ""none"", ""group"": ""dopo"", ""linger_cond"": ""PO_plausible"", ""same_structure_plausible_uid"": ""chen2023/dopo_to/10/PO_plausible.none"", ""structure"": ""PO""}"
chen2023,dopo_to,10,PO_implausible.none,chen2023/dopo_to/10/PO_implausible.none,The nanny threw the child to the toy.,the nanny threw the child to the toy .,The nanny threw the child to the toy.,,39,implausible,,dative,chen2023/dopo_to/10/DO_plausible.none,The nanny threw the child the toy.,del,del,to,,5,Did the toy receive something/someone?,Yes,"{""context_type"": ""none"", ""group"": ""dopo"", ""linger_cond"": ""PO_implausible"", ""same_structure_plausible_uid"": ""chen2023/dopo_to/10/PO_plausible.none"", ""structure"": ""PO""}"
chen2023,dopo_to,11,DO_plausible.none,chen2023/dopo_to/11/DO_plausible.none,The nephew mailed the aunt the postcard.,the nephew mailed the aunt the postcard .,The nephew mailed the aunt the postcard.,,40,plausible,,dative,chen2023/dopo_to/11/DO_plausible.none,The nephew mailed the aunt the postcard.,none,,,,,Did the postcard receive something/someone?,No,"{""context_type"": ""none"", ""group"": ""dopo"", ""linger_cond"": ""DO_plausible"", ""same_structure_plausible_uid"": ""chen2023/dopo_to/11/DO_plausible.none"", ""structure"": ""DO""}"
chen2023,dopo_to,11,DO_implausible.none,chen2023/dopo_to/11/DO_implausible.none,The nephew mailed the postcard the aunt.,the nephew mailed the postcard the aunt .,The nephew mailed the postcard the aunt.,,41,implausible,,dative,chen2023/dopo_to/11/PO_plausible.none,The nephew mailed the postcard to the aunt.,ins,ins,,to,,Did the postcard receive something/someone?,Yes,"{""context_type"": ""none"", ""group"": ""dopo"", ""linger_cond"": ""DO_implausible"", ""same_structure_plausible_uid"": ""chen2023/dopo_to/11/DO_plausible.none"", ""structure"": ""DO""}"
chen2023,dopo_to,11,PO_plausible.none,chen2023/dopo_to/11/PO_plausible.none,The nephew mailed the postcard to the aunt.,the nephew mailed the postcard to the aunt .,The nephew mailed the postcard to the aunt.,,42,plausible,,dative,chen2023/dopo_to/11/PO_plausible.none,The nephew mailed the postcard to the aunt.,none,,,,,Did the postcard receive something/someone?,No,"{""context_type"": ""none"", ""group"": ""dopo"", ""linger_cond"": ""PO_plausible"", ""same_structure_plausible_uid"": ""chen2023/dopo_to/11/PO_plausible.none"", ""structure"": ""PO""}"
chen2023,dopo_to,11,PO_implausible.none,chen2023/dopo_to/11/PO_implausible.none,The nephew mailed the aunt to the postcard.,the nephew mailed the aunt to the postcard .,The nephew mailed the aunt to the postcard.,,43,implausible,,dative,chen2023/dopo_to/11/DO_plausible.none,The nephew mailed the aunt the postcard.,del,del,to,,5,Did the postcard receive something/someone?,Yes,"{""context_type"": ""none"", ""group"": ""dopo"", ""linger_cond"": ""PO_implausible"", ""same_structure_plausible_uid"": ""chen2023/dopo_to/11/PO_plausible.none"", ""structure"": ""PO""}"
chen2023,dopo_to,12,DO_plausible.none,chen2023/dopo_to/12/DO_plausible.none,The father gave the son the car.,the father gave the son the car .,The father gave the son the car.,,44,plausible,,dative,chen2023/dopo_to/12/DO_plausible.none,The father gave the son the car.,none,,,,,Did the car receive something/someone?,No,"{""context_type"": ""none"", ""group"": ""dopo"", ""linger_cond"": ""DO_plausible"", ""same_structure_plausible_uid"": ""chen2023/dopo_to/12/DO_plausible.none"", ""structure"": ""DO""}"
chen2023,dopo_to,12,DO_implausible.none,chen2023/dopo_to/12/DO_implausible.none,The father gave the car the son.,the father gave the car the son .,The father gave the car the son.,,45,implausible,,dative,chen2023/dopo_to/12/PO_plausible.none,The father gave the car to the son.,ins,ins,,to,,Did the car receive something/someone?,Yes,"{""context_type"": ""none"", ""group"": ""dopo"", ""linger_cond"": ""DO_implausible"", ""same_structure_plausible_uid"": ""chen2023/dopo_to/12/DO_plausible.none"", ""structure"": ""DO""}"
chen2023,dopo_to,12,PO_plausible.none,chen2023/dopo_to/12/PO_plausible.none,The father gave the car to the son.,the father gave the car to the son .,The father gave the car to the son.,,46,plausible,,dative,chen2023/dopo_to/12/PO_plausible.none,The father gave the car to the son.,none,,,,,Did the car receive something/someone?,No,"{""context_type"": ""none"", ""group"": ""dopo"", ""linger_cond"": ""PO_plausible"", ""same_structure_plausible_uid"": ""chen2023/dopo_to/12/PO_plausible.none"", ""structure"": ""PO""}"
chen2023,dopo_to,12,PO_implausible.none,chen2023/dopo_to/12/PO_implausible.none,The father gave the son to the car.,the father gave the son to the car .,The father gave the son to the car.,,47,implausible,,dative,chen2023/dopo_to/12/DO_plausible.none,The father gave the son the car.,del,del,to,,5,Did the car receive something/someone?,Yes,"{""context_type"": ""none"", ""group"": ""dopo"", ""linger_cond"": ""PO_implausible"", ""same_structure_plausible_uid"": ""chen2023/dopo_to/12/PO_plausible.none"", ""structure"": ""PO""}"
chen2023,dopo_to,13,DO_plausible.none,chen2023/dopo_to/13/DO_plausible.none,The shop sold the student the bike.,the shop sold the student the bike .,The shop sold the student the bike.,,48,plausible,,dative,chen2023/dopo_to/13/DO_plausible.none,The shop sold the student the bike.,none,,,,,Did the bike receive something/someone?,No,"{""context_type"": ""none"", ""group"": ""dopo"", ""linger_cond"": ""DO_plausible"", ""same_structure_plausible_uid"": ""chen2023/dopo_to/13/DO_plausible.none"", ""structure"": ""DO""}"
chen2023,dopo_to,13,DO_implausible.none,chen2023/dopo_to/13/DO_implausible.none,The shop sold the bike the student.,the shop sold the bike the student .,The shop sold the bike the student.,,49,implausible,,dative,chen2023/dopo_to/13/PO_plausible.none,The shop sold the bike to the student.,ins,ins,,to,,Did the bike receive something/someone?,Yes,"{""context_type"": ""none"", ""group"": ""dopo"", ""linger_cond"": ""DO_implausible"", ""same_structure_plausible_uid"": ""chen2023/dopo_to/13/DO_plausible.none"", ""structure"": ""DO""}"
chen2023,dopo_to,13,PO_plausible.none,chen2023/dopo_to/13/PO_plausible.none,The shop sold the bike to the student.,the shop sold the bike to the student .,The shop sold the bike to the student.,,50,plausible,,dative,chen2023/dopo_to/13/PO_plausible.none,The shop sold the bike to the student.,none,,,,,Did the bike receive something/someone?,No,"{""context_type"": ""none"", ""group"": ""dopo"", ""linger_cond"": ""PO_plausible"", ""same_structure_plausible_uid"": ""chen2023/dopo_to/13/PO_plausible.none"", ""structure"": ""PO""}"
chen2023,dopo_to,13,PO_implausible.none,chen2023/dopo_to/13/PO_implausible.none,The shop sold the student to the bike.,the shop sold the student to the bike .,The shop sold the student to the bike.,,51,implausible,,dative,chen2023/dopo_to/13/DO_plausible.none,The shop sold the student the bike.,del,del,to,,5,Did the bike receive something/someone?,Yes,"{""context_type"": ""none"", ""group"": ""dopo"", ""linger_cond"": ""PO_implausible"", ""same_structure_plausible_uid"": ""chen2023/dopo_to/13/PO_plausible.none"", ""structure"": ""PO""}"
chen2023,dopo_to,14,DO_plausible.none,chen2023/dopo_to/14/DO_plausible.none,The janitor lent the teacher the mop.,the janitor lent the teacher the mop .,The janitor lent the teacher the mop.,,52,plausible,,dative,chen2023/dopo_to/14/DO_plausible.none,The janitor lent the teacher the mop.,none,,,,,Did the mop receive something/someone?,No,"{""context_type"": ""none"", ""group"": ""dopo"", ""linger_cond"": ""DO_plausible"", ""same_structure_plausible_uid"": ""chen2023/dopo_to/14/DO_plausible.none"", ""structure"": ""DO""}"
chen2023,dopo_to,14,DO_implausible.none,chen2023/dopo_to/14/DO_implausible.none,The janitor lent the mop the teacher.,the janitor lent the mop the teacher .,The janitor lent the mop the teacher.,,53,implausible,,dative,chen2023/dopo_to/14/PO_plausible.none,The janitor lent the mop to the teacher.,ins,ins,,to,,Did the mop receive something/someone?,Yes,"{""context_type"": ""none"", ""group"": ""dopo"", ""linger_cond"": ""DO_implausible"", ""same_structure_plausible_uid"": ""chen2023/dopo_to/14/DO_plausible.none"", ""structure"": ""DO""}"
chen2023,dopo_to,14,PO_plausible.none,chen2023/dopo_to/14/PO_plausible.none,The janitor lent the mop to the teacher.,the janitor lent the mop to the teacher .,The janitor lent the mop to the teacher.,,54,plausible,,dative,chen2023/dopo_to/14/PO_plausible.none,The janitor lent the mop to the teacher.,none,,,,,Did the mop receive something/someone?,No,"{""context_type"": ""none"", ""group"": ""dopo"", ""linger_cond"": ""PO_plausible"", ""same_structure_plausible_uid"": ""chen2023/dopo_to/14/PO_plausible.none"", ""structure"": ""PO""}"
chen2023,dopo_to,14,PO_implausible.none,chen2023/dopo_to/14/PO_implausible.none,The janitor lent the teacher to the mop.,the janitor lent the teacher to the mop .,The janitor lent the teacher to the mop.,,55,implausible,,dative,chen2023/dopo_to/14/DO_plausible.none,The janitor lent the teacher the mop.,del,del,to,,5,Did the mop receive something/someone?,Yes,"{""context_type"": ""none"", ""group"": ""dopo"", ""linger_cond"": ""PO_implausible"", ""same_structure_plausible_uid"": ""chen2023/dopo_to/14/PO_plausible.none"", ""structure"": ""PO""}"
chen2023,dopo_to,15,DO_plausible.none,chen2023/dopo_to/15/DO_plausible.none,The car dealer leased the plumber the SUV.,the car dealer leased the plumber the suv .,The car dealer leased the plumber the SUV.,,56,plausible,,dative,chen2023/dopo_to/15/DO_plausible.none,The car dealer leased the plumber the SUV.,none,,,,,Did the SUV receive something/someone?,No,"{""context_type"": ""none"", ""group"": ""dopo"", ""linger_cond"": ""DO_plausible"", ""same_structure_plausible_uid"": ""chen2023/dopo_to/15/DO_plausible.none"", ""structure"": ""DO""}"
chen2023,dopo_to,15,DO_implausible.none,chen2023/dopo_to/15/DO_implausible.none,The car dealer leased the SUV the plumber.,the car dealer leased the suv the plumber .,The car dealer leased the SUV the plumber.,,57,implausible,,dative,chen2023/dopo_to/15/PO_plausible.none,The car dealer leased the SUV to the plumber.,ins,ins,,to,,Did the SUV receive something/someone?,Yes,"{""context_type"": ""none"", ""group"": ""dopo"", ""linger_cond"": ""DO_implausible"", ""same_structure_plausible_uid"": ""chen2023/dopo_to/15/DO_plausible.none"", ""structure"": ""DO""}"
chen2023,dopo_to,15,PO_plausible.none,chen2023/dopo_to/15/PO_plausible.none,The car dealer leased the SUV to the plumber.,the car dealer leased the suv to the plumber .,The car dealer leased the SUV to the plumber.,,58,plausible,,dative,chen2023/dopo_to/15/PO_plausible.none,The car dealer leased the SUV to the plumber.,none,,,,,Did the SUV receive something/someone?,No,"{""context_type"": ""none"", ""group"": ""dopo"", ""linger_cond"": ""PO_plausible"", ""same_structure_plausible_uid"": ""chen2023/dopo_to/15/PO_plausible.none"", ""structure"": ""PO""}"
chen2023,dopo_to,15,PO_implausible.none,chen2023/dopo_to/15/PO_implausible.none,The car dealer leased the plumber to the SUV.,the car dealer leased the plumber to the suv .,The car dealer leased the plumber to the SUV.,,59,implausible,,dative,chen2023/dopo_to/15/DO_plausible.none,The car dealer leased the plumber the SUV.,del,del,to,,6,Did the SUV receive something/someone?,Yes,"{""context_type"": ""none"", ""group"": ""dopo"", ""linger_cond"": ""PO_implausible"", ""same_structure_plausible_uid"": ""chen2023/dopo_to/15/PO_plausible.none"", ""structure"": ""PO""}"
chen2023,dopo_to,16,DO_plausible.none,chen2023/dopo_to/16/DO_plausible.none,The host tossed the contestant the microphone.,the host tossed the contestant the microphone .,The host tossed the contestant the microphone.,,60,plausible,,dative,chen2023/dopo_to/16/DO_plausible.none,The host tossed the contestant the microphone.,none,,,,,Did the contestant receive something/someone?,Yes,"{""context_type"": ""none"", ""group"": ""dopo"", ""linger_cond"": ""DO_plausible"", ""same_structure_plausible_uid"": ""chen2023/dopo_to/16/DO_plausible.none"", ""structure"": ""DO""}"
chen2023,dopo_to,16,DO_implausible.none,chen2023/dopo_to/16/DO_implausible.none,The host tossed the microphone the contestant.,the host tossed the microphone the contestant .,The host tossed the microphone the contestant.,,61,implausible,,dative,chen2023/dopo_to/16/PO_plausible.none,The host tossed the microphone to the contestant.,ins,ins,,to,,Did the contestant receive something/someone?,No,"{""context_type"": ""none"", ""group"": ""dopo"", ""linger_cond"": ""DO_implausible"", ""same_structure_plausible_uid"": ""chen2023/dopo_to/16/DO_plausible.none"", ""structure"": ""DO""}"
chen2023,dopo_to,16,PO_plausible.none,chen2023/dopo_to/16/PO_plausible.none,The host tossed the microphone to the contestant.,the host tossed the microphone to the contestant .,The host tossed the microphone to the contestant.,,62,plausible,,dative,chen2023/dopo_to/16/PO_plausible.none,The host tossed the microphone to the contestant.,none,,,,,Did the contestant receive something/someone?,Yes,"{""context_type"": ""none"", ""group"": ""dopo"", ""linger_cond"": ""PO_plausible"", ""same_structure_plausible_uid"": ""chen2023/dopo_to/16/PO_plausible.none"", ""structure"": ""PO""}"
chen2023,dopo_to,16,PO_implausible.none,chen2023/dopo_to/16/PO_implausible.none,The host tossed the contestant to the microphone.,the host tossed the contestant to the microphone .,The host tossed the contestant to the microphone.,,63,implausible,,dative,chen2023/dopo_to/16/DO_plausible.none,The host tossed the contestant the microphone.,del,del,to,,5,Did the contestant receive something/someone?,No,"{""context_type"": ""none"", ""group"": ""dopo"", ""linger_cond"": ""PO_implausible"", ""same_structure_plausible_uid"": ""chen2023/dopo_to/16/PO_plausible.none"", ""structure"": ""PO""}"
chen2023,dopo_to,17,DO_plausible.none,chen2023/dopo_to/17/DO_plausible.none,The quarterback passed the receiver the ball.,the quarterback passed the receiver the ball .,The quarterback passed the receiver the ball.,,64,plausible,,dative,chen2023/dopo_to/17/DO_plausible.none,The quarterback passed the receiver the ball.,none,,,,,Did the receiver receive something/someone?,Yes,"{""context_type"": ""none"", ""group"": ""dopo"", ""linger_cond"": ""DO_plausible"", ""same_structure_plausible_uid"": ""chen2023/dopo_to/17/DO_plausible.none"", ""structure"": ""DO""}"
chen2023,dopo_to,17,DO_implausible.none,chen2023/dopo_to/17/DO_implausible.none,The quarterback passed the ball the receiver.,the quarterback passed the ball the receiver .,The quarterback passed the ball the receiver.,,65,implausible,,dative,chen2023/dopo_to/17/PO_plausible.none,The quarterback passed the ball to the receiver.,ins,ins,,to,,Did the receiver receive something/someone?,No,"{""context_type"": ""none"", ""group"": ""dopo"", ""linger_cond"": ""DO_implausible"", ""same_structure_plausible_uid"": ""chen2023/dopo_to/17/DO_plausible.none"", ""structure"": ""DO""}"
chen2023,dopo_to,17,PO_plausible.none,chen2023/dopo_to/17/PO_plausible.none,The quarterback passed the ball to the receiver.,the quarterback passed the ball to the receiver .,The quarterback passed the ball to the receiver.,,66,plausible,,dative,chen2023/dopo_to/17/PO_plausible.none,The quarterback passed the ball to the receiver.,none,,,,,Did the receiver receive something/someone?,Yes,"{""context_type"": ""none"", ""group"": ""dopo"", ""linger_cond"": ""PO_plausible"", ""same_structure_plausible_uid"": ""chen2023/dopo_to/17/PO_plausible.none"", ""structure"": ""PO""}"
chen2023,dopo_to,17,PO_implausible.none,chen2023/dopo_to/17/PO_implausible.none,The quarterback passed the receiver to the ball.,the quarterback passed the receiver to the ball .,The quarterback passed the receiver to the ball.,,67,implausible,,dative,chen2023/dopo_to/17/DO_plausible.none,The quarterback passed the receiver the ball.,del,del,to,,5,Did the receiver receive something/someone?,No,"{""context_type"": ""none"", ""group"": ""dopo"", ""linger_cond"": ""PO_implausible"", ""same_structure_plausible_uid"": ""chen2023/dopo_to/17/PO_plausible.none"", ""structure"": ""PO""}"
chen2023,dopo_to,18,DO_plausible.none,chen2023/dopo_to/18/DO_plausible.none,The videostore rented the customer the DVD.,the videostore rented the customer the dvd .,The videostore rented the customer the DVD.,,68,plausible,,dative,chen2023/dopo_to/18/DO_plausible.none,The videostore rented the customer the DVD.,none,,,,,Did the customer receive something/someone?,Yes,"{""context_type"": ""none"", ""group"": ""dopo"", ""linger_cond"": ""DO_plausible"", ""same_structure_plausible_uid"": ""chen2023/dopo_to/18/DO_plausible.none"", ""structure"": ""DO""}"
chen2023,dopo_to,18,DO_implausible.none,chen2023/dopo_to/18/DO_implausible.none,The videostore rented the DVD the customer.,the videostore rented the dvd the customer .,The videostore rented the DVD the customer.,,69,implausible,,dative,chen2023/dopo_to/18/PO_plausible.none,The videostore rented the DVD to the customer.,ins,ins,,to,,Did the customer receive something/someone?,No,"{""context_type"": ""none"", ""group"": ""dopo"", ""linger_cond"": ""DO_implausible"", ""same_structure_plausible_uid"": ""chen2023/dopo_to/18/DO_plausible.none"", ""structure"": ""DO""}"
chen2023,dopo_to,18,PO_plausible.none,chen2023/dopo_to/18/PO_plausible.none,The videostore rented the DVD to the customer.,the videostore rented the dvd to the customer .,The videostore rented the DVD to the customer.,,70,plausible,,dative,chen2023/dopo_to/18/PO_plausible.none,The videostore rented the DVD to the customer.,none,,,,,Did the customer receive something/someone?,Yes,"{""context_type"": ""none"", ""group"": ""dopo"", ""linger_cond"": ""PO_plausible"", ""same_structure_plausible_uid"": ""chen2023/dopo_to/18/PO_plausible.none"", ""structure"": ""PO""}"
chen2023,dopo_to,18,PO_implausible.none,chen2023/dopo_to/18/PO_implausible.none,The videostore rented the customer to the DVD.,the videostore rented the customer to the dvd .,The videostore rented the customer to the DVD.,,71,implausible,,dative,chen2023/dopo_to/18/DO_plausible.none,The videostore rented the customer the DVD.,del,del,to,,5,Did the customer receive something/someone?,No,"{""context_type"": ""none"", ""group"": ""dopo"", ""linger_cond"": ""PO_implausible"", ""same_structure_plausible_uid"": ""chen2023/dopo_to/18/PO_plausible.none"", ""structure"": ""PO""}"
chen2023,dopo_to,19,DO_plausible.none,chen2023/dopo_to/19/DO_plausible.none,The bartender handed the lady the drink.,the bartender handed the lady the drink .,The bartender handed the lady the drink.,,72,plausible,,dative,chen2023/dopo_to/19/DO_plausible.none,The bartender handed the lady the drink.,none,,,,,Did the lady receive something/someone?,Yes,"{""context_type"": ""none"", ""group"": ""dopo"", ""linger_cond"": ""DO_plausible"", ""same_structure_plausible_uid"": ""chen2023/dopo_to/19/DO_plausible.none"", ""structure"": ""DO""}"
chen2023,dopo_to,19,DO_implausible.none,chen2023/dopo_to/19/DO_implausible.none,The bartender handed the drink the lady.,the bartender handed the drink the lady .,The bartender handed the drink the lady.,,73,implausible,,dative,chen2023/dopo_to/19/PO_plausible.none,The bartender handed the drink to the lady.,ins,ins,,to,,Did the lady receive something/someone?,No,"{""context_type"": ""none"", ""group"": ""dopo"", ""linger_cond"": ""DO_implausible"", ""same_structure_plausible_uid"": ""chen2023/dopo_to/19/DO_plausible.none"", ""structure"": ""DO""}"
chen2023,dopo_to,19,PO_plausible.none,chen2023/dopo_to/19/PO_plausible.none,The bartender handed the drink to the lady.,the bartender handed the drink to the lady .,The bartender handed the drink to the lady.,,74,plausible,,dative,chen2023/dopo_to/19/PO_plausible.none,The bartender handed the drink to the lady.,none,,,,,Did the lady receive something/someone?,Yes,"{""context_type"": ""none"", ""group"": ""dopo"", ""linger_cond"": ""PO_plausible"", ""same_structure_plausible_uid"": ""chen2023/dopo_to/19/PO_plausible.none"", ""structure"": ""PO""}"
chen2023,dopo_to,19,PO_implausible.none,chen2023/dopo_to/19/PO_implausible.none,The bartender handed the lady to the drink.,the bartender handed the lady to the drink .,The bartender handed the lady to the drink.,,75,implausible,,dative,chen2023/dopo_to/19/DO_plausible.none,The bartender handed the lady the drink.,del,del,to,,5,Did the lady receive something/someone?,No,"{""context_type"": ""none"", ""group"": ""dopo"", ""linger_cond"": ""PO_implausible"", ""same_structure_plausible_uid"": ""chen2023/dopo_to/19/PO_plausible.none"", ""structure"": ""PO""}"
chen2023,dopo_to,20,DO_plausible.none,chen2023/dopo_to/20/DO_plausible.none,The magician threw the assistant the hat.,the magician threw the assistant the hat .,The magician threw the assistant the hat.,,76,plausible,,dative,chen2023/dopo_to/20/DO_plausible.none,The magician threw the assistant the hat.,none,,,,,Did the assistant receive something/someone?,Yes,"{""context_type"": ""none"", ""group"": ""dopo"", ""linger_cond"": ""DO_plausible"", ""same_structure_plausible_uid"": ""chen2023/dopo_to/20/DO_plausible.none"", ""structure"": ""DO""}"
chen2023,dopo_to,20,DO_implausible.none,chen2023/dopo_to/20/DO_implausible.none,The magician threw the hat the assistant.,the magician threw the hat the assistant .,The magician threw the hat the assistant.,,77,implausible,,dative,chen2023/dopo_to/20/PO_plausible.none,The magician threw the hat to the assistant.,ins,ins,,to,,Did the assistant receive something/someone?,No,"{""context_type"": ""none"", ""group"": ""dopo"", ""linger_cond"": ""DO_implausible"", ""same_structure_plausible_uid"": ""chen2023/dopo_to/20/DO_plausible.none"", ""structure"": ""DO""}"
chen2023,dopo_to,20,PO_plausible.none,chen2023/dopo_to/20/PO_plausible.none,The magician threw the hat to the assistant.,the magician threw the hat to the assistant .,The magician threw the hat to the assistant.,,78,plausible,,dative,chen2023/dopo_to/20/PO_plausible.none,The magician threw the hat to the assistant.,none,,,,,Did the assistant receive something/someone?,Yes,"{""context_type"": ""none"", ""group"": ""dopo"", ""linger_cond"": ""PO_plausible"", ""same_structure_plausible_uid"": ""chen2023/dopo_to/20/PO_plausible.none"", ""structure"": ""PO""}"
chen2023,dopo_to,20,PO_implausible.none,chen2023/dopo_to/20/PO_implausible.none,The magician threw the assistant to the hat.,the magician threw the assistant to the hat .,The magician threw the assistant to the hat.,,79,implausible,,dative,chen2023/dopo_to/20/DO_plausible.none,The magician threw the assistant the hat.,del,del,to,,5,Did the assistant receive something/someone?,No,"{""context_type"": ""none"", ""group"": ""dopo"", ""linger_cond"": ""PO_implausible"", ""same_structure_plausible_uid"": ""chen2023/dopo_to/20/PO_plausible.none"", ""structure"": ""PO""}"
chen2023,dopo_to,1,DO_plausible.supportive,chen2023/dopo_to/1/DO_plausible.supportive,The sister mailed the niece the letter.,the sister mailed the niece the letter .,The sister mailed the niece the letter.,The niece missed the sister when she went to overnight camp. The sister wrote a letter so that the niece would not feel sad at camp.,80,plausible,,dative,chen2023/dopo_to/1/DO_plausible.supportive,The sister mailed the niece the letter.,none,,,,,Did the niece receive something/someone?,Yes,"{""context_type"": ""supportive"", ""group"": ""dopo"", ""linger_cond"": ""DO_plausible"", ""same_structure_plausible_uid"": ""chen2023/dopo_to/1/DO_plausible.supportive"", ""structure"": ""DO""}"
chen2023,dopo_to,1,DO_implausible.supportive,chen2023/dopo_to/1/DO_implausible.supportive,The sister mailed the letter the niece.,the sister mailed the letter the niece .,The sister mailed the letter the niece.,The niece missed the sister when she went to overnight camp. The sister wrote a letter so that the niece would not feel sad at camp.,81,implausible,,dative,chen2023/dopo_to/1/PO_plausible.supportive,The sister mailed the letter to the niece.,ins,ins,,to,,Did the niece receive something/someone?,No,"{""context_type"": ""supportive"", ""group"": ""dopo"", ""linger_cond"": ""DO_implausible"", ""same_structure_plausible_uid"": ""chen2023/dopo_to/1/DO_plausible.supportive"", ""structure"": ""DO""}"
chen2023,dopo_to,1,PO_plausible.supportive,chen2023/dopo_to/1/PO_plausible.supportive,The sister mailed the letter to the niece.,the sister mailed the letter to the niece .,The sister mailed the letter to the niece.,The niece missed the sister when she went to overnight camp. The sister wrote a letter so that the niece would not feel sad at camp.,82,plausible,,dative,chen2023/dopo_to/1/PO_plausible.supportive,The sister mailed the letter to the niece.,none,,,,,Did the niece receive something/someone?,Yes,"{""context_type"": ""supportive"", ""group"": ""dopo"", ""linger_cond"": ""PO_plausible"", ""same_structure_plausible_uid"": ""chen2023/dopo_to/1/PO_plausible.supportive"", ""structure"": ""PO""}"
chen2023,dopo_to,1,PO_implausible.supportive,chen2023/dopo_to/1/PO_implausible.supportive,The sister mailed the niece to the letter.,the sister mailed the niece to the letter .,The sister mailed the niece to the letter.,The niece missed the sister when she went to overnight camp. The sister wrote a letter so that the niece would not feel sad at camp.,83,implausible,,dative,chen2023/dopo_to/1/DO_plausible.supportive,The sister mailed the niece the letter.,del,del,to,,5,Did the niece receive something/someone?,No,"{""context_type"": ""supportive"", ""group"": ""dopo"", ""linger_cond"": ""PO_implausible"", ""same_structure_plausible_uid"": ""chen2023/dopo_to/1/PO_plausible.supportive"", ""structure"": ""PO""}"
chen2023,dopo_to,2,DO_plausible.supportive,chen2023/dopo_to/2/DO_plausible.supportive,The mother gave the daughter the candle.,the mother gave the daughter the candle .,The mother gave the daughter the candle.,"When the power outage happened, the daughter asked the mother for a candle. The mother found a candle in the kitchen cabinet.",84,plausible,,dative,chen2023/dopo_to/2/DO_plausible.supportive,The mother gave the daughter the candle.,none,,,,,Did the daughter receive something/someone?,Yes,"{""context_type"": ""supportive"", ""group"": ""dopo"", ""linger_cond"": ""DO_plausible"", ""same_structure_plausible_uid"": ""chen2023/dopo_to/2/DO_plausible.supportive"", ""structure"": ""DO""}"
chen2023,dopo_to,2,DO_implausible.supportive,chen2023/dopo_to/2/DO_implausible.supportive,The mother gave the candle the daughter.,the mother gave the candle the daughter .,The mother gave the candle the daughter.,"When the power outage happened, the daughter asked the mother for a candle. The mother found a candle in the kitchen cabinet.",85,implausible,,dative,chen2023/dopo_to/2/PO_plausible.supportive,The mother gave the candle to the daughter.,ins,ins,,to,,Did the daughter receive something/someone?,No,"{""context_type"": ""supportive"", ""group"": ""dopo"", ""linger_cond"": ""DO_implausible"", ""same_structure_plausible_uid"": ""chen2023/dopo_to/2/DO_plausible.supportive"", ""structure"": ""DO""}"
chen2023,dopo_to,2,PO_plausible.supportive,chen2023/dopo_to/2/PO_plausible.supportive,The mother gave the candle to the daughter.,the mother gave the candle to the daughter .,The mother gave the candle to the daughter.,"When the power outage happened, the daughter asked the mother for a candle. The mother found a candle in the kitchen cabinet.",86,plausible,,dative,chen2023/dopo_to/2/PO_plausible.supportive,The mother gave the candle to the daughter.,none,,,,,Did the daughter receive something/someone?,Yes,"{""context_type"": ""supportive"", ""group"": ""dopo"", ""linger_cond"": ""PO_plausible"", ""same_structure_plausible_uid"": ""chen2023/dopo_to/2/PO_plausible.supportive"", ""structure"": ""PO""}"
chen2023,dopo_to,2,PO_implausible.supportive,chen2023/dopo_to/2/PO_implausible.supportive,The mother gave the daughter to the candle.,the mother gave the daughter to the candle .,The mother gave the daughter to the candle.,"When the power outage happened, the daughter asked the mother for a candle. The mother found a candle in the kitchen cabinet.",87,implausible,,dative,chen2023/dopo_to/2/DO_plausible.supportive,The mother gave the daughter the candle.,del,del,to,,5,Did the daughter receive something/someone?,No,"{""context_type"": ""supportive"", ""group"": ""dopo"", ""linger_cond"": ""PO_implausible"", ""same_structure_plausible_uid"": ""chen2023/dopo_to/2/PO_plausible.supportive"", ""structure"": ""PO""}"
chen2023,dopo_to,3,DO_plausible.supportive,chen2023/dopo_to/3/DO_plausible.supportive,The uncle sold the father the truck.,the uncle sold the father the truck .,The uncle sold the father the truck.,The uncle had a truck that he wanted to sell. The father offered to buy the truck from the uncle.,88,plausible,,dative,chen2023/dopo_to/3/DO_plausible.supportive,The uncle sold the father the truck.,none,,,,,Did the father receive something/someone?,Yes,"{""context_type"": ""supportive"", ""group"": ""dopo"", ""linger_cond"": ""DO_plausible"", ""same_structure_plausible_uid"": ""chen2023/dopo_to/3/DO_plausible.supportive"", ""structure"": ""DO""}"
chen2023,dopo_to,3,DO_implausible.supportive,chen2023/dopo_to/3/DO_implausible.supportive,The uncle sold the truck the father.,the uncle sold the truck the father .,The uncle sold the truck the father.,The uncle had a truck that he wanted to sell. The father offered to buy the truck from the uncle.,89,implausible,,dative,chen2023/dopo_to/3/PO_plausible.supportive,The uncle sold the truck to the father.,ins,ins,,to,,Did the father receive something/someone?,No,"{""context_type"": ""supportive"", ""group"": ""dopo"", ""linger_cond"": ""DO_implausible"", ""same_structure_plausible_uid"": ""chen2023/dopo_to/3/DO_plausible.supportive"", ""structure"": ""DO""}"
chen2023,dopo_to,3,PO_plausible.supportive,chen2023/dopo_to/3/PO_plausible.supportive,The uncle sold the truck to the father.,the uncle sold the truck to the father .,The uncle sold the truck to the father.,The uncle had a truck that he wanted to sell. The father offered to buy the truck from the uncle.,90,plausible,,dative,chen2023/dopo_to/3/PO_plausible.supportive,The uncle sold the truck to the father.,none,,,,,Did the father receive something/someone?,Yes,"{""context_type"": ""supportive"", ""group"": ""dopo"", ""linger_cond"": ""PO_plausible"", ""same_structure_plausible_uid"": ""chen2023/dopo_to/3/PO_plausible.supportive"", ""structure"": ""PO""}"
chen2023,dopo_to,3,PO_implausible.supportive,chen2023/dopo_to/3/PO_implausible.supportive,The uncle sold the father to the truck.,the uncle sold the father to the truck .,The uncle sold the father to the truck.,The uncle had a truck that he wanted to sell. The father offered to buy the truck from the uncle.,91,implausible,,dative,chen2023/dopo_to/3/DO_plausible.supportive,The uncle sold the father the truck.,del,del,to,,5,Did the father receive something/someone?,No,"{""context_type"": ""supportive"", ""group"": ""dopo"", ""linger_cond"": ""PO_implausible"", ""same_structure_plausible_uid"": ""chen2023/dopo_to/3/PO_plausible.supportive"", ""structure"": ""PO""}"
chen2023,dopo_to,4,DO_plausible.supportive,chen2023/dopo_to/4/DO_plausible.supportive,The contractor lent the homeowner the saw.,the contractor lent the homeowner the saw .,The contractor lent the homeowner the saw.,The homeowner was looking for a saw so he could build a shed. The contractor brought a saw to his meeting with the homeowner.,92,plausible,,dative,chen2023/dopo_to/4/DO_plausible.supportive,The contractor lent the homeowner the saw.,none,,,,,Did the homeowner receive something/someone?,Yes,"{""context_type"": ""supportive"", ""group"": ""dopo"", ""linger_cond"": ""DO_plausible"", ""same_structure_plausible_uid"": ""chen2023/dopo_to/4/DO_plausible.supportive"", ""structure"": ""DO""}"
chen2023,dopo_to,4,DO_implausible.supportive,chen2023/dopo_to/4/DO_implausible.supportive,The contractor lent the saw the homeowner.,the contractor lent the saw the homeowner .,The contractor lent the saw the homeowner.,The homeowner was looking for a saw so he could build a shed. The contractor brought a saw to his meeting with the homeowner.,93,implausible,,dative,chen2023/dopo_to/4/PO_plausible.supportive,The contractor lent the saw to the homeowner.,ins,ins,,to,,Did the homeowner receive something/someone?,No,"{""context_type"": ""supportive"", ""group"": ""dopo"", ""linger_cond"": ""DO_implausible"", ""same_structure_plausible_uid"": ""chen2023/dopo_to/4/DO_plausible.supportive"", ""structure"": ""DO""}"
chen2023,dopo_to,4,PO_plausible.supportive,chen2023/dopo_to/4/PO_plausible.supportive,The contractor lent the saw to the homeowner.,the contractor lent the saw to the homeowner .,The contractor lent the saw to the homeowner.,The homeowner was looking for a saw so he could build a shed. The contractor brought a saw to his meeting with the homeowner.,94,plausible,,dative,chen2023/dopo_to/4/PO_plausible.supportive,The contractor lent the saw to the homeowner.,none,,,,,Did the homeowner receive something/someone?,Yes,"{""context_type"": ""supportive"", ""group"": ""dopo"", ""linger_cond"": ""PO_plausible"", ""same_structure_plausible_uid"": ""chen2023/dopo_to/4/PO_plausible.supportive"", ""structure"": ""PO""}"
chen2023,dopo_to,4,PO_implausible.supportive,chen2023/dopo_to/4/PO_implausible.supportive,The contractor lent the homeowner to the saw.,the contractor lent the homeowner to the saw .,The contractor lent the homeowner to the saw.,The homeowner was looking for a saw so he could build a shed. The contractor brought a saw to his meeting with the homeowner.,95,implausible,,dative,chen2023/dopo_to/4/DO_plausible.supportive,The contractor lent the homeowner the saw.,del,del,to,,5,Did the homeowner receive something/someone?,No,"{""context_type"": ""supportive"", ""group"": ""dopo"", ""linger_cond"": ""PO_implausible"", ""same_structure_plausible_uid"": ""chen2023/dopo_to/4/PO_plausible.supportive"", ""structure"": ""PO""}"
chen2023,dopo_to,5,DO_plausible.supportive,chen2023/dopo_to/5/DO_plausible.supportive,The sailing club leased the man the boat.,the sailing club leased the man the boat .,The sailing club leased the man the boat.,The man went to the sailing club to look at boats. The man found a boat that he really liked.,96,plausible,,dative,chen2023/dopo_to/5/DO_plausible.supportive,The sailing club leased the man the boat.,none,,,,,Did the man receive something/someone?,Yes,"{""context_type"": ""supportive"", ""group"": ""dopo"", ""linger_cond"": ""DO_plausible"", ""same_structure_plausible_uid"": ""chen2023/dopo_to/5/DO_plausible.supportive"", ""structure"": ""DO""}"
chen2023,dopo_to,5,DO_implausible.supportive,chen2023/dopo_to/5/DO_implausible.supportive,The sailing club leased the boat the man.,the sailing club leased the boat the man .,The sailing club leased the boat the man.,The man went to the sailing club to look at boats. The man found a boat that he really liked.,97,implausible,,dative,chen2023/dopo_to/5/PO_plausible.supportive,The sailing club leased the boat to the man.,ins,ins,,to,,Did the man receive something/someone?,No,"{""context_type"": ""supportive"", ""group"": ""dopo"", ""linger_cond"": ""DO_implausible"", ""same_structure_plausible_uid"": ""chen2023/dopo_to/5/DO_plausible.supportive"", ""structure"": ""DO""}"
chen2023,dopo_to,5,PO_plausible.supportive,chen2023/dopo_to/5/PO_plausible.supportive,The sailing club leased the boat to the man.,the sailing club leased the boat to the man .,The sailing club leased the boat to the man.,The man went to the sailing club to look at boats. The man found a boat that he really liked.,98,plausible,,dative,chen2023/dopo_to/5/PO_plausible.supportive,The sailing club leased the boat to the man.,none,,,,,Did the man receive something/someone?,Yes,"{""context_type"": ""supportive"", ""group"": ""dopo"", ""linger_cond"": ""PO_plausible"", ""same_structure_plausible_uid"": ""chen2023/dopo_to/5/PO_plausible.supportive"", ""structure"": ""PO""}"
chen2023,dopo_to,5,PO_implausible.supportive,chen2023/dopo_to/5/PO_implausible.supportive,The sailing club leased the man to the boat.,the sailing club leased the man to the boat .,The sailing club leased the man to the boat.,The man went to the sailing club to look at boats. The man found a boat that he really liked.,99,implausible,,dative,chen2023/dopo_to/5/DO_plausible.supportive,The sailing club leased the man the boat.,del,del,to,,6,Did the man receive something/someone?,No,"{""context_type"": ""supportive"", ""group"": ""dopo"", ""linger_cond"": ""PO_implausible"", ""same_structure_plausible_uid"": ""chen2023/dopo_to/5/PO_plausible.supportive"", ""structure"": ""PO""}"
chen2023,dopo_to,6,DO_plausible.supportive,chen2023/dopo_to/6/DO_plausible.supportive,The girl tossed the boy the apple.,the girl tossed the boy the apple .,The girl tossed the boy the apple.,The boy and the girl went apple picking together. The girl picked an apple that the boy wanted.,100,plausible,,dative,chen2023/dopo_to/6/DO_plausible.supportive,The girl tossed the boy the apple.,none,,,,,Did the apple receive something/someone?,No,"{""context_type"": ""supportive"", ""group"": ""dopo"", ""linger_cond"": ""DO_plausible"", ""same_structure_plausible_uid"": ""chen2023/dopo_to/6/DO_plausible.supportive"", ""structure"": ""DO""}"
chen2023,dopo_to,6,DO_implausible.supportive,chen2023/dopo_to/6/DO_implausible.supportive,The girl tossed the apple the boy.,the girl tossed the apple the boy .,The girl tossed the apple the boy.,The boy and the girl went apple picking together. The girl picked an apple that the boy wanted.,101,implausible,,dative,chen2023/dopo_to/6/PO_plausible.supportive,The girl tossed the apple to the boy.,ins,ins,,to,,Did the apple receive something/someone?,Yes,"{""context_type"": ""supportive"", ""group"": ""dopo"", ""linger_cond"": ""DO_implausible"", ""same_structure_plausible_uid"": ""chen2023/dopo_to/6/DO_plausible.supportive"", ""structure"": ""DO""}"
chen2023,dopo_to,6,PO_plausible.supportive,chen2023/dopo_to/6/PO_plausible.supportive,The girl tossed the apple to the boy.,the girl tossed the apple to the boy .,The girl tossed the apple to the boy.,The boy and the girl went apple picking together. The girl picked an apple that the boy wanted.,102,plausible,,dative,chen2023/dopo_to/6/PO_plausible.supportive,The girl tossed the apple to the boy.,none,,,,,Did the apple receive something/someone?,No,"{""context_type"": ""supportive"", ""group"": ""dopo"", ""linger_cond"": ""PO_plausible"", ""same_structure_plausible_uid"": ""chen2023/dopo_to/6/PO_plausible.supportive"", ""structure"": ""PO""}"
chen2023,dopo_to,6,PO_implausible.supportive,chen2023/dopo_to/6/PO_implausible.supportive,The girl tossed the boy to the apple.,the girl tossed the boy to the apple .,The girl tossed the boy to the apple.,The boy and the girl went apple picking together. The girl picked an apple that the boy wanted.,103,implausible,,dative,chen2023/dopo_to/6/DO_plausible.supportive,The girl tossed the boy the apple.,del,del,to,,5,Did the apple receive something/someone?,Yes,"{""context_type"": ""supportive"", ""group"": ""dopo"", ""linger_cond"": ""PO_implausible"", ""same_structure_plausible_uid"": ""chen2023/dopo_to/6/PO_plausible.supportive"", ""structure"": ""PO""}"
chen2023,dopo_to,7,DO_plausible.supportive,chen2023/dopo_to/7/DO_plausible.supportive,The daughter passed the mother the bowl.,the daughter passed the mother the bowl .,The daughter passed the mother the bowl.,The daughter wanted to help the mother prepare dinner. The daughter found the mother's favorite salad bowl.,104,plausible,,dative,chen2023/dopo_to/7/DO_plausible.supportive,The daughter passed the mother the bowl.,none,,,,,Did the bowl receive something/someone?,No,"{""context_type"": ""supportive"", ""group"": ""dopo"", ""linger_cond"": ""DO_plausible"", ""same_structure_plausible_uid"": ""chen2023/dopo_to/7/DO_plausible.supportive"", ""structure"": ""DO""}"
chen2023,dopo_to,7,DO_implausible.supportive,chen2023/dopo_to/7/DO_implausible.supportive,The daughter passed the bowl the mother.,the daughter passed the bowl the mother .,The daughter passed the bowl the mother.,The daughter wanted to help the mother prepare dinner. The daughter found the mother's favorite salad bowl.,105,implausible,,dative,chen2023/dopo_to/7/PO_plausible.supportive,The daughter passed the bowl to the mother.,ins,ins,,to,,Did the bowl receive something/someone?,Yes,"{""context_type"": ""supportive"", ""group"": ""dopo"", ""linger_cond"": ""DO_implausible"", ""same_structure_plausible_uid"": ""chen2023/dopo_to/7/DO_plausible.supportive"", ""structure"": ""DO""}"
chen2023,dopo_to,7,PO_plausible.supportive,chen2023/dopo_to/7/PO_plausible.supportive,The daughter passed the bowl to the mother.,the daughter passed the bowl to the mother .,The daughter passed the bowl to the mother.,The daughter wanted to help the mother prepare dinner. The daughter found the mother's favorite salad bowl.,106,plausible,,dative,chen2023/dopo_to/7/PO_plausible.supportive,The daughter passed the bowl to the mother.,none,,,,,Did the bowl receive something/someone?,No,"{""context_type"": ""supportive"", ""group"": ""dopo"", ""linger_cond"": ""PO_plausible"", ""same_structure_plausible_uid"": ""chen2023/dopo_to/7/PO_plausible.supportive"", ""structure"": ""PO""}"
chen2023,dopo_to,7,PO_implausible.supportive,chen2023/dopo_to/7/PO_implausible.supportive,The daughter passed the mother to the bowl.,the daughter passed the mother to the bowl .,The daughter passed the mother to the bowl.,The daughter wanted to help the mother prepare dinner. The daughter found the mother's favorite salad bowl.,107,implausible,,dative,chen2023/dopo_to/7/DO_plausible.supportive,The daughter passed the mother the bowl.,del,del,to,,5,Did the bowl receive something/someone?,Yes,"{""context_type"": ""supportive"", ""group"": ""dopo"", ""linger_cond"": ""PO_implausible"", ""same_structure_plausible_uid"": ""chen2023/dopo_to/7/PO_plausible.supportive"", ""structure"": ""PO""}"
chen2023,dopo_to,8,DO_plausible.supportive,chen2023/dopo_to/8/DO_plausible.supportive,The scuba instructor rented the tourist the equipment.,the scuba instructor rented the tourist the equipment .,The scuba instructor rented the tourist the equipment.,The tourist asked the scuba instructor to help him find equipment. The tourist tried on equipment and found some that fit.,108,plausible,,dative,chen2023/dopo_to/8/DO_plausible.supportive,The scuba instructor rented the tourist the equipment.,none,,,,,Did the equipment receive something/someone?,No,"{""context_type"": ""supportive"", ""group"": ""dopo"", ""linger_cond"": ""DO_plausible"", ""same_structure_plausible_uid"": ""chen2023/dopo_to/8/DO_plausible.supportive"", ""structure"": ""DO""}"
chen2023,dopo_to,8,DO_implausible.supportive,chen2023/dopo_to/8/DO_implausible.supportive,The scuba instructor rented the equipment the tourist.,the scuba instructor rented the equipment the tourist .,The scuba instructor rented the equipment the tourist.,The tourist asked the scuba instructor to help him find equipment. The tourist tried on equipment and found some that fit.,109,implausible,,dative,chen2023/dopo_to/8/PO_plausible.supportive,The scuba instructor rented the equipment to the tourist.,ins,ins,,to,,Did the equipment receive something/someone?,Yes,"{""context_type"": ""supportive"", ""group"": ""dopo"", ""linger_cond"": ""DO_implausible"", ""same_structure_plausible_uid"": ""chen2023/dopo_to/8/DO_plausible.supportive"", ""structure"": ""DO""}"
chen2023,dopo_to,8,PO_plausible.supportive,chen2023/dopo_to/8/PO_plausible.supportive,The scuba instructor rented the equipment to the tourist.,the scuba instructor rented the equipment to the tourist .,The scuba instructor rented the equipment to the tourist.,The tourist asked the scuba instructor to help him find equipment. The tourist tried on equipment and found some that fit.,110,plausible,,dative,chen2023/dopo_to/8/PO_plausible.supportive,The scuba instructor rented the equipment to the tourist.,none,,,,,Did the equipment receive something/someone?,No,"{""context_type"": ""supportive"", ""group"": ""dopo"", ""linger_cond"": ""PO_plausible"", ""same_structure_plausible_uid"": ""chen2023/dopo_to/8/PO_plausible.supportive"", ""structure"": ""PO""}"
chen2023,dopo_to,8,PO_implausible.supportive,chen2023/dopo_to/8/PO_implausible.supportive,The scuba instructor rented the tourist to the equipment.,the scuba instructor rented the tourist to the equipment .,The scuba instructor rented the tourist to the equipment.,The tourist asked the scuba instructor to help him find equipment. The tourist tried on equipment and found some that fit.,111,implausible,,dative,chen2023/dopo_to/8/DO_plausible.supportive,The scuba instructor rented the tourist the equipment.,del,del,to,,6,Did the equipment receive something/someone?,Yes,"{""context_type"": ""supportive"", ""group"": ""dopo"", ""linger_cond"": ""PO_implausible"", ""same_structure_plausible_uid"": ""chen2023/dopo_to/8/PO_plausible.supportive"", ""structure"": ""PO""}"
chen2023,dopo_to,9,DO_plausible.supportive,chen2023/dopo_to/9/DO_plausible.supportive,The boy handed the girl the pencil.,the boy handed the girl the pencil .,The boy handed the girl the pencil.,The boy played with the pencil on the desk. The girl asked if she could borrow the pencil from the boy.,112,plausible,,dative,chen2023/dopo_to/9/DO_plausible.supportive,The boy handed the girl the pencil.,none,,,,,Did the pencil receive something/someone?,No,"{""context_type"": ""supportive"", ""group"": ""dopo"", ""linger_cond"": ""DO_plausible"", ""same_structure_plausible_uid"": ""chen2023/dopo_to/9/DO_plausible.supportive"", ""structure"": ""DO""}"
chen2023,dopo_to,9,DO_implausible.supportive,chen2023/dopo_to/9/DO_implausible.supportive,The boy handed the pencil the girl.,the boy handed the pencil the girl .,The boy handed the pencil the girl.,The boy played with the pencil on the desk. The girl asked if she could borrow the pencil from the boy.,113,implausible,,dative,chen2023/dopo_to/9/PO_plausible.supportive,The boy handed the pencil to the girl.,ins,ins,,to,,Did the pencil receive something/someone?,Yes,"{""context_type"": ""supportive"", ""group"": ""dopo"", ""linger_cond"": ""DO_implausible"", ""same_structure_plausible_uid"": ""chen2023/dopo_to/9/DO_plausible.supportive"", ""structure"": ""DO""}"
chen2023,dopo_to,9,PO_plausible.supportive,chen2023/dopo_to/9/PO_plausible.supportive,The boy handed the pencil to the girl.,the boy handed the pencil to the girl .,The boy handed the pencil to the girl.,The boy played with the pencil on the desk. The girl asked if she could borrow the pencil from the boy.,114,plausible,,dative,chen2023/dopo_to/9/PO_plausible.supportive,The boy handed the pencil to the girl.,none,,,,,Did the pencil receive something/someone?,No,"{""context_type"": ""supportive"", ""group"": ""dopo"", ""linger_cond"": ""PO_plausible"", ""same_structure_plausible_uid"": ""chen2023/dopo_to/9/PO_plausible.supportive"", ""structure"": ""PO""}"
chen2023,dopo_to,9,PO_implausible.supportive,chen2023/dopo_to/9/PO_implausible.supportive,The boy handed the girl to the pencil.,the boy handed the girl to the pencil .,The boy handed the girl to the pencil.,The boy played with the pencil on the desk. The girl asked if she could borrow the pencil from the boy.,115,implausible,,dative,chen2023/dopo_to/9/DO_plausible.supportive,The boy handed the girl the pencil.,del,del,to,,5,Did the pencil receive something/someone?,Yes,"{""context_type"": ""supportive"", ""group"": ""dopo"", ""linger_cond"": ""PO_implausible"", ""same_structure_plausible_uid"": ""chen2023/dopo_to/9/PO_plausible.supportive"", ""structure"": ""PO""}"
chen2023,dopo_to,10,DO_plausible.supportive,chen2023/dopo_to/10/DO_plausible.supportive,The nanny threw the child the toy.,the nanny threw the child the toy .,The nanny threw the child the toy.,The child wanted to play catch with the toy. The child tossed the toy to the nanny.,116,plausible,,dative,chen2023/dopo_to/10/DO_plausible.supportive,The nanny threw the child the toy.,none,,,,,Did the toy receive something/someone?,No,"{""context_type"": ""supportive"", ""group"": ""dopo"", ""linger_cond"": ""DO_plausible"", ""same_structure_plausible_uid"": ""chen2023/dopo_to/10/DO_plausible.supportive"", ""structure"": ""DO""}"
chen2023,dopo_to,10,DO_implausible.supportive,chen2023/dopo_to/10/DO_implausible.supportive,The nanny threw the toy the child.,the nanny threw the toy the child .,The nanny threw the toy the child.,The child wanted to play catch with the toy. The child tossed the toy to the nanny.,117,implausible,,dative,chen2023/dopo_to/10/PO_plausible.supportive,The nanny threw the toy to the child.,ins,ins,,to,,Did the toy receive something/someone?,Yes,"{""context_type"": ""supportive"", ""group"": ""dopo"", ""linger_cond"": ""DO_implausible"", ""same_structure_plausible_uid"": ""chen2023/dopo_to/10/DO_plausible.supportive"", ""structure"": ""DO""}"
chen2023,dopo_to,10,PO_plausible.supportive,chen2023/dopo_to/10/PO_plausible.supportive,The nanny threw the toy to the child.,the nanny threw the toy to the child .,The nanny threw the toy to the child.,The child wanted to play catch with the toy. The child tossed the toy to the nanny.,118,plausible,,dative,chen2023/dopo_to/10/PO_plausible.supportive,The nanny threw the toy to the child.,none,,,,,Did the toy receive something/someone?,No,"{""context_type"": ""supportive"", ""group"": ""dopo"", ""linger_cond"": ""PO_plausible"", ""same_structure_plausible_uid"": ""chen2023/dopo_to/10/PO_plausible.supportive"", ""structure"": ""PO""}"
chen2023,dopo_to,10,PO_implausible.supportive,chen2023/dopo_to/10/PO_implausible.supportive,The nanny threw the child to the toy.,the nanny threw the child to the toy .,The nanny threw the child to the toy.,The child wanted to play catch with the toy. The child tossed the toy to the nanny.,119,implausible,,dative,chen2023/dopo_to/10/DO_plausible.supportive,The nanny threw the child the toy.,del,del,to,,5,Did the toy receive something/someone?,Yes,"{""context_type"": ""supportive"", ""group"": ""dopo"", ""linger_cond"": ""PO_implausible"", ""same_structure_plausible_uid"": ""chen2023/dopo_to/10/PO_plausible.supportive"", ""structure"": ""PO""}"
chen2023,dopo_to,11,DO_plausible.supportive,chen2023/dopo_to/11/DO_plausible.supportive,The nephew mailed the aunt the postcard.,the nephew mailed the aunt the postcard .,The nephew mailed the aunt the postcard.,The aunt told the nephew she would miss him while he was on vacation. The nephew found a pretty postcard while he was on vacation.,120,plausible,,dative,chen2023/dopo_to/11/DO_plausible.supportive,The nephew mailed the aunt the postcard.,none,,,,,Did the postcard receive something/someone?,No,"{""context_type"": ""supportive"", ""group"": ""dopo"", ""linger_cond"": ""DO_plausible"", ""same_structure_plausible_uid"": ""chen2023/dopo_to/11/DO_plausible.supportive"", ""structure"": ""DO""}"
chen2023,dopo_to,11,DO_implausible.supportive,chen2023/dopo_to/11/DO_implausible.supportive,The nephew mailed the postcard the aunt.,the nephew mailed the postcard the aunt .,The nephew mailed the postcard the aunt.,The aunt told the nephew she would miss him while he was on vacation. The nephew found a pretty postcard while he was on vacation.,121,implausible,,dative,chen2023/dopo_to/11/PO_plausible.supportive,The nephew mailed the postcard to the aunt.,ins,ins,,to,,Did the postcard receive something/someone?,Yes,"{""context_type"": ""supportive"", ""group"": ""dopo"", ""linger_cond"": ""DO_implausible"", ""same_structure_plausible_uid"": ""chen2023/dopo_to/11/DO_plausible.supportive"", ""structure"": ""DO""}"
chen2023,dopo_to,11,PO_plausible.supportive,chen2023/dopo_to/11/PO_plausible.supportive,The nephew mailed the postcard to the aunt.,the nephew mailed the postcard to the aunt .,The nephew mailed the postcard to the aunt.,The aunt told the nephew she would miss him while he was on vacation. The nephew found a pretty postcard while he was on vacation.,122,plausible,,dative,chen2023/dopo_to/11/PO_plausible.supportive,The nephew mailed the postcard to the aunt.,none,,,,,Did the postcard receive something/someone?,No,"{""context_type"": ""supportive"", ""group"": ""dopo"", ""linger_cond"": ""PO_plausible"", ""same_structure_plausible_uid"": ""chen2023/dopo_to/11/PO_plausible.supportive"", ""structure"": ""PO""}"
chen2023,dopo_to,11,PO_implausible.supportive,chen2023/dopo_to/11/PO_implausible.supportive,The nephew mailed the aunt to the postcard.,the nephew mailed the aunt to the postcard .,The nephew mailed the aunt to the postcard.,The aunt told the nephew she would miss him while he was on vacation. The nephew found a pretty postcard while he was on vacation.,123,implausible,,dative,chen2023/dopo_to/11/DO_plausible.supportive,The nephew mailed the aunt the postcard.,del,del,to,,5,Did the postcard receive something/someone?,Yes,"{""context_type"": ""supportive"", ""group"": ""dopo"", ""linger_cond"": ""PO_implausible"", ""same_structure_plausible_uid"": ""chen2023/dopo_to/11/PO_plausible.supportive"", ""structure"": ""PO""}"
chen2023,dopo_to,12,DO_plausible.supportive,chen2023/dopo_to/12/DO_plausible.supportive,The father gave the son the car.,the father gave the son the car .,The father gave the son the car.,The son wanted a car for his birthday. The father bought a car from the car dealership.,124,plausible,,dative,chen2023/dopo_to/12/DO_plausible.supportive,The father gave the son the car.,none,,,,,Did the car receive something/someone?,No,"{""context_type"": ""supportive"", ""group"": ""dopo"", ""linger_cond"": ""DO_plausible"", ""same_structure_plausible_uid"": ""chen2023/dopo_to/12/DO_plausible.supportive"", ""structure"": ""DO""}"
chen2023,dopo_to,12,DO_implausible.supportive,chen2023/dopo_to/12/DO_implausible.supportive,The father gave the car the son.,the father gave the car the son .,The father gave the car the son.,The son wanted a car for his birthday. The father bought a car from the car dealership.,125,implausible,,dative,chen2023/dopo_to/12/PO_plausible.supportive,The father gave the car to the son.,ins,ins,,to,,Did the car receive something/someone?,Yes,"{""context_type"": ""supportive"", ""group"": ""dopo"", ""linger_cond"": ""DO_implausible"", ""same_structure_plausible_uid"": ""chen2023/dopo_to/12/DO_plausible.supportive"", ""structure"": ""DO""}"
chen2023,dopo_to,12,PO_plausible.supportive,chen2023/dopo_to/12/PO_plausible.supportive,The father gave the car to the son.,the father gave the car to the son .,The father gave the car to the son.,The son wanted a car for his birthday. The father bought a car from the car dealership.,126,plausible,,dative,chen2023/dopo_to/12/PO_plausible.supportive,The father gave the car to the son.,none,,,,,Did the car receive something/someone?,No,"{""context_type"": ""supportive"", ""group"": ""dopo"", ""linger_cond"": ""PO_plausible"", ""same_structure_plausible_uid"": ""chen2023/dopo_to/12/PO_plausible.supportive"", ""structure"": ""PO""}"
chen2023,dopo_to,12,PO_implausible.supportive,chen2023/dopo_to/12/PO_implausible.supportive,The father gave the son to the car.,the father gave the son to the car .,The father gave the son to the car.,The son wanted a car for his birthday. The father bought a car from the car dealership.,127,implausible,,dative,chen2023/dopo_to/12/DO_plausible.supportive,The father gave the son the car.,del,del,to,,5,Did the car receive something/someone?,Yes,"{""context_type"": ""supportive"", ""group"": ""dopo"", ""linger_cond"": ""PO_implausible"", ""same_structure_plausible_uid"": ""chen2023/dopo_to/12/PO_plausible.supportive"", ""structure"": ""PO""}"
chen2023,dopo_to,13,DO_plausible.supportive,chen2023/dopo_to/13/DO_plausible.supportive,The shop sold the student the bike.,the shop sold the student the bike .,The shop sold the student the bike.,"The student went to the shop to buy a new bike. At the shop, the student found a bike he really liked.",128,plausible,,dative,chen2023/dopo_to/13/DO_plausible.supportive,The shop sold the student the bike.,none,,,,,Did the bike receive something/someone?,No,"{""context_type"": ""supportive"", ""group"": ""dopo"", ""linger_cond"": ""DO_plausible"", ""same_structure_plausible_uid"": ""chen2023/dopo_to/13/DO_plausible.supportive"", ""structure"": ""DO""}"
chen2023,dopo_to,13,DO_implausible.supportive,chen2023/dopo_to/13/DO_implausible.supportive,The shop sold the bike the student.,the shop sold the bike the student .,The shop sold the bike the student.,"The student went to the shop to buy a new bike. At the shop, the student found a bike he really liked.",129,implausible,,dative,chen2023/dopo_to/13/PO_plausible.supportive,The shop sold the bike to the student.,ins,ins,,to,,Did the bike receive something/someone?,Yes,"{""context_type"": ""supportive"", ""group"": ""dopo"", ""linger_cond"": ""DO_implausible"", ""same_structure_plausible_uid"": ""chen2023/dopo_to/13/DO_plausible.supportive"", ""structure"": ""DO""}"
chen2023,dopo_to,13,PO_plausible.supportive,chen2023/dopo_to/13/PO_plausible.supportive,The shop sold the bike to the student.,the shop sold the bike to the student .,The shop sold the bike to the student.,"The student went to the shop to buy a new bike. At the shop, the student found a bike he really liked.",130,plausible,,dative,chen2023/dopo_to/13/PO_plausible.supportive,The shop sold the bike to the student.,none,,,,,Did the bike receive something/someone?,No,"{""context_type"": ""supportive"", ""group"": ""dopo"", ""linger_cond"": ""PO_plausible"", ""same_structure_plausible_uid"": ""chen2023/dopo_to/13/PO_plausible.supportive"", ""structure"": ""PO""}"
chen2023,dopo_to,13,PO_implausible.supportive,chen2023/dopo_to/13/PO_implausible.supportive,The shop sold the student to the bike.,the shop sold the student to the bike .,The shop sold the student to the bike.,"The student went to the shop to buy a new bike. At the shop, the student found a bike he really liked.",131,implausible,,dative,chen2023/dopo_to/13/DO_plausible.supportive,The shop sold the student the bike.,del,del,to,,5,Did the bike receive something/someone?,Yes,"{""context_type"": ""supportive"", ""group"": ""dopo"", ""linger_cond"": ""PO_implausible"", ""same_structure_plausible_uid"": ""chen2023/dopo_to/13/PO_plausible.supportive"", ""structure"": ""PO""}"
chen2023,dopo_to,14,DO_plausible.supportive,chen2023/dopo_to/14/DO_plausible.supportive,The janitor lent the teacher the mop.,the janitor lent the teacher the mop .,The janitor lent the teacher the mop.,The janitor saw that the teacher needed the mop to clean the classroom floor. The janitor found the mop in the closet.,132,plausible,,dative,chen2023/dopo_to/14/DO_plausible.supportive,The janitor lent the teacher the mop.,none,,,,,Did the mop receive something/someone?,No,"{""context_type"": ""supportive"", ""group"": ""dopo"", ""linger_cond"": ""DO_plausible"", ""same_structure_plausible_uid"": ""chen2023/dopo_to/14/DO_plausible.supportive"", ""structure"": ""DO""}"
chen2023,dopo_to,14,DO_implausible.supportive,chen2023/dopo_to/14/DO_implausible.supportive,The janitor lent the mop the teacher.,the janitor lent the mop the teacher .,The janitor lent the mop the teacher.,The janitor saw that the teacher needed the mop to clean the classroom floor. The janitor found the mop in the closet.,133,implausible,,dative,chen2023/dopo_to/14/PO_plausible.supportive,The janitor lent the mop to the teacher.,ins,ins,,to,,Did the mop receive something/someone?,Yes,"{""context_type"": ""supportive"", ""group"": ""dopo"", ""linger_cond"": ""DO_implausible"", ""same_structure_plausible_uid"": ""chen2023/dopo_to/14/DO_plausible.supportive"", ""structure"": ""DO""}"
chen2023,dopo_to,14,PO_plausible.supportive,chen2023/dopo_to/14/PO_plausible.supportive,The janitor lent the mop to the teacher.,the janitor lent the mop to the teacher .,The janitor lent the mop to the teacher.,The janitor saw that the teacher needed the mop to clean the classroom floor. The janitor found the mop in the closet.,134,plausible,,dative,chen2023/dopo_to/14/PO_plausible.supportive,The janitor lent the mop to the teacher.,none,,,,,Did the mop receive something/someone?,No,"{""context_type"": ""supportive"", ""group"": ""dopo"", ""linger_cond"": ""PO_plausible"", ""same_structure_plausible_uid"": ""chen2023/dopo_to/14/PO_plausible.supportive"", ""structure"": ""PO""}"
chen2023,dopo_to,14,PO_implausible.supportive,chen2023/dopo_to/14/PO_implausible.supportive,The janitor lent the teacher to the mop.,the janitor lent the teacher to the mop .,The janitor lent the teacher to the mop.,The janitor saw that the teacher needed the mop to clean the classroom floor. The janitor found the mop in the closet.,135,implausible,,dative,chen2023/dopo_to/14/DO_plausible.supportive,The janitor lent the teacher the mop.,del,del,to,,5,Did the mop receive something/someone?,Yes,"{""context_type"": ""supportive"", ""group"": ""dopo"", ""linger_cond"": ""PO_implausible"", ""same_structure_plausible_uid"": ""chen2023/dopo_to/14/PO_plausible.supportive"", ""structure"": ""PO""}"
chen2023,dopo_to,15,DO_plausible.supportive,chen2023/dopo_to/15/DO_plausible.supportive,The car dealer leased the plumber the SUV.,the car dealer leased the plumber the suv .,The car dealer leased the plumber the SUV.,The plumber needed a new car. The car dealer showed the plumber the SUV.,136,plausible,,dative,chen2023/dopo_to/15/DO_plausible.supportive,The car dealer leased the plumber the SUV.,none,,,,,Did the SUV receive something/someone?,No,"{""context_type"": ""supportive"", ""group"": ""dopo"", ""linger_cond"": ""DO_plausible"", ""same_structure_plausible_uid"": ""chen2023/dopo_to/15/DO_plausible.supportive"", ""structure"": ""DO""}"
chen2023,dopo_to,15,DO_implausible.supportive,chen2023/dopo_to/15/DO_implausible.supportive,The car dealer leased the SUV the plumber.,the car dealer leased the suv the plumber .,The car dealer leased the SUV the plumber.,The plumber needed a new car. The car dealer showed the plumber the SUV.,137,implausible,,dative,chen2023/dopo_to/15/PO_plausible.supportive,The car dealer leased the SUV to the plumber.,ins,ins,,to,,Did the SUV receive something/someone?,Yes,"{""context_type"": ""supportive"", ""group"": ""dopo"", ""linger_cond"": ""DO_implausible"", ""same_structure_plausible_uid"": ""chen2023/dopo_to/15/DO_plausible.supportive"", ""structure"": ""DO""}"
chen2023,dopo_to,15,PO_plausible.supportive,chen2023/dopo_to/15/PO_plausible.supportive,The car dealer leased the SUV to the plumber.,the car dealer leased the suv to the plumber .,The car dealer leased the SUV to the plumber.,The plumber needed a new car. The car dealer showed the plumber the SUV.,138,plausible,,dative,chen2023/dopo_to/15/PO_plausible.supportive,The car dealer leased the SUV to the plumber.,none,,,,,Did the SUV receive something/someone?,No,"{""context_type"": ""supportive"", ""group"": ""dopo"", ""linger_cond"": ""PO_plausible"", ""same_structure_plausible_uid"": ""chen2023/dopo_to/15/PO_plausible.supportive"", ""structure"": ""PO""}"
chen2023,dopo_to,15,PO_implausible.supportive,chen2023/dopo_to/15/PO_implausible.supportive,The car dealer leased the plumber to the SUV.,the car dealer leased the plumber to the suv .,The car dealer leased the plumber to the SUV.,The plumber needed a new car. The car dealer showed the plumber the SUV.,139,implausible,,dative,chen2023/dopo_to/15/DO_plausible.supportive,The car dealer leased the plumber the SUV.,del,del,to,,6,Did the SUV receive something/someone?,Yes,"{""context_type"": ""supportive"", ""group"": ""dopo"", ""linger_cond"": ""PO_implausible"", ""same_structure_plausible_uid"": ""chen2023/dopo_to/15/PO_plausible.supportive"", ""structure"": ""PO""}"
chen2023,dopo_to,16,DO_plausible.supportive,chen2023/dopo_to/16/DO_plausible.supportive,The host tossed the contestant the microphone.,the host tossed the contestant the microphone .,The host tossed the contestant the microphone.,The contestant walked on stage. The contestant told the host that he was ready to sing.,140,plausible,,dative,chen2023/dopo_to/16/DO_plausible.supportive,The host tossed the contestant the microphone.,none,,,,,Did the contestant receive something/someone?,Yes,"{""context_type"": ""supportive"", ""group"": ""dopo"", ""linger_cond"": ""DO_plausible"", ""same_structure_plausible_uid"": ""chen2023/dopo_to/16/DO_plausible.supportive"", ""structure"": ""DO""}"
chen2023,dopo_to,16,DO_implausible.supportive,chen2023/dopo_to/16/DO_implausible.supportive,The host tossed the microphone the contestant.,the host tossed the microphone the contestant .,The host tossed the microphone the contestant.,The contestant walked on stage. The contestant told the host that he was ready to sing.,141,implausible,,dative,chen2023/dopo_to/16/PO_plausible.supportive,The host tossed the microphone to the contestant.,ins,ins,,to,,Did the contestant receive something/someone?,No,"{""context_type"": ""supportive"", ""group"": ""dopo"", ""linger_cond"": ""DO_implausible"", ""same_structure_plausible_uid"": ""chen2023/dopo_to/16/DO_plausible.supportive"", ""structure"": ""DO""}"
chen2023,dopo_to,16,PO_plausible.supportive,chen2023/dopo_to/16/PO_plausible.supportive,The host tossed the microphone to the contestant.,the host tossed the microphone to the contestant .,The host tossed the microphone to the contestant.,The contestant walked on stage. The contestant told the host that he was ready to sing.,142,plausible,,dative,chen2023/dopo_to/16/PO_plausible.supportive,The host tossed the microphone to the contestant.,none,,,,,Did the contestant receive something/someone?,Yes,"{""context_type"": ""supportive"", ""group"": ""dopo"", ""linger_cond"": ""PO_plausible"", ""same_structure_plausible_uid"": ""chen2023/dopo_to/16/PO_plausible.supportive"", ""structure"": ""PO""}"
chen2023,dopo_to,16,PO_implausible.supportive,chen2023/dopo_to/16/PO_implausible.supportive,The host tossed the contestant to the microphone.,the host tossed the contestant to the microphone .,The host tossed the contestant to the microphone.,The contestant walked on stage. The contestant told the host that he was ready to sing.,143,implausible,,dative,chen2023/dopo_to/16/DO_plausible.supportive,The host tossed the contestant the microphone.,del,del,to,,5,Did the contestant receive something/someone?,No,"{""context_type"": ""supportive"", ""group"": ""dopo"", ""linger_cond"": ""PO_implausible"", ""same_structure_plausible_uid"": ""chen2023/dopo_to/16/PO_plausible.supportive"", ""structure"": ""PO""}"
chen2023,dopo_to,17,DO_plausible.supportive,chen2023/dopo_to/17/DO_plausible.supportive,The quarterback passed the receiver the ball.,the quarterback passed the receiver the ball .,The quarterback passed the receiver the ball.,"After the snap, the quarterback had the ball. The quarterback scanned the field and saw that the receiver was open.",144,plausible,,dative,chen2023/dopo_to/17/DO_plausible.supportive,The quarterback passed the receiver the ball.,none,,,,,Did the receiver receive something/someone?,Yes,"{""context_type"": ""supportive"", ""group"": ""dopo"", ""linger_cond"": ""DO_plausible"", ""same_structure_plausible_uid"": ""chen2023/dopo_to/17/DO_plausible.supportive"", ""structure"": ""DO""}"
chen2023,dopo_to,17,DO_implausible.supportive,chen2023/dopo_to/17/DO_implausible.supportive,The quarterback passed the ball the receiver.,the quarterback passed the ball the receiver .,The quarterback passed the ball the receiver.,"After the snap, the quarterback had the ball. The quarterback scanned the field and saw that the receiver was open.",145,implausible,,dative,chen2023/dopo_to/17/PO_plausible.supportive,The quarterback passed the ball to the receiver.,ins,ins,,to,,Did the receiver receive something/someone?,No,"{""context_type"": ""supportive"", ""group"": ""dopo"", ""linger_cond"": ""DO_implausible"", ""same_structure_plausible_uid"": ""chen2023/dopo_to/17/DO_plausible.supportive"", ""structure"": ""DO""}"
chen2023,dopo_to,17,PO_plausible.supportive,chen2023/dopo_to/17/PO_plausible.supportive,The quarterback passed the ball to the receiver.,the quarterback passed the ball to the receiver .,The quarterback passed the ball to the receiver.,"After the snap, the quarterback had the ball. The quarterback scanned the field and saw that the receiver was open.",146,plausible,,dative,chen2023/dopo_to/17/PO_plausible.supportive,The quarterback passed the ball to the receiver.,none,,,,,Did the receiver receive something/someone?,Yes,"{""context_type"": ""supportive"", ""group"": ""dopo"", ""linger_cond"": ""PO_plausible"", ""same_structure_plausible_uid"": ""chen2023/dopo_to/17/PO_plausible.supportive"", ""structure"": ""PO""}"
chen2023,dopo_to,17,PO_implausible.supportive,chen2023/dopo_to/17/PO_implausible.supportive,The quarterback passed the receiver to the ball.,the quarterback passed the receiver to the ball .,The quarterback passed the receiver to the ball.,"After the snap, the quarterback had the ball. The quarterback scanned the field and saw that the receiver was open.",147,implausible,,dative,chen2023/dopo_to/17/DO_plausible.supportive,The quarterback passed the receiver the ball.,del,del,to,,5,Did the receiver receive something/someone?,No,"{""context_type"": ""supportive"", ""group"": ""dopo"", ""linger_cond"": ""PO_implausible"", ""same_structure_plausible_uid"": ""chen2023/dopo_to/17/PO_plausible.supportive"", ""structure"": ""PO""}"
chen2023,dopo_to,18,DO_plausible.supportive,chen2023/dopo_to/18/DO_plausible.supportive,The videostore rented the customer the DVD.,the videostore rented the customer the dvd .,The videostore rented the customer the DVD.,"The customer at the videostore was looking for a good DVD to watch. After looking for a few minutes, the customer found a DVD that he wanted to watch.",148,plausible,,dative,chen2023/dopo_to/18/DO_plausible.supportive,The videostore rented the customer the DVD.,none,,,,,Did the customer receive something/someone?,Yes,"{""context_type"": ""supportive"", ""group"": ""dopo"", ""linger_cond"": ""DO_plausible"", ""same_structure_plausible_uid"": ""chen2023/dopo_to/18/DO_plausible.supportive"", ""structure"": ""DO""}"
chen2023,dopo_to,18,DO_implausible.supportive,chen2023/dopo_to/18/DO_implausible.supportive,The videostore rented the DVD the customer.,the videostore rented the dvd the customer .,The videostore rented the DVD the customer.,"The customer at the videostore was looking for a good DVD to watch. After looking for a few minutes, the customer found a DVD that he wanted to watch.",149,implausible,,dative,chen2023/dopo_to/18/PO_plausible.supportive,The videostore rented the DVD to the customer.,ins,ins,,to,,Did the customer receive something/someone?,No,"{""context_type"": ""supportive"", ""group"": ""dopo"", ""linger_cond"": ""DO_implausible"", ""same_structure_plausible_uid"": ""chen2023/dopo_to/18/DO_plausible.supportive"", ""structure"": ""DO""}"
chen2023,dopo_to,18,PO_plausible.supportive,chen2023/dopo_to/18/PO_plausible.supportive,The videostore rented the DVD to the customer.,the videostore rented the dvd to the customer .,The videostore rented the DVD to the customer.,"The customer at the videostore was looking for a good DVD to watch. After looking for a few minutes, the customer found a DVD that he wanted to watch.",150,plausible,,dative,chen2023/dopo_to/18/PO_plausible.supportive,The videostore rented the DVD to the customer.,none,,,,,Did the customer receive something/someone?,Yes,"{""context_type"": ""supportive"", ""group"": ""dopo"", ""linger_cond"": ""PO_plausible"", ""same_structure_plausible_uid"": ""chen2023/dopo_to/18/PO_plausible.supportive"", ""structure"": ""PO""}"
chen2023,dopo_to,18,PO_implausible.supportive,chen2023/dopo_to/18/PO_implausible.supportive,The videostore rented the customer to the DVD.,the videostore rented the customer to the dvd .,The videostore rented the customer to the DVD.,"The customer at the videostore was looking for a good DVD to watch. After looking for a few minutes, the customer found a DVD that he wanted to watch.",151,implausible,,dative,chen2023/dopo_to/18/DO_plausible.supportive,The videostore rented the customer the DVD.,del,del,to,,5,Did the customer receive something/someone?,No,"{""context_type"": ""supportive"", ""group"": ""dopo"", ""linger_cond"": ""PO_implausible"", ""same_structure_plausible_uid"": ""chen2023/dopo_to/18/PO_plausible.supportive"", ""structure"": ""PO""}"
chen2023,dopo_to,19,DO_plausible.supportive,chen2023/dopo_to/19/DO_plausible.supportive,The bartender handed the lady the drink.,the bartender handed the lady the drink .,The bartender handed the lady the drink.,The lady walked up to the bar and ordered a drink. The bartender mixed the drink for the lady.,152,plausible,,dative,chen2023/dopo_to/19/DO_plausible.supportive,The bartender handed the lady the drink.,none,,,,,Did the lady receive something/someone?,Yes,"{""context_type"": ""supportive"", ""group"": ""dopo"", ""linger_cond"": ""DO_plausible"", ""same_structure_plausible_uid"": ""chen2023/dopo_to/19/DO_plausible.supportive"", ""structure"": ""DO""}"
chen2023,dopo_to,19,DO_implausible.supportive,chen2023/dopo_to/19/DO_implausible.supportive,The bartender handed the drink the lady.,the bartender handed the drink the lady .,The bartender handed the drink the lady.,The lady walked up to the bar and ordered a drink. The bartender mixed the drink for the lady.,153,implausible,,dative,chen2023/dopo_to/19/PO_plausible.supportive,The bartender handed the drink to the lady.,ins,ins,,to,,Did the lady receive something/someone?,No,"{""context_type"": ""supportive"", ""group"": ""dopo"", ""linger_cond"": ""DO_implausible"", ""same_structure_plausible_uid"": ""chen2023/dopo_to/19/DO_plausible.supportive"", ""structure"": ""DO""}"
chen2023,dopo_to,19,PO_plausible.supportive,chen2023/dopo_to/19/PO_plausible.supportive,The bartender handed the drink to the lady.,the bartender handed the drink to the lady .,The bartender handed the drink to the lady.,The lady walked up to the bar and ordered a drink. The bartender mixed the drink for the lady.,154,plausible,,dative,chen2023/dopo_to/19/PO_plausible.supportive,The bartender handed the drink to the lady.,none,,,,,Did the lady receive something/someone?,Yes,"{""context_type"": ""supportive"", ""group"": ""dopo"", ""linger_cond"": ""PO_plausible"", ""same_structure_plausible_uid"": ""chen2023/dopo_to/19/PO_plausible.supportive"", ""structure"": ""PO""}"
chen2023,dopo_to,19,PO_implausible.supportive,chen2023/dopo_to/19/PO_implausible.supportive,The bartender handed the lady to the drink.,the bartender handed the lady to the drink .,The bartender handed the lady to the drink.,The lady walked up to the bar and ordered a drink. The bartender mixed the drink for the lady.,155,implausible,,dative,chen2023/dopo_to/19/DO_plausible.supportive,The bartender handed the lady the drink.,del,del,to,,5,Did the lady receive something/someone?,No,"{""context_type"": ""supportive"", ""group"": ""dopo"", ""linger_cond"": ""PO_implausible"", ""same_structure_plausible_uid"": ""chen2023/dopo_to/19/PO_plausible.supportive"", ""structure"": ""PO""}"
chen2023,dopo_to,20,DO_plausible.supportive,chen2023/dopo_to/20/DO_plausible.supportive,The magician threw the assistant the hat.,the magician threw the assistant the hat .,The magician threw the assistant the hat.,The assistant helped the magician empty his trunk of magic supplies. The magician pulled his hat out of the trunk.,156,plausible,,dative,chen2023/dopo_to/20/DO_plausible.supportive,The magician threw the assistant the hat.,none,,,,,Did the assistant receive something/someone?,Yes,"{""context_type"": ""supportive"", ""group"": ""dopo"", ""linger_cond"": ""DO_plausible"", ""same_structure_plausible_uid"": ""chen2023/dopo_to/20/DO_plausible.supportive"", ""structure"": ""DO""}"
chen2023,dopo_to,20,DO_implausible.supportive,chen2023/dopo_to/20/DO_implausible.supportive,The magician threw the hat the assistant.,the magician threw the hat the assistant .,The magician threw the hat the assistant.,The assistant helped the magician empty his trunk of magic supplies. The magician pulled his hat out of the trunk.,157,implausible,,dative,chen2023/dopo_to/20/PO_plausible.supportive,The magician threw the hat to the assistant.,ins,ins,,to,,Did the assistant receive something/someone?,No,"{""context_type"": ""supportive"", ""group"": ""dopo"", ""linger_cond"": ""DO_implausible"", ""same_structure_plausible_uid"": ""chen2023/dopo_to/20/DO_plausible.supportive"", ""structure"": ""DO""}"
chen2023,dopo_to,20,PO_plausible.supportive,chen2023/dopo_to/20/PO_plausible.supportive,The magician threw the hat to the assistant.,the magician threw the hat to the assistant .,The magician threw the hat to the assistant.,The assistant helped the magician empty his trunk of magic supplies. The magician pulled his hat out of the trunk.,158,plausible,,dative,chen2023/dopo_to/20/PO_plausible.supportive,The magician threw the hat to the assistant.,none,,,,,Did the assistant receive something/someone?,Yes,"{""context_type"": ""supportive"", ""group"": ""dopo"", ""linger_cond"": ""PO_plausible"", ""same_structure_plausible_uid"": ""chen2023/dopo_to/20/PO_plausible.supportive"", ""structure"": ""PO""}"
chen2023,dopo_to,20,PO_implausible.supportive,chen2023/dopo_to/20/PO_implausible.supportive,The magician threw the assistant to the hat.,the magician threw the assistant to the hat .,The magician threw the assistant to the hat.,The assistant helped the magician empty his trunk of magic supplies. The magician pulled his hat out of the trunk.,159,implausible,,dative,chen2023/dopo_to/20/DO_plausible.supportive,The magician threw the assistant the hat.,del,del,to,,5,Did the assistant receive something/someone?,No,"{""context_type"": ""supportive"", ""group"": ""dopo"", ""linger_cond"": ""PO_implausible"", ""same_structure_plausible_uid"": ""chen2023/dopo_to/20/PO_plausible.supportive"", ""structure"": ""PO""}"
chen2023,dopo_to,1,DO_plausible.non_supportive,chen2023/dopo_to/1/DO_plausible.non_supportive,The sister mailed the niece the letter.,the sister mailed the niece the letter .,The sister mailed the niece the letter.,The plumber needed a new car. The assistant helped the magician empty his trunk of magic supplies.,160,plausible,,dative,chen2023/dopo_to/1/DO_plausible.non_supportive,The sister mailed the niece the letter.,none,,,,,Did the niece receive something/someone?,Yes,"{""context_type"": ""non_supportive"", ""group"": ""dopo"", ""linger_cond"": ""DO_plausible"", ""same_structure_plausible_uid"": ""chen2023/dopo_to/1/DO_plausible.non_supportive"", ""structure"": ""DO""}"
chen2023,dopo_to,1,DO_implausible.non_supportive,chen2023/dopo_to/1/DO_implausible.non_supportive,The sister mailed the letter the niece.,the sister mailed the letter the niece .,The sister mailed the letter the niece.,The plumber needed a new car. The assistant helped the magician empty his trunk of magic supplies.,161,implausible,,dative,chen2023/dopo_to/1/PO_plausible.non_supportive,The sister mailed the letter to the niece.,ins,ins,,to,,Did the niece receive something/someone?,No,"{""context_type"": ""non_supportive"", ""group"": ""dopo"", ""linger_cond"": ""DO_implausible"", ""same_structure_plausible_uid"": ""chen2023/dopo_to/1/DO_plausible.non_supportive"", ""structure"": ""DO""}"
chen2023,dopo_to,1,PO_plausible.non_supportive,chen2023/dopo_to/1/PO_plausible.non_supportive,The sister mailed the letter to the niece.,the sister mailed the letter to the niece .,The sister mailed the letter to the niece.,The plumber needed a new car. The assistant helped the magician empty his trunk of magic supplies.,162,plausible,,dative,chen2023/dopo_to/1/PO_plausible.non_supportive,The sister mailed the letter to the niece.,none,,,,,Did the niece receive something/someone?,Yes,"{""context_type"": ""non_supportive"", ""group"": ""dopo"", ""linger_cond"": ""PO_plausible"", ""same_structure_plausible_uid"": ""chen2023/dopo_to/1/PO_plausible.non_supportive"", ""structure"": ""PO""}"
chen2023,dopo_to,1,PO_implausible.non_supportive,chen2023/dopo_to/1/PO_implausible.non_supportive,The sister mailed the niece to the letter.,the sister mailed the niece to the letter .,The sister mailed the niece to the letter.,The plumber needed a new car. The assistant helped the magician empty his trunk of magic supplies.,163,implausible,,dative,chen2023/dopo_to/1/DO_plausible.non_supportive,The sister mailed the niece the letter.,del,del,to,,5,Did the niece receive something/someone?,No,"{""context_type"": ""non_supportive"", ""group"": ""dopo"", ""linger_cond"": ""PO_implausible"", ""same_structure_plausible_uid"": ""chen2023/dopo_to/1/PO_plausible.non_supportive"", ""structure"": ""PO""}"
chen2023,dopo_to,2,DO_plausible.non_supportive,chen2023/dopo_to/2/DO_plausible.non_supportive,The mother gave the daughter the candle.,the mother gave the daughter the candle .,The mother gave the daughter the candle.,The niece missed the sister when she went to overnight camp. The father offered to buy the truck from the uncle.,164,plausible,,dative,chen2023/dopo_to/2/DO_plausible.non_supportive,The mother gave the daughter the candle.,none,,,,,Did the daughter receive something/someone?,Yes,"{""context_type"": ""non_supportive"", ""group"": ""dopo"", ""linger_cond"": ""DO_plausible"", ""same_structure_plausible_uid"": ""chen2023/dopo_to/2/DO_plausible.non_supportive"", ""structure"": ""DO""}"
chen2023,dopo_to,2,DO_implausible.non_supportive,chen2023/dopo_to/2/DO_implausible.non_supportive,The mother gave the candle the daughter.,the mother gave the candle the daughter .,The mother gave the candle the daughter.,The niece missed the sister when she went to overnight camp. The father offered to buy the truck from the uncle.,165,implausible,,dative,chen2023/dopo_to/2/PO_plausible.non_supportive,The mother gave the candle to the daughter.,ins,ins,,to,,Did the daughter receive something/someone?,No,"{""context_type"": ""non_supportive"", ""group"": ""dopo"", ""linger_cond"": ""DO_implausible"", ""same_structure_plausible_uid"": ""chen2023/dopo_to/2/DO_plausible.non_supportive"", ""structure"": ""DO""}"
chen2023,dopo_to,2,PO_plausible.non_supportive,chen2023/dopo_to/2/PO_plausible.non_supportive,The mother gave the candle to the daughter.,the mother gave the candle to the daughter .,The mother gave the candle to the daughter.,The niece missed the sister when she went to overnight camp. The father offered to buy the truck from the uncle.,166,plausible,,dative,chen2023/dopo_to/2/PO_plausible.non_supportive,The mother gave the candle to the daughter.,none,,,,,Did the daughter receive something/someone?,Yes,"{""context_type"": ""non_supportive"", ""group"": ""dopo"", ""linger_cond"": ""PO_plausible"", ""same_structure_plausible_uid"": ""chen2023/dopo_to/2/PO_plausible.non_supportive"", ""structure"": ""PO""}"
chen2023,dopo_to,2,PO_implausible.non_supportive,chen2023/dopo_to/2/PO_implausible.non_supportive,The mother gave the daughter to the candle.,the mother gave the daughter to the candle .,The mother gave the daughter to the candle.,Watching the Super Bowl is very exciting. Harold needed a new pair of pants.,167,implausible,,dative,chen2023/dopo_to/2/DO_plausible.non_supportive,The mother gave the daughter the candle.,del,del,to,,5,Did the daughter receive something/someone?,No,"{""context_type"": ""non_supportive"", ""group"": ""dopo"", ""linger_cond"": ""PO_implausible"", ""same_structure_plausible_uid"": ""chen2023/dopo_to/2/PO_plausible.non_supportive"", ""structure"": ""PO""}"
chen2023,dopo_to,3,DO_plausible.non_supportive,chen2023/dopo_to/3/DO_plausible.non_supportive,The uncle sold the father the truck.,the uncle sold the father the truck .,The uncle sold the father the truck.,"The contestant walked on stage. At the shop, the student found a bike he really liked.",168,plausible,,dative,chen2023/dopo_to/3/DO_plausible.non_supportive,The uncle sold the father the truck.,none,,,,,Did the father receive something/someone?,Yes,"{""context_type"": ""non_supportive"", ""group"": ""dopo"", ""linger_cond"": ""DO_plausible"", ""same_structure_plausible_uid"": ""chen2023/dopo_to/3/DO_plausible.non_supportive"", ""structure"": ""DO""}"
chen2023,dopo_to,3,DO_implausible.non_supportive,chen2023/dopo_to/3/DO_implausible.non_supportive,The uncle sold the truck the father.,the uncle sold the truck the father .,The uncle sold the truck the father.,"The contestant walked on stage. At the shop, the student found a bike he really liked.",169,implausible,,dative,chen2023/dopo_to/3/PO_plausible.non_supportive,The uncle sold the truck to the father.,ins,ins,,to,,Did the father receive something/someone?,No,"{""context_type"": ""non_supportive"", ""group"": ""dopo"", ""linger_cond"": ""DO_implausible"", ""same_structure_plausible_uid"": ""chen2023/dopo_to/3/DO_plausible.non_supportive"", ""structure"": ""DO""}"
chen2023,dopo_to,3,PO_plausible.non_supportive,chen2023/dopo_to/3/PO_plausible.non_supportive,The uncle sold the truck to the father.,the uncle sold the truck to the father .,The uncle sold the truck to the father.,"The contestant walked on stage. At the shop, the student found a bike he really liked.",170,plausible,,dative,chen2023/dopo_to/3/PO_plausible.non_supportive,The uncle sold the truck to the father.,none,,,,,Did the father receive something/someone?,Yes,"{""context_type"": ""non_supportive"", ""group"": ""dopo"", ""linger_cond"": ""PO_plausible"", ""same_structure_plausible_uid"": ""chen2023/dopo_to/3/PO_plausible.non_supportive"", ""structure"": ""PO""}"
chen2023,dopo_to,3,PO_implausible.non_supportive,chen2023/dopo_to/3/PO_implausible.non_supportive,The uncle sold the father to the truck.,the uncle sold the father to the truck .,The uncle sold the father to the truck.,"The contestant walked on stage. At the shop, the student found a bike he really liked.",171,implausible,,dative,chen2023/dopo_to/3/DO_plausible.non_supportive,The uncle sold the father the truck.,del,del,to,,5,Did the father receive something/someone?,No,"{""context_type"": ""non_supportive"", ""group"": ""dopo"", ""linger_cond"": ""PO_implausible"", ""same_structure_plausible_uid"": ""chen2023/dopo_to/3/PO_plausible.non_supportive"", ""structure"": ""PO""}"
chen2023,dopo_to,4,DO_plausible.non_supportive,chen2023/dopo_to/4/DO_plausible.non_supportive,The contractor lent the homeowner the saw.,the contractor lent the homeowner the saw .,The contractor lent the homeowner the saw.,The car dealer showed the plumber the SUV. The bartender mixed the drink for the lady.,172,plausible,,dative,chen2023/dopo_to/4/DO_plausible.non_supportive,The contractor lent the homeowner the saw.,none,,,,,Did the homeowner receive something/someone?,Yes,"{""context_type"": ""non_supportive"", ""group"": ""dopo"", ""linger_cond"": ""DO_plausible"", ""same_structure_plausible_uid"": ""chen2023/dopo_to/4/DO_plausible.non_supportive"", ""structure"": ""DO""}"
chen2023,dopo_to,4,DO_implausible.non_supportive,chen2023/dopo_to/4/DO_implausible.non_supportive,The contractor lent the saw the homeowner.,the contractor lent the saw the homeowner .,The contractor lent the saw the homeowner.,The car dealer showed the plumber the SUV. The bartender mixed the drink for the lady.,173,implausible,,dative,chen2023/dopo_to/4/PO_plausible.non_supportive,The contractor lent the saw to the homeowner.,ins,ins,,to,,Did the homeowner receive something/someone?,No,"{""context_type"": ""non_supportive"", ""group"": ""dopo"", ""linger_cond"": ""DO_implausible"", ""same_structure_plausible_uid"": ""chen2023/dopo_to/4/DO_plausible.non_supportive"", ""structure"": ""DO""}"
chen2023,dopo_to,4,PO_plausible.non_supportive,chen2023/dopo_to/4/PO_plausible.non_supportive,The contractor lent the saw to the homeowner.,the contractor lent the saw to the homeowner .,The contractor lent the saw to the homeowner.,The car dealer showed the plumber the SUV. The bartender mixed the drink for the lady.,174,plausible,,dative,chen2023/dopo_to/4/PO_plausible.non_supportive,The contractor lent the saw to the homeowner.,none,,,,,Did the homeowner receive something/someone?,Yes,"{""context_type"": ""non_supportive"", ""group"": ""dopo"", ""linger_cond"": ""PO_plausible"", ""same_structure_plausible_uid"": ""chen2023/dopo_to/4/PO_plausible.non_supportive"", ""structure"": ""PO""}"
chen2023,dopo_to,4,PO_implausible.non_supportive,chen2023/dopo_to/4/PO_implausible.non_supportive,The contractor lent the homeowner to the saw.,the contractor lent the homeowner to the saw .,The contractor lent the homeowner to the saw.,The car dealer showed the plumber the SUV. The bartender mixed the drink for the lady.,175,implausible,,dative,chen2023/dopo_to/4/DO_plausible.non_supportive,The contractor lent the homeowner the saw.,del,del,to,,5,Did the homeowner receive something/someone?,No,"{""context_type"": ""non_supportive"", ""group"": ""dopo"", ""linger_cond"": ""PO_implausible"", ""same_structure_plausible_uid"": ""chen2023/dopo_to/4/PO_plausible.non_supportive"", ""structure"": ""PO""}"
chen2023,dopo_to,5,DO_plausible.non_supportive,chen2023/dopo_to/5/DO_plausible.non_supportive,The sailing club leased the man the boat.,the sailing club leased the man the boat .,The sailing club leased the man the boat.,"After looking for a few minutes, the customer found a DVD that he wanted to watch. The lady walked up to the bar and ordered a drink.",176,plausible,,dative,chen2023/dopo_to/5/DO_plausible.non_supportive,The sailing club leased the man the boat.,none,,,,,Did the man receive something/someone?,Yes,"{""context_type"": ""non_supportive"", ""group"": ""dopo"", ""linger_cond"": ""DO_plausible"", ""same_structure_plausible_uid"": ""chen2023/dopo_to/5/DO_plausible.non_supportive"", ""structure"": ""DO""}"
chen2023,dopo_to,5,DO_implausible.non_supportive,chen2023/dopo_to/5/DO_implausible.non_supportive,The sailing club leased the boat the man.,the sailing club leased the boat the man .,The sailing club leased the boat the man.,"After looking for a few minutes, the customer found a DVD that he wanted to watch. The lady walked up to the bar and ordered a drink.",177,implausible,,dative,chen2023/dopo_to/5/PO_plausible.non_supportive,The sailing club leased the boat to the man.,ins,ins,,to,,Did the man receive something/someone?,No,"{""context_type"": ""non_supportive"", ""group"": ""dopo"", ""linger_cond"": ""DO_implausible"", ""same_structure_plausible_uid"": ""chen2023/dopo_to/5/DO_plausible.non_supportive"", ""structure"": ""DO""}"
chen2023,dopo_to,5,PO_plausible.non_supportive,chen2023/dopo_to/5/PO_plausible.non_supportive,The sailing club leased the boat to the man.,the sailing club leased the boat to the man .,The sailing club leased the boat to the man.,"After looking for a few minutes, the customer found a DVD that he wanted to watch. The lady walked up to the bar and ordered a drink.",178,plausible,,dative,chen2023/dopo_to/5/PO_plausible.non_supportive,The sailing club leased the boat to the man.,none,,,,,Did the man receive something/someone?,Yes,"{""context_type"": ""non_supportive"", ""group"": ""dopo"", ""linger_cond"": ""PO_plausible"", ""same_structure_plausible_uid"": ""chen2023/dopo_to/5/PO_plausible.non_supportive"", ""structure"": ""PO""}"
chen2023,dopo_to,5,PO_implausible.non_supportive,chen2023/dopo_to/5/PO_implausible.non_supportive,The sailing club leased the man to the boat.,the sailing club leased the man to the boat .,The sailing club leased the man to the boat.,"After looking for a few minutes, the customer found a DVD that he wanted to watch. The lady walked up to the bar and ordered a drink.",179,implausible,,dative,chen2023/dopo_to/5/DO_plausible.non_supportive,The sailing club leased the man the boat.,del,del,to,,6,Did the man receive something/someone?,No,"{""context_type"": ""non_supportive"", ""group"": ""dopo"", ""linger_cond"": ""PO_implausible"", ""same_structure_plausible_uid"": ""chen2023/dopo_to/5/PO_plausible.non_supportive"", ""structure"": ""PO""}"
chen2023,dopo_to,6,DO_plausible.non_supportive,chen2023/dopo_to/6/DO_plausible.non_supportive,The girl tossed the boy the apple.,the girl tossed the boy the apple .,The girl tossed the boy the apple.,The aunt told the nephew she would miss him while he was on vacation. The magician pulled his hat out of the trunk.,180,plausible,,dative,chen2023/dopo_to/6/DO_plausible.non_supportive,The girl tossed the boy the apple.,none,,,,,Did the apple receive something/someone?,No,"{""context_type"": ""non_supportive"", ""group"": ""dopo"", ""linger_cond"": ""DO_plausible"", ""same_structure_plausible_uid"": ""chen2023/dopo_to/6/DO_plausible.non_supportive"", ""structure"": ""DO""}"
chen2023,dopo_to,6,DO_implausible.non_supportive,chen2023/dopo_to/6/DO_implausible.non_supportive,The girl tossed the apple the boy.,the girl tossed the apple the boy .,The girl tossed the apple the boy.,The aunt told the nephew she would miss him while he was on vacation. The magician pulled his hat out of the trunk.,181,implausible,,dative,chen2023/dopo_to/6/PO_plausible.non_supportive,The girl tossed the apple to the boy.,ins,ins,,to,,Did the apple receive something/someone?,Yes,"{""context_type"": ""non_supportive"", ""group"": ""dopo"", ""linger_cond"": ""DO_implausible"", ""same_structure_plausible_uid"": ""chen2023/dopo_to/6/DO_plausible.non_supportive"", ""structure"": ""DO""}"
chen2023,dopo_to,6,PO_plausible.non_supportive,chen2023/dopo_to/6/PO_plausible.non_supportive,The girl tossed the apple to the boy.,the girl tossed the apple to the boy .,The girl tossed the apple to the boy.,The aunt told the nephew she would miss him while he was on vacation. The magician pulled his hat out of the trunk.,182,plausible,,dative,chen2023/dopo_to/6/PO_plausible.non_supportive,The girl tossed the apple to the boy.,none,,,,,Did the apple receive something/someone?,No,"{""context_type"": ""non_supportive"", ""group"": ""dopo"", ""linger_cond"": ""PO_plausible"", ""same_structure_plausible_uid"": ""chen2023/dopo_to/6/PO_plausible.non_supportive"", ""structure"": ""PO""}"
chen2023,dopo_to,6,PO_implausible.non_supportive,chen2023/dopo_to/6/PO_implausible.non_supportive,The girl tossed the boy to the apple.,the girl tossed the boy to the apple .,The girl tossed the boy to the apple.,The aunt told the nephew she would miss him while he was on vacation. The magician pulled his hat out of the trunk.,183,implausible,,dative,chen2023/dopo_to/6/DO_plausible.non_supportive,The girl tossed the boy the apple.,del,del,to,,5,Did the apple receive something/someone?,Yes,"{""context_type"": ""non_supportive"", ""group"": ""dopo"", ""linger_cond"": ""PO_implausible"", ""same_structure_plausible_uid"": ""chen2023/dopo_to/6/PO_plausible.non_supportive"", ""structure"": ""PO""}"
chen2023,dopo_to,7,DO_plausible.non_supportive,chen2023/dopo_to/7/DO_plausible.non_supportive,The daughter passed the mother the bowl.,the daughter passed the mother the bowl .,The daughter passed the mother the bowl.,The quarterback scanned the field and saw that the receiver was open. The customer at the videostore was looking for a good DVD to watch.,184,plausible,,dative,chen2023/dopo_to/7/DO_plausible.non_supportive,The daughter passed the mother the bowl.,none,,,,,Did the bowl receive something/someone?,No,"{""context_type"": ""non_supportive"", ""group"": ""dopo"", ""linger_cond"": ""DO_plausible"", ""same_structure_plausible_uid"": ""chen2023/dopo_to/7/DO_plausible.non_supportive"", ""structure"": ""DO""}"
chen2023,dopo_to,7,DO_implausible.non_supportive,chen2023/dopo_to/7/DO_implausible.non_supportive,The daughter passed the bowl the mother.,the daughter passed the bowl the mother .,The daughter passed the bowl the mother.,The quarterback scanned the field and saw that the receiver was open. The customer at the videostore was looking for a good DVD to watch.,185,implausible,,dative,chen2023/dopo_to/7/PO_plausible.non_supportive,The daughter passed the bowl to the mother.,ins,ins,,to,,Did the bowl receive something/someone?,Yes,"{""context_type"": ""non_supportive"", ""group"": ""dopo"", ""linger_cond"": ""DO_implausible"", ""same_structure_plausible_uid"": ""chen2023/dopo_to/7/DO_plausible.non_supportive"", ""structure"": ""DO""}"
chen2023,dopo_to,7,PO_plausible.non_supportive,chen2023/dopo_to/7/PO_plausible.non_supportive,The daughter passed the bowl to the mother.,the daughter passed the bowl to the mother .,The daughter passed the bowl to the mother.,The quarterback scanned the field and saw that the receiver was open. The customer at the videostore was looking for a good DVD to watch.,186,plausible,,dative,chen2023/dopo_to/7/PO_plausible.non_supportive,The daughter passed the bowl to the mother.,none,,,,,Did the bowl receive something/someone?,No,"{""context_type"": ""non_supportive"", ""group"": ""dopo"", ""linger_cond"": ""PO_plausible"", ""same_structure_plausible_uid"": ""chen2023/dopo_to/7/PO_plausible.non_supportive"", ""structure"": ""PO""}"
chen2023,dopo_to,7,PO_implausible.non_supportive,chen2023/dopo_to/7/PO_implausible.non_supportive,The daughter passed the mother to the bowl.,the daughter passed the mother to the bowl .,The daughter passed the mother to the bowl.,The quarterback scanned the field and saw that the receiver was open. The customer at the videostore was looking for a good DVD to watch.,187,implausible,,dative,chen2023/dopo_to/7/DO_plausible.non_supportive,The daughter passed the mother the bowl.,del,del,to,,5,Did the bowl receive something/someone?,Yes,"{""context_type"": ""non_supportive"", ""group"": ""dopo"", ""linger_cond"": ""PO_implausible"", ""same_structure_plausible_uid"": ""chen2023/dopo_to/7/PO_plausible.non_supportive"", ""structure"": ""PO""}"
chen2023,dopo_to,8,DO_plausible.non_supportive,chen2023/dopo_to/8/DO_plausible.non_supportive,The scuba instructor rented the tourist the equipment.,the scuba instructor rented the tourist the equipment .,The scuba instructor rented the tourist the equipment.,The child wanted to play catch with the toy. The janitor saw that the teacher needed the mop to clean the classroom floor.,188,plausible,,dative,chen2023/dopo_to/8/DO_plausible.non_supportive,The scuba instructor rented the tourist the equipment.,none,,,,,Did the equipment receive something/someone?,No,"{""context_type"": ""non_supportive"", ""group"": ""dopo"", ""linger_cond"": ""DO_plausible"", ""same_structure_plausible_uid"": ""chen2023/dopo_to/8/DO_plausible.non_supportive"", ""structure"": ""DO""}"
chen2023,dopo_to,8,DO_implausible.non_supportive,chen2023/dopo_to/8/DO_implausible.non_supportive,The scuba instructor rented the equipment the tourist.,the scuba instructor rented the equipment the tourist .,The scuba instructor rented the equipment the tourist.,The child wanted to play catch with the toy. The janitor saw that the teacher needed the mop to clean the classroom floor.,189,implausible,,dative,chen2023/dopo_to/8/PO_plausible.non_supportive,The scuba instructor rented the equipment to the tourist.,ins,ins,,to,,Did the equipment receive something/someone?,Yes,"{""context_type"": ""non_supportive"", ""group"": ""dopo"", ""linger_cond"": ""DO_implausible"", ""same_structure_plausible_uid"": ""chen2023/dopo_to/8/DO_plausible.non_supportive"", ""structure"": ""DO""}"
chen2023,dopo_to,8,PO_plausible.non_supportive,chen2023/dopo_to/8/PO_plausible.non_supportive,The scuba instructor rented the equipment to the tourist.,the scuba instructor rented the equipment to the tourist .,The scuba instructor rented the equipment to the tourist.,The child wanted to play catch with the toy. The janitor saw that the teacher needed the mop to clean the classroom floor.,190,plausible,,dative,chen2023/dopo_to/8/PO_plausible.non_supportive,The scuba instructor rented the equipment to the tourist.,none,,,,,Did the equipment receive something/someone?,No,"{""context_type"": ""non_supportive"", ""group"": ""dopo"", ""linger_cond"": ""PO_plausible"", ""same_structure_plausible_uid"": ""chen2023/dopo_to/8/PO_plausible.non_supportive"", ""structure"": ""PO""}"
chen2023,dopo_to,8,PO_implausible.non_supportive,chen2023/dopo_to/8/PO_implausible.non_supportive,The scuba instructor rented the tourist to the equipment.,the scuba instructor rented the tourist to the equipment .,The scuba instructor rented the tourist to the equipment.,The child wanted to play catch with the toy. The janitor saw that the teacher needed the mop to clean the classroom floor.,191,implausible,,dative,chen2023/dopo_to/8/DO_plausible.non_supportive,The scuba instructor rented the tourist the equipment.,del,del,to,,6,Did the equipment receive something/someone?,Yes,"{""context_type"": ""non_supportive"", ""group"": ""dopo"", ""linger_cond"": ""PO_implausible"", ""same_structure_plausible_uid"": ""chen2023/dopo_to/8/PO_plausible.non_supportive"", ""structure"": ""PO""}"
chen2023,dopo_to,9,DO_plausible.non_supportive,chen2023/dopo_to/9/DO_plausible.non_supportive,The boy handed the girl the pencil.,the boy handed the girl the pencil .,The boy handed the girl the pencil.,The child tossed the toy to the nanny. The homeowner was looking for a saw so he could build a shed.,192,plausible,,dative,chen2023/dopo_to/9/DO_plausible.non_supportive,The boy handed the girl the pencil.,none,,,,,Did the pencil receive something/someone?,No,"{""context_type"": ""non_supportive"", ""group"": ""dopo"", ""linger_cond"": ""DO_plausible"", ""same_structure_plausible_uid"": ""chen2023/dopo_to/9/DO_plausible.non_supportive"", ""structure"": ""DO""}"
chen2023,dopo_to,9,DO_implausible.non_supportive,chen2023/dopo_to/9/DO_implausible.non_supportive,The boy handed the pencil the girl.,the boy handed the pencil the girl .,The boy handed the pencil the girl.,The child tossed the toy to the nanny. The homeowner was looking for a saw so he could build a shed.,193,implausible,,dative,chen2023/dopo_to/9/PO_plausible.non_supportive,The boy handed the pencil to the girl.,ins,ins,,to,,Did the pencil receive something/someone?,Yes,"{""context_type"": ""non_supportive"", ""group"": ""dopo"", ""linger_cond"": ""DO_implausible"", ""same_structure_plausible_uid"": ""chen2023/dopo_to/9/DO_plausible.non_supportive"", ""structure"": ""DO""}"
chen2023,dopo_to,9,PO_plausible.non_supportive,chen2023/dopo_to/9/PO_plausible.non_supportive,The boy handed the pencil to the girl.,the boy handed the pencil to the girl .,The boy handed the pencil to the girl.,The child tossed the toy to the nanny. The homeowner was looking for a saw so he could build a shed.,194,plausible,,dative,chen2023/dopo_to/9/PO_plausible.non_supportive,The boy handed the pencil to the girl.,none,,,,,Did the pencil receive something/someone?,No,"{""context_type"": ""non_supportive"", ""group"": ""dopo"", ""linger_cond"": ""PO_plausible"", ""same_structure_plausible_uid"": ""chen2023/dopo_to/9/PO_plausible.non_supportive"", ""structure"": ""PO""}"
chen2023,dopo_to,9,PO_implausible.non_supportive,chen2023/dopo_to/9/PO_implausible.non_supportive,The boy handed the girl to the pencil.,the boy handed the girl to the pencil .,The boy handed the girl to the pencil.,The child tossed the toy to the nanny. The homeowner was looking for a saw so he could build a shed.,195,implausible,,dative,chen2023/dopo_to/9/DO_plausible.non_supportive,The boy handed the girl the pencil.,del,del,to,,5,Did the pencil receive something/someone?,Yes,"{""context_type"": ""non_supportive"", ""group"": ""dopo"", ""linger_cond"": ""PO_implausible"", ""same_structure_plausible_uid"": ""chen2023/dopo_to/9/PO_plausible.non_supportive"", ""structure"": ""PO""}"
chen2023,dopo_to,10,DO_plausible.non_supportive,chen2023/dopo_to/10/DO_plausible.non_supportive,The nanny threw the child the toy.,the nanny threw the child the toy .,The nanny threw the child the toy.,The janitor found the mop in the closet. The girl asked if she could borrow the pencil from the boy.,196,plausible,,dative,chen2023/dopo_to/10/DO_plausible.non_supportive,The nanny threw the child the toy.,none,,,,,Did the toy receive something/someone?,No,"{""context_type"": ""non_supportive"", ""group"": ""dopo"", ""linger_cond"": ""DO_plausible"", ""same_structure_plausible_uid"": ""chen2023/dopo_to/10/DO_plausible.non_supportive"", ""structure"": ""DO""}"
chen2023,dopo_to,10,DO_implausible.non_supportive,chen2023/dopo_to/10/DO_implausible.non_supportive,The nanny threw the toy the child.,the nanny threw the toy the child .,The nanny threw the toy the child.,The janitor found the mop in the closet. The girl asked if she could borrow the pencil from the boy.,197,implausible,,dative,chen2023/dopo_to/10/PO_plausible.non_supportive,The nanny threw the toy to the child.,ins,ins,,to,,Did the toy receive something/someone?,Yes,"{""context_type"": ""non_supportive"", ""group"": ""dopo"", ""linger_cond"": ""DO_implausible"", ""same_structure_plausible_uid"": ""chen2023/dopo_to/10/DO_plausible.non_supportive"", ""structure"": ""DO""}"
chen2023,dopo_to,10,PO_plausible.non_supportive,chen2023/dopo_to/10/PO_plausible.non_supportive,The nanny threw the toy to the child.,the nanny threw the toy to the child .,The nanny threw the toy to the child.,The janitor found the mop in the closet. The girl asked if she could borrow the pencil from the boy.,198,plausible,,dative,chen2023/dopo_to/10/PO_plausible.non_supportive,The nanny threw the toy to the child.,none,,,,,Did the toy receive something/someone?,No,"{""context_type"": ""non_supportive"", ""group"": ""dopo"", ""linger_cond"": ""PO_plausible"", ""same_structure_plausible_uid"": ""chen2023/dopo_to/10/PO_plausible.non_supportive"", ""structure"": ""PO""}"
chen2023,dopo_to,10,PO_implausible.non_supportive,chen2023/dopo_to/10/PO_implausible.non_supportive,The nanny threw the child to the toy.,the nanny threw the child to the toy .,The nanny threw the child to the toy.,The janitor found the mop in the closet. The girl asked if she could borrow the pencil from the boy.,199,implausible,,dative,chen2023/dopo_to/10/DO_plausible.non_supportive,The nanny threw the child the toy.,del,del,to,,5,Did the toy receive something/someone?,Yes,"{""context_type"": ""non_supportive"", ""group"": ""dopo"", ""linger_cond"": ""PO_implausible"", ""same_structure_plausible_uid"": ""chen2023/dopo_to/10/PO_plausible.non_supportive"", ""structure"": ""PO""}"
chen2023,dopo_to,11,DO_plausible.non_supportive,chen2023/dopo_to/11/DO_plausible.non_supportive,The nephew mailed the aunt the postcard.,the nephew mailed the aunt the postcard .,The nephew mailed the aunt the postcard.,The boy and the girl went apple picking together. The tourist tried on equipment and found some that fit.,200,plausible,,dative,chen2023/dopo_to/11/DO_plausible.non_supportive,The nephew mailed the aunt the postcard.,none,,,,,Did the postcard receive something/someone?,No,"{""context_type"": ""non_supportive"", ""group"": ""dopo"", ""linger_cond"": ""DO_plausible"", ""same_structure_plausible_uid"": ""chen2023/dopo_to/11/DO_plausible.non_supportive"", ""structure"": ""DO""}"
chen2023,dopo_to,11,DO_implausible.non_supportive,chen2023/dopo_to/11/DO_implausible.non_supportive,The nephew mailed the postcard the aunt.,the nephew mailed the postcard the aunt .,The nephew mailed the postcard the aunt.,The boy and the girl went apple picking together. The tourist tried on equipment and found some that fit.,201,implausible,,dative,chen2023/dopo_to/11/PO_plausible.non_supportive,The nephew mailed the postcard to the aunt.,ins,ins,,to,,Did the postcard receive something/someone?,Yes,"{""context_type"": ""non_supportive"", ""group"": ""dopo"", ""linger_cond"": ""DO_implausible"", ""same_structure_plausible_uid"": ""chen2023/dopo_to/11/DO_plausible.non_supportive"", ""structure"": ""DO""}"
chen2023,dopo_to,11,PO_plausible.non_supportive,chen2023/dopo_to/11/PO_plausible.non_supportive,The nephew mailed the postcard to the aunt.,the nephew mailed the postcard to the aunt .,The nephew mailed the postcard to the aunt.,The boy and the girl went apple picking together. The tourist tried on equipment and found some that fit.,202,plausible,,dative,chen2023/dopo_to/11/PO_plausible.non_supportive,The nephew mailed the postcard to the aunt.,none,,,,,Did the postcard receive something/someone?,No,"{""context_type"": ""non_supportive"", ""group"": ""dopo"", ""linger_cond"": ""PO_plausible"", ""same_structure_plausible_uid"": ""chen2023/dopo_to/11/PO_plausible.non_supportive"", ""structure"": ""PO""}"
chen2023,dopo_to,11,PO_implausible.non_supportive,chen2023/dopo_to/11/PO_implausible.non_supportive,The nephew mailed the aunt to the postcard.,the nephew mailed the aunt to the postcard .,The nephew mailed the aunt to the postcard.,The boy and the girl went apple picking together. The tourist tried on equipment and found some that fit.,203,implausible,,dative,chen2023/dopo_to/11/DO_plausible.non_supportive,The nephew mailed the aunt the postcard.,del,del,to,,5,Did the postcard receive something/someone?,Yes,"{""context_type"": ""non_supportive"", ""group"": ""dopo"", ""linger_cond"": ""PO_implausible"", ""same_structure_plausible_uid"": ""chen2023/dopo_to/11/PO_plausible.non_supportive"", ""structure"": ""PO""}"
chen2023,dopo_to,12,DO_plausible.non_supportive,chen2023/dopo_to/12/DO_plausible.non_supportive,The father gave the son the car.,the father gave the son the car .,The father gave the son the car.,The girl picked an apple that the boy wanted. The daughter wanted to help the mother prepare dinner.,204,plausible,,dative,chen2023/dopo_to/12/DO_plausible.non_supportive,The father gave the son the car.,none,,,,,Did the car receive something/someone?,No,"{""context_type"": ""non_supportive"", ""group"": ""dopo"", ""linger_cond"": ""DO_plausible"", ""same_structure_plausible_uid"": ""chen2023/dopo_to/12/DO_plausible.non_supportive"", ""structure"": ""DO""}"
chen2023,dopo_to,12,DO_implausible.non_supportive,chen2023/dopo_to/12/DO_implausible.non_supportive,The father gave the car the son.,the father gave the car the son .,The father gave the car the son.,The girl picked an apple that the boy wanted. The daughter wanted to help the mother prepare dinner.,205,implausible,,dative,chen2023/dopo_to/12/PO_plausible.non_supportive,The father gave the car to the son.,ins,ins,,to,,Did the car receive something/someone?,Yes,"{""context_type"": ""non_supportive"", ""group"": ""dopo"", ""linger_cond"": ""DO_implausible"", ""same_structure_plausible_uid"": ""chen2023/dopo_to/12/DO_plausible.non_supportive"", ""structure"": ""DO""}"
chen2023,dopo_to,12,PO_plausible.non_supportive,chen2023/dopo_to/12/PO_plausible.non_supportive,The father gave the car to the son.,the father gave the car to the son .,The father gave the car to the son.,The girl picked an apple that the boy wanted. The daughter wanted to help the mother prepare dinner.,206,plausible,,dative,chen2023/dopo_to/12/PO_plausible.non_supportive,The father gave the car to the son.,none,,,,,Did the car receive something/someone?,No,"{""context_type"": ""non_supportive"", ""group"": ""dopo"", ""linger_cond"": ""PO_plausible"", ""same_structure_plausible_uid"": ""chen2023/dopo_to/12/PO_plausible.non_supportive"", ""structure"": ""PO""}"
chen2023,dopo_to,12,PO_implausible.non_supportive,chen2023/dopo_to/12/PO_implausible.non_supportive,The father gave the son to the car.,the father gave the son to the car .,The father gave the son to the car.,The girl picked an apple that the boy wanted. The daughter wanted to help the mother prepare dinner.,207,implausible,,dative,chen2023/dopo_to/12/DO_plausible.non_supportive,The father gave the son the car.,del,del,to,,5,Did the car receive something/someone?,Yes,"{""context_type"": ""non_supportive"", ""group"": ""dopo"", ""linger_cond"": ""PO_implausible"", ""same_structure_plausible_uid"": ""chen2023/dopo_to/12/PO_plausible.non_supportive"", ""structure"": ""PO""}"
chen2023,dopo_to,13,DO_plausible.non_supportive,chen2023/dopo_to/13/DO_plausible.non_supportive,The shop sold the student the bike.,the shop sold the student the bike .,The shop sold the student the bike.,The daughter found the mother's favorite salad bowl. The tourist asked the scuba instructor to help him find equipment.,208,plausible,,dative,chen2023/dopo_to/13/DO_plausible.non_supportive,The shop sold the student the bike.,none,,,,,Did the bike receive something/someone?,No,"{""context_type"": ""non_supportive"", ""group"": ""dopo"", ""linger_cond"": ""DO_plausible"", ""same_structure_plausible_uid"": ""chen2023/dopo_to/13/DO_plausible.non_supportive"", ""structure"": ""DO""}"
chen2023,dopo_to,13,DO_implausible.non_supportive,chen2023/dopo_to/13/DO_implausible.non_supportive,The shop sold the bike the student.,the shop sold the bike the student .,The shop sold the bike the student.,The daughter found the mother's favorite salad bowl. The tourist asked the scuba instructor to help him find equipment.,209,implausible,,dative,chen2023/dopo_to/13/PO_plausible.non_supportive,The shop sold the bike to the student.,ins,ins,,to,,Did the bike receive something/someone?,Yes,"{""context_type"": ""non_supportive"", ""group"": ""dopo"", ""linger_cond"": ""DO_implausible"", ""same_structure_plausible_uid"": ""chen2023/dopo_to/13/DO_plausible.non_supportive"", ""structure"": ""DO""}"
chen2023,dopo_to,13,PO_plausible.non_supportive,chen2023/dopo_to/13/PO_plausible.non_supportive,The shop sold the bike to the student.,the shop sold the bike to the student .,The shop sold the bike to the student.,The daughter found the mother's favorite salad bowl. The tourist asked the scuba instructor to help him find equipment.,210,plausible,,dative,chen2023/dopo_to/13/PO_plausible.non_supportive,The shop sold the bike to the student.,none,,,,,Did the bike receive something/someone?,No,"{""context_type"": ""non_supportive"", ""group"": ""dopo"", ""linger_cond"": ""PO_plausible"", ""same_structure_plausible_uid"": ""chen2023/dopo_to/13/PO_plausible.non_supportive"", ""structure"": ""PO""}"
chen2023,dopo_to,13,PO_implausible.non_supportive,chen2023/dopo_to/13/PO_implausible.non_supportive,The shop sold the student to the bike.,the shop sold the student to the bike .,The shop sold the student to the bike.,The daughter found the mother's favorite salad bowl. The tourist asked the scuba instructor to help him find equipment.,211,implausible,,dative,chen2023/dopo_to/13/DO_plausible.non_supportive,The shop sold the student the bike.,del,del,to,,5,Did the bike receive something/someone?,Yes,"{""context_type"": ""non_supportive"", ""group"": ""dopo"", ""linger_cond"": ""PO_implausible"", ""same_structure_plausible_uid"": ""chen2023/dopo_to/13/PO_plausible.non_supportive"", ""structure"": ""PO""}"
chen2023,dopo_to,14,DO_plausible.non_supportive,chen2023/dopo_to/14/DO_plausible.non_supportive,The janitor lent the teacher the mop.,the janitor lent the teacher the mop .,The janitor lent the teacher the mop.,The man found a boat that he really liked. The boy played with the pencil on the desk.,212,plausible,,dative,chen2023/dopo_to/14/DO_plausible.non_supportive,The janitor lent the teacher the mop.,none,,,,,Did the mop receive something/someone?,No,"{""context_type"": ""non_supportive"", ""group"": ""dopo"", ""linger_cond"": ""DO_plausible"", ""same_structure_plausible_uid"": ""chen2023/dopo_to/14/DO_plausible.non_supportive"", ""structure"": ""DO""}"
chen2023,dopo_to,14,DO_implausible.non_supportive,chen2023/dopo_to/14/DO_implausible.non_supportive,The janitor lent the mop the teacher.,the janitor lent the mop the teacher .,The janitor lent the mop the teacher.,The man found a boat that he really liked. The boy played with the pencil on the desk.,213,implausible,,dative,chen2023/dopo_to/14/PO_plausible.non_supportive,The janitor lent the mop to the teacher.,ins,ins,,to,,Did the mop receive something/someone?,Yes,"{""context_type"": ""non_supportive"", ""group"": ""dopo"", ""linger_cond"": ""DO_implausible"", ""same_structure_plausible_uid"": ""chen2023/dopo_to/14/DO_plausible.non_supportive"", ""structure"": ""DO""}"
chen2023,dopo_to,14,PO_plausible.non_supportive,chen2023/dopo_to/14/PO_plausible.non_supportive,The janitor lent the mop to the teacher.,the janitor lent the mop to the teacher .,The janitor lent the mop to the teacher.,The man found a boat that he really liked. The boy played with the pencil on the desk.,214,plausible,,dative,chen2023/dopo_to/14/PO_plausible.non_supportive,The janitor lent the mop to the teacher.,none,,,,,Did the mop receive something/someone?,No,"{""context_type"": ""non_supportive"", ""group"": ""dopo"", ""linger_cond"": ""PO_plausible"", ""same_structure_plausible_uid"": ""chen2023/dopo_to/14/PO_plausible.non_supportive"", ""structure"": ""PO""}"
chen2023,dopo_to,14,PO_implausible.non_supportive,chen2023/dopo_to/14/PO_implausible.non_supportive,The janitor lent the teacher to the mop.,the janitor lent the teacher to the mop .,The janitor lent the teacher to the mop.,The man found a boat that he really liked. The boy played with the pencil on the desk.,215,implausible,,dative,chen2023/dopo_to/14/DO_plausible.non_supportive,The janitor lent the teacher the mop.,del,del,to,,5,Did the mop receive something/someone?,Yes,"{""context_type"": ""non_supportive"", ""group"": ""dopo"", ""linger_cond"": ""PO_implausible"", ""same_structure_plausible_uid"": ""chen2023/dopo_to/14/PO_plausible.non_supportive"", ""structure"": ""PO""}"
chen2023,dopo_to,15,DO_plausible.non_supportive,chen2023/dopo_to/15/DO_plausible.non_supportive,The car dealer leased the plumber the SUV.,the car dealer leased the plumber the suv .,The car dealer leased the plumber the SUV.,"The contestant told the host that he was ready to sing. After the snap, the quarterback had the ball.",216,plausible,,dative,chen2023/dopo_to/15/DO_plausible.non_supportive,The car dealer leased the plumber the SUV.,none,,,,,Did the SUV receive something/someone?,No,"{""context_type"": ""non_supportive"", ""group"": ""dopo"", ""linger_cond"": ""DO_plausible"", ""same_structure_plausible_uid"": ""chen2023/dopo_to/15/DO_plausible.non_supportive"", ""structure"": ""DO""}"
chen2023,dopo_to,15,DO_implausible.non_supportive,chen2023/dopo_to/15/DO_implausible.non_supportive,The car dealer leased the SUV the plumber.,the car dealer leased the suv the plumber .,The car dealer leased the SUV the plumber.,"The contestant told the host that he was ready to sing. After the snap, the quarterback had the ball.",217,implausible,,dative,chen2023/dopo_to/15/PO_plausible.non_supportive,The car dealer leased the SUV to the plumber.,ins,ins,,to,,Did the SUV receive something/someone?,Yes,"{""context_type"": ""non_supportive"", ""group"": ""dopo"", ""linger_cond"": ""DO_implausible"", ""same_structure_plausible_uid"": ""chen2023/dopo_to/15/DO_plausible.non_supportive"", ""structure"": ""DO""}"
chen2023,dopo_to,15,PO_plausible.non_supportive,chen2023/dopo_to/15/PO_plausible.non_supportive,The car dealer leased the SUV to the plumber.,the car dealer leased the suv to the plumber .,The car dealer leased the SUV to the plumber.,"The contestant told the host that he was ready to sing. After the snap, the quarterback had the ball.",218,plausible,,dative,chen2023/dopo_to/15/PO_plausible.non_supportive,The car dealer leased the SUV to the plumber.,none,,,,,Did the SUV receive something/someone?,No,"{""context_type"": ""non_supportive"", ""group"": ""dopo"", ""linger_cond"": ""PO_plausible"", ""same_structure_plausible_uid"": ""chen2023/dopo_to/15/PO_plausible.non_supportive"", ""structure"": ""PO""}"
chen2023,dopo_to,15,PO_implausible.non_supportive,chen2023/dopo_to/15/PO_implausible.non_supportive,The car dealer leased the plumber to the SUV.,the car dealer leased the plumber to the suv .,The car dealer leased the plumber to the SUV.,"The contestant told the host that he was ready to sing. After the snap, the quarterback had the ball.",219,implausible,,dative,chen2023/dopo_to/15/DO_plausible.non_supportive,The car dealer leased the plumber the SUV.,del,del,to,,6,Did the SUV receive something/someone?,Yes,"{""context_type"": ""non_supportive"", ""group"": ""dopo"", ""linger_cond"": ""PO_implausible"", ""same_structure_plausible_uid"": ""chen2023/dopo_to/15/PO_plausible.non_supportive"", ""structure"": ""PO""}"
chen2023,dopo_to,16,DO_plausible.non_supportive,chen2023/dopo_to/16/DO_plausible.non_supportive,The host tossed the contestant the microphone.,the host tossed the contestant the microphone .,The host tossed the contestant the microphone.,The nephew found a pretty postcard while he was on vacation. The son wanted a car for his birthday.,220,plausible,,dative,chen2023/dopo_to/16/DO_plausible.non_supportive,The host tossed the contestant the microphone.,none,,,,,Did the contestant receive something/someone?,Yes,"{""context_type"": ""non_supportive"", ""group"": ""dopo"", ""linger_cond"": ""DO_plausible"", ""same_structure_plausible_uid"": ""chen2023/dopo_to/16/DO_plausible.non_supportive"", ""structure"": ""DO""}"
chen2023,dopo_to,16,DO_implausible.non_supportive,chen2023/dopo_to/16/DO_implausible.non_supportive,The host tossed the microphone the contestant.,the host tossed the microphone the contestant .,The host tossed the microphone the contestant.,The nephew found a pretty postcard while he was on vacation. The son wanted a car for his birthday.,221,implausible,,dative,chen2023/dopo_to/16/PO_plausible.non_supportive,The host tossed the microphone to the contestant.,ins,ins,,to,,Did the contestant receive something/someone?,No,"{""context_type"": ""non_supportive"", ""group"": ""dopo"", ""linger_cond"": ""DO_implausible"", ""same_structure_plausible_uid"": ""chen2023/dopo_to/16/DO_plausible.non_supportive"", ""structure"": ""DO""}"
chen2023,dopo_to,16,PO_plausible.non_supportive,chen2023/dopo_to/16/PO_plausible.non_supportive,The host tossed the microphone to the contestant.,the host tossed the microphone to the contestant .,The host tossed the microphone to the contestant.,The nephew found a pretty postcard while he was on vacation. The son wanted a car for his birthday.,222,plausible,,dative,chen2023/dopo_to/16/PO_plausible.non_supportive,The host tossed the microphone to the contestant.,none,,,,,Did the contestant receive something/someone?,Yes,"{""context_type"": ""non_supportive"", ""group"": ""dopo"", ""linger_cond"": ""PO_plausible"", ""same_structure_plausible_uid"": ""chen2023/dopo_to/16/PO_plausible.non_supportive"", ""structure"": ""PO""}"
chen2023,dopo_to,16,PO_implausible.non_supportive,chen2023/dopo_to/16/PO_implausible.non_supportive,The host tossed the contestant to the microphone.,the host tossed the contestant to the microphone .,The host tossed the contestant to the microphone.,The nephew found a pretty postcard while he was on vacation. The son wanted a car for his birthday.,223,implausible,,dative,chen2023/dopo_to/16/DO_plausible.non_supportive,The host tossed the contestant the microphone.,del,del,to,,5,Did the contestant receive something/someone?,No,"{""context_type"": ""non_supportive"", ""group"": ""dopo"", ""linger_cond"": ""PO_implausible"", ""same_structure_plausible_uid"": ""chen2023/dopo_to/16/PO_plausible.non_supportive"", ""structure"": ""PO""}"
chen2023,dopo_to,17,DO_plausible.non_supportive,chen2023/dopo_to/17/DO_plausible.non_supportive,The quarterback passed the receiver the ball.,the quarterback passed the receiver the ball .,The quarterback passed the receiver the ball.,The father bought a car from the car dealership. The student went to the shop to buy a new bike.,224,plausible,,dative,chen2023/dopo_to/17/DO_plausible.non_supportive,The quarterback passed the receiver the ball.,none,,,,,Did the receiver receive something/someone?,Yes,"{""context_type"": ""non_supportive"", ""group"": ""dopo"", ""linger_cond"": ""DO_plausible"", ""same_structure_plausible_uid"": ""chen2023/dopo_to/17/DO_plausible.non_supportive"", ""structure"": ""DO""}"
chen2023,dopo_to,17,DO_implausible.non_supportive,chen2023/dopo_to/17/DO_implausible.non_supportive,The quarterback passed the ball the receiver.,the quarterback passed the ball the receiver .,The quarterback passed the ball the receiver.,The father bought a car from the car dealership. The student went to the shop to buy a new bike.,225,implausible,,dative,chen2023/dopo_to/17/PO_plausible.non_supportive,The quarterback passed the ball to the receiver.,ins,ins,,to,,Did the receiver receive something/someone?,No,"{""context_type"": ""non_supportive"", ""group"": ""dopo"", ""linger_cond"": ""DO_implausible"", ""same_structure_plausible_uid"": ""chen2023/dopo_to/17/DO_plausible.non_supportive"", ""structure"": ""DO""}"
chen2023,dopo_to,17,PO_plausible.non_supportive,chen2023/dopo_to/17/PO_plausible.non_supportive,The quarterback passed the ball to the receiver.,the quarterback passed the ball to the receiver .,The quarterback passed the ball to the receiver.,The father bought a car from the car dealership. The student went to the shop to buy a new bike.,226,plausible,,dative,chen2023/dopo_to/17/PO_plausible.non_supportive,The quarterback passed the ball to the receiver.,none,,,,,Did the receiver receive something/someone?,Yes,"{""context_type"": ""non_supportive"", ""group"": ""dopo"", ""linger_cond"": ""PO_plausible"", ""same_structure_plausible_uid"": ""chen2023/dopo_to/17/PO_plausible.non_supportive"", ""structure"": ""PO""}"
chen2023,dopo_to,17,PO_implausible.non_supportive,chen2023/dopo_to/17/PO_implausible.non_supportive,The quarterback passed the receiver to the ball.,the quarterback passed the receiver to the ball .,The quarterback passed the receiver to the ball.,The father bought a car from the car dealership. The student went to the shop to buy a new bike.,227,implausible,,dative,chen2023/dopo_to/17/DO_plausible.non_supportive,The quarterback passed the receiver the ball.,del,del,to,,5,Did the receiver receive something/someone?,No,"{""context_type"": ""non_supportive"", ""group"": ""dopo"", ""linger_cond"": ""PO_implausible"", ""same_structure_plausible_uid"": ""chen2023/dopo_to/17/PO_plausible.non_supportive"", ""structure"": ""PO""}"
chen2023,dopo_to,18,DO_plausible.non_supportive,chen2023/dopo_to/18/DO_plausible.non_supportive,The videostore rented the customer the DVD.,the videostore rented the customer the dvd .,The videostore rented the customer the DVD.,"The sister wrote a letter so that the niece would not feel sad at camp. When the power outage happened, the daughter asked the mother for a candle.",228,plausible,,dative,chen2023/dopo_to/18/DO_plausible.non_supportive,The videostore rented the customer the DVD.,none,,,,,Did the customer receive something/someone?,Yes,"{""context_type"": ""non_supportive"", ""group"": ""dopo"", ""linger_cond"": ""DO_plausible"", ""same_structure_plausible_uid"": ""chen2023/dopo_to/18/DO_plausible.non_supportive"", ""structure"": ""DO""}"
chen2023,dopo_to,18,DO_implausible.non_supportive,chen2023/dopo_to/18/DO_implausible.non_supportive,The videostore rented the DVD the customer.,the videostore rented the dvd the customer .,The videostore rented the DVD the customer.,"The sister wrote a letter so that the niece would not feel sad at camp. When the power outage happened, the daughter asked the mother for a candle.",229,implausible,,dative,chen2023/dopo_to/18/PO_plausible.non_supportive,The videostore rented the DVD to the customer.,ins,ins,,to,,Did the customer receive something/someone?,No,"{""context_type"": ""non_supportive"", ""group"": ""dopo"", ""linger_cond"": ""DO_implausible"", ""same_structure_plausible_uid"": ""chen2023/dopo_to/18/DO_plausible.non_supportive"", ""structure"": ""DO""}"
chen2023,dopo_to,18,PO_plausible.non_supportive,chen2023/dopo_to/18/PO_plausible.non_supportive,The videostore rented the DVD to the customer.,the videostore rented the dvd to the customer .,The videostore rented the DVD to the customer.,"The sister wrote a letter so that the niece would not feel sad at camp. When the power outage happened, the daughter asked the mother for a candle.",230,plausible,,dative,chen2023/dopo_to/18/PO_plausible.non_supportive,The videostore rented the DVD to the customer.,none,,,,,Did the customer receive something/someone?,Yes,"{""context_type"": ""non_supportive"", ""group"": ""dopo"", ""linger_cond"": ""PO_plausible"", ""same_structure_plausible_uid"": ""chen2023/dopo_to/18/PO_plausible.non_supportive"", ""structure"": ""PO""}"
chen2023,dopo_to,18,PO_implausible.non_supportive,chen2023/dopo_to/18/PO_implausible.non_supportive,The videostore rented the customer to the DVD.,the videostore rented the customer to the dvd .,The videostore rented the customer to the DVD.,"The sister wrote a letter so that the niece would not feel sad at camp. When the power outage happened, the daughter asked the mother for a candle.",231,implausible,,dative,chen2023/dopo_to/18/DO_plausible.non_supportive,The videostore rented the customer the DVD.,del,del,to,,5,Did the customer receive something/someone?,No,"{""context_type"": ""non_supportive"", ""group"": ""dopo"", ""linger_cond"": ""PO_implausible"", ""same_structure_plausible_uid"": ""chen2023/dopo_to/18/PO_plausible.non_supportive"", ""structure"": ""PO""}"
chen2023,dopo_to,19,DO_plausible.non_supportive,chen2023/dopo_to/19/DO_plausible.non_supportive,The bartender handed the lady the drink.,the bartender handed the lady the drink .,The bartender handed the lady the drink.,The mother found a candle in the kitchen cabinet. The uncle had a truck that he wanted to sell.,232,plausible,,dative,chen2023/dopo_to/19/DO_plausible.non_supportive,The bartender handed the lady the drink.,none,,,,,Did the lady receive something/someone?,Yes,"{""context_type"": ""non_supportive"", ""group"": ""dopo"", ""linger_cond"": ""DO_plausible"", ""same_structure_plausible_uid"": ""chen2023/dopo_to/19/DO_plausible.non_supportive"", ""structure"": ""DO""}"
chen2023,dopo_to,19,DO_implausible.non_supportive,chen2023/dopo_to/19/DO_implausible.non_supportive,The bartender handed the drink the lady.,the bartender handed the drink the lady .,The bartender handed the drink the lady.,The mother found a candle in the kitchen cabinet. The uncle had a truck that he wanted to sell.,233,implausible,,dative,chen2023/dopo_to/19/PO_plausible.non_supportive,The bartender handed the drink to the lady.,ins,ins,,to,,Did the lady receive something/someone?,No,"{""context_type"": ""non_supportive"", ""group"": ""dopo"", ""linger_cond"": ""DO_implausible"", ""same_structure_plausible_uid"": ""chen2023/dopo_to/19/DO_plausible.non_supportive"", ""structure"": ""DO""}"
chen2023,dopo_to,19,PO_plausible.non_supportive,chen2023/dopo_to/19/PO_plausible.non_supportive,The bartender handed the drink to the lady.,the bartender handed the drink to the lady .,The bartender handed the drink to the lady.,The mother found a candle in the kitchen cabinet. The uncle had a truck that he wanted to sell.,234,plausible,,dative,chen2023/dopo_to/19/PO_plausible.non_supportive,The bartender handed the drink to the lady.,none,,,,,Did the lady receive something/someone?,Yes,"{""context_type"": ""non_supportive"", ""group"": ""dopo"", ""linger_cond"": ""PO_plausible"", ""same_structure_plausible_uid"": ""chen2023/dopo_to/19/PO_plausible.non_supportive"", ""structure"": ""PO""}"
chen2023,dopo_to,19,PO_implausible.non_supportive,chen2023/dopo_to/19/PO_implausible.non_supportive,The bartender handed the lady to the drink.,the bartender handed the lady to the drink .,The bartender handed the lady to the drink.,The mother found a candle in the kitchen cabinet. The uncle had a truck that he wanted to sell.,235,implausible,,dative,chen2023/dopo_to/19/DO_plausible.non_supportive,The bartender handed the lady the drink.,del,del,to,,5,Did the lady receive something/someone?,No,"{""context_type"": ""non_supportive"", ""group"": ""dopo"", ""linger_cond"": ""PO_implausible"", ""same_structure_plausible_uid"": ""chen2023/dopo_to/19/PO_plausible.non_supportive"", ""structure"": ""PO""}"
chen2023,dopo_to,20,DO_plausible.non_supportive,chen2023/dopo_to/20/DO_plausible.non_supportive,The magician threw the assistant the hat.,the magician threw the assistant the hat .,The magician threw the assistant the hat.,The contractor brought a saw to his meeting with the homeowner. The man went to the sailing club to look at boats.,236,plausible,,dative,chen2023/dopo_to/20/DO_plausible.non_supportive,The magician threw the assistant the hat.,none,,,,,Did the assistant receive something/someone?,Yes,"{""context_type"": ""non_supportive"", ""group"": ""dopo"", ""linger_cond"": ""DO_plausible"", ""same_structure_plausible_uid"": ""chen2023/dopo_to/20/DO_plausible.non_supportive"", ""structure"": ""DO""}"
chen2023,dopo_to,20,DO_implausible.non_supportive,chen2023/dopo_to/20/DO_implausible.non_supportive,The magician threw the hat the assistant.,the magician threw the hat the assistant .,The magician threw the hat the assistant.,The contractor brought a saw to his meeting with the homeowner. The man went to the sailing club to look at boats.,237,implausible,,dative,chen2023/dopo_to/20/PO_plausible.non_supportive,The magician threw the hat to the assistant.,ins,ins,,to,,Did the assistant receive something/someone?,No,"{""context_type"": ""non_supportive"", ""group"": ""dopo"", ""linger_cond"": ""DO_implausible"", ""same_structure_plausible_uid"": ""chen2023/dopo_to/20/DO_plausible.non_supportive"", ""structure"": ""DO""}"
chen2023,dopo_to,20,PO_plausible.non_supportive,chen2023/dopo_to/20/PO_plausible.non_supportive,The magician threw the hat to the assistant.,the magician threw the hat to the assistant .,The magician threw the hat to the assistant.,The contractor brought a saw to his meeting with the homeowner. The man went to the sailing club to look at boats.,238,plausible,,dative,chen2023/dopo_to/20/PO_plausible.non_supportive,The magician threw the hat to the assistant.,none,,,,,Did the assistant receive something/someone?,Yes,"{""context_type"": ""non_supportive"", ""group"": ""dopo"", ""linger_cond"": ""PO_plausible"", ""same_structure_plausible_uid"": ""chen2023/dopo_to/20/PO_plausible.non_supportive"", ""structure"": ""PO""}"
chen2023,dopo_to,20,PO_implausible.non_supportive,chen2023/dopo_to/20/PO_implausible.non_supportive,The magician threw the assistant to the hat.,the magician threw the assistant to the hat .,The magician threw the assistant to the hat.,The contractor brought a saw to his meeting with the homeowner. The man went to the sailing club to look at boats.,239,implausible,,dative,chen2023/dopo_to/20/DO_plausible.non_supportive,The magician threw the assistant the hat.,del,del,to,,5,Did the assistant receive something/someone?,No,"{""context_type"": ""non_supportive"", ""group"": ""dopo"", ""linger_cond"": ""PO_implausible"", ""same_structure_plausible_uid"": ""chen2023/dopo_to/20/PO_plausible.non_supportive"", ""structure"": ""PO""}"
chen2023,active_passive,1,active_plausible.none,chen2023/active_passive/1/active_plausible.none,The girl kicked the ball.,the girl kicked the ball .,The girl kicked the ball.,,240,plausible,,voice,chen2023/active_passive/1/active_plausible.none,The girl kicked the ball.,none,,,,,Did the girl kick something/someone?,Yes,"{""context_type"": ""none"", ""group"": ""act-pass1"", ""linger_cond"": ""active_plausible"", ""same_structure_plausible_uid"": ""chen2023/active_passive/1/active_plausible.none"", ""structure"": ""active""}"
chen2023,active_passive,1,active_implausible.none,chen2023/active_passive/1/active_implausible.none,The ball kicked the girl.,the ball kicked the girl .,The ball kicked the girl.,,241,implausible,,voice,chen2023/active_passive/1/passive_plausible.none,The ball was kicked by the girl.,multi,ins;ins,,was,,Did the girl kick something/someone?,No,"{""context_type"": ""none"", ""group"": ""act-pass1"", ""linger_cond"": ""active_implausible"", ""same_structure_plausible_uid"": ""chen2023/active_passive/1/active_plausible.none"", ""structure"": ""active""}"
chen2023,active_passive,1,passive_implausible.none,chen2023/active_passive/1/passive_implausible.none,The girl was kicked by the ball.,the girl was kicked by the ball .,The girl was kicked by the ball.,,242,implausible,,voice,chen2023/active_passive/1/active_plausible.none,The girl kicked the ball.,multi,del;del,was,,2,Did the girl kick something/someone?,No,"{""context_type"": ""none"", ""group"": ""act-pass1"", ""linger_cond"": ""passive_implausible"", ""same_structure_plausible_uid"": ""chen2023/active_passive/1/passive_plausible.none"", ""structure"": ""passive""}"
chen2023,active_passive,1,passive_plausible.none,chen2023/active_passive/1/passive_plausible.none,The ball was kicked by the girl.,the ball was kicked by the girl .,The ball was kicked by the girl.,,243,plausible,,voice,chen2023/active_passive/1/passive_plausible.none,The ball was kicked by the girl.,none,,,,,Did the girl kick something/someone?,Yes,"{""context_type"": ""none"", ""group"": ""act-pass1"", ""linger_cond"": ""passive_plausible"", ""same_structure_plausible_uid"": ""chen2023/active_passive/1/passive_plausible.none"", ""structure"": ""passive""}"
chen2023,active_passive,2,active_plausible.none,chen2023/active_passive/2/active_plausible.none,The plumber bought the watch.,the plumber bought the watch .,The plumber bought the watch.,,244,plausible,,voice,chen2023/active_passive/2/active_plausible.none,The plumber bought the watch.,none,,,,,Did the plumber buy something/someone?,Yes,"{""context_type"": ""none"", ""group"": ""act-pass1"", ""linger_cond"": ""active_plausible"", ""same_structure_plausible_uid"": ""chen2023/active_passive/2/active_plausible.none"", ""structure"": ""active""}"
chen2023,active_passive,2,active_implausible.none,chen2023/active_passive/2/active_implausible.none,The watch bought the plumber.,the watch bought the plumber .,The watch bought the plumber.,,245,implausible,,voice,chen2023/active_passive/2/passive_plausible.none,The watch was bought by the plumber.,multi,ins;ins,,was,,Did the plumber buy something/someone?,No,"{""context_type"": ""none"", ""group"": ""act-pass1"", ""linger_cond"": ""active_implausible"", ""same_structure_plausible_uid"": ""chen2023/active_passive/2/active_plausible.none"", ""structure"": ""active""}"
chen2023,active_passive,2,passive_implausible.none,chen2023/active_passive/2/passive_implausible.none,The plumber was bought by the watch.,the plumber was bought by the watch .,The plumber was bought by the watch.,,246,implausible,,voice,chen2023/active_passive/2/active_plausible.none,The plumber bought the watch.,multi,del;del,was,,2,Did the plumber buy something/someone?,No,"{""context_type"": ""none"", ""group"": ""act-pass1"", ""linger_cond"": ""passive_implausible"", ""same_structure_plausible_uid"": ""chen2023/active_passive/2/passive_plausible.none"", ""structure"": ""passive""}"
chen2023,active_passive,2,passive_plausible.none,chen2023/active_passive/2/passive_plausible.none,The watch was bought by the plumber.,the watch was bought by the plumber .,The watch was bought by the plumber.,,247,plausible,,voice,chen2023/active_passive/2/passive_plausible.none,The watch was bought by the plumber.,none,,,,,Did the plumber buy something/someone?,Yes,"{""context_type"": ""none"", ""group"": ""act-pass1"", ""linger_cond"": ""passive_plausible"", ""same_structure_plausible_uid"": ""chen2023/active_passive/2/passive_plausible.none"", ""structure"": ""passive""}"
chen2023,active_passive,3,active_plausible.none,chen2023/active_passive/3/active_plausible.none,The man drove the truck.,the man drove the truck .,The man drove the truck.,,248,plausible,,voice,chen2023/active_passive/3/active_plausible.none,The man drove the truck.,none,,,,,Did the man drive something/someone?,Yes,"{""context_type"": ""none"", ""group"": ""act-pass1"", ""linger_cond"": ""active_plausible"", ""same_structure_plausible_uid"": ""chen2023/active_passive/3/active_plausible.none"", ""structure"": ""active""}"
chen2023,active_passive,3,active_implausible.none,chen2023/active_passive/3/active_implausible.none,The truck drove the man.,the truck drove the man .,The truck drove the man.,,249,implausible,,voice,chen2023/active_passive/3/passive_plausible.none,The truck was driven by the man.,sub,sub,drove,was driven by,2,Did the man drive something/someone?,No,"{""context_type"": ""none"", ""group"": ""act-pass1"", ""linger_cond"": ""active_implausible"", ""same_structure_plausible_uid"": ""chen2023/active_passive/3/active_plausible.none"", ""structure"": ""active""}"
chen2023,active_passive,3,passive_implausible.none,chen2023/active_passive/3/passive_implausible.none,The man was driven by the truck.,the man was driven by the truck .,The man was driven by the truck.,,250,implausible,,voice,chen2023/active_passive/3/active_plausible.none,The man drove the truck.,sub,sub,was driven by,drove,2,Did the man drive something/someone?,No,"{""context_type"": ""none"", ""group"": ""act-pass1"", ""linger_cond"": ""passive_implausible"", ""same_structure_plausible_uid"": ""chen2023/active_passive/3/passive_plausible.none"", ""structure"": ""passive""}"
chen2023,active_passive,3,passive_plausible.none,chen2023/active_passive/3/passive_plausible.none,The truck was driven by the man.,the truck was driven by the man .,The truck was driven by the man.,,251,plausible,,voice,chen2023/active_passive/3/passive_plausible.none,The truck was driven by the man.,none,,,,,Did the man drive something/someone?,Yes,"{""context_type"": ""none"", ""group"": ""act-pass1"", ""linger_cond"": ""passive_plausible"", ""same_structure_plausible_uid"": ""chen2023/active_passive/3/passive_plausible.none"", ""structure"": ""passive""}"
chen2023,active_passive,4,active_plausible.none,chen2023/active_passive/4/active_plausible.none,The secretary licked the stamp.,the secretary licked the stamp .,The secretary licked the stamp.,,252,plausible,,voice,chen2023/active_passive/4/active_plausible.none,The secretary licked the stamp.,none,,,,,Did the secretary lick something/someone?,Yes,"{""context_type"": ""none"", ""group"": ""act-pass1"", ""linger_cond"": ""active_plausible"", ""same_structure_plausible_uid"": ""chen2023/active_passive/4/active_plausible.none"", ""structure"": ""active""}"
chen2023,active_passive,4,active_implausible.none,chen2023/active_passive/4/active_implausible.none,The stamp licked the secretary.,the stamp licked the secretary .,The stamp licked the secretary.,,253,implausible,,voice,chen2023/active_passive/4/passive_plausible.none,The stamp was licked by the secretary.,multi,ins;ins,,was,,Did the secretary lick something/someone?,No,"{""context_type"": ""none"", ""group"": ""act-pass1"", ""linger_cond"": ""active_implausible"", ""same_structure_plausible_uid"": ""chen2023/active_passive/4/active_plausible.none"", ""structure"": ""active""}"
chen2023,active_passive,4,passive_implausible.none,chen2023/active_passive/4/passive_implausible.none,The secretary was licked by the stamp.,the secretary was licked by the stamp .,The secretary was licked by the stamp.,,254,implausible,,voice,chen2023/active_passive/4/active_plausible.none,The secretary licked the stamp.,multi,del;del,was,,2,Did the secretary lick something/someone?,No,"{""context_type"": ""none"", ""group"": ""act-pass1"", ""linger_cond"": ""passive_implausible"", ""same_structure_plausible_uid"": ""chen2023/active_passive/4/passive_plausible.none"", ""structure"": ""passive""}"
chen2023,active_passive,4,passive_plausible.none,chen2023/active_passive/4/passive_plausible.none,The stamp was licked by the secretary.,the stamp was licked by the secretary .,The stamp was licked by the secretary.,,255,plausible,,voice,chen2023/active_passive/4/passive_plausible.none,The stamp was licked by the secretary.,none,,,,,Did the secretary lick something/someone?,Yes,"{""context_type"": ""none"", ""group"": ""act-pass1"", ""linger_cond"": ""passive_plausible"", ""same_structure_plausible_uid"": ""chen2023/active_passive/4/passive_plausible.none"", ""structure"": ""passive""}"
chen2023,active_passive,5,active_plausible.none,chen2023/active_passive/5/active_plausible.none,The mother set the table.,the mother set the table .,The mother set the table.,,256,plausible,,voice,chen2023/active_passive/5/active_plausible.none,The mother set the table.,none,,,,,Did the mother set something/someone?,Yes,"{""context_type"": ""none"", ""group"": ""act-pass1"", ""linger_cond"": ""active_plausible"", ""same_structure_plausible_uid"": ""chen2023/active_passive/5/active_plausible.none"", ""structure"": ""active""}"
chen2023,active_passive,5,active_implausible.none,chen2023/active_passive/5/active_implausible.none,The table set the mother.,the table set the mother .,The table set the mother.,,257,implausible,,voice,chen2023/active_passive/5/passive_plausible.none,The table was set by the mother.,multi,ins;ins,,was,,Did the mother set something/someone?,No,"{""context_type"": ""none"", ""group"": ""act-pass1"", ""linger_cond"": ""active_implausible"", ""same_structure_plausible_uid"": ""chen2023/active_passive/5/active_plausible.none"", ""structure"": ""active""}"
chen2023,active_passive,5,passive_implausible.none,chen2023/active_passive/5/passive_implausible.none,The mother was set by the table.,the mother was set by the table .,The mother was set by the table.,,258,implausible,,voice,chen2023/active_passive/5/active_plausible.none,The mother set the table.,multi,del;del,was,,2,Did the mother set something/someone?,No,"{""context_type"": ""none"", ""group"": ""act-pass1"", ""linger_cond"": ""passive_implausible"", ""same_structure_plausible_uid"": ""chen2023/active_passive/5/passive_plausible.none"", ""structure"": ""passive""}"
chen2023,active_passive,5,passive_plausible.none,chen2023/active_passive/5/passive_plausible.none,The table was set by the mother.,the table was set by the mother .,The table was set by the mother.,,259,plausible,,voice,chen2023/active_passive/5/passive_plausible.none,The table was set by the mother.,none,,,,,Did the mother set something/someone?,Yes,"{""context_type"": ""none"", ""group"": ""act-pass1"", ""linger_cond"": ""passive_plausible"", ""same_structure_plausible_uid"": ""chen2023/active_passive/5/passive_plausible.none"", ""structure"": ""passive""}"
chen2023,active_passive,6,active_plausible.none,chen2023/active_passive/6/active_plausible.none,The daughter folded the blanket.,the daughter folded the blanket .,The daughter folded the blanket.,,260,plausible,,voice,chen2023/active_passive/6/active_plausible.none,The daughter folded the blanket.,none,,,,,Did the blanket fold something/someone?,No,"{""context_type"": ""none"", ""group"": ""act-pass1"", ""linger_cond"": ""active_plausible"", ""same_structure_plausible_uid"": ""chen2023/active_passive/6/active_plausible.none"", ""structure"": ""active""}"
chen2023,active_passive,6,active_implausible.none,chen2023/active_passive/6/active_implausible.none,The blanket folded the daughter.,the blanket folded the daughter .,The blanket folded the daughter.,,261,implausible,,voice,chen2023/active_passive/6/passive_plausible.none,The blanket was folded by the daughter.,multi,ins;ins,,was,,Did the blanket fold something/someone?,Yes,"{""context_type"": ""none"", ""group"": ""act-pass1"", ""linger_cond"": ""active_implausible"", ""same_structure_plausible_uid"": ""chen2023/active_passive/6/active_plausible.none"", ""structure"": ""active""}"
chen2023,active_passive,6,passive_implausible.none,chen2023/active_passive/6/passive_implausible.none,The daughter was folded by the blanket.,the daughter was folded by the blanket .,The daughter was folded by the blanket.,,262,implausible,,voice,chen2023/active_passive/6/active_plausible.none,The daughter folded the blanket.,multi,del;del,was,,2,Did the blanket fold something/someone?,Yes,"{""context_type"": ""none"", ""group"": ""act-pass1"", ""linger_cond"": ""passive_implausible"", ""same_structure_plausible_uid"": ""chen2023/active_passive/6/passive_plausible.none"", ""structure"": ""passive""}"
chen2023,active_passive,6,passive_plausible.none,chen2023/active_passive/6/passive_plausible.none,The blanket was folded by the daughter.,the blanket was folded by the daughter .,The blanket was folded by the daughter.,,263,plausible,,voice,chen2023/active_passive/6/passive_plausible.none,The blanket was folded by the daughter.,none,,,,,Did the blanket fold something/someone?,No,"{""context_type"": ""none"", ""group"": ""act-pass1"", ""linger_cond"": ""passive_plausible"", ""same_structure_plausible_uid"": ""chen2023/active_passive/6/passive_plausible.none"", ""structure"": ""passive""}"
chen2023,active_passive,7,active_plausible.none,chen2023/active_passive/7/active_plausible.none,The father sharpened the saw.,the father sharpened the saw .,The father sharpened the saw.,,264,plausible,,voice,chen2023/active_passive/7/active_plausible.none,The father sharpened the saw.,none,,,,,Did the saw sharpen something/someone?,No,"{""context_type"": ""none"", ""group"": ""act-pass1"", ""linger_cond"": ""active_plausible"", ""same_structure_plausible_uid"": ""chen2023/active_passive/7/active_plausible.none"", ""structure"": ""active""}"
chen2023,active_passive,7,active_implausible.none,chen2023/active_passive/7/active_implausible.none,The saw sharpened the father.,the saw sharpened the father .,The saw sharpened the father.,,265,implausible,,voice,chen2023/active_passive/7/passive_plausible.none,The saw was sharpened by the father.,multi,ins;ins,,was,,Did the saw sharpen something/someone?,Yes,"{""context_type"": ""none"", ""group"": ""act-pass1"", ""linger_cond"": ""active_implausible"", ""same_structure_plausible_uid"": ""chen2023/active_passive/7/active_plausible.none"", ""structure"": ""active""}"
chen2023,active_passive,7,passive_implausible.none,chen2023/active_passive/7/passive_implausible.none,The father was sharpened by the saw.,the father was sharpened by the saw .,The father was sharpened by the saw.,,266,implausible,,voice,chen2023/active_passive/7/active_plausible.none,The father sharpened the saw.,multi,del;del,was,,2,Did the saw sharpen something/someone?,Yes,"{""context_type"": ""none"", ""group"": ""act-pass1"", ""linger_cond"": ""passive_implausible"", ""same_structure_plausible_uid"": ""chen2023/active_passive/7/passive_plausible.none"", ""structure"": ""passive""}"
chen2023,active_passive,7,passive_plausible.none,chen2023/active_passive/7/passive_plausible.none,The saw was sharpened by the father.,the saw was sharpened by the father .,The saw was sharpened by the father.,,267,plausible,,voice,chen2023/active_passive/7/passive_plausible.none,The saw was sharpened by the father.,none,,,,,Did the saw sharpen something/someone?,No,"{""context_type"": ""none"", ""group"": ""act-pass1"", ""linger_cond"": ""passive_plausible"", ""same_structure_plausible_uid"": ""chen2023/active_passive/7/passive_plausible.none"", ""structure"": ""passive""}"
chen2023,active_passive,8,active_plausible.none,chen2023/active_passive/8/active_plausible.none,The niece opened the door.,the niece opened the door .,The niece opened the door.,,268,plausible,,voice,chen2023/active_passive/8/active_plausible.none,The niece opened the door.,none,,,,,Did the door open something/someone?,No,"{""context_type"": ""none"", ""group"": ""act-pass1"", ""linger_cond"": ""active_plausible"", ""same_structure_plausible_uid"": ""chen2023/active_passive/8/active_plausible.none"", ""structure"": ""active""}"
chen2023,active_passive,8,active_implausible.none,chen2023/active_passive/8/active_implausible.none,The door opened the niece.,the door opened the niece .,The door opened the niece.,,269,implausible,,voice,chen2023/active_passive/8/passive_plausible.none,The door was opened by the niece.,multi,ins;ins,,was,,Did the door open something/someone?,Yes,"{""context_type"": ""none"", ""group"": ""act-pass1"", ""linger_cond"": ""active_implausible"", ""same_structure_plausible_uid"": ""chen2023/active_passive/8/active_plausible.none"", ""structure"": ""active""}"
chen2023,active_passive,8,passive_implausible.none,chen2023/active_passive/8/passive_implausible.none,The niece was opened by the door.,the niece was opened by the door .,The niece was opened by the door.,,270,implausible,,voice,chen2023/active_passive/8/active_plausible.none,The niece opened the door.,multi,del;del,was,,2,Did the door open something/someone?,Yes,"{""context_type"": ""none"", ""group"": ""act-pass1"", ""linger_cond"": ""passive_implausible"", ""same_structure_plausible_uid"": ""chen2023/active_passive/8/passive_plausible.none"", ""structure"": ""passive""}"
chen2023,active_passive,8,passive_plausible.none,chen2023/active_passive/8/passive_plausible.none,The door was opened by the niece.,the door was opened by the niece .,The door was opened by the niece.,,271,plausible,,voice,chen2023/active_passive/8/passive_plausible.none,The door was opened by the niece.,none,,,,,Did the door open something/someone?,No,"{""context_type"": ""none"", ""group"": ""act-pass1"", ""linger_cond"": ""passive_plausible"", ""same_structure_plausible_uid"": ""chen2023/active_passive/8/passive_plausible.none"", ""structure"": ""passive""}"
chen2023,active_passive,9,active_plausible.none,chen2023/active_passive/9/active_plausible.none,The boy ate the pizza.,the boy ate the pizza .,The boy ate the pizza.,,272,plausible,,voice,chen2023/active_passive/9/active_plausible.none,The boy ate the pizza.,none,,,,,Did the pizza eat something/someone?,No,"{""context_type"": ""none"", ""group"": ""act-pass1"", ""linger_cond"": ""active_plausible"", ""same_structure_plausible_uid"": ""chen2023/active_passive/9/active_plausible.none"", ""structure"": ""active""}"
chen2023,active_passive,9,active_implausible.none,chen2023/active_passive/9/active_implausible.none,The pizza ate the boy.,the pizza ate the boy .,The pizza ate the boy.,,273,implausible,,voice,chen2023/active_passive/9/passive_plausible.none,The pizza was eaten by the boy.,sub,sub,ate,was eaten by,2,Did the pizza eat something/someone?,Yes,"{""context_type"": ""none"", ""group"": ""act-pass1"", ""linger_cond"": ""active_implausible"", ""same_structure_plausible_uid"": ""chen2023/active_passive/9/active_plausible.none"", ""structure"": ""active""}"
chen2023,active_passive,9,passive_implausible.none,chen2023/active_passive/9/passive_implausible.none,The boy was eaten by the pizza.,the boy was eaten by the pizza .,The boy was eaten by the pizza.,,274,implausible,,voice,chen2023/active_passive/9/active_plausible.none,The boy ate the pizza.,sub,sub,was eaten by,ate,2,Did the pizza eat something/someone?,Yes,"{""context_type"": ""none"", ""group"": ""act-pass1"", ""linger_cond"": ""passive_implausible"", ""same_structure_plausible_uid"": ""chen2023/active_passive/9/passive_plausible.none"", ""structure"": ""passive""}"
chen2023,active_passive,9,passive_plausible.none,chen2023/active_passive/9/passive_plausible.none,The pizza was eaten by the boy.,the pizza was eaten by the boy .,The pizza was eaten by the boy.,,275,plausible,,voice,chen2023/active_passive/9/passive_plausible.none,The pizza was eaten by the boy.,none,,,,,Did the pizza eat something/someone?,No,"{""context_type"": ""none"", ""group"": ""act-pass1"", ""linger_cond"": ""passive_plausible"", ""same_structure_plausible_uid"": ""chen2023/active_passive/9/passive_plausible.none"", ""structure"": ""passive""}"
chen2023,active_passive,10,active_plausible.none,chen2023/active_passive/10/active_plausible.none,The grandfather broke the bowl.,the grandfather broke the bowl .,The grandfather broke the bowl.,,276,plausible,,voice,chen2023/active_passive/10/active_plausible.none,The grandfather broke the bowl.,none,,,,,Did the bowl break something/someone?,No,"{""context_type"": ""none"", ""group"": ""act-pass1"", ""linger_cond"": ""active_plausible"", ""same_structure_plausible_uid"": ""chen2023/active_passive/10/active_plausible.none"", ""structure"": ""active""}"
chen2023,active_passive,10,active_implausible.none,chen2023/active_passive/10/active_implausible.none,The bowl broke the grandfather.,the bowl broke the grandfather .,The bowl broke the grandfather.,,277,implausible,,voice,chen2023/active_passive/10/passive_plausible.none,The bowl was broken by the grandfather.,sub,sub,broke,was broken by,2,Did the bowl break something/someone?,Yes,"{""context_type"": ""none"", ""group"": ""act-pass1"", ""linger_cond"": ""active_implausible"", ""same_structure_plausible_uid"": ""chen2023/active_passive/10/active_plausible.none"", ""structure"": ""active""}"
chen2023,active_passive,10,passive_implausible.none,chen2023/active_passive/10/passive_implausible.none,The grandfather was broken by the bowl.,the grandfather was broken by the bowl .,The grandfather was broken by the bowl.,,278,implausible,,voice,chen2023/active_passive/10/active_plausible.none,The grandfather broke the bowl.,sub,sub,was broken by,broke,2,Did the bowl break something/someone?,Yes,"{""context_type"": ""none"", ""group"": ""act-pass1"", ""linger_cond"": ""passive_implausible"", ""same_structure_plausible_uid"": ""chen2023/active_passive/10/passive_plausible.none"", ""structure"": ""passive""}"
chen2023,active_passive,10,passive_plausible.none,chen2023/active_passive/10/passive_plausible.none,The bowl was broken by the grandfather.,the bowl was broken by the grandfather .,The bowl was broken by the grandfather.,,279,plausible,,voice,chen2023/active_passive/10/passive_plausible.none,The bowl was broken by the grandfather.,none,,,,,Did the bowl break something/someone?,No,"{""context_type"": ""none"", ""group"": ""act-pass1"", ""linger_cond"": ""passive_plausible"", ""same_structure_plausible_uid"": ""chen2023/active_passive/10/passive_plausible.none"", ""structure"": ""passive""}"
chen2023,active_passive,11,active_plausible.none,chen2023/active_passive/11/active_plausible.none,The woman lost the diamond.,the woman lost the diamond .,The woman lost the diamond.,,280,plausible,,voice,chen2023/active_passive/11/active_plausible.none,The woman lost the diamond.,none,,,,,Did the diamond lose something/someone?,No,"{""context_type"": ""none"", ""group"": ""act-pass1"", ""linger_cond"": ""active_plausible"", ""same_structure_plausible_uid"": ""chen2023/active_passive/11/active_plausible.none"", ""structure"": ""active""}"
chen2023,active_passive,11,active_implausible.none,chen2023/active_passive/11/active_implausible.none,The diamond lost the woman.,the diamond lost the woman .,The diamond lost the woman.,,281,implausible,,voice,chen2023/active_passive/11/passive_plausible.none,The diamond was lost by the woman.,multi,ins;ins,,was,,Did the diamond lose something/someone?,Yes,"{""context_type"": ""none"", ""group"": ""act-pass1"", ""linger_cond"": ""active_implausible"", ""same_structure_plausible_uid"": ""chen2023/active_passive/11/active_plausible.none"", ""structure"": ""active""}"
chen2023,active_passive,11,passive_implausible.none,chen2023/active_passive/11/passive_implausible.none,The woman was lost by the diamond.,the woman was lost by the diamond .,The woman was lost by the diamond.,,282,implausible,,voice,chen2023/active_passive/11/active_plausible.none,The woman lost the diamond.,multi,del;del,was,,2,Did the diamond lose something/someone?,Yes,"{""context_type"": ""none"", ""group"": ""act-pass1"", ""linger_cond"": ""passive_implausible"", ""same_structure_plausible_uid"": ""chen2023/active_passive/11/passive_plausible.none"", ""structure"": ""passive""}"
chen2023,active_passive,11,passive_plausible.none,chen2023/active_passive/11/passive_plausible.none,The diamond was lost by the woman.,the diamond was lost by the woman .,The diamond was lost by the woman.,,283,plausible,,voice,chen2023/active_passive/11/passive_plausible.none,The diamond was lost by the woman.,none,,,,,Did the diamond lose something/someone?,No,"{""context_type"": ""none"", ""group"": ""act-pass1"", ""linger_cond"": ""passive_plausible"", ""same_structure_plausible_uid"": ""chen2023/active_passive/11/passive_plausible.none"", ""structure"": ""passive""}"
chen2023,active_passive,12,active_plausible.none,chen2023/active_passive/12/active_plausible.none,The grandmother cleaned the oven.,the grandmother cleaned the oven .,The grandmother cleaned the oven.,,284,plausible,,voice,chen2023/active_passive/12/active_plausible.none,The grandmother cleaned the oven.,none,,,,,Did the oven clean something/someone?,No,"{""context_type"": ""none"", ""group"": ""act-pass1"", ""linger_cond"": ""active_plausible"", ""same_structure_plausible_uid"": ""chen2023/active_passive/12/active_plausible.none"", ""structure"": ""active""}"
chen2023,active_passive,12,active_implausible.none,chen2023/active_passive/12/active_implausible.none,The oven cleaned the grandmother.,the oven cleaned the grandmother .,The oven cleaned the grandmother.,,285,implausible,,voice,chen2023/active_passive/12/passive_plausible.none,The oven was cleaned by the grandmother.,multi,ins;ins,,was,,Did the oven clean something/someone?,Yes,"{""context_type"": ""none"", ""group"": ""act-pass1"", ""linger_cond"": ""active_implausible"", ""same_structure_plausible_uid"": ""chen2023/active_passive/12/active_plausible.none"", ""structure"": ""active""}"
chen2023,active_passive,12,passive_implausible.none,chen2023/active_passive/12/passive_implausible.none,The grandmother was cleaned by the oven.,the grandmother was cleaned by the oven .,The grandmother was cleaned by the oven.,,286,implausible,,voice,chen2023/active_passive/12/active_plausible.none,The grandmother cleaned the oven.,multi,del;del,was,,2,Did the oven clean something/someone?,Yes,"{""context_type"": ""none"", ""group"": ""act-pass1"", ""linger_cond"": ""passive_implausible"", ""same_structure_plausible_uid"": ""chen2023/active_passive/12/passive_plausible.none"", ""structure"": ""passive""}"
chen2023,active_passive,12,passive_plausible.none,chen2023/active_passive/12/passive_plausible.none,The oven was cleaned by the grandmother.,the oven was cleaned by the grandmother .,The oven was cleaned by the grandmother.,,287,plausible,,voice,chen2023/active_passive/12/passive_plausible.none,The oven was cleaned by the grandmother.,none,,,,,Did the oven clean something/someone?,No,"{""context_type"": ""none"", ""group"": ""act-pass1"", ""linger_cond"": ""passive_plausible"", ""same_structure_plausible_uid"": ""chen2023/active_passive/12/passive_plausible.none"", ""structure"": ""passive""}"
chen2023,active_passive,13,active_plausible.none,chen2023/active_passive/13/active_plausible.none,The electrician stole the hammer.,the electrician stole the hammer .,The electrician stole the hammer.,,288,plausible,,voice,chen2023/active_passive/13/active_plausible.none,The electrician stole the hammer.,none,,,,,Did the hammer steal something/someone?,No,"{""context_type"": ""none"", ""group"": ""act-pass1"", ""linger_cond"": ""active_plausible"", ""same_structure_plausible_uid"": ""chen2023/active_passive/13/active_plausible.none"", ""structure"": ""active""}"
chen2023,active_passive,13,active_implausible.none,chen2023/active_passive/13/active_implausible.none,The hammer stole the electrician.,the hammer stole the electrician .,The hammer stole the electrician.,,289,implausible,,voice,chen2023/active_passive/13/passive_plausible.none,The hammer was stolen by the electrician.,sub,sub,stole,was stolen by,2,Did the hammer steal something/someone?,Yes,"{""context_type"": ""none"", ""group"": ""act-pass1"", ""linger_cond"": ""active_implausible"", ""same_structure_plausible_uid"": ""chen2023/active_passive/13/active_plausible.none"", ""structure"": ""active""}"
chen2023,active_passive,13,passive_implausible.none,chen2023/active_passive/13/passive_implausible.none,The electrician was stolen by the hammer.,the electrician was stolen by the hammer .,The electrician was stolen by the hammer.,,290,implausible,,voice,chen2023/active_passive/13/active_plausible.none,The electrician stole the hammer.,sub,sub,was stolen by,stole,2,Did the hammer steal something/someone?,Yes,"{""context_type"": ""none"", ""group"": ""act-pass1"", ""linger_cond"": ""passive_implausible"", ""same_structure_plausible_uid"": ""chen2023/active_passive/13/passive_plausible.none"", ""structure"": ""passive""}"
chen2023,active_passive,13,passive_plausible.none,chen2023/active_passive/13/passive_plausible.none,The hammer was stolen by the electrician.,the hammer was stolen by the electrician .,The hammer was stolen by the electrician.,,291,plausible,,voice,chen2023/active_passive/13/passive_plausible.none,The hammer was stolen by the electrician.,none,,,,,Did the hammer steal something/someone?,No,"{""context_type"": ""none"", ""group"": ""act-pass1"", ""linger_cond"": ""passive_plausible"", ""same_structure_plausible_uid"": ""chen2023/active_passive/13/passive_plausible.none"", ""structure"": ""passive""}"
chen2023,active_passive,14,active_plausible.none,chen2023/active_passive/14/active_plausible.none,The sister closed the window.,the sister closed the window .,The sister closed the window.,,292,plausible,,voice,chen2023/active_passive/14/active_plausible.none,The sister closed the window.,none,,,,,Did the window close something/someone?,No,"{""context_type"": ""none"", ""group"": ""act-pass1"", ""linger_cond"": ""active_plausible"", ""same_structure_plausible_uid"": ""chen2023/active_passive/14/active_plausible.none"", ""structure"": ""active""}"
chen2023,active_passive,14,active_implausible.none,chen2023/active_passive/14/active_implausible.none,The window closed the sister.,the window closed the sister .,The window closed the sister.,,293,implausible,,voice,chen2023/active_passive/14/passive_plausible.none,The window was closed by the sister.,multi,ins;ins,,was,,Did the window close something/someone?,Yes,"{""context_type"": ""none"", ""group"": ""act-pass1"", ""linger_cond"": ""active_implausible"", ""same_structure_plausible_uid"": ""chen2023/active_passive/14/active_plausible.none"", ""structure"": ""active""}"
chen2023,active_passive,14,passive_implausible.none,chen2023/active_passive/14/passive_implausible.none,The sister was closed by the window.,the sister was closed by the window .,The sister was closed by the window.,,294,implausible,,voice,chen2023/active_passive/14/active_plausible.none,The sister closed the window.,multi,del;del,was,,2,Did the window close something/someone?,Yes,"{""context_type"": ""none"", ""group"": ""act-pass1"", ""linger_cond"": ""passive_implausible"", ""same_structure_plausible_uid"": ""chen2023/active_passive/14/passive_plausible.none"", ""structure"": ""passive""}"
chen2023,active_passive,14,passive_plausible.none,chen2023/active_passive/14/passive_plausible.none,The window was closed by the sister.,the window was closed by the sister .,The window was closed by the sister.,,295,plausible,,voice,chen2023/active_passive/14/passive_plausible.none,The window was closed by the sister.,none,,,,,Did the window close something/someone?,No,"{""context_type"": ""none"", ""group"": ""act-pass1"", ""linger_cond"": ""passive_plausible"", ""same_structure_plausible_uid"": ""chen2023/active_passive/14/passive_plausible.none"", ""structure"": ""passive""}"
chen2023,active_passive,15,active_plausible.none,chen2023/active_passive/15/active_plausible.none,The grandson sipped the water.,the grandson sipped the water .,The grandson sipped the water.,,296,plausible,,voice,chen2023/active_passive/15/active_plausible.none,The grandson sipped the water.,none,,,,,Did the water sip something/someone?,No,"{""context_type"": ""none"", ""group"": ""act-pass1"", ""linger_cond"": ""active_plausible"", ""same_structure_plausible_uid"": ""chen2023/active_passive/15/active_plausible.none"", ""structure"": ""active""}"
chen2023,active_passive,15,active_implausible.none,chen2023/active_passive/15/active_implausible.none,The water sipped the grandson.,the water sipped the grandson .,The water sipped the grandson.,,297,implausible,,voice,chen2023/active_passive/15/passive_plausible.none,The water was sipped by the grandson.,multi,ins;ins,,was,,Did the water sip something/someone?,Yes,"{""context_type"": ""none"", ""group"": ""act-pass1"", ""linger_cond"": ""active_implausible"", ""same_structure_plausible_uid"": ""chen2023/active_passive/15/active_plausible.none"", ""structure"": ""active""}"
chen2023,active_passive,15,passive_implausible.none,chen2023/active_passive/15/passive_implausible.none,The grandson was sipped by the water.,the grandson was sipped by the water .,The grandson was sipped by the water.,,298,implausible,,voice,chen2023/active_passive/15/active_plausible.none,The grandson sipped the water.,multi,del;del,was,,2,Did the water sip something/someone?,Yes,"{""context_type"": ""none"", ""group"": ""act-pass1"", ""linger_cond"": ""passive_implausible"", ""same_structure_plausible_uid"": ""chen2023/active_passive/15/passive_plausible.none"", ""structure"": ""passive""}"
chen2023,active_passive,15,passive_plausible.none,chen2023/active_passive/15/passive_plausible.none,The water was sipped by the grandson.,the water was sipped by the grandson .,The water was sipped by the grandson.,,299,plausible,,voice,chen2023/active_passive/15/passive_plausible.none,The water was sipped by the grandson.,none,,,,,Did the water sip something/someone?,No,"{""context_type"": ""none"", ""group"": ""act-pass1"", ""linger_cond"": ""passive_plausible"", ""same_structure_plausible_uid"": ""chen2023/active_passive/15/passive_plausible.none"", ""structure"": ""passive""}"
chen2023,active_passive,16,active_plausible.none,chen2023/active_passive/16/active_plausible.none,The granddaughter boarded the train.,the granddaughter boarded the train .,The granddaughter boarded the train.,,300,plausible,,voice,chen2023/active_passive/16/active_plausible.none,The granddaughter boarded the train.,none,,,,,Did the granddaughter board something/someone?,Yes,"{""context_type"": ""none"", ""group"": ""act-pass1"", ""linger_cond"": ""active_plausible"", ""same_structure_plausible_uid"": ""chen2023/active_passive/16/active_plausible.none"", ""structure"": ""active""}"
chen2023,active_passive,16,active_implausible.none,chen2023/active_passive/16/active_implausible.none,The train boarded the granddaughter.,the train boarded the granddaughter .,The train boarded the granddaughter.,,301,implausible,,voice,chen2023/active_passive/16/passive_plausible.none,The train was boarded by the granddaughter.,multi,ins;ins,,was,,Did the granddaughter board something/someone?,No,"{""context_type"": ""none"", ""group"": ""act-pass1"", ""linger_cond"": ""active_implausible"", ""same_structure_plausible_uid"": ""chen2023/active_passive/16/active_plausible.none"", ""structure"": ""active""}"
chen2023,active_passive,16,passive_implausible.none,chen2023/active_passive/16/passive_implausible.none,The granddaughter was boarded by the train.,the granddaughter was boarded by the train .,The granddaughter was boarded by the train.,,302,implausible,,voice,chen2023/active_passive/16/active_plausible.none,The granddaughter boarded the train.,multi,del;del,was,,2,Did the granddaughter board something/someone?,No,"{""context_type"": ""none"", ""group"": ""act-pass1"", ""linger_cond"": ""passive_implausible"", ""same_structure_plausible_uid"": ""chen2023/active_passive/16/passive_plausible.none"", ""structure"": ""passive""}"
chen2023,active_passive,16,passive_plausible.none,chen2023/active_passive/16/passive_plausible.none,The train was boarded by the granddaughter.,the train was boarded by the granddaughter .,The train was boarded by the granddaughter.,,303,plausible,,voice,chen2023/active_passive/16/passive_plausible.none,The train was boarded by the granddaughter.,none,,,,,Did the granddaughter board something/someone?,Yes,"{""context_type"": ""none"", ""group"": ""act-pass1"", ""linger_cond"": ""passive_plausible"", ""same_structure_plausible_uid"": ""chen2023/active_passive/16/passive_plausible.none"", ""structure"": ""passive""}"
chen2023,active_passive,17,active_plausible.none,chen2023/active_passive/17/active_plausible.none,The aunt purchased the book.,the aunt purchased the book .,The aunt purchased the book.,,304,plausible,,voice,chen2023/active_passive/17/active_plausible.none,The aunt purchased the book.,none,,,,,Did the aunt purchase something/someone?,Yes,"{""context_type"": ""none"", ""group"": ""act-pass1"", ""linger_cond"": ""active_plausible"", ""same_structure_plausible_uid"": ""chen2023/active_passive/17/active_plausible.none"", ""structure"": ""active""}"
chen2023,active_passive,17,active_implausible.none,chen2023/active_passive/17/active_implausible.none,The book purchased the aunt.,the book purchased the aunt .,The book purchased the aunt.,,305,implausible,,voice,chen2023/active_passive/17/passive_plausible.none,The book was purchased by the aunt.,multi,ins;ins,,was,,Did the aunt purchase something/someone?,No,"{""context_type"": ""none"", ""group"": ""act-pass1"", ""linger_cond"": ""active_implausible"", ""same_structure_plausible_uid"": ""chen2023/active_passive/17/active_plausible.none"", ""structure"": ""active""}"
chen2023,active_passive,17,passive_implausible.none,chen2023/active_passive/17/passive_implausible.none,The aunt was purchased by the book.,the aunt was purchased by the book .,The aunt was purchased by the book.,,306,implausible,,voice,chen2023/active_passive/17/active_plausible.none,The aunt purchased the book.,multi,del;del,was,,2,Did the aunt purchase something/someone?,No,"{""context_type"": ""none"", ""group"": ""act-pass1"", ""linger_cond"": ""passive_implausible"", ""same_structure_plausible_uid"": ""chen2023/active_passive/17/passive_plausible.none"", ""structure"": ""passive""}"
chen2023,active_passive,17,passive_plausible.none,chen2023/active_passive/17/passive_plausible.none,The book was purchased by the aunt.,the book was purchased by the aunt .,The book was purchased by the aunt.,,307,plausible,,voice,chen2023/active_passive/17/passive_plausible.none,The book was purchased by the aunt.,none,,,,,Did the aunt purchase something/someone?,Yes,"{""context_type"": ""none"", ""group"": ""act-pass1"", ""linger_cond"": ""passive_plausible"", ""same_structure_plausible_uid"": ""chen2023/active_passive/17/passive_plausible.none"", ""structure"": ""passive""}"
chen2023,active_passive,18,active_plausible.none,chen2023/active_passive/18/active_plausible.none,The uncle sailed the boat.,the uncle sailed the boat .,The uncle sailed the boat.,,308,plausible,,voice,chen2023/active_passive/18/active_plausible.none,The uncle sailed the boat.,none,,,,,Did the uncle sail something/someone?,Yes,"{""context_type"": ""none"", ""group"": ""act-pass1"", ""linger_cond"": ""active_plausible"", ""same_structure_plausible_uid"": ""chen2023/active_passive/18/active_plausible.none"", ""structure"": ""active""}"
chen2023,active_passive,18,active_implausible.none,chen2023/active_passive/18/active_implausible.none,The boat sailed the uncle.,the boat sailed the uncle .,The boat sailed the uncle.,,309,implausible,,voice,chen2023/active_passive/18/passive_plausible.none,The boat was sailed by the uncle.,multi,ins;ins,,was,,Did the uncle sail something/someone?,No,"{""context_type"": ""none"", ""group"": ""act-pass1"", ""linger_cond"": ""active_implausible"", ""same_structure_plausible_uid"": ""chen2023/active_passive/18/active_plausible.none"", ""structure"": ""active""}"
chen2023,active_passive,18,passive_implausible.none,chen2023/active_passive/18/passive_implausible.none,The uncle was sailed by the boat.,the uncle was sailed by the boat .,The uncle was sailed by the boat.,,310,implausible,,voice,chen2023/active_passive/18/active_plausible.none,The uncle sailed the boat.,multi,del;del,was,,2,Did the uncle sail something/someone?,No,"{""context_type"": ""none"", ""group"": ""act-pass1"", ""linger_cond"": ""passive_implausible"", ""same_structure_plausible_uid"": ""chen2023/active_passive/18/passive_plausible.none"", ""structure"": ""passive""}"
chen2023,active_passive,18,passive_plausible.none,chen2023/active_passive/18/passive_plausible.none,The boat was sailed by the uncle.,the boat was sailed by the uncle .,The boat was sailed by the uncle.,,311,plausible,,voice,chen2023/active_passive/18/passive_plausible.none,The boat was sailed by the uncle.,none,,,,,Did the uncle sail something/someone?,Yes,"{""context_type"": ""none"", ""group"": ""act-pass1"", ""linger_cond"": ""passive_plausible"", ""same_structure_plausible_uid"": ""chen2023/active_passive/18/passive_plausible.none"", ""structure"": ""passive""}"
chen2023,active_passive,19,active_plausible.none,chen2023/active_passive/19/active_plausible.none,The wife lit the candle.,the wife lit the candle .,The wife lit the candle.,,312,plausible,,voice,chen2023/active_passive/19/active_plausible.none,The wife lit the candle.,none,,,,,Did the wife light something/someone?,Yes,"{""context_type"": ""none"", ""group"": ""act-pass1"", ""linger_cond"": ""active_plausible"", ""same_structure_plausible_uid"": ""chen2023/active_passive/19/active_plausible.none"", ""structure"": ""active""}"
chen2023,active_passive,19,active_implausible.none,chen2023/active_passive/19/active_implausible.none,The candle lit the wife.,the candle lit the wife .,The candle lit the wife.,,313,implausible,,voice,chen2023/active_passive/19/passive_plausible.none,The candle was lit by the wife.,multi,ins;ins,,was,,Did the wife light something/someone?,No,"{""context_type"": ""none"", ""group"": ""act-pass1"", ""linger_cond"": ""active_implausible"", ""same_structure_plausible_uid"": ""chen2023/active_passive/19/active_plausible.none"", ""structure"": ""active""}"
chen2023,active_passive,19,passive_implausible.none,chen2023/active_passive/19/passive_implausible.none,The wife was lit by the candle.,the wife was lit by the candle .,The wife was lit by the candle.,,314,implausible,,voice,chen2023/active_passive/19/active_plausible.none,The wife lit the candle.,multi,del;del,was,,2,Did the wife light something/someone?,No,"{""context_type"": ""none"", ""group"": ""act-pass1"", ""linger_cond"": ""passive_implausible"", ""same_structure_plausible_uid"": ""chen2023/active_passive/19/passive_plausible.none"", ""structure"": ""passive""}"
chen2023,active_passive,19,passive_plausible.none,chen2023/active_passive/19/passive_plausible.none,The candle was lit by the wife.,the candle was lit by the wife .,The candle was lit by the wife.,,315,plausible,,voice,chen2023/active_passive/19/passive_plausible.none,The candle was lit by the wife.,none,,,,,Did the wife light something/someone?,Yes,"{""context_type"": ""none"", ""group"": ""act-pass1"", ""linger_cond"": ""passive_plausible"", ""same_structure_plausible_uid"": ""chen2023/active_passive/19/passive_plausible.none"", ""structure"": ""passive""}"
chen2023,active_passive,20,active_plausible.none,chen2023/active_passive/20/active_plausible.none,The husband wrote the letter.,the husband wrote the letter .,The husband wrote the letter.,,316,plausible,,voice,chen2023/active_passive/20/active_plausible.none,The husband wrote the letter.,none,,,,,Did the husband write something/someone?,Yes,"{""context_type"": ""none"", ""group"": ""act-pass1"", ""linger_cond"": ""active_plausible"", ""same_structure_plausible_uid"": ""chen2023/active_passive/20/active_plausible.none"", ""structure"": ""active""}"
chen2023,active_passive,20,active_implausible.none,chen2023/active_passive/20/active_implausible.none,The letter wrote the husband.,the letter wrote the husband .,The letter wrote the husband.,,317,implausible,,voice,chen2023/active_passive/20/passive_plausible.none,The letter was written by the husband.,sub,sub,wrote,was written by,2,Did the husband write something/someone?,No,"{""context_type"": ""none"", ""group"": ""act-pass1"", ""linger_cond"": ""active_implausible"", ""same_structure_plausible_uid"": ""chen2023/active_passive/20/active_plausible.none"", ""structure"": ""active""}"
chen2023,active_passive,20,passive_implausible.none,chen2023/active_passive/20/passive_implausible.none,The husband was written by the letter.,the husband was written by the letter .,The husband was written by the letter.,,318,implausible,,voice,chen2023/active_passive/20/active_plausible.none,The husband wrote the letter.,sub,sub,was written by,wrote,2,Did the husband write something/someone?,No,"{""context_type"": ""none"", ""group"": ""act-pass1"", ""linger_cond"": ""passive_implausible"", ""same_structure_plausible_uid"": ""chen2023/active_passive/20/passive_plausible.none"", ""structure"": ""passive""}"
chen2023,active_passive,20,passive_plausible.none,chen2023/active_passive/20/passive_plausible.none,The letter was written by the husband.,the letter was written by the husband .,The letter was written by the husband.,,319,plausible,,voice,chen2023/active_passive/20/passive_plausible.none,The letter was written by the husband.,none,,,,,Did the husband write something/someone?,Yes,"{""context_type"": ""none"", ""group"": ""act-pass1"", ""linger_cond"": ""passive_plausible"", ""same_structure_plausible_uid"": ""chen2023/active_passive/20/passive_plausible.none"", ""structure"": ""passive""}"
chen2023,active_passive,1,active_plausible.supportive,chen2023/active_passive/1/active_plausible.supportive,The girl kicked the ball.,the girl kicked the ball .,The girl kicked the ball.,"The girl loves playing soccer. During the game, someone passed the ball to the girl.",320,plausible,,voice,chen2023/active_passive/1/active_plausible.supportive,The girl kicked the ball.,none,,,,,Did the girl kick something/someone?,Yes,"{""context_type"": ""supportive"", ""group"": ""act-pass1"", ""linger_cond"": ""active_plausible"", ""same_structure_plausible_uid"": ""chen2023/active_passive/1/active_plausible.supportive"", ""structure"": ""active""}"
chen2023,active_passive,1,active_implausible.supportive,chen2023/active_passive/1/active_implausible.supportive,The ball kicked the girl.,the ball kicked the girl .,The ball kicked the girl.,"The girl loves playing soccer. During the game, someone passed the ball to the girl.",321,implausible,,voice,chen2023/active_passive/1/passive_plausible.supportive,The ball was kicked by the girl.,multi,ins;ins,,was,,Did the girl kick something/someone?,No,"{""context_type"": ""supportive"", ""group"": ""act-pass1"", ""linger_cond"": ""active_implausible"", ""same_structure_plausible_uid"": ""chen2023/active_passive/1/active_plausible.supportive"", ""structure"": ""active""}"
chen2023,active_passive,1,passive_implausible.supportive,chen2023/active_passive/1/passive_implausible.supportive,The girl was kicked by the ball.,the girl was kicked by the ball .,The girl was kicked by the ball.,"The girl loves playing soccer. During the game, someone passed the ball to the girl.",322,implausible,,voice,chen2023/active_passive/1/active_plausible.supportive,The girl kicked the ball.,multi,del;del,was,,2,Did the girl kick something/someone?,No,"{""context_type"": ""supportive"", ""group"": ""act-pass1"", ""linger_cond"": ""passive_implausible"", ""same_structure_plausible_uid"": ""chen2023/active_passive/1/passive_plausible.supportive"", ""structure"": ""passive""}"
chen2023,active_passive,1,passive_plausible.supportive,chen2023/active_passive/1/passive_plausible.supportive,The ball was kicked by the girl.,the ball was kicked by the girl .,The ball was kicked by the girl.,"The girl loves playing soccer. During the game, someone passed the ball to the girl.",323,plausible,,voice,chen2023/active_passive/1/passive_plausible.supportive,The ball was kicked by the girl.,none,,,,,Did the girl kick something/someone?,Yes,"{""context_type"": ""supportive"", ""group"": ""act-pass1"", ""linger_cond"": ""passive_plausible"", ""same_structure_plausible_uid"": ""chen2023/active_passive/1/passive_plausible.supportive"", ""structure"": ""passive""}"
chen2023,active_passive,2,active_plausible.supportive,chen2023/active_passive/2/active_plausible.supportive,The plumber bought the watch.,the plumber bought the watch .,The plumber bought the watch.,"The plumber was looking for a new watch. In the store, the plumber found a very nice watch that was on sale.",324,plausible,,voice,chen2023/active_passive/2/active_plausible.supportive,The plumber bought the watch.,none,,,,,Did the plumber buy something/someone?,Yes,"{""context_type"": ""supportive"", ""group"": ""act-pass1"", ""linger_cond"": ""active_plausible"", ""same_structure_plausible_uid"": ""chen2023/active_passive/2/active_plausible.supportive"", ""structure"": ""active""}"
chen2023,active_passive,2,active_implausible.supportive,chen2023/active_passive/2/active_implausible.supportive,The watch bought the plumber.,the watch bought the plumber .,The watch bought the plumber.,"The plumber was looking for a new watch. In the store, the plumber found a very nice watch that was on sale.",325,implausible,,voice,chen2023/active_passive/2/passive_plausible.supportive,The watch was bought by the plumber.,multi,ins;ins,,was,,Did the plumber buy something/someone?,No,"{""context_type"": ""supportive"", ""group"": ""act-pass1"", ""linger_cond"": ""active_implausible"", ""same_structure_plausible_uid"": ""chen2023/active_passive/2/active_plausible.supportive"", ""structure"": ""active""}"
chen2023,active_passive,2,passive_implausible.supportive,chen2023/active_passive/2/passive_implausible.supportive,The plumber was bought by the watch.,the plumber was bought by the watch .,The plumber was bought by the watch.,"The plumber was looking for a new watch. In the store, the plumber found a very nice watch that was on sale.",326,implausible,,voice,chen2023/active_passive/2/active_plausible.supportive,The plumber bought the watch.,multi,del;del,was,,2,Did the plumber buy something/someone?,No,"{""context_type"": ""supportive"", ""group"": ""act-pass1"", ""linger_cond"": ""passive_implausible"", ""same_structure_plausible_uid"": ""chen2023/active_passive/2/passive_plausible.supportive"", ""structure"": ""passive""}"
chen2023,active_passive,2,passive_plausible.supportive,chen2023/active_passive/2/passive_plausible.supportive,The watch was bought by the plumber.,the watch was bought by the plumber .,The watch was bought by the plumber.,"The plumber was looking for a new watch. In the store, the plumber found a very nice watch that was on sale.",327,plausible,,voice,chen2023/active_passive/2/passive_plausible.supportive,The watch was bought by the plumber.,none,,,,,Did the plumber buy something/someone?,Yes,"{""context_type"": ""supportive"", ""group"": ""act-pass1"", ""linger_cond"": ""passive_plausible"", ""same_structure_plausible_uid"": ""chen2023/active_passive/2/passive_plausible.supportive"", ""structure"": ""passive""}"
chen2023,active_passive,3,active_plausible.supportive,chen2023/active_passive/3/active_plausible.supportive,The man drove the truck.,the man drove the truck .,The man drove the truck.,The truck was parked in the driveway. The man found the keys to the truck.,328,plausible,,voice,chen2023/active_passive/3/active_plausible.supportive,The man drove the truck.,none,,,,,Did the man drive something/someone?,Yes,"{""context_type"": ""supportive"", ""group"": ""act-pass1"", ""linger_cond"": ""active_plausible"", ""same_structure_plausible_uid"": ""chen2023/active_passive/3/active_plausible.supportive"", ""structure"": ""active""}"
chen2023,active_passive,3,active_implausible.supportive,chen2023/active_passive/3/active_implausible.supportive,The truck drove the man.,the truck drove the man .,The truck drove the man.,The truck was parked in the driveway. The man found the keys to the truck.,329,implausible,,voice,chen2023/active_passive/3/passive_plausible.supportive,The truck was driven by the man.,sub,sub,drove,was driven by,2,Did the man drive something/someone?,No,"{""context_type"": ""supportive"", ""group"": ""act-pass1"", ""linger_cond"": ""active_implausible"", ""same_structure_plausible_uid"": ""chen2023/active_passive/3/active_plausible.supportive"", ""structure"": ""active""}"
chen2023,active_passive,3,passive_implausible.supportive,chen2023/active_passive/3/passive_implausible.supportive,The man was driven by the truck.,the man was driven by the truck .,The man was driven by the truck.,The truck was parked in the driveway. The man found the keys to the truck.,330,implausible,,voice,chen2023/active_passive/3/active_plausible.supportive,The man drove the truck.,sub,sub,was driven by,drove,2,Did the man drive something/someone?,No,"{""context_type"": ""supportive"", ""group"": ""act-pass1"", ""linger_cond"": ""passive_implausible"", ""same_structure_plausible_uid"": ""chen2023/active_passive/3/passive_plausible.supportive"", ""structure"": ""passive""}"
chen2023,active_passive,3,passive_plausible.supportive,chen2023/active_passive/3/passive_plausible.supportive,The truck was driven by the man.,the truck was driven by the man .,The truck was driven by the man.,The truck was parked in the driveway. The man found the keys to the truck.,331,plausible,,voice,chen2023/active_passive/3/passive_plausible.supportive,The truck was driven by the man.,none,,,,,Did the man drive something/someone?,Yes,"{""context_type"": ""supportive"", ""group"": ""act-pass1"", ""linger_cond"": ""passive_plausible"", ""same_structure_plausible_uid"": ""chen2023/active_passive/3/passive_plausible.supportive"", ""structure"": ""passive""}"
chen2023,active_passive,4,active_plausible.supportive,chen2023/active_passive/4/active_plausible.supportive,The secretary licked the stamp.,the secretary licked the stamp .,The secretary licked the stamp.,"The stamp was stuck on the envelope. In order for the stamp to be sticky, someone had to lick the stamp.",332,plausible,,voice,chen2023/active_passive/4/active_plausible.supportive,The secretary licked the stamp.,none,,,,,Did the secretary lick something/someone?,Yes,"{""context_type"": ""supportive"", ""group"": ""act-pass1"", ""linger_cond"": ""active_plausible"", ""same_structure_plausible_uid"": ""chen2023/active_passive/4/active_plausible.supportive"", ""structure"": ""active""}"
chen2023,active_passive,4,active_implausible.supportive,chen2023/active_passive/4/active_implausible.supportive,The stamp licked the secretary.,the stamp licked the secretary .,The stamp licked the secretary.,"The stamp was stuck on the envelope. In order for the stamp to be sticky, someone had to lick the stamp.",333,implausible,,voice,chen2023/active_passive/4/passive_plausible.supportive,The stamp was licked by the secretary.,multi,ins;ins,,was,,Did the secretary lick something/someone?,No,"{""context_type"": ""supportive"", ""group"": ""act-pass1"", ""linger_cond"": ""active_implausible"", ""same_structure_plausible_uid"": ""chen2023/active_passive/4/active_plausible.supportive"", ""structure"": ""active""}"
chen2023,active_passive,4,passive_implausible.supportive,chen2023/active_passive/4/passive_implausible.supportive,The secretary was licked by the stamp.,the secretary was licked by the stamp .,The secretary was licked by the stamp.,"The stamp was stuck on the envelope. In order for the stamp to be sticky, someone had to lick the stamp.",334,implausible,,voice,chen2023/active_passive/4/active_plausible.supportive,The secretary licked the stamp.,multi,del;del,was,,2,Did the secretary lick something/someone?,No,"{""context_type"": ""supportive"", ""group"": ""act-pass1"", ""linger_cond"": ""passive_implausible"", ""same_structure_plausible_uid"": ""chen2023/active_passive/4/passive_plausible.supportive"", ""structure"": ""passive""}"
chen2023,active_passive,4,passive_plausible.supportive,chen2023/active_passive/4/passive_plausible.supportive,The stamp was licked by the secretary.,the stamp was licked by the secretary .,The stamp was licked by the secretary.,"The stamp was stuck on the envelope. In order for the stamp to be sticky, someone had to lick the stamp.",335,plausible,,voice,chen2023/active_passive/4/passive_plausible.supportive,The stamp was licked by the secretary.,none,,,,,Did the secretary lick something/someone?,Yes,"{""context_type"": ""supportive"", ""group"": ""act-pass1"", ""linger_cond"": ""passive_plausible"", ""same_structure_plausible_uid"": ""chen2023/active_passive/4/passive_plausible.supportive"", ""structure"": ""passive""}"
chen2023,active_passive,5,active_plausible.supportive,chen2023/active_passive/5/active_plausible.supportive,The mother set the table.,the mother set the table .,The mother set the table.,The table had to be prepared for dinner. The daughter found the silverware.,336,plausible,,voice,chen2023/active_passive/5/active_plausible.supportive,The mother set the table.,none,,,,,Did the mother set something/someone?,Yes,"{""context_type"": ""supportive"", ""group"": ""act-pass1"", ""linger_cond"": ""active_plausible"", ""same_structure_plausible_uid"": ""chen2023/active_passive/5/active_plausible.supportive"", ""structure"": ""active""}"
chen2023,active_passive,5,active_implausible.supportive,chen2023/active_passive/5/active_implausible.supportive,The table set the mother.,the table set the mother .,The table set the mother.,The table had to be prepared for dinner. The daughter found the silverware.,337,implausible,,voice,chen2023/active_passive/5/passive_plausible.supportive,The table was set by the mother.,multi,ins;ins,,was,,Did the mother set something/someone?,No,"{""context_type"": ""supportive"", ""group"": ""act-pass1"", ""linger_cond"": ""active_implausible"", ""same_structure_plausible_uid"": ""chen2023/active_passive/5/active_plausible.supportive"", ""structure"": ""active""}"
chen2023,active_passive,5,passive_implausible.supportive,chen2023/active_passive/5/passive_implausible.supportive,The mother was set by the table.,the mother was set by the table .,The mother was set by the table.,The table had to be prepared for dinner. The daughter found the silverware.,338,implausible,,voice,chen2023/active_passive/5/active_plausible.supportive,The mother set the table.,multi,del;del,was,,2,Did the mother set something/someone?,No,"{""context_type"": ""supportive"", ""group"": ""act-pass1"", ""linger_cond"": ""passive_implausible"", ""same_structure_plausible_uid"": ""chen2023/active_passive/5/passive_plausible.supportive"", ""structure"": ""passive""}"
chen2023,active_passive,5,passive_plausible.supportive,chen2023/active_passive/5/passive_plausible.supportive,The table was set by the mother.,the table was set by the mother .,The table was set by the mother.,The table had to be prepared for dinner. The daughter found the silverware.,339,plausible,,voice,chen2023/active_passive/5/passive_plausible.supportive,The table was set by the mother.,none,,,,,Did the mother set something/someone?,Yes,"{""context_type"": ""supportive"", ""group"": ""act-pass1"", ""linger_cond"": ""passive_plausible"", ""same_structure_plausible_uid"": ""chen2023/active_passive/5/passive_plausible.supportive"", ""structure"": ""passive""}"
chen2023,active_passive,6,active_plausible.supportive,chen2023/active_passive/6/active_plausible.supportive,The daughter folded the blanket.,the daughter folded the blanket .,The daughter folded the blanket.,The blanket had been thrown carelessly on the couch. The daughter noticed the blanket and wanted to tidy the room.,340,plausible,,voice,chen2023/active_passive/6/active_plausible.supportive,The daughter folded the blanket.,none,,,,,Did the blanket fold something/someone?,No,"{""context_type"": ""supportive"", ""group"": ""act-pass1"", ""linger_cond"": ""active_plausible"", ""same_structure_plausible_uid"": ""chen2023/active_passive/6/active_plausible.supportive"", ""structure"": ""active""}"
chen2023,active_passive,6,active_implausible.supportive,chen2023/active_passive/6/active_implausible.supportive,The blanket folded the daughter.,the blanket folded the daughter .,The blanket folded the daughter.,The blanket had been thrown carelessly on the couch. The daughter noticed the blanket and wanted to tidy the room.,341,implausible,,voice,chen2023/active_passive/6/passive_plausible.supportive,The blanket was folded by the daughter.,multi,ins;ins,,was,,Did the blanket fold something/someone?,Yes,"{""context_type"": ""supportive"", ""group"": ""act-pass1"", ""linger_cond"": ""active_implausible"", ""same_structure_plausible_uid"": ""chen2023/active_passive/6/active_plausible.supportive"", ""structure"": ""active""}"
chen2023,active_passive,6,passive_implausible.supportive,chen2023/active_passive/6/passive_implausible.supportive,The daughter was folded by the blanket.,the daughter was folded by the blanket .,The daughter was folded by the blanket.,The blanket had been thrown carelessly on the couch. The daughter noticed the blanket and wanted to tidy the room.,342,implausible,,voice,chen2023/active_passive/6/active_plausible.supportive,The daughter folded the blanket.,multi,del;del,was,,2,Did the blanket fold something/someone?,Yes,"{""context_type"": ""supportive"", ""group"": ""act-pass1"", ""linger_cond"": ""passive_implausible"", ""same_structure_plausible_uid"": ""chen2023/active_passive/6/passive_plausible.supportive"", ""structure"": ""passive""}"
chen2023,active_passive,6,passive_plausible.supportive,chen2023/active_passive/6/passive_plausible.supportive,The blanket was folded by the daughter.,the blanket was folded by the daughter .,The blanket was folded by the daughter.,The blanket had been thrown carelessly on the couch. The daughter noticed the blanket and wanted to tidy the room.,343,plausible,,voice,chen2023/active_passive/6/passive_plausible.supportive,The blanket was folded by the daughter.,none,,,,,Did the blanket fold something/someone?,No,"{""context_type"": ""supportive"", ""group"": ""act-pass1"", ""linger_cond"": ""passive_plausible"", ""same_structure_plausible_uid"": ""chen2023/active_passive/6/passive_plausible.supportive"", ""structure"": ""passive""}"
chen2023,active_passive,7,active_plausible.supportive,chen2023/active_passive/7/active_plausible.supportive,The father sharpened the saw.,the father sharpened the saw .,The father sharpened the saw.,The father needed the saw to cut the wood. The saw was too dull to cut through the wood.,344,plausible,,voice,chen2023/active_passive/7/active_plausible.supportive,The father sharpened the saw.,none,,,,,Did the saw sharpen something/someone?,No,"{""context_type"": ""supportive"", ""group"": ""act-pass1"", ""linger_cond"": ""active_plausible"", ""same_structure_plausible_uid"": ""chen2023/active_passive/7/active_plausible.supportive"", ""structure"": ""active""}"
chen2023,active_passive,7,active_implausible.supportive,chen2023/active_passive/7/active_implausible.supportive,The saw sharpened the father.,the saw sharpened the father .,The saw sharpened the father.,The father needed the saw to cut the wood. The saw was too dull to cut through the wood.,345,implausible,,voice,chen2023/active_passive/7/passive_plausible.supportive,The saw was sharpened by the father.,multi,ins;ins,,was,,Did the saw sharpen something/someone?,Yes,"{""context_type"": ""supportive"", ""group"": ""act-pass1"", ""linger_cond"": ""active_implausible"", ""same_structure_plausible_uid"": ""chen2023/active_passive/7/active_plausible.supportive"", ""structure"": ""active""}"
chen2023,active_passive,7,passive_implausible.supportive,chen2023/active_passive/7/passive_implausible.supportive,The father was sharpened by the saw.,the father was sharpened by the saw .,The father was sharpened by the saw.,The father needed the saw to cut the wood. The saw was too dull to cut through the wood.,346,implausible,,voice,chen2023/active_passive/7/active_plausible.supportive,The father sharpened the saw.,multi,del;del,was,,2,Did the saw sharpen something/someone?,Yes,"{""context_type"": ""supportive"", ""group"": ""act-pass1"", ""linger_cond"": ""passive_implausible"", ""same_structure_plausible_uid"": ""chen2023/active_passive/7/passive_plausible.supportive"", ""structure"": ""passive""}"
chen2023,active_passive,7,passive_plausible.supportive,chen2023/active_passive/7/passive_plausible.supportive,The saw was sharpened by the father.,the saw was sharpened by the father .,The saw was sharpened by the father.,The father needed the saw to cut the wood. The saw was too dull to cut through the wood.,347,plausible,,voice,chen2023/active_passive/7/passive_plausible.supportive,The saw was sharpened by the father.,none,,,,,Did the saw sharpen something/someone?,No,"{""context_type"": ""supportive"", ""group"": ""act-pass1"", ""linger_cond"": ""passive_plausible"", ""same_structure_plausible_uid"": ""chen2023/active_passive/7/passive_plausible.supportive"", ""structure"": ""passive""}"
chen2023,active_passive,8,active_plausible.supportive,chen2023/active_passive/8/active_plausible.supportive,The niece opened the door.,the niece opened the door .,The niece opened the door.,Someone rang the doorbell. The niece went to see who was at the door.,348,plausible,,voice,chen2023/active_passive/8/active_plausible.supportive,The niece opened the door.,none,,,,,Did the door open something/someone?,No,"{""context_type"": ""supportive"", ""group"": ""act-pass1"", ""linger_cond"": ""active_plausible"", ""same_structure_plausible_uid"": ""chen2023/active_passive/8/active_plausible.supportive"", ""structure"": ""active""}"
chen2023,active_passive,8,active_implausible.supportive,chen2023/active_passive/8/active_implausible.supportive,The door opened the niece.,the door opened the niece .,The door opened the niece.,Someone rang the doorbell. The niece went to see who was at the door.,349,implausible,,voice,chen2023/active_passive/8/passive_plausible.supportive,The door was opened by the niece.,multi,ins;ins,,was,,Did the door open something/someone?,Yes,"{""context_type"": ""supportive"", ""group"": ""act-pass1"", ""linger_cond"": ""active_implausible"", ""same_structure_plausible_uid"": ""chen2023/active_passive/8/active_plausible.supportive"", ""structure"": ""active""}"
chen2023,active_passive,8,passive_implausible.supportive,chen2023/active_passive/8/passive_implausible.supportive,The niece was opened by the door.,the niece was opened by the door .,The niece was opened by the door.,Someone rang the doorbell. The niece went to see who was at the door.,350,implausible,,voice,chen2023/active_passive/8/active_plausible.supportive,The niece opened the door.,multi,del;del,was,,2,Did the door open something/someone?,Yes,"{""context_type"": ""supportive"", ""group"": ""act-pass1"", ""linger_cond"": ""passive_implausible"", ""same_structure_plausible_uid"": ""chen2023/active_passive/8/passive_plausible.supportive"", ""structure"": ""passive""}"
chen2023,active_passive,8,passive_plausible.supportive,chen2023/active_passive/8/passive_plausible.supportive,The door was opened by the niece.,the door was opened by the niece .,The door was opened by the niece.,Someone rang the doorbell. The niece went to see who was at the door.,351,plausible,,voice,chen2023/active_passive/8/passive_plausible.supportive,The door was opened by the niece.,none,,,,,Did the door open something/someone?,No,"{""context_type"": ""supportive"", ""group"": ""act-pass1"", ""linger_cond"": ""passive_plausible"", ""same_structure_plausible_uid"": ""chen2023/active_passive/8/passive_plausible.supportive"", ""structure"": ""passive""}"
chen2023,active_passive,9,active_plausible.supportive,chen2023/active_passive/9/active_plausible.supportive,The boy ate the pizza.,the boy ate the pizza .,The boy ate the pizza.,The boy ordered a pizza at the restaurant. The pizza was cooked by a chef.,352,plausible,,voice,chen2023/active_passive/9/active_plausible.supportive,The boy ate the pizza.,none,,,,,Did the pizza eat something/someone?,No,"{""context_type"": ""supportive"", ""group"": ""act-pass1"", ""linger_cond"": ""active_plausible"", ""same_structure_plausible_uid"": ""chen2023/active_passive/9/active_plausible.supportive"", ""structure"": ""active""}"
chen2023,active_passive,9,active_implausible.supportive,chen2023/active_passive/9/active_implausible.supportive,The pizza ate the boy.,the pizza ate the boy .,The pizza ate the boy.,The boy ordered a pizza at the restaurant. The pizza was cooked by a chef.,353,implausible,,voice,chen2023/active_passive/9/passive_plausible.supportive,The pizza was eaten by the boy.,sub,sub,ate,was eaten by,2,Did the pizza eat something/someone?,Yes,"{""context_type"": ""supportive"", ""group"": ""act-pass1"", ""linger_cond"": ""active_implausible"", ""same_structure_plausible_uid"": ""chen2023/active_passive/9/active_plausible.supportive"", ""structure"": ""active""}"
chen2023,active_passive,9,passive_implausible.supportive,chen2023/active_passive/9/passive_implausible.supportive,The boy was eaten by the pizza.,the boy was eaten by the pizza .,The boy was eaten by the pizza.,The boy ordered a pizza at the restaurant. The pizza was cooked by a chef.,354,implausible,,voice,chen2023/active_passive/9/active_plausible.supportive,The boy ate the pizza.,sub,sub,was eaten by,ate,2,Did the pizza eat something/someone?,Yes,"{""context_type"": ""supportive"", ""group"": ""act-pass1"", ""linger_cond"": ""passive_implausible"", ""same_structure_plausible_uid"": ""chen2023/active_passive/9/passive_plausible.supportive"", ""structure"": ""passive""}"
chen2023,active_passive,9,passive_plausible.supportive,chen2023/active_passive/9/passive_plausible.supportive,The pizza was eaten by the boy.,the pizza was eaten by the boy .,The pizza was eaten by the boy.,The boy ordered a pizza at the restaurant. The pizza was cooked by a chef.,355,plausible,,voice,chen2023/active_passive/9/passive_plausible.supportive,The pizza was eaten by the boy.,none,,,,,Did the pizza eat something/someone?,No,"{""context_type"": ""supportive"", ""group"": ""act-pass1"", ""linger_cond"": ""passive_plausible"", ""same_structure_plausible_uid"": ""chen2023/active_passive/9/passive_plausible.supportive"", ""structure"": ""passive""}"
chen2023,active_passive,10,active_plausible.supportive,chen2023/active_passive/10/active_plausible.supportive,The grandfather broke the bowl.,the grandfather broke the bowl .,The grandfather broke the bowl.,"The bowl was on the top shelf. The grandfather tried to retrieve the bowl, but the bowl slipped.",356,plausible,,voice,chen2023/active_passive/10/active_plausible.supportive,The grandfather broke the bowl.,none,,,,,Did the bowl break something/someone?,No,"{""context_type"": ""supportive"", ""group"": ""act-pass1"", ""linger_cond"": ""active_plausible"", ""same_structure_plausible_uid"": ""chen2023/active_passive/10/active_plausible.supportive"", ""structure"": ""active""}"
chen2023,active_passive,10,active_implausible.supportive,chen2023/active_passive/10/active_implausible.supportive,The bowl broke the grandfather.,the bowl broke the grandfather .,The bowl broke the grandfather.,"The bowl was on the top shelf. The grandfather tried to retrieve the bowl, but the bowl slipped.",357,implausible,,voice,chen2023/active_passive/10/passive_plausible.supportive,The bowl was broken by the grandfather.,sub,sub,broke,was broken by,2,Did the bowl break something/someone?,Yes,"{""context_type"": ""supportive"", ""group"": ""act-pass1"", ""linger_cond"": ""active_implausible"", ""same_structure_plausible_uid"": ""chen2023/active_passive/10/active_plausible.supportive"", ""structure"": ""active""}"
chen2023,active_passive,10,passive_implausible.supportive,chen2023/active_passive/10/passive_implausible.supportive,The grandfather was broken by the bowl.,the grandfather was broken by the bowl .,The grandfather was broken by the bowl.,"The bowl was on the top shelf. The grandfather tried to retrieve the bowl, but the bowl slipped.",358,implausible,,voice,chen2023/active_passive/10/active_plausible.supportive,The grandfather broke the bowl.,sub,sub,was broken by,broke,2,Did the bowl break something/someone?,Yes,"{""context_type"": ""supportive"", ""group"": ""act-pass1"", ""linger_cond"": ""passive_implausible"", ""same_structure_plausible_uid"": ""chen2023/active_passive/10/passive_plausible.supportive"", ""structure"": ""passive""}"
chen2023,active_passive,10,passive_plausible.supportive,chen2023/active_passive/10/passive_plausible.supportive,The bowl was broken by the grandfather.,the bowl was broken by the grandfather .,The bowl was broken by the grandfather.,"The bowl was on the top shelf. The grandfather tried to retrieve the bowl, but the bowl slipped.",359,plausible,,voice,chen2023/active_passive/10/passive_plausible.supportive,The bowl was broken by the grandfather.,none,,,,,Did the bowl break something/someone?,No,"{""context_type"": ""supportive"", ""group"": ""act-pass1"", ""linger_cond"": ""passive_plausible"", ""same_structure_plausible_uid"": ""chen2023/active_passive/10/passive_plausible.supportive"", ""structure"": ""passive""}"
chen2023,active_passive,11,active_plausible.supportive,chen2023/active_passive/11/active_plausible.supportive,The woman lost the diamond.,the woman lost the diamond .,The woman lost the diamond.,"The diamond was on the woman's ring. One day, the woman could not find the ring.",360,plausible,,voice,chen2023/active_passive/11/active_plausible.supportive,The woman lost the diamond.,none,,,,,Did the diamond lose something/someone?,No,"{""context_type"": ""supportive"", ""group"": ""act-pass1"", ""linger_cond"": ""active_plausible"", ""same_structure_plausible_uid"": ""chen2023/active_passive/11/active_plausible.supportive"", ""structure"": ""active""}"
chen2023,active_passive,11,active_implausible.supportive,chen2023/active_passive/11/active_implausible.supportive,The diamond lost the woman.,the diamond lost the woman .,The diamond lost the woman.,"The diamond was on the woman's ring. One day, the woman could not find the ring.",361,implausible,,voice,chen2023/active_passive/11/passive_plausible.supportive,The diamond was lost by the woman.,multi,ins;ins,,was,,Did the diamond lose something/someone?,Yes,"{""context_type"": ""supportive"", ""group"": ""act-pass1"", ""linger_cond"": ""active_implausible"", ""same_structure_plausible_uid"": ""chen2023/active_passive/11/active_plausible.supportive"", ""structure"": ""active""}"
chen2023,active_passive,11,passive_implausible.supportive,chen2023/active_passive/11/passive_implausible.supportive,The woman was lost by the diamond.,the woman was lost by the diamond .,The woman was lost by the diamond.,"The diamond was on the woman's ring. One day, the woman could not find the ring.",362,implausible,,voice,chen2023/active_passive/11/active_plausible.supportive,The woman lost the diamond.,multi,del;del,was,,2,Did the diamond lose something/someone?,Yes,"{""context_type"": ""supportive"", ""group"": ""act-pass1"", ""linger_cond"": ""passive_implausible"", ""same_structure_plausible_uid"": ""chen2023/active_passive/11/passive_plausible.supportive"", ""structure"": ""passive""}"
chen2023,active_passive,11,passive_plausible.supportive,chen2023/active_passive/11/passive_plausible.supportive,The diamond was lost by the woman.,the diamond was lost by the woman .,The diamond was lost by the woman.,"The diamond was on the woman's ring. One day, the woman could not find the ring.",363,plausible,,voice,chen2023/active_passive/11/passive_plausible.supportive,The diamond was lost by the woman.,none,,,,,Did the diamond lose something/someone?,No,"{""context_type"": ""supportive"", ""group"": ""act-pass1"", ""linger_cond"": ""passive_plausible"", ""same_structure_plausible_uid"": ""chen2023/active_passive/11/passive_plausible.supportive"", ""structure"": ""passive""}"
chen2023,active_passive,12,active_plausible.supportive,chen2023/active_passive/12/active_plausible.supportive,The grandmother cleaned the oven.,the grandmother cleaned the oven .,The grandmother cleaned the oven.,The oven was very dirty. The grandmother hated to cook when the oven was dirty.,364,plausible,,voice,chen2023/active_passive/12/active_plausible.supportive,The grandmother cleaned the oven.,none,,,,,Did the oven clean something/someone?,No,"{""context_type"": ""supportive"", ""group"": ""act-pass1"", ""linger_cond"": ""active_plausible"", ""same_structure_plausible_uid"": ""chen2023/active_passive/12/active_plausible.supportive"", ""structure"": ""active""}"
chen2023,active_passive,12,active_implausible.supportive,chen2023/active_passive/12/active_implausible.supportive,The oven cleaned the grandmother.,the oven cleaned the grandmother .,The oven cleaned the grandmother.,The oven was very dirty. The grandmother hated to cook when the oven was dirty.,365,implausible,,voice,chen2023/active_passive/12/passive_plausible.supportive,The oven was cleaned by the grandmother.,multi,ins;ins,,was,,Did the oven clean something/someone?,Yes,"{""context_type"": ""supportive"", ""group"": ""act-pass1"", ""linger_cond"": ""active_implausible"", ""same_structure_plausible_uid"": ""chen2023/active_passive/12/active_plausible.supportive"", ""structure"": ""active""}"
chen2023,active_passive,12,passive_implausible.supportive,chen2023/active_passive/12/passive_implausible.supportive,The grandmother was cleaned by the oven.,the grandmother was cleaned by the oven .,The grandmother was cleaned by the oven.,The oven was very dirty. The grandmother hated to cook when the oven was dirty.,366,implausible,,voice,chen2023/active_passive/12/active_plausible.supportive,The grandmother cleaned the oven.,multi,del;del,was,,2,Did the oven clean something/someone?,Yes,"{""context_type"": ""supportive"", ""group"": ""act-pass1"", ""linger_cond"": ""passive_implausible"", ""same_structure_plausible_uid"": ""chen2023/active_passive/12/passive_plausible.supportive"", ""structure"": ""passive""}"
chen2023,active_passive,12,passive_plausible.supportive,chen2023/active_passive/12/passive_plausible.supportive,The oven was cleaned by the grandmother.,the oven was cleaned by the grandmother .,The oven was cleaned by the grandmother.,The oven was very dirty. The grandmother hated to cook when the oven was dirty.,367,plausible,,voice,chen2023/active_passive/12/passive_plausible.supportive,The oven was cleaned by the grandmother.,none,,,,,Did the oven clean something/someone?,No,"{""context_type"": ""supportive"", ""group"": ""act-pass1"", ""linger_cond"": ""passive_plausible"", ""same_structure_plausible_uid"": ""chen2023/active_passive/12/passive_plausible.supportive"", ""structure"": ""passive""}"
chen2023,active_passive,13,active_plausible.supportive,chen2023/active_passive/13/active_plausible.supportive,The electrician stole the hammer.,the electrician stole the hammer .,The electrician stole the hammer.,"Earlier, the hammer had been on the floor when the electrician was fixing the wires. Later, the hammer was missing.",368,plausible,,voice,chen2023/active_passive/13/active_plausible.supportive,The electrician stole the hammer.,none,,,,,Did the hammer steal something/someone?,No,"{""context_type"": ""supportive"", ""group"": ""act-pass1"", ""linger_cond"": ""active_plausible"", ""same_structure_plausible_uid"": ""chen2023/active_passive/13/active_plausible.supportive"", ""structure"": ""active""}"
chen2023,active_passive,13,active_implausible.supportive,chen2023/active_passive/13/active_implausible.supportive,The hammer stole the electrician.,the hammer stole the electrician .,The hammer stole the electrician.,"Earlier, the hammer had been on the floor when the electrician was fixing the wires. Later, the hammer was missing.",369,implausible,,voice,chen2023/active_passive/13/passive_plausible.supportive,The hammer was stolen by the electrician.,sub,sub,stole,was stolen by,2,Did the hammer steal something/someone?,Yes,"{""context_type"": ""supportive"", ""group"": ""act-pass1"", ""linger_cond"": ""active_implausible"", ""same_structure_plausible_uid"": ""chen2023/active_passive/13/active_plausible.supportive"", ""structure"": ""active""}"
chen2023,active_passive,13,passive_implausible.supportive,chen2023/active_passive/13/passive_implausible.supportive,The electrician was stolen by the hammer.,the electrician was stolen by the hammer .,The electrician was stolen by the hammer.,"Earlier, the hammer had been on the floor when the electrician was fixing the wires. Later, the hammer was missing.",370,implausible,,voice,chen2023/active_passive/13/active_plausible.supportive,The electrician stole the hammer.,sub,sub,was stolen by,stole,2,Did the hammer steal something/someone?,Yes,"{""context_type"": ""supportive"", ""group"": ""act-pass1"", ""linger_cond"": ""passive_implausible"", ""same_structure_plausible_uid"": ""chen2023/active_passive/13/passive_plausible.supportive"", ""structure"": ""passive""}"
chen2023,active_passive,13,passive_plausible.supportive,chen2023/active_passive/13/passive_plausible.supportive,The hammer was stolen by the electrician.,the hammer was stolen by the electrician .,The hammer was stolen by the electrician.,"Earlier, the hammer had been on the floor when the electrician was fixing the wires. Later, the hammer was missing.",371,plausible,,voice,chen2023/active_passive/13/passive_plausible.supportive,The hammer was stolen by the electrician.,none,,,,,Did the hammer steal something/someone?,No,"{""context_type"": ""supportive"", ""group"": ""act-pass1"", ""linger_cond"": ""passive_plausible"", ""same_structure_plausible_uid"": ""chen2023/active_passive/13/passive_plausible.supportive"", ""structure"": ""passive""}"
chen2023,active_passive,14,active_plausible.supportive,chen2023/active_passive/14/active_plausible.supportive,The sister closed the window.,the sister closed the window .,The sister closed the window.,The window was open. Everyone in the family was cold because there was breeze coming from the window.,372,plausible,,voice,chen2023/active_passive/14/active_plausible.supportive,The sister closed the window.,none,,,,,Did the window close something/someone?,No,"{""context_type"": ""supportive"", ""group"": ""act-pass1"", ""linger_cond"": ""active_plausible"", ""same_structure_plausible_uid"": ""chen2023/active_passive/14/active_plausible.supportive"", ""structure"": ""active""}"
chen2023,active_passive,14,active_implausible.supportive,chen2023/active_passive/14/active_implausible.supportive,The window closed the sister.,the window closed the sister .,The window closed the sister.,The window was open. Everyone in the family was cold because there was breeze coming from the window.,373,implausible,,voice,chen2023/active_passive/14/passive_plausible.supportive,The window was closed by the sister.,multi,ins;ins,,was,,Did the window close something/someone?,Yes,"{""context_type"": ""supportive"", ""group"": ""act-pass1"", ""linger_cond"": ""active_implausible"", ""same_structure_plausible_uid"": ""chen2023/active_passive/14/active_plausible.supportive"", ""structure"": ""active""}"
chen2023,active_passive,14,passive_implausible.supportive,chen2023/active_passive/14/passive_implausible.supportive,The sister was closed by the window.,the sister was closed by the window .,The sister was closed by the window.,The window was open. Everyone in the family was cold because there was breeze coming from the window.,374,implausible,,voice,chen2023/active_passive/14/active_plausible.supportive,The sister closed the window.,multi,del;del,was,,2,Did the window close something/someone?,Yes,"{""context_type"": ""supportive"", ""group"": ""act-pass1"", ""linger_cond"": ""passive_implausible"", ""same_structure_plausible_uid"": ""chen2023/active_passive/14/passive_plausible.supportive"", ""structure"": ""passive""}"
chen2023,active_passive,14,passive_plausible.supportive,chen2023/active_passive/14/passive_plausible.supportive,The window was closed by the sister.,the window was closed by the sister .,The window was closed by the sister.,The window was open. Everyone in the family was cold because there was breeze coming from the window.,375,plausible,,voice,chen2023/active_passive/14/passive_plausible.supportive,The window was closed by the sister.,none,,,,,Did the window close something/someone?,No,"{""context_type"": ""supportive"", ""group"": ""act-pass1"", ""linger_cond"": ""passive_plausible"", ""same_structure_plausible_uid"": ""chen2023/active_passive/14/passive_plausible.supportive"", ""structure"": ""passive""}"
chen2023,active_passive,15,active_plausible.supportive,chen2023/active_passive/15/active_plausible.supportive,The grandson sipped the water.,the grandson sipped the water .,The grandson sipped the water.,"The grandson spent the whole day playing outside. When the grandson finished playing, the grandfather gave him some water.",376,plausible,,voice,chen2023/active_passive/15/active_plausible.supportive,The grandson sipped the water.,none,,,,,Did the water sip something/someone?,No,"{""context_type"": ""supportive"", ""group"": ""act-pass1"", ""linger_cond"": ""active_plausible"", ""same_structure_plausible_uid"": ""chen2023/active_passive/15/active_plausible.supportive"", ""structure"": ""active""}"
chen2023,active_passive,15,active_implausible.supportive,chen2023/active_passive/15/active_implausible.supportive,The water sipped the grandson.,the water sipped the grandson .,The water sipped the grandson.,"The grandson spent the whole day playing outside. When the grandson finished playing, the grandfather gave him some water.",377,implausible,,voice,chen2023/active_passive/15/passive_plausible.supportive,The water was sipped by the grandson.,multi,ins;ins,,was,,Did the water sip something/someone?,Yes,"{""context_type"": ""supportive"", ""group"": ""act-pass1"", ""linger_cond"": ""active_implausible"", ""same_structure_plausible_uid"": ""chen2023/active_passive/15/active_plausible.supportive"", ""structure"": ""active""}"
chen2023,active_passive,15,passive_implausible.supportive,chen2023/active_passive/15/passive_implausible.supportive,The grandson was sipped by the water.,the grandson was sipped by the water .,The grandson was sipped by the water.,"The grandson spent the whole day playing outside. When the grandson finished playing, the grandfather gave him some water.",378,implausible,,voice,chen2023/active_passive/15/active_plausible.supportive,The grandson sipped the water.,multi,del;del,was,,2,Did the water sip something/someone?,Yes,"{""context_type"": ""supportive"", ""group"": ""act-pass1"", ""linger_cond"": ""passive_implausible"", ""same_structure_plausible_uid"": ""chen2023/active_passive/15/passive_plausible.supportive"", ""structure"": ""passive""}"
chen2023,active_passive,15,passive_plausible.supportive,chen2023/active_passive/15/passive_plausible.supportive,The water was sipped by the grandson.,the water was sipped by the grandson .,The water was sipped by the grandson.,"The grandson spent the whole day playing outside. When the grandson finished playing, the grandfather gave him some water.",379,plausible,,voice,chen2023/active_passive/15/passive_plausible.supportive,The water was sipped by the grandson.,none,,,,,Did the water sip something/someone?,No,"{""context_type"": ""supportive"", ""group"": ""act-pass1"", ""linger_cond"": ""passive_plausible"", ""same_structure_plausible_uid"": ""chen2023/active_passive/15/passive_plausible.supportive"", ""structure"": ""passive""}"
chen2023,active_passive,16,active_plausible.supportive,chen2023/active_passive/16/active_plausible.supportive,The granddaughter boarded the train.,the granddaughter boarded the train .,The granddaughter boarded the train.,The granddaughter was excited to see the train. The grandmother walked the granddaughter to the train.,380,plausible,,voice,chen2023/active_passive/16/active_plausible.supportive,The granddaughter boarded the train.,none,,,,,Did the granddaughter board something/someone?,Yes,"{""context_type"": ""supportive"", ""group"": ""act-pass1"", ""linger_cond"": ""active_plausible"", ""same_structure_plausible_uid"": ""chen2023/active_passive/16/active_plausible.supportive"", ""structure"": ""active""}"
chen2023,active_passive,16,active_implausible.supportive,chen2023/active_passive/16/active_implausible.supportive,The train boarded the granddaughter.,the train boarded the granddaughter .,The train boarded the granddaughter.,The granddaughter was excited to see the train. The grandmother walked the granddaughter to the train.,381,implausible,,voice,chen2023/active_passive/16/passive_plausible.supportive,The train was boarded by the granddaughter.,multi,ins;ins,,was,,Did the granddaughter board something/someone?,No,"{""context_type"": ""supportive"", ""group"": ""act-pass1"", ""linger_cond"": ""active_implausible"", ""same_structure_plausible_uid"": ""chen2023/active_passive/16/active_plausible.supportive"", ""structure"": ""active""}"
chen2023,active_passive,16,passive_implausible.supportive,chen2023/active_passive/16/passive_implausible.supportive,The granddaughter was boarded by the train.,the granddaughter was boarded by the train .,The granddaughter was boarded by the train.,The granddaughter was excited to see the train. The grandmother walked the granddaughter to the train.,382,implausible,,voice,chen2023/active_passive/16/active_plausible.supportive,The granddaughter boarded the train.,multi,del;del,was,,2,Did the granddaughter board something/someone?,No,"{""context_type"": ""supportive"", ""group"": ""act-pass1"", ""linger_cond"": ""passive_implausible"", ""same_structure_plausible_uid"": ""chen2023/active_passive/16/passive_plausible.supportive"", ""structure"": ""passive""}"
chen2023,active_passive,16,passive_plausible.supportive,chen2023/active_passive/16/passive_plausible.supportive,The train was boarded by the granddaughter.,the train was boarded by the granddaughter .,The train was boarded by the granddaughter.,The granddaughter was excited to see the train. The grandmother walked the granddaughter to the train.,383,plausible,,voice,chen2023/active_passive/16/passive_plausible.supportive,The train was boarded by the granddaughter.,none,,,,,Did the granddaughter board something/someone?,Yes,"{""context_type"": ""supportive"", ""group"": ""act-pass1"", ""linger_cond"": ""passive_plausible"", ""same_structure_plausible_uid"": ""chen2023/active_passive/16/passive_plausible.supportive"", ""structure"": ""passive""}"
chen2023,active_passive,17,active_plausible.supportive,chen2023/active_passive/17/active_plausible.supportive,The aunt purchased the book.,the aunt purchased the book .,The aunt purchased the book.,The book had received many good reviews. The aunt saw the book in a bookstore.,384,plausible,,voice,chen2023/active_passive/17/active_plausible.supportive,The aunt purchased the book.,none,,,,,Did the aunt purchase something/someone?,Yes,"{""context_type"": ""supportive"", ""group"": ""act-pass1"", ""linger_cond"": ""active_plausible"", ""same_structure_plausible_uid"": ""chen2023/active_passive/17/active_plausible.supportive"", ""structure"": ""active""}"
chen2023,active_passive,17,active_implausible.supportive,chen2023/active_passive/17/active_implausible.supportive,The book purchased the aunt.,the book purchased the aunt .,The book purchased the aunt.,The book had received many good reviews. The aunt saw the book in a bookstore.,385,implausible,,voice,chen2023/active_passive/17/passive_plausible.supportive,The book was purchased by the aunt.,multi,ins;ins,,was,,Did the aunt purchase something/someone?,No,"{""context_type"": ""supportive"", ""group"": ""act-pass1"", ""linger_cond"": ""active_implausible"", ""same_structure_plausible_uid"": ""chen2023/active_passive/17/active_plausible.supportive"", ""structure"": ""active""}"
chen2023,active_passive,17,passive_implausible.supportive,chen2023/active_passive/17/passive_implausible.supportive,The aunt was purchased by the book.,the aunt was purchased by the book .,The aunt was purchased by the book.,The book had received many good reviews. The aunt saw the book in a bookstore.,386,implausible,,voice,chen2023/active_passive/17/active_plausible.supportive,The aunt purchased the book.,multi,del;del,was,,2,Did the aunt purchase something/someone?,No,"{""context_type"": ""supportive"", ""group"": ""act-pass1"", ""linger_cond"": ""passive_implausible"", ""same_structure_plausible_uid"": ""chen2023/active_passive/17/passive_plausible.supportive"", ""structure"": ""passive""}"
chen2023,active_passive,17,passive_plausible.supportive,chen2023/active_passive/17/passive_plausible.supportive,The book was purchased by the aunt.,the book was purchased by the aunt .,The book was purchased by the aunt.,The book had received many good reviews. The aunt saw the book in a bookstore.,387,plausible,,voice,chen2023/active_passive/17/passive_plausible.supportive,The book was purchased by the aunt.,none,,,,,Did the aunt purchase something/someone?,Yes,"{""context_type"": ""supportive"", ""group"": ""act-pass1"", ""linger_cond"": ""passive_plausible"", ""same_structure_plausible_uid"": ""chen2023/active_passive/17/passive_plausible.supportive"", ""structure"": ""passive""}"
chen2023,active_passive,18,active_plausible.supportive,chen2023/active_passive/18/active_plausible.supportive,The uncle sailed the boat.,the uncle sailed the boat .,The uncle sailed the boat.,The boat was very handsome. The uncle knew he liked the boat as soon as he saw it.,388,plausible,,voice,chen2023/active_passive/18/active_plausible.supportive,The uncle sailed the boat.,none,,,,,Did the uncle sail something/someone?,Yes,"{""context_type"": ""supportive"", ""group"": ""act-pass1"", ""linger_cond"": ""active_plausible"", ""same_structure_plausible_uid"": ""chen2023/active_passive/18/active_plausible.supportive"", ""structure"": ""active""}"
chen2023,active_passive,18,active_implausible.supportive,chen2023/active_passive/18/active_implausible.supportive,The boat sailed the uncle.,the boat sailed the uncle .,The boat sailed the uncle.,The boat was very handsome. The uncle knew he liked the boat as soon as he saw it.,389,implausible,,voice,chen2023/active_passive/18/passive_plausible.supportive,The boat was sailed by the uncle.,multi,ins;ins,,was,,Did the uncle sail something/someone?,No,"{""context_type"": ""supportive"", ""group"": ""act-pass1"", ""linger_cond"": ""active_implausible"", ""same_structure_plausible_uid"": ""chen2023/active_passive/18/active_plausible.supportive"", ""structure"": ""active""}"
chen2023,active_passive,18,passive_implausible.supportive,chen2023/active_passive/18/passive_implausible.supportive,The uncle was sailed by the boat.,the uncle was sailed by the boat .,The uncle was sailed by the boat.,The boat was very handsome. The uncle knew he liked the boat as soon as he saw it.,390,implausible,,voice,chen2023/active_passive/18/active_plausible.supportive,The uncle sailed the boat.,multi,del;del,was,,2,Did the uncle sail something/someone?,No,"{""context_type"": ""supportive"", ""group"": ""act-pass1"", ""linger_cond"": ""passive_implausible"", ""same_structure_plausible_uid"": ""chen2023/active_passive/18/passive_plausible.supportive"", ""structure"": ""passive""}"
chen2023,active_passive,18,passive_plausible.supportive,chen2023/active_passive/18/passive_plausible.supportive,The boat was sailed by the uncle.,the boat was sailed by the uncle .,The boat was sailed by the uncle.,The boat was very handsome. The uncle knew he liked the boat as soon as he saw it.,391,plausible,,voice,chen2023/active_passive/18/passive_plausible.supportive,The boat was sailed by the uncle.,none,,,,,Did the uncle sail something/someone?,Yes,"{""context_type"": ""supportive"", ""group"": ""act-pass1"", ""linger_cond"": ""passive_plausible"", ""same_structure_plausible_uid"": ""chen2023/active_passive/18/passive_plausible.supportive"", ""structure"": ""passive""}"
chen2023,active_passive,19,active_plausible.supportive,chen2023/active_passive/19/active_plausible.supportive,The wife lit the candle.,the wife lit the candle .,The wife lit the candle.,"When the power outage happened, the husband asked the wife for a candle. The wife found a candle in the kitchen cabinet.",392,plausible,,voice,chen2023/active_passive/19/active_plausible.supportive,The wife lit the candle.,none,,,,,Did the wife light something/someone?,Yes,"{""context_type"": ""supportive"", ""group"": ""act-pass1"", ""linger_cond"": ""active_plausible"", ""same_structure_plausible_uid"": ""chen2023/active_passive/19/active_plausible.supportive"", ""structure"": ""active""}"
chen2023,active_passive,19,active_implausible.supportive,chen2023/active_passive/19/active_implausible.supportive,The candle lit the wife.,the candle lit the wife .,The candle lit the wife.,"When the power outage happened, the husband asked the wife for a candle. The wife found a candle in the kitchen cabinet.",393,implausible,,voice,chen2023/active_passive/19/passive_plausible.supportive,The candle was lit by the wife.,multi,ins;ins,,was,,Did the wife light something/someone?,No,"{""context_type"": ""supportive"", ""group"": ""act-pass1"", ""linger_cond"": ""active_implausible"", ""same_structure_plausible_uid"": ""chen2023/active_passive/19/active_plausible.supportive"", ""structure"": ""active""}"
chen2023,active_passive,19,passive_implausible.supportive,chen2023/active_passive/19/passive_implausible.supportive,The wife was lit by the candle.,the wife was lit by the candle .,The wife was lit by the candle.,"When the power outage happened, the husband asked the wife for a candle. The wife found a candle in the kitchen cabinet.",394,implausible,,voice,chen2023/active_passive/19/active_plausible.supportive,The wife lit the candle.,multi,del;del,was,,2,Did the wife light something/someone?,No,"{""context_type"": ""supportive"", ""group"": ""act-pass1"", ""linger_cond"": ""passive_implausible"", ""same_structure_plausible_uid"": ""chen2023/active_passive/19/passive_plausible.supportive"", ""structure"": ""passive""}"
chen2023,active_passive,19,passive_plausible.supportive,chen2023/active_passive/19/passive_plausible.supportive,The candle was lit by the wife.,the candle was lit by the wife .,The candle was lit by the wife.,"When the power outage happened, the husband asked the wife for a candle. The wife found a candle in the kitchen cabinet.",395,plausible,,voice,chen2023/active_passive/19/passive_plausible.supportive,The candle was lit by the wife.,none,,,,,Did the wife light something/someone?,Yes,"{""context_type"": ""supportive"", ""group"": ""act-pass1"", ""linger_cond"": ""passive_plausible"", ""same_structure_plausible_uid"": ""chen2023/active_passive/19/passive_plausible.supportive"", ""structure"": ""passive""}"
chen2023,active_passive,20,active_plausible.supportive,chen2023/active_passive/20/active_plausible.supportive,The husband wrote the letter.,the husband wrote the letter .,The husband wrote the letter.,The wife said someone needed to write a letter to the company. The husband was not sure if he should write the letter or if his wife should write the letter.,396,plausible,,voice,chen2023/active_passive/20/active_plausible.supportive,The husband wrote the letter.,none,,,,,Did the husband write something/someone?,Yes,"{""context_type"": ""supportive"", ""group"": ""act-pass1"", ""linger_cond"": ""active_plausible"", ""same_structure_plausible_uid"": ""chen2023/active_passive/20/active_plausible.supportive"", ""structure"": ""active""}"
chen2023,active_passive,20,active_implausible.supportive,chen2023/active_passive/20/active_implausible.supportive,The letter wrote the husband.,the letter wrote the husband .,The letter wrote the husband.,The wife said someone needed to write a letter to the company. The husband was not sure if he should write the letter or if his wife should write the letter.,397,implausible,,voice,chen2023/active_passive/20/passive_plausible.supportive,The letter was written by the husband.,sub,sub,wrote,was written by,2,Did the husband write something/someone?,No,"{""context_type"": ""supportive"", ""group"": ""act-pass1"", ""linger_cond"": ""active_implausible"", ""same_structure_plausible_uid"": ""chen2023/active_passive/20/active_plausible.supportive"", ""structure"": ""active""}"
chen2023,active_passive,20,passive_implausible.supportive,chen2023/active_passive/20/passive_implausible.supportive,The husband was written by the letter.,the husband was written by the letter .,The husband was written by the letter.,The wife said someone needed to write a letter to the company. The husband was not sure if he should write the letter or if his wife should write the letter.,398,implausible,,voice,chen2023/active_passive/20/active_plausible.supportive,The husband wrote the letter.,sub,sub,was written by,wrote,2,Did the husband write something/someone?,No,"{""context_type"": ""supportive"", ""group"": ""act-pass1"", ""linger_cond"": ""passive_implausible"", ""same_structure_plausible_uid"": ""chen2023/active_passive/20/passive_plausible.supportive"", ""structure"": ""passive""}"
chen2023,active_passive,20,passive_plausible.supportive,chen2023/active_passive/20/passive_plausible.supportive,The letter was written by the husband.,the letter was written by the husband .,The letter was written by the husband.,The wife said someone needed to write a letter to the company. The husband was not sure if he should write the letter or if his wife should write the letter.,399,plausible,,voice,chen2023/active_passive/20/passive_plausible.supportive,The letter was written by the husband.,none,,,,,Did the husband write something/someone?,Yes,"{""context_type"": ""supportive"", ""group"": ""act-pass1"", ""linger_cond"": ""passive_plausible"", ""same_structure_plausible_uid"": ""chen2023/active_passive/20/passive_plausible.supportive"", ""structure"": ""passive""}"
chen2023,active_passive,1,active_plausible.non_supportive,chen2023/active_passive/1/active_plausible.non_supportive,The girl kicked the ball.,the girl kicked the ball .,The girl kicked the ball.,The window was open. The husband was not sure if he should write the letter or if his wife should write the letter.,400,plausible,,voice,chen2023/active_passive/1/active_plausible.non_supportive,The girl kicked the ball.,none,,,,,Did the girl kick something/someone?,Yes,"{""context_type"": ""non_supportive"", ""group"": ""act-pass1"", ""linger_cond"": ""active_plausible"", ""same_structure_plausible_uid"": ""chen2023/active_passive/1/active_plausible.non_supportive"", ""structure"": ""active""}"
chen2023,active_passive,1,active_implausible.non_supportive,chen2023/active_passive/1/active_implausible.non_supportive,The ball kicked the girl.,the ball kicked the girl .,The ball kicked the girl.,The window was open. The husband was not sure if he should write the letter or if his wife should write the letter.,401,implausible,,voice,chen2023/active_passive/1/passive_plausible.non_supportive,The ball was kicked by the girl.,multi,ins;ins,,was,,Did the girl kick something/someone?,No,"{""context_type"": ""non_supportive"", ""group"": ""act-pass1"", ""linger_cond"": ""active_implausible"", ""same_structure_plausible_uid"": ""chen2023/active_passive/1/active_plausible.non_supportive"", ""structure"": ""active""}"
chen2023,active_passive,1,passive_implausible.non_supportive,chen2023/active_passive/1/passive_implausible.non_supportive,The girl was kicked by the ball.,the girl was kicked by the ball .,The girl was kicked by the ball.,The window was open. The husband was not sure if he should write the letter or if his wife should write the letter.,402,implausible,,voice,chen2023/active_passive/1/active_plausible.non_supportive,The girl kicked the ball.,multi,del;del,was,,2,Did the girl kick something/someone?,No,"{""context_type"": ""non_supportive"", ""group"": ""act-pass1"", ""linger_cond"": ""passive_implausible"", ""same_structure_plausible_uid"": ""chen2023/active_passive/1/passive_plausible.non_supportive"", ""structure"": ""passive""}"
chen2023,active_passive,1,passive_plausible.non_supportive,chen2023/active_passive/1/passive_plausible.non_supportive,The ball was kicked by the girl.,the ball was kicked by the girl .,The ball was kicked by the girl.,The window was open. The husband was not sure if he should write the letter or if his wife should write the letter.,403,plausible,,voice,chen2023/active_passive/1/passive_plausible.non_supportive,The ball was kicked by the girl.,none,,,,,Did the girl kick something/someone?,Yes,"{""context_type"": ""non_supportive"", ""group"": ""act-pass1"", ""linger_cond"": ""passive_plausible"", ""same_structure_plausible_uid"": ""chen2023/active_passive/1/passive_plausible.non_supportive"", ""structure"": ""passive""}"
chen2023,active_passive,2,active_plausible.non_supportive,chen2023/active_passive/2/active_plausible.non_supportive,The plumber bought the watch.,the plumber bought the watch .,The plumber bought the watch.,"The bowl was on the top shelf. Earlier, the hammer had been on the floor when the electrician was fixing the wires.",404,plausible,,voice,chen2023/active_passive/2/active_plausible.non_supportive,The plumber bought the watch.,none,,,,,Did the plumber buy something/someone?,Yes,"{""context_type"": ""non_supportive"", ""group"": ""act-pass1"", ""linger_cond"": ""active_plausible"", ""same_structure_plausible_uid"": ""chen2023/active_passive/2/active_plausible.non_supportive"", ""structure"": ""active""}"
chen2023,active_passive,2,active_implausible.non_supportive,chen2023/active_passive/2/active_implausible.non_supportive,The watch bought the plumber.,the watch bought the plumber .,The watch bought the plumber.,"The bowl was on the top shelf. Earlier, the hammer had been on the floor when the electrician was fixing the wires.",405,implausible,,voice,chen2023/active_passive/2/passive_plausible.non_supportive,The watch was bought by the plumber.,multi,ins;ins,,was,,Did the plumber buy something/someone?,No,"{""context_type"": ""non_supportive"", ""group"": ""act-pass1"", ""linger_cond"": ""active_implausible"", ""same_structure_plausible_uid"": ""chen2023/active_passive/2/active_plausible.non_supportive"", ""structure"": ""active""}"
chen2023,active_passive,2,passive_implausible.non_supportive,chen2023/active_passive/2/passive_implausible.non_supportive,The plumber was bought by the watch.,the plumber was bought by the watch .,The plumber was bought by the watch.,"The bowl was on the top shelf. Earlier, the hammer had been on the floor when the electrician was fixing the wires.",406,implausible,,voice,chen2023/active_passive/2/active_plausible.non_supportive,The plumber bought the watch.,multi,del;del,was,,2,Did the plumber buy something/someone?,No,"{""context_type"": ""non_supportive"", ""group"": ""act-pass1"", ""linger_cond"": ""passive_implausible"", ""same_structure_plausible_uid"": ""chen2023/active_passive/2/passive_plausible.non_supportive"", ""structure"": ""passive""}"
chen2023,active_passive,2,passive_plausible.non_supportive,chen2023/active_passive/2/passive_plausible.non_supportive,The watch was bought by the plumber.,the watch was bought by the plumber .,The watch was bought by the plumber.,"The bowl was on the top shelf. Earlier, the hammer had been on the floor when the electrician was fixing the wires.",407,plausible,,voice,chen2023/active_passive/2/passive_plausible.non_supportive,The watch was bought by the plumber.,none,,,,,Did the plumber buy something/someone?,Yes,"{""context_type"": ""non_supportive"", ""group"": ""act-pass1"", ""linger_cond"": ""passive_plausible"", ""same_structure_plausible_uid"": ""chen2023/active_passive/2/passive_plausible.non_supportive"", ""structure"": ""passive""}"
chen2023,active_passive,3,active_plausible.non_supportive,chen2023/active_passive/3/active_plausible.non_supportive,The man drove the truck.,the man drove the truck .,The man drove the truck.,"When the grandson finished playing, the grandfather gave him some water. The boat was very shiny.",408,plausible,,voice,chen2023/active_passive/3/active_plausible.non_supportive,The man drove the truck.,none,,,,,Did the man drive something/someone?,Yes,"{""context_type"": ""non_supportive"", ""group"": ""act-pass1"", ""linger_cond"": ""active_plausible"", ""same_structure_plausible_uid"": ""chen2023/active_passive/3/active_plausible.non_supportive"", ""structure"": ""active""}"
chen2023,active_passive,3,active_implausible.non_supportive,chen2023/active_passive/3/active_implausible.non_supportive,The truck drove the man.,the truck drove the man .,The truck drove the man.,"When the grandson finished playing, the grandfather gave him some water. The boat was very shiny.",409,implausible,,voice,chen2023/active_passive/3/passive_plausible.non_supportive,The truck was driven by the man.,sub,sub,drove,was driven by,2,Did the man drive something/someone?,No,"{""context_type"": ""non_supportive"", ""group"": ""act-pass1"", ""linger_cond"": ""active_implausible"", ""same_structure_plausible_uid"": ""chen2023/active_passive/3/active_plausible.non_supportive"", ""structure"": ""active""}"
chen2023,active_passive,3,passive_implausible.non_supportive,chen2023/active_passive/3/passive_implausible.non_supportive,The man was driven by the truck.,the man was driven by the truck .,The man was driven by the truck.,"When the grandson finished playing, the grandfather gave him some water. The boat was very shiny.",410,implausible,,voice,chen2023/active_passive/3/active_plausible.non_supportive,The man drove the truck.,sub,sub,was driven by,drove,2,Did the man drive something/someone?,No,"{""context_type"": ""non_supportive"", ""group"": ""act-pass1"", ""linger_cond"": ""passive_implausible"", ""same_structure_plausible_uid"": ""chen2023/active_passive/3/passive_plausible.non_supportive"", ""structure"": ""passive""}"
chen2023,active_passive,3,passive_plausible.non_supportive,chen2023/active_passive/3/passive_plausible.non_supportive,The truck was driven by the man.,the truck was driven by the man .,The truck was driven by the man.,"When the grandson finished playing, the grandfather gave him some water. The boat was very shiny.",411,plausible,,voice,chen2023/active_passive/3/passive_plausible.non_supportive,The truck was driven by the man.,none,,,,,Did the man drive something/someone?,Yes,"{""context_type"": ""non_supportive"", ""group"": ""act-pass1"", ""linger_cond"": ""passive_plausible"", ""same_structure_plausible_uid"": ""chen2023/active_passive/3/passive_plausible.non_supportive"", ""structure"": ""passive""}"
chen2023,active_passive,4,active_plausible.non_supportive,chen2023/active_passive/4/active_plausible.non_supportive,The secretary licked the stamp.,the secretary licked the stamp .,The secretary licked the stamp.,"The wife found a candle in the kitchen cabinet. During the game, someone passed the ball to the girl.",412,plausible,,voice,chen2023/active_passive/4/active_plausible.non_supportive,The secretary licked the stamp.,none,,,,,Did the secretary lick something/someone?,Yes,"{""context_type"": ""non_supportive"", ""group"": ""act-pass1"", ""linger_cond"": ""active_plausible"", ""same_structure_plausible_uid"": ""chen2023/active_passive/4/active_plausible.non_supportive"", ""structure"": ""active""}"
chen2023,active_passive,4,active_implausible.non_supportive,chen2023/active_passive/4/active_implausible.non_supportive,The stamp licked the secretary.,the stamp licked the secretary .,The stamp licked the secretary.,"The wife found a candle in the kitchen cabinet. During the game, someone passed the ball to the girl.",413,implausible,,voice,chen2023/active_passive/4/passive_plausible.non_supportive,The stamp was licked by the secretary.,multi,ins;ins,,was,,Did the secretary lick something/someone?,No,"{""context_type"": ""non_supportive"", ""group"": ""act-pass1"", ""linger_cond"": ""active_implausible"", ""same_structure_plausible_uid"": ""chen2023/active_passive/4/active_plausible.non_supportive"", ""structure"": ""active""}"
chen2023,active_passive,4,passive_implausible.non_supportive,chen2023/active_passive/4/passive_implausible.non_supportive,The secretary was licked by the stamp.,the secretary was licked by the stamp .,The secretary was licked by the stamp.,"The wife found a candle in the kitchen cabinet. During the game, someone passed the ball to the girl.",414,implausible,,voice,chen2023/active_passive/4/active_plausible.non_supportive,The secretary licked the stamp.,multi,del;del,was,,2,Did the secretary lick something/someone?,No,"{""context_type"": ""non_supportive"", ""group"": ""act-pass1"", ""linger_cond"": ""passive_implausible"", ""same_structure_plausible_uid"": ""chen2023/active_passive/4/passive_plausible.non_supportive"", ""structure"": ""passive""}"
chen2023,active_passive,4,passive_plausible.non_supportive,chen2023/active_passive/4/passive_plausible.non_supportive,The stamp was licked by the secretary.,the stamp was licked by the secretary .,The stamp was licked by the secretary.,"The wife found a candle in the kitchen cabinet. During the game, someone passed the ball to the girl.",415,plausible,,voice,chen2023/active_passive/4/passive_plausible.non_supportive,The stamp was licked by the secretary.,none,,,,,Did the secretary lick something/someone?,Yes,"{""context_type"": ""non_supportive"", ""group"": ""act-pass1"", ""linger_cond"": ""passive_plausible"", ""same_structure_plausible_uid"": ""chen2023/active_passive/4/passive_plausible.non_supportive"", ""structure"": ""passive""}"
chen2023,active_passive,5,active_plausible.non_supportive,chen2023/active_passive/5/active_plausible.non_supportive,The mother set the table.,the mother set the table .,The mother set the table.,The wife said someone needed to write a letter to the company. The plumber was looking for a new watch.,416,plausible,,voice,chen2023/active_passive/5/active_plausible.non_supportive,The mother set the table.,none,,,,,Did the mother set something/someone?,Yes,"{""context_type"": ""non_supportive"", ""group"": ""act-pass1"", ""linger_cond"": ""active_plausible"", ""same_structure_plausible_uid"": ""chen2023/active_passive/5/active_plausible.non_supportive"", ""structure"": ""active""}"
chen2023,active_passive,5,active_implausible.non_supportive,chen2023/active_passive/5/active_implausible.non_supportive,The table set the mother.,the table set the mother .,The table set the mother.,The wife said someone needed to write a letter to the company. The plumber was looking for a new watch.,417,implausible,,voice,chen2023/active_passive/5/passive_plausible.non_supportive,The table was set by the mother.,multi,ins;ins,,was,,Did the mother set something/someone?,No,"{""context_type"": ""non_supportive"", ""group"": ""act-pass1"", ""linger_cond"": ""active_implausible"", ""same_structure_plausible_uid"": ""chen2023/active_passive/5/active_plausible.non_supportive"", ""structure"": ""active""}"
chen2023,active_passive,5,passive_implausible.non_supportive,chen2023/active_passive/5/passive_implausible.non_supportive,The mother was set by the table.,the mother was set by the table .,The mother was set by the table.,The wife said someone needed to write a letter to the company. The plumber was looking for a new watch.,418,implausible,,voice,chen2023/active_passive/5/active_plausible.non_supportive,The mother set the table.,multi,del;del,was,,2,Did the mother set something/someone?,No,"{""context_type"": ""non_supportive"", ""group"": ""act-pass1"", ""linger_cond"": ""passive_implausible"", ""same_structure_plausible_uid"": ""chen2023/active_passive/5/passive_plausible.non_supportive"", ""structure"": ""passive""}"
chen2023,active_passive,5,passive_plausible.non_supportive,chen2023/active_passive/5/passive_plausible.non_supportive,The table was set by the mother.,the table was set by the mother .,The table was set by the mother.,The wife said someone needed to write a letter to the company. The plumber was looking for a new watch.,419,plausible,,voice,chen2023/active_passive/5/passive_plausible.non_supportive,The table was set by the mother.,none,,,,,Did the mother set something/someone?,Yes,"{""context_type"": ""non_supportive"", ""group"": ""act-pass1"", ""linger_cond"": ""passive_plausible"", ""same_structure_plausible_uid"": ""chen2023/active_passive/5/passive_plausible.non_supportive"", ""structure"": ""passive""}"
chen2023,active_passive,6,active_plausible.non_supportive,chen2023/active_passive/6/active_plausible.non_supportive,The daughter folded the blanket.,the daughter folded the blanket .,The daughter folded the blanket.,The grandmother walked the granddaughter to the train. The book had received many good reviews.,420,plausible,,voice,chen2023/active_passive/6/active_plausible.non_supportive,The daughter folded the blanket.,none,,,,,Did the blanket fold something/someone?,No,"{""context_type"": ""non_supportive"", ""group"": ""act-pass1"", ""linger_cond"": ""active_plausible"", ""same_structure_plausible_uid"": ""chen2023/active_passive/6/active_plausible.non_supportive"", ""structure"": ""active""}"
chen2023,active_passive,6,active_implausible.non_supportive,chen2023/active_passive/6/active_implausible.non_supportive,The blanket folded the daughter.,the blanket folded the daughter .,The blanket folded the daughter.,The grandmother walked the granddaughter to the train. The book had received many good reviews.,421,implausible,,voice,chen2023/active_passive/6/passive_plausible.non_supportive,The blanket was folded by the daughter.,multi,ins;ins,,was,,Did the blanket fold something/someone?,Yes,"{""context_type"": ""non_supportive"", ""group"": ""act-pass1"", ""linger_cond"": ""active_implausible"", ""same_structure_plausible_uid"": ""chen2023/active_passive/6/active_plausible.non_supportive"", ""structure"": ""active""}"
chen2023,active_passive,6,passive_implausible.non_supportive,chen2023/active_passive/6/passive_implausible.non_supportive,The daughter was folded by the blanket.,the daughter was folded by the blanket .,The daughter was folded by the blanket.,The grandmother walked the granddaughter to the train. The book had received many good reviews.,422,implausible,,voice,chen2023/active_passive/6/active_plausible.non_supportive,The daughter folded the blanket.,multi,del;del,was,,2,Did the blanket fold something/someone?,Yes,"{""context_type"": ""non_supportive"", ""group"": ""act-pass1"", ""linger_cond"": ""passive_implausible"", ""same_structure_plausible_uid"": ""chen2023/active_passive/6/passive_plausible.non_supportive"", ""structure"": ""passive""}"
chen2023,active_passive,6,passive_plausible.non_supportive,chen2023/active_passive/6/passive_plausible.non_supportive,The blanket was folded by the daughter.,the blanket was folded by the daughter .,The blanket was folded by the daughter.,The grandmother walked the granddaughter to the train. The book had received many good reviews.,423,plausible,,voice,chen2023/active_passive/6/passive_plausible.non_supportive,The blanket was folded by the daughter.,none,,,,,Did the blanket fold something/someone?,No,"{""context_type"": ""non_supportive"", ""group"": ""act-pass1"", ""linger_cond"": ""passive_plausible"", ""same_structure_plausible_uid"": ""chen2023/active_passive/6/passive_plausible.non_supportive"", ""structure"": ""passive""}"
chen2023,active_passive,7,active_plausible.non_supportive,chen2023/active_passive/7/active_plausible.non_supportive,The father sharpened the saw.,the father sharpened the saw .,The father sharpened the saw.,"The grandfather tried to retrieve the bowl, but the bowl slipped. The diamond was on the woman's ring.",424,plausible,,voice,chen2023/active_passive/7/active_plausible.non_supportive,The father sharpened the saw.,none,,,,,Did the saw sharpen something/someone?,No,"{""context_type"": ""non_supportive"", ""group"": ""act-pass1"", ""linger_cond"": ""active_plausible"", ""same_structure_plausible_uid"": ""chen2023/active_passive/7/active_plausible.non_supportive"", ""structure"": ""active""}"
chen2023,active_passive,7,active_implausible.non_supportive,chen2023/active_passive/7/active_implausible.non_supportive,The saw sharpened the father.,the saw sharpened the father .,The saw sharpened the father.,"The grandfather tried to retrieve the bowl, but the bowl slipped. The diamond was on the woman's ring.",425,implausible,,voice,chen2023/active_passive/7/passive_plausible.non_supportive,The saw was sharpened by the father.,multi,ins;ins,,was,,Did the saw sharpen something/someone?,Yes,"{""context_type"": ""non_supportive"", ""group"": ""act-pass1"", ""linger_cond"": ""active_implausible"", ""same_structure_plausible_uid"": ""chen2023/active_passive/7/active_plausible.non_supportive"", ""structure"": ""active""}"
chen2023,active_passive,7,passive_implausible.non_supportive,chen2023/active_passive/7/passive_implausible.non_supportive,The father was sharpened by the saw.,the father was sharpened by the saw .,The father was sharpened by the saw.,"The grandfather tried to retrieve the bowl, but the bowl slipped. The diamond was on the woman's ring.",426,implausible,,voice,chen2023/active_passive/7/active_plausible.non_supportive,The father sharpened the saw.,multi,del;del,was,,2,Did the saw sharpen something/someone?,Yes,"{""context_type"": ""non_supportive"", ""group"": ""act-pass1"", ""linger_cond"": ""passive_implausible"", ""same_structure_plausible_uid"": ""chen2023/active_passive/7/passive_plausible.non_supportive"", ""structure"": ""passive""}"
chen2023,active_passive,7,passive_plausible.non_supportive,chen2023/active_passive/7/passive_plausible.non_supportive,The saw was sharpened by the father.,the saw was sharpened by the father .,The saw was sharpened by the father.,"The grandfather tried to retrieve the bowl, but the bowl slipped. The diamond was on the woman's ring.",427,plausible,,voice,chen2023/active_passive/7/passive_plausible.non_supportive,The saw was sharpened by the father.,none,,,,,Did the saw sharpen something/someone?,No,"{""context_type"": ""non_supportive"", ""group"": ""act-pass1"", ""linger_cond"": ""passive_plausible"", ""same_structure_plausible_uid"": ""chen2023/active_passive/7/passive_plausible.non_supportive"", ""structure"": ""passive""}"
chen2023,active_passive,8,active_plausible.non_supportive,chen2023/active_passive/8/active_plausible.non_supportive,The niece opened the door.,the niece opened the door .,The niece opened the door.,The pizza was cooked by a chef. The grandson spent the whole day playing outside.,428,plausible,,voice,chen2023/active_passive/8/active_plausible.non_supportive,The niece opened the door.,none,,,,,Did the door open something/someone?,No,"{""context_type"": ""non_supportive"", ""group"": ""act-pass1"", ""linger_cond"": ""active_plausible"", ""same_structure_plausible_uid"": ""chen2023/active_passive/8/active_plausible.non_supportive"", ""structure"": ""active""}"
chen2023,active_passive,8,active_implausible.non_supportive,chen2023/active_passive/8/active_implausible.non_supportive,The door opened the niece.,the door opened the niece .,The door opened the niece.,The pizza was cooked by a chef. The grandson spent the whole day playing outside.,429,implausible,,voice,chen2023/active_passive/8/passive_plausible.non_supportive,The door was opened by the niece.,multi,ins;ins,,was,,Did the door open something/someone?,Yes,"{""context_type"": ""non_supportive"", ""group"": ""act-pass1"", ""linger_cond"": ""active_implausible"", ""same_structure_plausible_uid"": ""chen2023/active_passive/8/active_plausible.non_supportive"", ""structure"": ""active""}"
chen2023,active_passive,8,passive_implausible.non_supportive,chen2023/active_passive/8/passive_implausible.non_supportive,The niece was opened by the door.,the niece was opened by the door .,The niece was opened by the door.,The pizza was cooked by a chef. The grandson spent the whole day playing outside.,430,implausible,,voice,chen2023/active_passive/8/active_plausible.non_supportive,The niece opened the door.,multi,del;del,was,,2,Did the door open something/someone?,Yes,"{""context_type"": ""non_supportive"", ""group"": ""act-pass1"", ""linger_cond"": ""passive_implausible"", ""same_structure_plausible_uid"": ""chen2023/active_passive/8/passive_plausible.non_supportive"", ""structure"": ""passive""}"
chen2023,active_passive,8,passive_plausible.non_supportive,chen2023/active_passive/8/passive_plausible.non_supportive,The door was opened by the niece.,the door was opened by the niece .,The door was opened by the niece.,The pizza was cooked by a chef. The grandson spent the whole day playing outside.,431,plausible,,voice,chen2023/active_passive/8/passive_plausible.non_supportive,The door was opened by the niece.,none,,,,,Did the door open something/someone?,No,"{""context_type"": ""non_supportive"", ""group"": ""act-pass1"", ""linger_cond"": ""passive_plausible"", ""same_structure_plausible_uid"": ""chen2023/active_passive/8/passive_plausible.non_supportive"", ""structure"": ""passive""}"
chen2023,active_passive,9,active_plausible.non_supportive,chen2023/active_passive/9/active_plausible.non_supportive,The boy ate the pizza.,the boy ate the pizza .,The boy ate the pizza.,"When the power outage happened, the husband asked the wife for a candle. Later, the hammer was missing.",432,plausible,,voice,chen2023/active_passive/9/active_plausible.non_supportive,The boy ate the pizza.,none,,,,,Did the pizza eat something/someone?,No,"{""context_type"": ""non_supportive"", ""group"": ""act-pass1"", ""linger_cond"": ""active_plausible"", ""same_structure_plausible_uid"": ""chen2023/active_passive/9/active_plausible.non_supportive"", ""structure"": ""active""}"
chen2023,active_passive,9,active_implausible.non_supportive,chen2023/active_passive/9/active_implausible.non_supportive,The pizza ate the boy.,the pizza ate the boy .,The pizza ate the boy.,"When the power outage happened, the husband asked the wife for a candle. Later, the hammer was missing.",433,implausible,,voice,chen2023/active_passive/9/passive_plausible.non_supportive,The pizza was eaten by the boy.,sub,sub,ate,was eaten by,2,Did the pizza eat something/someone?,Yes,"{""context_type"": ""non_supportive"", ""group"": ""act-pass1"", ""linger_cond"": ""active_implausible"", ""same_structure_plausible_uid"": ""chen2023/active_passive/9/active_plausible.non_supportive"", ""structure"": ""active""}"
chen2023,active_passive,9,passive_implausible.non_supportive,chen2023/active_passive/9/passive_implausible.non_supportive,The boy was eaten by the pizza.,the boy was eaten by the pizza .,The boy was eaten by the pizza.,"When the power outage happened, the husband asked the wife for a candle. Later, the hammer was missing.",434,implausible,,voice,chen2023/active_passive/9/active_plausible.non_supportive,The boy ate the pizza.,sub,sub,was eaten by,ate,2,Did the pizza eat something/someone?,Yes,"{""context_type"": ""non_supportive"", ""group"": ""act-pass1"", ""linger_cond"": ""passive_implausible"", ""same_structure_plausible_uid"": ""chen2023/active_passive/9/passive_plausible.non_supportive"", ""structure"": ""passive""}"
chen2023,active_passive,9,passive_plausible.non_supportive,chen2023/active_passive/9/passive_plausible.non_supportive,The pizza was eaten by the boy.,the pizza was eaten by the boy .,The pizza was eaten by the boy.,"When the power outage happened, the husband asked the wife for a candle. Later, the hammer was missing.",435,plausible,,voice,chen2023/active_passive/9/passive_plausible.non_supportive,The pizza was eaten by the boy.,none,,,,,Did the pizza eat something/someone?,No,"{""context_type"": ""non_supportive"", ""group"": ""act-pass1"", ""linger_cond"": ""passive_plausible"", ""same_structure_plausible_uid"": ""chen2023/active_passive/9/passive_plausible.non_supportive"", ""structure"": ""passive""}"
chen2023,active_passive,10,active_plausible.non_supportive,chen2023/active_passive/10/active_plausible.non_supportive,The grandfather broke the bowl.,the grandfather broke the bowl .,The grandfather broke the bowl.,The grandmother hated to cook when the oven was dirty. The uncle knew he liked the boat as soon as he saw it.,436,plausible,,voice,chen2023/active_passive/10/active_plausible.non_supportive,The grandfather broke the bowl.,none,,,,,Did the bowl break something/someone?,No,"{""context_type"": ""non_supportive"", ""group"": ""act-pass1"", ""linger_cond"": ""active_plausible"", ""same_structure_plausible_uid"": ""chen2023/active_passive/10/active_plausible.non_supportive"", ""structure"": ""active""}"
chen2023,active_passive,10,active_implausible.non_supportive,chen2023/active_passive/10/active_implausible.non_supportive,The bowl broke the grandfather.,the bowl broke the grandfather .,The bowl broke the grandfather.,The grandmother hated to cook when the oven was dirty. The uncle knew he liked the boat as soon as he saw it.,437,implausible,,voice,chen2023/active_passive/10/passive_plausible.non_supportive,The bowl was broken by the grandfather.,sub,sub,broke,was broken by,2,Did the bowl break something/someone?,Yes,"{""context_type"": ""non_supportive"", ""group"": ""act-pass1"", ""linger_cond"": ""active_implausible"", ""same_structure_plausible_uid"": ""chen2023/active_passive/10/active_plausible.non_supportive"", ""structure"": ""active""}"
chen2023,active_passive,10,passive_implausible.non_supportive,chen2023/active_passive/10/passive_implausible.non_supportive,The grandfather was broken by the bowl.,the grandfather was broken by the bowl .,The grandfather was broken by the bowl.,The grandmother hated to cook when the oven was dirty. The uncle knew he liked the boat as soon as he saw it.,438,implausible,,voice,chen2023/active_passive/10/active_plausible.non_supportive,The grandfather broke the bowl.,sub,sub,was broken by,broke,2,Did the bowl break something/someone?,Yes,"{""context_type"": ""non_supportive"", ""group"": ""act-pass1"", ""linger_cond"": ""passive_implausible"", ""same_structure_plausible_uid"": ""chen2023/active_passive/10/passive_plausible.non_supportive"", ""structure"": ""passive""}"
chen2023,active_passive,10,passive_plausible.non_supportive,chen2023/active_passive/10/passive_plausible.non_supportive,The bowl was broken by the grandfather.,the bowl was broken by the grandfather .,The bowl was broken by the grandfather.,The grandmother hated to cook when the oven was dirty. The uncle knew he liked the boat as soon as he saw it.,439,plausible,,voice,chen2023/active_passive/10/passive_plausible.non_supportive,The bowl was broken by the grandfather.,none,,,,,Did the bowl break something/someone?,No,"{""context_type"": ""non_supportive"", ""group"": ""act-pass1"", ""linger_cond"": ""passive_plausible"", ""same_structure_plausible_uid"": ""chen2023/active_passive/10/passive_plausible.non_supportive"", ""structure"": ""passive""}"
chen2023,active_passive,11,active_plausible.non_supportive,chen2023/active_passive/11/active_plausible.non_supportive,The woman lost the diamond.,the woman lost the diamond .,The woman lost the diamond.,The oven was very dirty. The granddaughter was excited to see the train.,440,plausible,,voice,chen2023/active_passive/11/active_plausible.non_supportive,The woman lost the diamond.,none,,,,,Did the diamond lose something/someone?,No,"{""context_type"": ""non_supportive"", ""group"": ""act-pass1"", ""linger_cond"": ""active_plausible"", ""same_structure_plausible_uid"": ""chen2023/active_passive/11/active_plausible.non_supportive"", ""structure"": ""active""}"
chen2023,active_passive,11,active_implausible.non_supportive,chen2023/active_passive/11/active_implausible.non_supportive,The diamond lost the woman.,the diamond lost the woman .,The diamond lost the woman.,The oven was very dirty. The granddaughter was excited to see the train.,441,implausible,,voice,chen2023/active_passive/11/passive_plausible.non_supportive,The diamond was lost by the woman.,multi,ins;ins,,was,,Did the diamond lose something/someone?,Yes,"{""context_type"": ""non_supportive"", ""group"": ""act-pass1"", ""linger_cond"": ""active_implausible"", ""same_structure_plausible_uid"": ""chen2023/active_passive/11/active_plausible.non_supportive"", ""structure"": ""active""}"
chen2023,active_passive,11,passive_implausible.non_supportive,chen2023/active_passive/11/passive_implausible.non_supportive,The woman was lost by the diamond.,the woman was lost by the diamond .,The woman was lost by the diamond.,The oven was very dirty. The granddaughter was excited to see the train.,442,implausible,,voice,chen2023/active_passive/11/active_plausible.non_supportive,The woman lost the diamond.,multi,del;del,was,,2,Did the diamond lose something/someone?,Yes,"{""context_type"": ""non_supportive"", ""group"": ""act-pass1"", ""linger_cond"": ""passive_implausible"", ""same_structure_plausible_uid"": ""chen2023/active_passive/11/passive_plausible.non_supportive"", ""structure"": ""passive""}"
chen2023,active_passive,11,passive_plausible.non_supportive,chen2023/active_passive/11/passive_plausible.non_supportive,The diamond was lost by the woman.,the diamond was lost by the woman .,The diamond was lost by the woman.,The oven was very dirty. The granddaughter was excited to see the train.,443,plausible,,voice,chen2023/active_passive/11/passive_plausible.non_supportive,The diamond was lost by the woman.,none,,,,,Did the diamond lose something/someone?,No,"{""context_type"": ""non_supportive"", ""group"": ""act-pass1"", ""linger_cond"": ""passive_plausible"", ""same_structure_plausible_uid"": ""chen2023/active_passive/11/passive_plausible.non_supportive"", ""structure"": ""passive""}"
chen2023,active_passive,12,active_plausible.non_supportive,chen2023/active_passive/12/active_plausible.non_supportive,The grandmother cleaned the oven.,the grandmother cleaned the oven .,The grandmother cleaned the oven.,The girl loves playing soccer. The table had to be prepared for dinner.,444,plausible,,voice,chen2023/active_passive/12/active_plausible.non_supportive,The grandmother cleaned the oven.,none,,,,,Did the oven clean something/someone?,No,"{""context_type"": ""non_supportive"", ""group"": ""act-pass1"", ""linger_cond"": ""active_plausible"", ""same_structure_plausible_uid"": ""chen2023/active_passive/12/active_plausible.non_supportive"", ""structure"": ""active""}"
chen2023,active_passive,12,active_implausible.non_supportive,chen2023/active_passive/12/active_implausible.non_supportive,The oven cleaned the grandmother.,the oven cleaned the grandmother .,The oven cleaned the grandmother.,The girl loves playing soccer. The table had to be prepared for dinner.,445,implausible,,voice,chen2023/active_passive/12/passive_plausible.non_supportive,The oven was cleaned by the grandmother.,multi,ins;ins,,was,,Did the oven clean something/someone?,Yes,"{""context_type"": ""non_supportive"", ""group"": ""act-pass1"", ""linger_cond"": ""active_implausible"", ""same_structure_plausible_uid"": ""chen2023/active_passive/12/active_plausible.non_supportive"", ""structure"": ""active""}"
chen2023,active_passive,12,passive_implausible.non_supportive,chen2023/active_passive/12/passive_implausible.non_supportive,The grandmother was cleaned by the oven.,the grandmother was cleaned by the oven .,The grandmother was cleaned by the oven.,The girl loves playing soccer. The table had to be prepared for dinner.,446,implausible,,voice,chen2023/active_passive/12/active_plausible.non_supportive,The grandmother cleaned the oven.,multi,del;del,was,,2,Did the oven clean something/someone?,Yes,"{""context_type"": ""non_supportive"", ""group"": ""act-pass1"", ""linger_cond"": ""passive_implausible"", ""same_structure_plausible_uid"": ""chen2023/active_passive/12/passive_plausible.non_supportive"", ""structure"": ""passive""}"
chen2023,active_passive,12,passive_plausible.non_supportive,chen2023/active_passive/12/passive_plausible.non_supportive,The oven was cleaned by the grandmother.,the oven was cleaned by the grandmother .,The oven was cleaned by the grandmother.,The girl loves playing soccer. The table had to be prepared for dinner.,447,plausible,,voice,chen2023/active_passive/12/passive_plausible.non_supportive,The oven was cleaned by the grandmother.,none,,,,,Did the oven clean something/someone?,No,"{""context_type"": ""non_supportive"", ""group"": ""act-pass1"", ""linger_cond"": ""passive_plausible"", ""same_structure_plausible_uid"": ""chen2023/active_passive/12/passive_plausible.non_supportive"", ""structure"": ""passive""}"
chen2023,active_passive,13,active_plausible.non_supportive,chen2023/active_passive/13/active_plausible.non_supportive,The electrician stole the hammer.,the electrician stole the hammer .,The electrician stole the hammer.,Someone rang the doorbell. The aunt saw the book in a bookstore.,448,plausible,,voice,chen2023/active_passive/13/active_plausible.non_supportive,The electrician stole the hammer.,none,,,,,Did the hammer steal something/someone?,No,"{""context_type"": ""non_supportive"", ""group"": ""act-pass1"", ""linger_cond"": ""active_plausible"", ""same_structure_plausible_uid"": ""chen2023/active_passive/13/active_plausible.non_supportive"", ""structure"": ""active""}"
chen2023,active_passive,13,active_implausible.non_supportive,chen2023/active_passive/13/active_implausible.non_supportive,The hammer stole the electrician.,the hammer stole the electrician .,The hammer stole the electrician.,Someone rang the doorbell. The aunt saw the book in a bookstore.,449,implausible,,voice,chen2023/active_passive/13/passive_plausible.non_supportive,The hammer was stolen by the electrician.,sub,sub,stole,was stolen by,2,Did the hammer steal something/someone?,Yes,"{""context_type"": ""non_supportive"", ""group"": ""act-pass1"", ""linger_cond"": ""active_implausible"", ""same_structure_plausible_uid"": ""chen2023/active_passive/13/active_plausible.non_supportive"", ""structure"": ""active""}"
chen2023,active_passive,13,passive_implausible.non_supportive,chen2023/active_passive/13/passive_implausible.non_supportive,The electrician was stolen by the hammer.,the electrician was stolen by the hammer .,The electrician was stolen by the hammer.,Someone rang the doorbell. The aunt saw the book in a bookstore.,450,implausible,,voice,chen2023/active_passive/13/active_plausible.non_supportive,The electrician stole the hammer.,sub,sub,was stolen by,stole,2,Did the hammer steal something/someone?,Yes,"{""context_type"": ""non_supportive"", ""group"": ""act-pass1"", ""linger_cond"": ""passive_implausible"", ""same_structure_plausible_uid"": ""chen2023/active_passive/13/passive_plausible.non_supportive"", ""structure"": ""passive""}"
chen2023,active_passive,13,passive_plausible.non_supportive,chen2023/active_passive/13/passive_plausible.non_supportive,The hammer was stolen by the electrician.,the hammer was stolen by the electrician .,The hammer was stolen by the electrician.,Someone rang the doorbell. The aunt saw the book in a bookstore.,451,plausible,,voice,chen2023/active_passive/13/passive_plausible.non_supportive,The hammer was stolen by the electrician.,none,,,,,Did the hammer steal something/someone?,No,"{""context_type"": ""non_supportive"", ""group"": ""act-pass1"", ""linger_cond"": ""passive_plausible"", ""same_structure_plausible_uid"": ""chen2023/active_passive/13/passive_plausible.non_supportive"", ""structure"": ""passive""}"
chen2023,active_passive,14,active_plausible.non_supportive,chen2023/active_passive/14/active_plausible.non_supportive,The sister closed the window.,the sister closed the window .,The sister closed the window.,"In the store, the plumber found a very nice watch that was on sale. The truck was parked in the driveway.",452,plausible,,voice,chen2023/active_passive/14/active_plausible.non_supportive,The sister closed the window.,none,,,,,Did the window close something/someone?,No,"{""context_type"": ""non_supportive"", ""group"": ""act-pass1"", ""linger_cond"": ""active_plausible"", ""same_structure_plausible_uid"": ""chen2023/active_passive/14/active_plausible.non_supportive"", ""structure"": ""active""}"
chen2023,active_passive,14,active_implausible.non_supportive,chen2023/active_passive/14/active_implausible.non_supportive,The window closed the sister.,the window closed the sister .,The window closed the sister.,"In the store, the plumber found a very nice watch that was on sale. The truck was parked in the driveway.",453,implausible,,voice,chen2023/active_passive/14/passive_plausible.non_supportive,The window was closed by the sister.,multi,ins;ins,,was,,Did the window close something/someone?,Yes,"{""context_type"": ""non_supportive"", ""group"": ""act-pass1"", ""linger_cond"": ""active_implausible"", ""same_structure_plausible_uid"": ""chen2023/active_passive/14/active_plausible.non_supportive"", ""structure"": ""active""}"
chen2023,active_passive,14,passive_implausible.non_supportive,chen2023/active_passive/14/passive_implausible.non_supportive,The sister was closed by the window.,the sister was closed by the window .,The sister was closed by the window.,"In the store, the plumber found a very nice watch that was on sale. The truck was parked in the driveway.",454,implausible,,voice,chen2023/active_passive/14/active_plausible.non_supportive,The sister closed the window.,multi,del;del,was,,2,Did the window close something/someone?,Yes,"{""context_type"": ""non_supportive"", ""group"": ""act-pass1"", ""linger_cond"": ""passive_implausible"", ""same_structure_plausible_uid"": ""chen2023/active_passive/14/passive_plausible.non_supportive"", ""structure"": ""passive""}"
chen2023,active_passive,14,passive_plausible.non_supportive,chen2023/active_passive/14/passive_plausible.non_supportive,The window was closed by the sister.,the window was closed by the sister .,The window was closed by the sister.,"In the store, the plumber found a very nice watch that was on sale. The truck was parked in the driveway.",455,plausible,,voice,chen2023/active_passive/14/passive_plausible.non_supportive,The window was closed by the sister.,none,,,,,Did the window close something/someone?,No,"{""context_type"": ""non_supportive"", ""group"": ""act-pass1"", ""linger_cond"": ""passive_plausible"", ""same_structure_plausible_uid"": ""chen2023/active_passive/14/passive_plausible.non_supportive"", ""structure"": ""passive""}"
chen2023,active_passive,15,active_plausible.non_supportive,chen2023/active_passive/15/active_plausible.non_supportive,The grandson sipped the water.,the grandson sipped the water .,The grandson sipped the water.,The man found the keys to the truck. The stamp was stuck on the envelope.,456,plausible,,voice,chen2023/active_passive/15/active_plausible.non_supportive,The grandson sipped the water.,none,,,,,Did the water sip something/someone?,No,"{""context_type"": ""non_supportive"", ""group"": ""act-pass1"", ""linger_cond"": ""active_plausible"", ""same_structure_plausible_uid"": ""chen2023/active_passive/15/active_plausible.non_supportive"", ""structure"": ""active""}"
chen2023,active_passive,15,active_implausible.non_supportive,chen2023/active_passive/15/active_implausible.non_supportive,The water sipped the grandson.,the water sipped the grandson .,The water sipped the grandson.,The man found the keys to the truck. The stamp was stuck on the envelope.,457,implausible,,voice,chen2023/active_passive/15/passive_plausible.non_supportive,The water was sipped by the grandson.,multi,ins;ins,,was,,Did the water sip something/someone?,Yes,"{""context_type"": ""non_supportive"", ""group"": ""act-pass1"", ""linger_cond"": ""active_implausible"", ""same_structure_plausible_uid"": ""chen2023/active_passive/15/active_plausible.non_supportive"", ""structure"": ""active""}"
chen2023,active_passive,15,passive_implausible.non_supportive,chen2023/active_passive/15/passive_implausible.non_supportive,The grandson was sipped by the water.,the grandson was sipped by the water .,The grandson was sipped by the water.,The man found the keys to the truck. The stamp was stuck on the envelope.,458,implausible,,voice,chen2023/active_passive/15/active_plausible.non_supportive,The grandson sipped the water.,multi,del;del,was,,2,Did the water sip something/someone?,Yes,"{""context_type"": ""non_supportive"", ""group"": ""act-pass1"", ""linger_cond"": ""passive_implausible"", ""same_structure_plausible_uid"": ""chen2023/active_passive/15/passive_plausible.non_supportive"", ""structure"": ""passive""}"
chen2023,active_passive,15,passive_plausible.non_supportive,chen2023/active_passive/15/passive_plausible.non_supportive,The water was sipped by the grandson.,the water was sipped by the grandson .,The water was sipped by the grandson.,The man found the keys to the truck. The stamp was stuck on the envelope.,459,plausible,,voice,chen2023/active_passive/15/passive_plausible.non_supportive,The water was sipped by the grandson.,none,,,,,Did the water sip something/someone?,No,"{""context_type"": ""non_supportive"", ""group"": ""act-pass1"", ""linger_cond"": ""passive_plausible"", ""same_structure_plausible_uid"": ""chen2023/active_passive/15/passive_plausible.non_supportive"", ""structure"": ""passive""}"
chen2023,active_passive,16,active_plausible.non_supportive,chen2023/active_passive/16/active_plausible.non_supportive,The granddaughter boarded the train.,the granddaughter boarded the train .,The granddaughter boarded the train.,"In order for the stamp to be sticky, someone had to lick the stamp. The daughter found the silverware.",460,plausible,,voice,chen2023/active_passive/16/active_plausible.non_supportive,The granddaughter boarded the train.,none,,,,,Did the granddaughter board something/someone?,Yes,"{""context_type"": ""non_supportive"", ""group"": ""act-pass1"", ""linger_cond"": ""active_plausible"", ""same_structure_plausible_uid"": ""chen2023/active_passive/16/active_plausible.non_supportive"", ""structure"": ""active""}"
chen2023,active_passive,16,active_implausible.non_supportive,chen2023/active_passive/16/active_implausible.non_supportive,The train boarded the granddaughter.,the train boarded the granddaughter .,The train boarded the granddaughter.,"In order for the stamp to be sticky, someone had to lick the stamp. The daughter found the silverware.",461,implausible,,voice,chen2023/active_passive/16/passive_plausible.non_supportive,The train was boarded by the granddaughter.,multi,ins;ins,,was,,Did the granddaughter board something/someone?,No,"{""context_type"": ""non_supportive"", ""group"": ""act-pass1"", ""linger_cond"": ""active_implausible"", ""same_structure_plausible_uid"": ""chen2023/active_passive/16/active_plausible.non_supportive"", ""structure"": ""active""}"
chen2023,active_passive,16,passive_implausible.non_supportive,chen2023/active_passive/16/passive_implausible.non_supportive,The granddaughter was boarded by the train.,the granddaughter was boarded by the train .,The granddaughter was boarded by the train.,"In order for the stamp to be sticky, someone had to lick the stamp. The daughter found the silverware.",462,implausible,,voice,chen2023/active_passive/16/active_plausible.non_supportive,The granddaughter boarded the train.,multi,del;del,was,,2,Did the granddaughter board something/someone?,No,"{""context_type"": ""non_supportive"", ""group"": ""act-pass1"", ""linger_cond"": ""passive_implausible"", ""same_structure_plausible_uid"": ""chen2023/active_passive/16/passive_plausible.non_supportive"", ""structure"": ""passive""}"
chen2023,active_passive,16,passive_plausible.non_supportive,chen2023/active_passive/16/passive_plausible.non_supportive,The train was boarded by the granddaughter.,the train was boarded by the granddaughter .,The train was boarded by the granddaughter.,"In order for the stamp to be sticky, someone had to lick the stamp. The daughter found the silverware.",463,plausible,,voice,chen2023/active_passive/16/passive_plausible.non_supportive,The train was boarded by the granddaughter.,none,,,,,Did the granddaughter board something/someone?,Yes,"{""context_type"": ""non_supportive"", ""group"": ""act-pass1"", ""linger_cond"": ""passive_plausible"", ""same_structure_plausible_uid"": ""chen2023/active_passive/16/passive_plausible.non_supportive"", ""structure"": ""passive""}"
chen2023,active_passive,17,active_plausible.non_supportive,chen2023/active_passive/17/active_plausible.non_supportive,The aunt purchased the book.,the aunt purchased the book .,The aunt purchased the book.,The daughter noticed the blanket and wanted to tidy the room. The father needed the saw to cut the wood.,464,plausible,,voice,chen2023/active_passive/17/active_plausible.non_supportive,The aunt purchased the book.,none,,,,,Did the aunt purchase something/someone?,Yes,"{""context_type"": ""non_supportive"", ""group"": ""act-pass1"", ""linger_cond"": ""active_plausible"", ""same_structure_plausible_uid"": ""chen2023/active_passive/17/active_plausible.non_supportive"", ""structure"": ""active""}"
chen2023,active_passive,17,active_implausible.non_supportive,chen2023/active_passive/17/active_implausible.non_supportive,The book purchased the aunt.,the book purchased the aunt .,The book purchased the aunt.,The daughter noticed the blanket and wanted to tidy the room. The father needed the saw to cut the wood.,465,implausible,,voice,chen2023/active_passive/17/passive_plausible.non_supportive,The book was purchased by the aunt.,multi,ins;ins,,was,,Did the aunt purchase something/someone?,No,"{""context_type"": ""non_supportive"", ""group"": ""act-pass1"", ""linger_cond"": ""active_implausible"", ""same_structure_plausible_uid"": ""chen2023/active_passive/17/active_plausible.non_supportive"", ""structure"": ""active""}"
chen2023,active_passive,17,passive_implausible.non_supportive,chen2023/active_passive/17/passive_implausible.non_supportive,The aunt was purchased by the book.,the aunt was purchased by the book .,The aunt was purchased by the book.,The daughter noticed the blanket and wanted to tidy the room. The father needed the saw to cut the wood.,466,implausible,,voice,chen2023/active_passive/17/active_plausible.non_supportive,The aunt purchased the book.,multi,del;del,was,,2,Did the aunt purchase something/someone?,No,"{""context_type"": ""non_supportive"", ""group"": ""act-pass1"", ""linger_cond"": ""passive_implausible"", ""same_structure_plausible_uid"": ""chen2023/active_passive/17/passive_plausible.non_supportive"", ""structure"": ""passive""}"
chen2023,active_passive,17,passive_plausible.non_supportive,chen2023/active_passive/17/passive_plausible.non_supportive,The book was purchased by the aunt.,the book was purchased by the aunt .,The book was purchased by the aunt.,The daughter noticed the blanket and wanted to tidy the room. The father needed the saw to cut the wood.,467,plausible,,voice,chen2023/active_passive/17/passive_plausible.non_supportive,The book was purchased by the aunt.,none,,,,,Did the aunt purchase something/someone?,Yes,"{""context_type"": ""non_supportive"", ""group"": ""act-pass1"", ""linger_cond"": ""passive_plausible"", ""same_structure_plausible_uid"": ""chen2023/active_passive/17/passive_plausible.non_supportive"", ""structure"": ""passive""}"
chen2023,active_passive,18,active_plausible.non_supportive,chen2023/active_passive/18/active_plausible.non_supportive,The uncle sailed the boat.,the uncle sailed the boat .,The uncle sailed the boat.,The saw was too dull to cut through the wood. The niece went to see who was at the door.,468,plausible,,voice,chen2023/active_passive/18/active_plausible.non_supportive,The uncle sailed the boat.,none,,,,,Did the uncle sail something/someone?,Yes,"{""context_type"": ""non_supportive"", ""group"": ""act-pass1"", ""linger_cond"": ""active_plausible"", ""same_structure_plausible_uid"": ""chen2023/active_passive/18/active_plausible.non_supportive"", ""structure"": ""active""}"
chen2023,active_passive,18,active_implausible.non_supportive,chen2023/active_passive/18/active_implausible.non_supportive,The boat sailed the uncle.,the boat sailed the uncle .,The boat sailed the uncle.,The saw was too dull to cut through the wood. The niece went to see who was at the door.,469,implausible,,voice,chen2023/active_passive/18/passive_plausible.non_supportive,The boat was sailed by the uncle.,multi,ins;ins,,was,,Did the uncle sail something/someone?,No,"{""context_type"": ""non_supportive"", ""group"": ""act-pass1"", ""linger_cond"": ""active_implausible"", ""same_structure_plausible_uid"": ""chen2023/active_passive/18/active_plausible.non_supportive"", ""structure"": ""active""}"
chen2023,active_passive,18,passive_implausible.non_supportive,chen2023/active_passive/18/passive_implausible.non_supportive,The uncle was sailed by the boat.,the uncle was sailed by the boat .,The uncle was sailed by the boat.,The saw was too dull to cut through the wood. The niece went to see who was at the door.,470,implausible,,voice,chen2023/active_passive/18/active_plausible.non_supportive,The uncle sailed the boat.,multi,del;del,was,,2,Did the uncle sail something/someone?,No,"{""context_type"": ""non_supportive"", ""group"": ""act-pass1"", ""linger_cond"": ""passive_implausible"", ""same_structure_plausible_uid"": ""chen2023/active_passive/18/passive_plausible.non_supportive"", ""structure"": ""passive""}"
chen2023,active_passive,18,passive_plausible.non_supportive,chen2023/active_passive/18/passive_plausible.non_supportive,The boat was sailed by the uncle.,the boat was sailed by the uncle .,The boat was sailed by the uncle.,The saw was too dull to cut through the wood. The niece went to see who was at the door.,471,plausible,,voice,chen2023/active_passive/18/passive_plausible.non_supportive,The boat was sailed by the uncle.,none,,,,,Did the uncle sail something/someone?,Yes,"{""context_type"": ""non_supportive"", ""group"": ""act-pass1"", ""linger_cond"": ""passive_plausible"", ""same_structure_plausible_uid"": ""chen2023/active_passive/18/passive_plausible.non_supportive"", ""structure"": ""passive""}"
chen2023,active_passive,19,active_plausible.non_supportive,chen2023/active_passive/19/active_plausible.non_supportive,The wife lit the candle.,the wife lit the candle .,The wife lit the candle.,The blanket had been thrown carelessly on the couch. The boy ordered a pizza at the restaurant.,472,plausible,,voice,chen2023/active_passive/19/active_plausible.non_supportive,The wife lit the candle.,none,,,,,Did the wife light something/someone?,Yes,"{""context_type"": ""non_supportive"", ""group"": ""act-pass1"", ""linger_cond"": ""active_plausible"", ""same_structure_plausible_uid"": ""chen2023/active_passive/19/active_plausible.non_supportive"", ""structure"": ""active""}"
chen2023,active_passive,19,active_implausible.non_supportive,chen2023/active_passive/19/active_implausible.non_supportive,The candle lit the wife.,the candle lit the wife .,The candle lit the wife.,The blanket had been thrown carelessly on the couch. The boy ordered a pizza at the restaurant.,473,implausible,,voice,chen2023/active_passive/19/passive_plausible.non_supportive,The candle was lit by the wife.,multi,ins;ins,,was,,Did the wife light something/someone?,No,"{""context_type"": ""non_supportive"", ""group"": ""act-pass1"", ""linger_cond"": ""active_implausible"", ""same_structure_plausible_uid"": ""chen2023/active_passive/19/active_plausible.non_supportive"", ""structure"": ""active""}"
chen2023,active_passive,19,passive_implausible.non_supportive,chen2023/active_passive/19/passive_implausible.non_supportive,The wife was lit by the candle.,the wife was lit by the candle .,The wife was lit by the candle.,The blanket had been thrown carelessly on the couch. The boy ordered a pizza at the restaurant.,474,implausible,,voice,chen2023/active_passive/19/active_plausible.non_supportive,The wife lit the candle.,multi,del;del,was,,2,Did the wife light something/someone?,No,"{""context_type"": ""non_supportive"", ""group"": ""act-pass1"", ""linger_cond"": ""passive_implausible"", ""same_structure_plausible_uid"": ""chen2023/active_passive/19/passive_plausible.non_supportive"", ""structure"": ""passive""}"
chen2023,active_passive,19,passive_plausible.non_supportive,chen2023/active_passive/19/passive_plausible.non_supportive,The candle was lit by the wife.,the candle was lit by the wife .,The candle was lit by the wife.,The blanket had been thrown carelessly on the couch. The boy ordered a pizza at the restaurant.,475,plausible,,voice,chen2023/active_passive/19/passive_plausible.non_supportive,The candle was lit by the wife.,none,,,,,Did the wife light something/someone?,Yes,"{""context_type"": ""non_supportive"", ""group"": ""act-pass1"", ""linger_cond"": ""passive_plausible"", ""same_structure_plausible_uid"": ""chen2023/active_passive/19/passive_plausible.non_supportive"", ""structure"": ""passive""}"
chen2023,active_passive,20,active_plausible.non_supportive,chen2023/active_passive/20/active_plausible.non_supportive,The husband wrote the letter.,the husband wrote the letter .,The husband wrote the letter.,"Everyone in the family was cold because there was breeze coming from the window. One day, the woman could not find the ring.",476,plausible,,voice,chen2023/active_passive/20/active_plausible.non_supportive,The husband wrote the letter.,none,,,,,Did the husband write something/someone?,Yes,"{""context_type"": ""non_supportive"", ""group"": ""act-pass1"", ""linger_cond"": ""active_plausible"", ""same_structure_plausible_uid"": ""chen2023/active_passive/20/active_plausible.non_supportive"", ""structure"": ""active""}"
chen2023,active_passive,20,active_implausible.non_supportive,chen2023/active_passive/20/active_implausible.non_supportive,The letter wrote the husband.,the letter wrote the husband .,The letter wrote the husband.,"Everyone in the family was cold because there was breeze coming from the window. One day, the woman could not find the ring.",477,implausible,,voice,chen2023/active_passive/20/passive_plausible.non_supportive,The letter was written by the husband.,sub,sub,wrote,was written by,2,Did the husband write something/someone?,No,"{""context_type"": ""non_supportive"", ""group"": ""act-pass1"", ""linger_cond"": ""active_implausible"", ""same_structure_plausible_uid"": ""chen2023/active_passive/20/active_plausible.non_supportive"", ""structure"": ""active""}"
chen2023,active_passive,20,passive_implausible.non_supportive,chen2023/active_passive/20/passive_implausible.non_supportive,The husband was written by the letter.,the husband was written by the letter .,The husband was written by the letter.,"Everyone in the family was cold because there was breeze coming from the window. One day, the woman could not find the ring.",478,implausible,,voice,chen2023/active_passive/20/active_plausible.non_supportive,The husband wrote the letter.,sub,sub,was written by,wrote,2,Did the husband write something/someone?,No,"{""context_type"": ""non_supportive"", ""group"": ""act-pass1"", ""linger_cond"": ""passive_implausible"", ""same_structure_plausible_uid"": ""chen2023/active_passive/20/passive_plausible.non_supportive"", ""structure"": ""passive""}"
chen2023,active_passive,20,passive_plausible.non_supportive,chen2023/active_passive/20/passive_plausible.non_supportive,The letter was written by the husband.,the letter was written by the husband .,The letter was written by the husband.,"Everyone in the family was cold because there was breeze coming from the window. One day, the woman could not find the ring.",479,plausible,,voice,chen2023/active_passive/20/passive_plausible.non_supportive,The letter was written by the husband.,none,,,,,Did the husband write something/someone?,Yes,"{""context_type"": ""non_supportive"", ""group"": ""act-pass1"", ""linger_cond"": ""passive_plausible"", ""same_structure_plausible_uid"": ""chen2023/active_passive/20/passive_plausible.non_supportive"", ""structure"": ""passive""}"
