dataset,subset,item_id,condition,stim_uid,sentence_orig,sentence_norm,model_input,context,sentence_id,plausibility,is_grammatical,contrast,intended_uids,n_intended,critical_word_idx,comprehension_q,correct_answer,meta
clark2026,,0,1.1,clark2026//0/1.1,The boy kicked the big round ball into the net.,the boy kicked the big round ball into the net .,The boy kicked the big round ball into the net.,,0,plausible,,word_form,clark2026//0/1.1,1,2,,,"{""critical_cond"": ""1"", ""critical_word"": ""kicked"", ""id"": ""1"", ""intervening"": ""the big round"", ""intervening_cond"": ""long"", ""preamble"": ""The boy"", ""predicate"": ""ball into the net"", ""source_critical"": {""Control"": ""read"", ""Critical1"": ""kicked"", ""Critical2"": ""licked"", ""Typo1"": ""kjcked"", ""Typo2"": ""ljcked""}}"
clark2026,,0,1.2,clark2026//0/1.2,The boy kicked the big round lollipop with delight.,the boy kicked the big round lollipop with delight .,The boy kicked the big round lollipop with delight.,,1,implausible,,word_form,clark2026//0/2.2,1,2,,,"{""critical_cond"": ""1"", ""critical_word"": ""kicked"", ""id"": ""2"", ""intervening"": ""the big round"", ""intervening_cond"": ""long"", ""preamble"": ""The boy"", ""predicate"": ""lollipop with delight"", ""source_critical"": {""Control"": ""read"", ""Critical1"": ""kicked"", ""Critical2"": ""licked"", ""Typo1"": ""kjcked"", ""Typo2"": ""ljcked""}}"
clark2026,,0,1.Control,clark2026//0/1.Control,The boy kicked the big round breath after the run.,the boy kicked the big round breath after the run .,The boy kicked the big round breath after the run.,,2,implausible,,,,0,2,,,"{""critical_cond"": ""1"", ""critical_word"": ""kicked"", ""id"": ""3"", ""intervening"": ""the big round"", ""intervening_cond"": ""long"", ""preamble"": ""The boy"", ""predicate"": ""breath after the run"", ""source_critical"": {""Control"": ""read"", ""Critical1"": ""kicked"", ""Critical2"": ""licked"", ""Typo1"": ""kjcked"", ""Typo2"": ""ljcked""}}"
clark2026,,0,2.1,clark2026//0/2.1,The boy licked the big round ball into the net.,the boy licked the big round ball into the net .,The boy licked the big round ball into the net.,,3,implausible,,word_form,clark2026//0/1.1,1,2,,,"{""critical_cond"": ""2"", ""critical_word"": ""licked"", ""id"": ""4"", ""intervening"": ""the big round"", ""intervening_cond"": ""long"", ""preamble"": ""The boy"", ""predicate"": ""ball into the net"", ""source_critical"": {""Control"": ""read"", ""Critical1"": ""kicked"", ""Critical2"": ""licked"", ""Typo1"": ""kjcked"", ""Typo2"": ""ljcked""}}"
clark2026,,0,2.2,clark2026//0/2.2,The boy licked the big round lollipop with delight.,the boy licked the big round lollipop with delight .,The boy licked the big round lollipop with delight.,,4,plausible,,word_form,clark2026//0/2.2,1,2,,,"{""critical_cond"": ""2"", ""critical_word"": ""licked"", ""id"": ""5"", ""intervening"": ""the big round"", ""intervening_cond"": ""long"", ""preamble"": ""The boy"", ""predicate"": ""lollipop with delight"", ""source_critical"": {""Control"": ""read"", ""Critical1"": ""kicked"", ""Critical2"": ""licked"", ""Typo1"": ""kjcked"", ""Typo2"": ""ljcked""}}"
clark2026,,0,2.Control,clark2026//0/2.Control,The boy licked the big round breath after the run.,the boy licked the big round breath after the run .,The boy licked the big round breath after the run.,,5,implausible,,,,0,2,,,"{""critical_cond"": ""2"", ""critical_word"": ""licked"", ""id"": ""6"", ""intervening"": ""the big round"", ""intervening_cond"": ""long"", ""preamble"": ""The boy"", ""predicate"": ""breath after the run"", ""source_critical"": {""Control"": ""read"", ""Critical1"": ""kicked"", ""Critical2"": ""licked"", ""Typo1"": ""kjcked"", ""Typo2"": ""ljcked""}}"
clark2026,,0,Control.1,clark2026//0/Control.1,The boy read the big round ball into the net.,the boy read the big round ball into the net .,The boy read the big round ball into the net.,,6,implausible,,,,0,2,,,"{""critical_cond"": ""Control"", ""critical_word"": ""read"", ""id"": ""7"", ""intervening"": ""the big round"", ""intervening_cond"": ""long"", ""preamble"": ""The boy"", ""predicate"": ""ball into the net"", ""source_critical"": {""Control"": ""read"", ""Critical1"": ""kicked"", ""Critical2"": ""licked"", ""Typo1"": ""kjcked"", ""Typo2"": ""ljcked""}}"
clark2026,,0,Control.2,clark2026//0/Control.2,The boy read the big round lollipop with delight.,the boy read the big round lollipop with delight .,The boy read the big round lollipop with delight.,,7,implausible,,,,0,2,,,"{""critical_cond"": ""Control"", ""critical_word"": ""read"", ""id"": ""8"", ""intervening"": ""the big round"", ""intervening_cond"": ""long"", ""preamble"": ""The boy"", ""predicate"": ""lollipop with delight"", ""source_critical"": {""Control"": ""read"", ""Critical1"": ""kicked"", ""Critical2"": ""licked"", ""Typo1"": ""kjcked"", ""Typo2"": ""ljcked""}}"
clark2026,,0,Typo1.1,clark2026//0/Typo1.1,The boy kjcked the big round ball into the net.,the boy kjcked the big round ball into the net .,The boy kjcked the big round ball into the net.,,8,implausible,,typo,clark2026//0/1.1,1,2,,,"{""critical_cond"": ""Typo1"", ""critical_word"": ""kjcked"", ""id"": ""9"", ""intervening"": ""the big round"", ""intervening_cond"": ""long"", ""preamble"": ""The boy"", ""predicate"": ""ball into the net"", ""source_critical"": {""Control"": ""read"", ""Critical1"": ""kicked"", ""Critical2"": ""licked"", ""Typo1"": ""kjcked"", ""Typo2"": ""ljcked""}}"
clark2026,,0,Typo2.2,clark2026//0/Typo2.2,The boy ljcked the big round lollipop with delight.,the boy ljcked the big round lollipop with delight .,The boy ljcked the big round lollipop with delight.,,9,implausible,,typo,clark2026//0/2.2,1,2,,,"{""critical_cond"": ""Typo2"", ""critical_word"": ""ljcked"", ""id"": ""10"", ""intervening"": ""the big round"", ""intervening_cond"": ""long"", ""preamble"": ""The boy"", ""predicate"": ""lollipop with delight"", ""source_critical"": {""Control"": ""read"", ""Critical1"": ""kicked"", ""Critical2"": ""licked"", ""Typo1"": ""kjcked"", ""Typo2"": ""ljcked""}}"
clark2026,,1,1.1,clark2026//1/1.1,His band was apparently no longer performing live.,his band was apparently no longer performing live .,His band was apparently no longer performing live.,,10,plausible,,word_form,clark2026//1/1.1,1,1,,,"{""critical_cond"": ""1"", ""critical_word"": ""band"", ""id"": ""11"", ""intervening"": ""was apparently no longer"", ""intervening_cond"": ""long"", ""preamble"": ""His"", ""predicate"": ""performing live"", ""source_critical"": {""Control"": ""house"", ""Critical1"": ""band"", ""Critical2"": ""hand"", ""Typo1"": ""bnd"", ""Typo2"": ""hnd""}}"
clark2026,,1,1.2,clark2026//1/1.2,His band was apparently no longer bandaged tightly.,his band was apparently no longer bandaged tightly .,His band was apparently no longer bandaged tightly.,,11,implausible,,word_form,clark2026//1/2.2,1,1,,,"{""critical_cond"": ""1"", ""critical_word"": ""band"", ""id"": ""12"", ""intervening"": ""was apparently no longer"", ""intervening_cond"": ""long"", ""preamble"": ""His"", ""predicate"": ""bandaged tightly"", ""source_critical"": {""Control"": ""house"", ""Critical1"": ""band"", ""Critical2"": ""hand"", ""Typo1"": ""bnd"", ""Typo2"": ""hnd""}}"
clark2026,,1,1.Control,clark2026//1/1.Control,His band was apparently no longer excavated carefully.,his band was apparently no longer excavated carefully .,His band was apparently no longer excavated carefully.,,12,implausible,,,,0,1,,,"{""critical_cond"": ""1"", ""critical_word"": ""band"", ""id"": ""13"", ""intervening"": ""was apparently no longer"", ""intervening_cond"": ""long"", ""preamble"": ""His"", ""predicate"": ""excavated carefully"", ""source_critical"": {""Control"": ""house"", ""Critical1"": ""band"", ""Critical2"": ""hand"", ""Typo1"": ""bnd"", ""Typo2"": ""hnd""}}"
clark2026,,1,2.1,clark2026//1/2.1,His hand was apparently no longer performing live.,his hand was apparently no longer performing live .,His hand was apparently no longer performing live.,,13,implausible,,word_form,clark2026//1/1.1,1,1,,,"{""critical_cond"": ""2"", ""critical_word"": ""hand"", ""id"": ""14"", ""intervening"": ""was apparently no longer"", ""intervening_cond"": ""long"", ""preamble"": ""His"", ""predicate"": ""performing live"", ""source_critical"": {""Control"": ""house"", ""Critical1"": ""band"", ""Critical2"": ""hand"", ""Typo1"": ""bnd"", ""Typo2"": ""hnd""}}"
clark2026,,1,2.2,clark2026//1/2.2,His hand was apparently no longer bandaged tightly.,his hand was apparently no longer bandaged tightly .,His hand was apparently no longer bandaged tightly.,,14,plausible,,word_form,clark2026//1/2.2,1,1,,,"{""critical_cond"": ""2"", ""critical_word"": ""hand"", ""id"": ""15"", ""intervening"": ""was apparently no longer"", ""intervening_cond"": ""long"", ""preamble"": ""His"", ""predicate"": ""bandaged tightly"", ""source_critical"": {""Control"": ""house"", ""Critical1"": ""band"", ""Critical2"": ""hand"", ""Typo1"": ""bnd"", ""Typo2"": ""hnd""}}"
clark2026,,1,2.Control,clark2026//1/2.Control,His hand was apparently no longer excavated carefully.,his hand was apparently no longer excavated carefully .,His hand was apparently no longer excavated carefully.,,15,implausible,,,,0,1,,,"{""critical_cond"": ""2"", ""critical_word"": ""hand"", ""id"": ""16"", ""intervening"": ""was apparently no longer"", ""intervening_cond"": ""long"", ""preamble"": ""His"", ""predicate"": ""excavated carefully"", ""source_critical"": {""Control"": ""house"", ""Critical1"": ""band"", ""Critical2"": ""hand"", ""Typo1"": ""bnd"", ""Typo2"": ""hnd""}}"
clark2026,,1,Control.1,clark2026//1/Control.1,His house was apparently no longer performing live.,his house was apparently no longer performing live .,His house was apparently no longer performing live.,,16,implausible,,,,0,1,,,"{""critical_cond"": ""Control"", ""critical_word"": ""house"", ""id"": ""17"", ""intervening"": ""was apparently no longer"", ""intervening_cond"": ""long"", ""preamble"": ""His"", ""predicate"": ""performing live"", ""source_critical"": {""Control"": ""house"", ""Critical1"": ""band"", ""Critical2"": ""hand"", ""Typo1"": ""bnd"", ""Typo2"": ""hnd""}}"
clark2026,,1,Control.2,clark2026//1/Control.2,His house was apparently no longer bandaged tightly.,his house was apparently no longer bandaged tightly .,His house was apparently no longer bandaged tightly.,,17,implausible,,,,0,1,,,"{""critical_cond"": ""Control"", ""critical_word"": ""house"", ""id"": ""18"", ""intervening"": ""was apparently no longer"", ""intervening_cond"": ""long"", ""preamble"": ""His"", ""predicate"": ""bandaged tightly"", ""source_critical"": {""Control"": ""house"", ""Critical1"": ""band"", ""Critical2"": ""hand"", ""Typo1"": ""bnd"", ""Typo2"": ""hnd""}}"
clark2026,,1,Typo1.1,clark2026//1/Typo1.1,His bnd was apparently no longer performing live.,his bnd was apparently no longer performing live .,His bnd was apparently no longer performing live.,,18,implausible,,typo,clark2026//1/1.1,1,1,,,"{""critical_cond"": ""Typo1"", ""critical_word"": ""bnd"", ""id"": ""19"", ""intervening"": ""was apparently no longer"", ""intervening_cond"": ""long"", ""preamble"": ""His"", ""predicate"": ""performing live"", ""source_critical"": {""Control"": ""house"", ""Critical1"": ""band"", ""Critical2"": ""hand"", ""Typo1"": ""bnd"", ""Typo2"": ""hnd""}}"
clark2026,,1,Typo2.2,clark2026//1/Typo2.2,His hnd was apparently no longer bandaged tightly.,his hnd was apparently no longer bandaged tightly .,His hnd was apparently no longer bandaged tightly.,,19,implausible,,typo,clark2026//1/2.2,1,1,,,"{""critical_cond"": ""Typo2"", ""critical_word"": ""hnd"", ""id"": ""20"", ""intervening"": ""was apparently no longer"", ""intervening_cond"": ""long"", ""preamble"": ""His"", ""predicate"": ""bandaged tightly"", ""source_critical"": {""Control"": ""house"", ""Critical1"": ""band"", ""Critical2"": ""hand"", ""Typo1"": ""bnd"", ""Typo2"": ""hnd""}}"
clark2026,,2,1.1,clark2026//2/1.1,In the base were a wide range of soldiers from all over.,in the base were a wide range of soldiers from all over .,In the base were a wide range of soldiers from all over.,,20,plausible,,word_form,clark2026//2/1.1,1,2,,,"{""critical_cond"": ""1"", ""critical_word"": ""base"", ""id"": ""21"", ""intervening"": ""were a wide range of"", ""intervening_cond"": ""long"", ""preamble"": ""In the"", ""predicate"": ""soldiers from all over"", ""source_critical"": {""Control"": ""pebble"", ""Critical1"": ""base"", ""Critical2"": ""vase"", ""Typo1"": ""basse"", ""Typo2"": ""vasse""}}"
clark2026,,2,1.2,clark2026//2/1.2,In the base were a wide range of flowers from my mom.,in the base were a wide range of flowers from my mom .,In the base were a wide range of flowers from my mom.,,21,implausible,,word_form,clark2026//2/2.2,1,2,,,"{""critical_cond"": ""1"", ""critical_word"": ""base"", ""id"": ""22"", ""intervening"": ""were a wide range of"", ""intervening_cond"": ""long"", ""preamble"": ""In the"", ""predicate"": ""flowers from my mom"", ""source_critical"": {""Control"": ""pebble"", ""Critical1"": ""base"", ""Critical2"": ""vase"", ""Typo1"": ""basse"", ""Typo2"": ""vasse""}}"
clark2026,,2,1.Control,clark2026//2/1.Control,In the base were a wide range of homophones in this language.,in the base were a wide range of homophones in this language .,In the base were a wide range of homophones in this language.,,22,implausible,,,,0,2,,,"{""critical_cond"": ""1"", ""critical_word"": ""base"", ""id"": ""23"", ""intervening"": ""were a wide range of"", ""intervening_cond"": ""long"", ""preamble"": ""In the"", ""predicate"": ""homophones in this language"", ""source_critical"": {""Control"": ""pebble"", ""Critical1"": ""base"", ""Critical2"": ""vase"", ""Typo1"": ""basse"", ""Typo2"": ""vasse""}}"
clark2026,,2,2.1,clark2026//2/2.1,In the vase were a wide range of soldiers from all over.,in the vase were a wide range of soldiers from all over .,In the vase were a wide range of soldiers from all over.,,23,implausible,,word_form,clark2026//2/1.1,1,2,,,"{""critical_cond"": ""2"", ""critical_word"": ""vase"", ""id"": ""24"", ""intervening"": ""were a wide range of"", ""intervening_cond"": ""long"", ""preamble"": ""In the"", ""predicate"": ""soldiers from all over"", ""source_critical"": {""Control"": ""pebble"", ""Critical1"": ""base"", ""Critical2"": ""vase"", ""Typo1"": ""basse"", ""Typo2"": ""vasse""}}"
clark2026,,2,2.2,clark2026//2/2.2,In the vase were a wide range of flowers from my mom.,in the vase were a wide range of flowers from my mom .,In the vase were a wide range of flowers from my mom.,,24,plausible,,word_form,clark2026//2/2.2,1,2,,,"{""critical_cond"": ""2"", ""critical_word"": ""vase"", ""id"": ""25"", ""intervening"": ""were a wide range of"", ""intervening_cond"": ""long"", ""preamble"": ""In the"", ""predicate"": ""flowers from my mom"", ""source_critical"": {""Control"": ""pebble"", ""Critical1"": ""base"", ""Critical2"": ""vase"", ""Typo1"": ""basse"", ""Typo2"": ""vasse""}}"
clark2026,,2,2.Control,clark2026//2/2.Control,In the vase were a wide range of homophones in this language.,in the vase were a wide range of homophones in this language .,In the vase were a wide range of homophones in this language.,,25,implausible,,,,0,2,,,"{""critical_cond"": ""2"", ""critical_word"": ""vase"", ""id"": ""26"", ""intervening"": ""were a wide range of"", ""intervening_cond"": ""long"", ""preamble"": ""In the"", ""predicate"": ""homophones in this language"", ""source_critical"": {""Control"": ""pebble"", ""Critical1"": ""base"", ""Critical2"": ""vase"", ""Typo1"": ""basse"", ""Typo2"": ""vasse""}}"
clark2026,,2,Control.1,clark2026//2/Control.1,In the pebble were a wide range of soldiers from all over.,in the pebble were a wide range of soldiers from all over .,In the pebble were a wide range of soldiers from all over.,,26,implausible,,,,0,2,,,"{""critical_cond"": ""Control"", ""critical_word"": ""pebble"", ""id"": ""27"", ""intervening"": ""were a wide range of"", ""intervening_cond"": ""long"", ""preamble"": ""In the"", ""predicate"": ""soldiers from all over"", ""source_critical"": {""Control"": ""pebble"", ""Critical1"": ""base"", ""Critical2"": ""vase"", ""Typo1"": ""basse"", ""Typo2"": ""vasse""}}"
clark2026,,2,Control.2,clark2026//2/Control.2,In the pebble were a wide range of flowers from my mom.,in the pebble were a wide range of flowers from my mom .,In the pebble were a wide range of flowers from my mom.,,27,implausible,,,,0,2,,,"{""critical_cond"": ""Control"", ""critical_word"": ""pebble"", ""id"": ""28"", ""intervening"": ""were a wide range of"", ""intervening_cond"": ""long"", ""preamble"": ""In the"", ""predicate"": ""flowers from my mom"", ""source_critical"": {""Control"": ""pebble"", ""Critical1"": ""base"", ""Critical2"": ""vase"", ""Typo1"": ""basse"", ""Typo2"": ""vasse""}}"
clark2026,,2,Typo1.1,clark2026//2/Typo1.1,In the basse were a wide range of soldiers from all over.,in the basse were a wide range of soldiers from all over .,In the basse were a wide range of soldiers from all over.,,28,implausible,,typo,clark2026//2/1.1,1,2,,,"{""critical_cond"": ""Typo1"", ""critical_word"": ""basse"", ""id"": ""29"", ""intervening"": ""were a wide range of"", ""intervening_cond"": ""long"", ""preamble"": ""In the"", ""predicate"": ""soldiers from all over"", ""source_critical"": {""Control"": ""pebble"", ""Critical1"": ""base"", ""Critical2"": ""vase"", ""Typo1"": ""basse"", ""Typo2"": ""vasse""}}"
clark2026,,2,Typo2.2,clark2026//2/Typo2.2,In the vasse were a wide range of flowers from my mom.,in the vasse were a wide range of flowers from my mom .,In the vasse were a wide range of flowers from my mom.,,29,implausible,,typo,clark2026//2/2.2,1,2,,,"{""critical_cond"": ""Typo2"", ""critical_word"": ""vasse"", ""id"": ""30"", ""intervening"": ""were a wide range of"", ""intervening_cond"": ""long"", ""preamble"": ""In the"", ""predicate"": ""flowers from my mom"", ""source_critical"": {""Control"": ""pebble"", ""Critical1"": ""base"", ""Critical2"": ""vase"", ""Typo1"": ""basse"", ""Typo2"": ""vasse""}}"
clark2026,,3,1.1,clark2026//3/1.1,She got a lovely fan while spending some time in the gift shop this morning.,she got a lovely fan while spending some time in the gift shop this morning .,She got a lovely fan while spending some time in the gift shop this morning.,,30,plausible,,word_form,clark2026//3/1.1,1,4,,,"{""critical_cond"": ""1"", ""critical_word"": ""fan"", ""id"": ""31"", ""intervening"": ""while spending some time in the"", ""intervening_cond"": ""long"", ""preamble"": ""She got a lovely"", ""predicate"": ""gift shop this morning"", ""source_critical"": {""Control"": ""voice"", ""Critical1"": ""fan"", ""Critical2"": ""tan"", ""Typo1"": ""faan"", ""Typo2"": ""taan""}}"
clark2026,,3,1.2,clark2026//3/1.2,She got a lovely fan while spending some time in the sun over the holidays.,she got a lovely fan while spending some time in the sun over the holidays .,She got a lovely fan while spending some time in the sun over the holidays.,,31,implausible,,word_form,clark2026//3/2.2,1,4,,,"{""critical_cond"": ""1"", ""critical_word"": ""fan"", ""id"": ""32"", ""intervening"": ""while spending some time in the"", ""intervening_cond"": ""long"", ""preamble"": ""She got a lovely"", ""predicate"": ""sun over the holidays"", ""source_critical"": {""Control"": ""voice"", ""Critical1"": ""fan"", ""Critical2"": ""tan"", ""Typo1"": ""faan"", ""Typo2"": ""taan""}}"
clark2026,,3,1.Control,clark2026//3/1.Control,She got a lovely fan while spending some time in the smoothie at the juice bar.,she got a lovely fan while spending some time in the smoothie at the juice bar .,She got a lovely fan while spending some time in the smoothie at the juice bar.,,32,implausible,,,,0,4,,,"{""critical_cond"": ""1"", ""critical_word"": ""fan"", ""id"": ""33"", ""intervening"": ""while spending some time in the"", ""intervening_cond"": ""long"", ""preamble"": ""She got a lovely"", ""predicate"": ""smoothie at the juice bar"", ""source_critical"": {""Control"": ""voice"", ""Critical1"": ""fan"", ""Critical2"": ""tan"", ""Typo1"": ""faan"", ""Typo2"": ""taan""}}"
clark2026,,3,2.1,clark2026//3/2.1,She got a lovely tan while spending some time in the gift shop this morning.,she got a lovely tan while spending some time in the gift shop this morning .,She got a lovely tan while spending some time in the gift shop this morning.,,33,implausible,,word_form,clark2026//3/1.1,1,4,,,"{""critical_cond"": ""2"", ""critical_word"": ""tan"", ""id"": ""34"", ""intervening"": ""while spending some time in the"", ""intervening_cond"": ""long"", ""preamble"": ""She got a lovely"", ""predicate"": ""gift shop this morning"", ""source_critical"": {""Control"": ""voice"", ""Critical1"": ""fan"", ""Critical2"": ""tan"", ""Typo1"": ""faan"", ""Typo2"": ""taan""}}"
clark2026,,3,2.2,clark2026//3/2.2,She got a lovely tan while spending some time in the sun over the holidays.,she got a lovely tan while spending some time in the sun over the holidays .,She got a lovely tan while spending some time in the sun over the holidays.,,34,plausible,,word_form,clark2026//3/2.2,1,4,,,"{""critical_cond"": ""2"", ""critical_word"": ""tan"", ""id"": ""35"", ""intervening"": ""while spending some time in the"", ""intervening_cond"": ""long"", ""preamble"": ""She got a lovely"", ""predicate"": ""sun over the holidays"", ""source_critical"": {""Control"": ""voice"", ""Critical1"": ""fan"", ""Critical2"": ""tan"", ""Typo1"": ""faan"", ""Typo2"": ""taan""}}"
clark2026,,3,2.Control,clark2026//3/2.Control,She got a lovely tan while spending some time in the smoothie at the juice bar.,she got a lovely tan while spending some time in the smoothie at the juice bar .,She got a lovely tan while spending some time in the smoothie at the juice bar.,,35,implausible,,,,0,4,,,"{""critical_cond"": ""2"", ""critical_word"": ""tan"", ""id"": ""36"", ""intervening"": ""while spending some time in the"", ""intervening_cond"": ""long"", ""preamble"": ""She got a lovely"", ""predicate"": ""smoothie at the juice bar"", ""source_critical"": {""Control"": ""voice"", ""Critical1"": ""fan"", ""Critical2"": ""tan"", ""Typo1"": ""faan"", ""Typo2"": ""taan""}}"
clark2026,,3,Control.1,clark2026//3/Control.1,She got a lovely voice while spending some time in the gift shop this morning.,she got a lovely voice while spending some time in the gift shop this morning .,She got a lovely voice while spending some time in the gift shop this morning.,,36,implausible,,,,0,4,,,"{""critical_cond"": ""Control"", ""critical_word"": ""voice"", ""id"": ""37"", ""intervening"": ""while spending some time in the"", ""intervening_cond"": ""long"", ""preamble"": ""She got a lovely"", ""predicate"": ""gift shop this morning"", ""source_critical"": {""Control"": ""voice"", ""Critical1"": ""fan"", ""Critical2"": ""tan"", ""Typo1"": ""faan"", ""Typo2"": ""taan""}}"
clark2026,,3,Control.2,clark2026//3/Control.2,She got a lovely voice while spending some time in the sun over the holidays.,she got a lovely voice while spending some time in the sun over the holidays .,She got a lovely voice while spending some time in the sun over the holidays.,,37,implausible,,,,0,4,,,"{""critical_cond"": ""Control"", ""critical_word"": ""voice"", ""id"": ""38"", ""intervening"": ""while spending some time in the"", ""intervening_cond"": ""long"", ""preamble"": ""She got a lovely"", ""predicate"": ""sun over the holidays"", ""source_critical"": {""Control"": ""voice"", ""Critical1"": ""fan"", ""Critical2"": ""tan"", ""Typo1"": ""faan"", ""Typo2"": ""taan""}}"
clark2026,,3,Typo1.1,clark2026//3/Typo1.1,She got a lovely faan while spending some time in the gift shop this morning.,she got a lovely faan while spending some time in the gift shop this morning .,She got a lovely faan while spending some time in the gift shop this morning.,,38,implausible,,typo,clark2026//3/1.1,1,4,,,"{""critical_cond"": ""Typo1"", ""critical_word"": ""faan"", ""id"": ""39"", ""intervening"": ""while spending some time in the"", ""intervening_cond"": ""long"", ""preamble"": ""She got a lovely"", ""predicate"": ""gift shop this morning"", ""source_critical"": {""Control"": ""voice"", ""Critical1"": ""fan"", ""Critical2"": ""tan"", ""Typo1"": ""faan"", ""Typo2"": ""taan""}}"
clark2026,,3,Typo2.2,clark2026//3/Typo2.2,She got a lovely taan while spending some time in the sun over the holidays.,she got a lovely taan while spending some time in the sun over the holidays .,She got a lovely taan while spending some time in the sun over the holidays.,,39,implausible,,typo,clark2026//3/2.2,1,4,,,"{""critical_cond"": ""Typo2"", ""critical_word"": ""taan"", ""id"": ""40"", ""intervening"": ""while spending some time in the"", ""intervening_cond"": ""long"", ""preamble"": ""She got a lovely"", ""predicate"": ""sun over the holidays"", ""source_critical"": {""Control"": ""voice"", ""Critical1"": ""fan"", ""Critical2"": ""tan"", ""Typo1"": ""faan"", ""Typo2"": ""taan""}}"
clark2026,,4,1.1,clark2026//4/1.1,The car that was provided by the dealer was excellent.,the car that was provided by the dealer was excellent .,The car that was provided by the dealer was excellent.,,40,plausible,,word_form,clark2026//4/1.1,1,1,,,"{""critical_cond"": ""1"", ""critical_word"": ""car"", ""id"": ""41"", ""intervening"": ""that was provided by the"", ""intervening_cond"": ""long"", ""preamble"": ""The"", ""predicate"": ""dealer was excellent"", ""source_critical"": {""Control"": ""dog"", ""Critical1"": ""car"", ""Critical2"": ""care"", ""Typo1"": ""cxar"", ""Typo2"": ""cxare""}}"
clark2026,,4,1.2,clark2026//4/1.2,The car that was provided by the doctor was excellent.,the car that was provided by the doctor was excellent .,The car that was provided by the doctor was excellent.,,41,implausible,,word_form,clark2026//4/2.2,1,1,,,"{""critical_cond"": ""1"", ""critical_word"": ""car"", ""id"": ""42"", ""intervening"": ""that was provided by the"", ""intervening_cond"": ""long"", ""preamble"": ""The"", ""predicate"": ""doctor was excellent"", ""source_critical"": {""Control"": ""dog"", ""Critical1"": ""car"", ""Critical2"": ""care"", ""Typo1"": ""cxar"", ""Typo2"": ""cxare""}}"
clark2026,,4,1.Control,clark2026//4/1.Control,The car that was provided by the beehive was large.,the car that was provided by the beehive was large .,The car that was provided by the beehive was large.,,42,implausible,,,,0,1,,,"{""critical_cond"": ""1"", ""critical_word"": ""car"", ""id"": ""43"", ""intervening"": ""that was provided by the"", ""intervening_cond"": ""long"", ""preamble"": ""The"", ""predicate"": ""beehive was large"", ""source_critical"": {""Control"": ""dog"", ""Critical1"": ""car"", ""Critical2"": ""care"", ""Typo1"": ""cxar"", ""Typo2"": ""cxare""}}"
clark2026,,4,2.1,clark2026//4/2.1,The care that was provided by the dealer was excellent.,the care that was provided by the dealer was excellent .,The care that was provided by the dealer was excellent.,,43,implausible,,word_form,clark2026//4/1.1,1,1,,,"{""critical_cond"": ""2"", ""critical_word"": ""care"", ""id"": ""44"", ""intervening"": ""that was provided by the"", ""intervening_cond"": ""long"", ""preamble"": ""The"", ""predicate"": ""dealer was excellent"", ""source_critical"": {""Control"": ""dog"", ""Critical1"": ""car"", ""Critical2"": ""care"", ""Typo1"": ""cxar"", ""Typo2"": ""cxare""}}"
clark2026,,4,2.2,clark2026//4/2.2,The care that was provided by the doctor was excellent.,the care that was provided by the doctor was excellent .,The care that was provided by the doctor was excellent.,,44,plausible,,word_form,clark2026//4/2.2,1,1,,,"{""critical_cond"": ""2"", ""critical_word"": ""care"", ""id"": ""45"", ""intervening"": ""that was provided by the"", ""intervening_cond"": ""long"", ""preamble"": ""The"", ""predicate"": ""doctor was excellent"", ""source_critical"": {""Control"": ""dog"", ""Critical1"": ""car"", ""Critical2"": ""care"", ""Typo1"": ""cxar"", ""Typo2"": ""cxare""}}"
clark2026,,4,2.Control,clark2026//4/2.Control,The care that was provided by the beehive was large.,the care that was provided by the beehive was large .,The care that was provided by the beehive was large.,,45,implausible,,,,0,1,,,"{""critical_cond"": ""2"", ""critical_word"": ""care"", ""id"": ""46"", ""intervening"": ""that was provided by the"", ""intervening_cond"": ""long"", ""preamble"": ""The"", ""predicate"": ""beehive was large"", ""source_critical"": {""Control"": ""dog"", ""Critical1"": ""car"", ""Critical2"": ""care"", ""Typo1"": ""cxar"", ""Typo2"": ""cxare""}}"
clark2026,,4,Control.1,clark2026//4/Control.1,The dog that was provided by the dealer was excellent.,the dog that was provided by the dealer was excellent .,The dog that was provided by the dealer was excellent.,,46,implausible,,,,0,1,,,"{""critical_cond"": ""Control"", ""critical_word"": ""dog"", ""id"": ""47"", ""intervening"": ""that was provided by the"", ""intervening_cond"": ""long"", ""preamble"": ""The"", ""predicate"": ""dealer was excellent"", ""source_critical"": {""Control"": ""dog"", ""Critical1"": ""car"", ""Critical2"": ""care"", ""Typo1"": ""cxar"", ""Typo2"": ""cxare""}}"
clark2026,,4,Control.2,clark2026//4/Control.2,The dog that was provided by the doctor was excellent.,the dog that was provided by the doctor was excellent .,The dog that was provided by the doctor was excellent.,,47,implausible,,,,0,1,,,"{""critical_cond"": ""Control"", ""critical_word"": ""dog"", ""id"": ""48"", ""intervening"": ""that was provided by the"", ""intervening_cond"": ""long"", ""preamble"": ""The"", ""predicate"": ""doctor was excellent"", ""source_critical"": {""Control"": ""dog"", ""Critical1"": ""car"", ""Critical2"": ""care"", ""Typo1"": ""cxar"", ""Typo2"": ""cxare""}}"
clark2026,,4,Typo1.1,clark2026//4/Typo1.1,The cxar that was provided by the dealer was excellent.,the cxar that was provided by the dealer was excellent .,The cxar that was provided by the dealer was excellent.,,48,implausible,,typo,clark2026//4/1.1,1,1,,,"{""critical_cond"": ""Typo1"", ""critical_word"": ""cxar"", ""id"": ""49"", ""intervening"": ""that was provided by the"", ""intervening_cond"": ""long"", ""preamble"": ""The"", ""predicate"": ""dealer was excellent"", ""source_critical"": {""Control"": ""dog"", ""Critical1"": ""car"", ""Critical2"": ""care"", ""Typo1"": ""cxar"", ""Typo2"": ""cxare""}}"
clark2026,,4,Typo2.2,clark2026//4/Typo2.2,The cxare that was provided by the doctor was excellent.,the cxare that was provided by the doctor was excellent .,The cxare that was provided by the doctor was excellent.,,49,implausible,,typo,clark2026//4/2.2,1,1,,,"{""critical_cond"": ""Typo2"", ""critical_word"": ""cxare"", ""id"": ""50"", ""intervening"": ""that was provided by the"", ""intervening_cond"": ""long"", ""preamble"": ""The"", ""predicate"": ""doctor was excellent"", ""source_critical"": {""Control"": ""dog"", ""Critical1"": ""car"", ""Critical2"": ""care"", ""Typo1"": ""cxar"", ""Typo2"": ""cxare""}}"
clark2026,,5,1.1,clark2026//5/1.1,The doctor wired the heavily sedated patient's jaws shut during the surgery.,the doctor wired the heavily sedated patient's jaws shut during the surgery .,The doctor wired the heavily sedated patient's jaws shut during the surgery.,,50,plausible,,word_form,clark2026//5/1.1,1,2,,,"{""critical_cond"": ""1"", ""critical_word"": ""wired"", ""id"": ""51"", ""intervening"": ""the heavily sedated patient's"", ""intervening_cond"": ""long"", ""preamble"": ""The doctor"", ""predicate"": ""jaws shut during the surgery"", ""source_critical"": {""Control"": ""watched"", ""Critical1"": ""wired"", ""Critical2"": ""wiped"", ""Typo1"": ""wjred"", ""Typo2"": ""wjped""}}"
clark2026,,5,1.2,clark2026//5/1.2,The doctor wired the heavily sedated patient's blood off during the surgery.,the doctor wired the heavily sedated patient's blood off during the surgery .,The doctor wired the heavily sedated patient's blood off during the surgery.,,51,implausible,,word_form,clark2026//5/2.2,1,2,,,"{""critical_cond"": ""1"", ""critical_word"": ""wired"", ""id"": ""52"", ""intervening"": ""the heavily sedated patient's"", ""intervening_cond"": ""long"", ""preamble"": ""The doctor"", ""predicate"": ""blood off during the surgery"", ""source_critical"": {""Control"": ""watched"", ""Critical1"": ""wired"", ""Critical2"": ""wiped"", ""Typo1"": ""wjred"", ""Typo2"": ""wjped""}}"
clark2026,,5,1.Control,clark2026//5/1.Control,The doctor wired the heavily sedated patient's grass in the field.,the doctor wired the heavily sedated patient's grass in the field .,The doctor wired the heavily sedated patient's grass in the field.,,52,implausible,,,,0,2,,,"{""critical_cond"": ""1"", ""critical_word"": ""wired"", ""id"": ""53"", ""intervening"": ""the heavily sedated patient's"", ""intervening_cond"": ""long"", ""preamble"": ""The doctor"", ""predicate"": ""grass in the field"", ""source_critical"": {""Control"": ""watched"", ""Critical1"": ""wired"", ""Critical2"": ""wiped"", ""Typo1"": ""wjred"", ""Typo2"": ""wjped""}}"
clark2026,,5,2.1,clark2026//5/2.1,The doctor wiped the heavily sedated patient's jaws shut during the surgery.,the doctor wiped the heavily sedated patient's jaws shut during the surgery .,The doctor wiped the heavily sedated patient's jaws shut during the surgery.,,53,implausible,,word_form,clark2026//5/1.1,1,2,,,"{""critical_cond"": ""2"", ""critical_word"": ""wiped"", ""id"": ""54"", ""intervening"": ""the heavily sedated patient's"", ""intervening_cond"": ""long"", ""preamble"": ""The doctor"", ""predicate"": ""jaws shut during the surgery"", ""source_critical"": {""Control"": ""watched"", ""Critical1"": ""wired"", ""Critical2"": ""wiped"", ""Typo1"": ""wjred"", ""Typo2"": ""wjped""}}"
clark2026,,5,2.2,clark2026//5/2.2,The doctor wiped the heavily sedated patient's blood off during the surgery.,the doctor wiped the heavily sedated patient's blood off during the surgery .,The doctor wiped the heavily sedated patient's blood off during the surgery.,,54,plausible,,word_form,clark2026//5/2.2,1,2,,,"{""critical_cond"": ""2"", ""critical_word"": ""wiped"", ""id"": ""55"", ""intervening"": ""the heavily sedated patient's"", ""intervening_cond"": ""long"", ""preamble"": ""The doctor"", ""predicate"": ""blood off during the surgery"", ""source_critical"": {""Control"": ""watched"", ""Critical1"": ""wired"", ""Critical2"": ""wiped"", ""Typo1"": ""wjred"", ""Typo2"": ""wjped""}}"
clark2026,,5,2.Control,clark2026//5/2.Control,The doctor wiped the heavily sedated patient's grass in the field.,the doctor wiped the heavily sedated patient's grass in the field .,The doctor wiped the heavily sedated patient's grass in the field.,,55,implausible,,,,0,2,,,"{""critical_cond"": ""2"", ""critical_word"": ""wiped"", ""id"": ""56"", ""intervening"": ""the heavily sedated patient's"", ""intervening_cond"": ""long"", ""preamble"": ""The doctor"", ""predicate"": ""grass in the field"", ""source_critical"": {""Control"": ""watched"", ""Critical1"": ""wired"", ""Critical2"": ""wiped"", ""Typo1"": ""wjred"", ""Typo2"": ""wjped""}}"
clark2026,,5,Control.1,clark2026//5/Control.1,The doctor watched the heavily sedated patient's jaws shut during the surgery.,the doctor watched the heavily sedated patient's jaws shut during the surgery .,The doctor watched the heavily sedated patient's jaws shut during the surgery.,,56,implausible,,,,0,2,,,"{""critical_cond"": ""Control"", ""critical_word"": ""watched"", ""id"": ""57"", ""intervening"": ""the heavily sedated patient's"", ""intervening_cond"": ""long"", ""preamble"": ""The doctor"", ""predicate"": ""jaws shut during the surgery"", ""source_critical"": {""Control"": ""watched"", ""Critical1"": ""wired"", ""Critical2"": ""wiped"", ""Typo1"": ""wjred"", ""Typo2"": ""wjped""}}"
clark2026,,5,Control.2,clark2026//5/Control.2,The doctor watched the heavily sedated patient's blood off during the surgery.,the doctor watched the heavily sedated patient's blood off during the surgery .,The doctor watched the heavily sedated patient's blood off during the surgery.,,57,implausible,,,,0,2,,,"{""critical_cond"": ""Control"", ""critical_word"": ""watched"", ""id"": ""58"", ""intervening"": ""the heavily sedated patient's"", ""intervening_cond"": ""long"", ""preamble"": ""The doctor"", ""predicate"": ""blood off during the surgery"", ""source_critical"": {""Control"": ""watched"", ""Critical1"": ""wired"", ""Critical2"": ""wiped"", ""Typo1"": ""wjred"", ""Typo2"": ""wjped""}}"
clark2026,,5,Typo1.1,clark2026//5/Typo1.1,The doctor wjred the heavily sedated patient's jaws shut during the surgery.,the doctor wjred the heavily sedated patient's jaws shut during the surgery .,The doctor wjred the heavily sedated patient's jaws shut during the surgery.,,58,implausible,,typo,clark2026//5/1.1,1,2,,,"{""critical_cond"": ""Typo1"", ""critical_word"": ""wjred"", ""id"": ""59"", ""intervening"": ""the heavily sedated patient's"", ""intervening_cond"": ""long"", ""preamble"": ""The doctor"", ""predicate"": ""jaws shut during the surgery"", ""source_critical"": {""Control"": ""watched"", ""Critical1"": ""wired"", ""Critical2"": ""wiped"", ""Typo1"": ""wjred"", ""Typo2"": ""wjped""}}"
clark2026,,5,Typo2.2,clark2026//5/Typo2.2,The doctor wjped the heavily sedated patient's blood off during the surgery.,the doctor wjped the heavily sedated patient's blood off during the surgery .,The doctor wjped the heavily sedated patient's blood off during the surgery.,,59,implausible,,typo,clark2026//5/2.2,1,2,,,"{""critical_cond"": ""Typo2"", ""critical_word"": ""wjped"", ""id"": ""60"", ""intervening"": ""the heavily sedated patient's"", ""intervening_cond"": ""long"", ""preamble"": ""The doctor"", ""predicate"": ""blood off during the surgery"", ""source_critical"": {""Control"": ""watched"", ""Critical1"": ""wired"", ""Critical2"": ""wiped"", ""Typo1"": ""wjred"", ""Typo2"": ""wjped""}}"
clark2026,,6,1.1,clark2026//6/1.1,Can you please dip that big black brush into the paint?,can you please dip that big black brush into the paint ?,Can you please dip that big black brush into the paint?,,60,plausible,,word_form,clark2026//6/1.1,1,3,,,"{""critical_cond"": ""1"", ""critical_word"": ""dip"", ""id"": ""61"", ""intervening"": ""that big black"", ""intervening_cond"": ""long"", ""preamble"": ""Can you please"", ""predicate"": ""brush into the paint"", ""source_critical"": {""Control"": ""mop"", ""Critical1"": ""dip"", ""Critical2"": ""zip"", ""Typo1"": ""djp"", ""Typo2"": ""zjp""}}"
clark2026,,6,1.2,clark2026//6/1.2,Can you please dip that big black bag up?,can you please dip that big black bag up ?,Can you please dip that big black bag up?,,61,implausible,,word_form,clark2026//6/2.2,1,3,,,"{""critical_cond"": ""1"", ""critical_word"": ""dip"", ""id"": ""62"", ""intervening"": ""that big black"", ""intervening_cond"": ""long"", ""preamble"": ""Can you please"", ""predicate"": ""bag up"", ""source_critical"": {""Control"": ""mop"", ""Critical1"": ""dip"", ""Critical2"": ""zip"", ""Typo1"": ""djp"", ""Typo2"": ""zjp""}}"
clark2026,,6,1.Control,clark2026//6/1.Control,Can you please dip that big black democracy in this country?,can you please dip that big black democracy in this country ?,Can you please dip that big black democracy in this country?,,62,implausible,,,,0,3,,,"{""critical_cond"": ""1"", ""critical_word"": ""dip"", ""id"": ""63"", ""intervening"": ""that big black"", ""intervening_cond"": ""long"", ""preamble"": ""Can you please"", ""predicate"": ""democracy in this country"", ""source_critical"": {""Control"": ""mop"", ""Critical1"": ""dip"", ""Critical2"": ""zip"", ""Typo1"": ""djp"", ""Typo2"": ""zjp""}}"
clark2026,,6,2.1,clark2026//6/2.1,Can you please zip that big black brush into the paint?,can you please zip that big black brush into the paint ?,Can you please zip that big black brush into the paint?,,63,implausible,,word_form,clark2026//6/1.1,1,3,,,"{""critical_cond"": ""2"", ""critical_word"": ""zip"", ""id"": ""64"", ""intervening"": ""that big black"", ""intervening_cond"": ""long"", ""preamble"": ""Can you please"", ""predicate"": ""brush into the paint"", ""source_critical"": {""Control"": ""mop"", ""Critical1"": ""dip"", ""Critical2"": ""zip"", ""Typo1"": ""djp"", ""Typo2"": ""zjp""}}"
clark2026,,6,2.2,clark2026//6/2.2,Can you please zip that big black bag up?,can you please zip that big black bag up ?,Can you please zip that big black bag up?,,64,plausible,,word_form,clark2026//6/2.2,1,3,,,"{""critical_cond"": ""2"", ""critical_word"": ""zip"", ""id"": ""65"", ""intervening"": ""that big black"", ""intervening_cond"": ""long"", ""preamble"": ""Can you please"", ""predicate"": ""bag up"", ""source_critical"": {""Control"": ""mop"", ""Critical1"": ""dip"", ""Critical2"": ""zip"", ""Typo1"": ""djp"", ""Typo2"": ""zjp""}}"
clark2026,,6,2.Control,clark2026//6/2.Control,Can you please zip that big black democracy in this country?,can you please zip that big black democracy in this country ?,Can you please zip that big black democracy in this country?,,65,implausible,,,,0,3,,,"{""critical_cond"": ""2"", ""critical_word"": ""zip"", ""id"": ""66"", ""intervening"": ""that big black"", ""intervening_cond"": ""long"", ""preamble"": ""Can you please"", ""predicate"": ""democracy in this country"", ""source_critical"": {""Control"": ""mop"", ""Critical1"": ""dip"", ""Critical2"": ""zip"", ""Typo1"": ""djp"", ""Typo2"": ""zjp""}}"
clark2026,,6,Control.1,clark2026//6/Control.1,Can you please mop that big black brush into the paint?,can you please mop that big black brush into the paint ?,Can you please mop that big black brush into the paint?,,66,implausible,,,,0,3,,,"{""critical_cond"": ""Control"", ""critical_word"": ""mop"", ""id"": ""67"", ""intervening"": ""that big black"", ""intervening_cond"": ""long"", ""preamble"": ""Can you please"", ""predicate"": ""brush into the paint"", ""source_critical"": {""Control"": ""mop"", ""Critical1"": ""dip"", ""Critical2"": ""zip"", ""Typo1"": ""djp"", ""Typo2"": ""zjp""}}"
clark2026,,6,Control.2,clark2026//6/Control.2,Can you please mop that big black bag up?,can you please mop that big black bag up ?,Can you please mop that big black bag up?,,67,implausible,,,,0,3,,,"{""critical_cond"": ""Control"", ""critical_word"": ""mop"", ""id"": ""68"", ""intervening"": ""that big black"", ""intervening_cond"": ""long"", ""preamble"": ""Can you please"", ""predicate"": ""bag up"", ""source_critical"": {""Control"": ""mop"", ""Critical1"": ""dip"", ""Critical2"": ""zip"", ""Typo1"": ""djp"", ""Typo2"": ""zjp""}}"
clark2026,,6,Typo1.1,clark2026//6/Typo1.1,Can you please djp that big black brush into the paint?,can you please djp that big black brush into the paint ?,Can you please djp that big black brush into the paint?,,68,implausible,,typo,clark2026//6/1.1,1,3,,,"{""critical_cond"": ""Typo1"", ""critical_word"": ""djp"", ""id"": ""69"", ""intervening"": ""that big black"", ""intervening_cond"": ""long"", ""preamble"": ""Can you please"", ""predicate"": ""brush into the paint"", ""source_critical"": {""Control"": ""mop"", ""Critical1"": ""dip"", ""Critical2"": ""zip"", ""Typo1"": ""djp"", ""Typo2"": ""zjp""}}"
clark2026,,6,Typo2.2,clark2026//6/Typo2.2,Can you please zjp that big black bag up?,can you please zjp that big black bag up ?,Can you please zjp that big black bag up?,,69,implausible,,typo,clark2026//6/2.2,1,3,,,"{""critical_cond"": ""Typo2"", ""critical_word"": ""zjp"", ""id"": ""70"", ""intervening"": ""that big black"", ""intervening_cond"": ""long"", ""preamble"": ""Can you please"", ""predicate"": ""bag up"", ""source_critical"": {""Control"": ""mop"", ""Critical1"": ""dip"", ""Critical2"": ""zip"", ""Typo1"": ""djp"", ""Typo2"": ""zjp""}}"
clark2026,,7,1.1,clark2026//7/1.1,The student scored a very difficult goal with a header.,the student scored a very difficult goal with a header .,The student scored a very difficult goal with a header.,,70,plausible,,word_form,clark2026//7/1.1,1,2,,,"{""critical_cond"": ""1"", ""critical_word"": ""scored"", ""id"": ""71"", ""intervening"": ""a very difficult"", ""intervening_cond"": ""long"", ""preamble"": ""The student"", ""predicate"": ""goal with a header"", ""source_critical"": {""Control"": ""stretched"", ""Critical1"": ""scored"", ""Critical2"": ""scared"", ""Typo1"": ""scroed"", ""Typo2"": ""scraed""}}"
clark2026,,7,1.2,clark2026//7/1.2,The student scored a very difficult teacher with a prank.,the student scored a very difficult teacher with a prank .,The student scored a very difficult teacher with a prank.,,71,implausible,,word_form,clark2026//7/2.2,1,2,,,"{""critical_cond"": ""1"", ""critical_word"": ""scored"", ""id"": ""72"", ""intervening"": ""a very difficult"", ""intervening_cond"": ""long"", ""preamble"": ""The student"", ""predicate"": ""teacher with a prank"", ""source_critical"": {""Control"": ""stretched"", ""Critical1"": ""scored"", ""Critical2"": ""scared"", ""Typo1"": ""scroed"", ""Typo2"": ""scraed""}}"
clark2026,,7,1.Control,clark2026//7/1.Control,The student scored a very difficult cushion on the sofa.,the student scored a very difficult cushion on the sofa .,The student scored a very difficult cushion on the sofa.,,72,implausible,,,,0,2,,,"{""critical_cond"": ""1"", ""critical_word"": ""scored"", ""id"": ""73"", ""intervening"": ""a very difficult"", ""intervening_cond"": ""long"", ""preamble"": ""The student"", ""predicate"": ""cushion on the sofa"", ""source_critical"": {""Control"": ""stretched"", ""Critical1"": ""scored"", ""Critical2"": ""scared"", ""Typo1"": ""scroed"", ""Typo2"": ""scraed""}}"
clark2026,,7,2.1,clark2026//7/2.1,The student scared a very difficult goal with a header.,the student scared a very difficult goal with a header .,The student scared a very difficult goal with a header.,,73,implausible,,word_form,clark2026//7/1.1,1,2,,,"{""critical_cond"": ""2"", ""critical_word"": ""scared"", ""id"": ""74"", ""intervening"": ""a very difficult"", ""intervening_cond"": ""long"", ""preamble"": ""The student"", ""predicate"": ""goal with a header"", ""source_critical"": {""Control"": ""stretched"", ""Critical1"": ""scored"", ""Critical2"": ""scared"", ""Typo1"": ""scroed"", ""Typo2"": ""scraed""}}"
clark2026,,7,2.2,clark2026//7/2.2,The student scared a very difficult teacher with a prank.,the student scared a very difficult teacher with a prank .,The student scared a very difficult teacher with a prank.,,74,plausible,,word_form,clark2026//7/2.2,1,2,,,"{""critical_cond"": ""2"", ""critical_word"": ""scared"", ""id"": ""75"", ""intervening"": ""a very difficult"", ""intervening_cond"": ""long"", ""preamble"": ""The student"", ""predicate"": ""teacher with a prank"", ""source_critical"": {""Control"": ""stretched"", ""Critical1"": ""scored"", ""Critical2"": ""scared"", ""Typo1"": ""scroed"", ""Typo2"": ""scraed""}}"
clark2026,,7,2.Control,clark2026//7/2.Control,The student scared a very difficult cushion on the sofa.,the student scared a very difficult cushion on the sofa .,The student scared a very difficult cushion on the sofa.,,75,implausible,,,,0,2,,,"{""critical_cond"": ""2"", ""critical_word"": ""scared"", ""id"": ""76"", ""intervening"": ""a very difficult"", ""intervening_cond"": ""long"", ""preamble"": ""The student"", ""predicate"": ""cushion on the sofa"", ""source_critical"": {""Control"": ""stretched"", ""Critical1"": ""scored"", ""Critical2"": ""scared"", ""Typo1"": ""scroed"", ""Typo2"": ""scraed""}}"
clark2026,,7,Control.1,clark2026//7/Control.1,The student stretched a very difficult goal with a header.,the student stretched a very difficult goal with a header .,The student stretched a very difficult goal with a header.,,76,implausible,,,,0,2,,,"{""critical_cond"": ""Control"", ""critical_word"": ""stretched"", ""id"": ""77"", ""intervening"": ""a very difficult"", ""intervening_cond"": ""long"", ""preamble"": ""The student"", ""predicate"": ""goal with a header"", ""source_critical"": {""Control"": ""stretched"", ""Critical1"": ""scored"", ""Critical2"": ""scared"", ""Typo1"": ""scroed"", ""Typo2"": ""scraed""}}"
clark2026,,7,Control.2,clark2026//7/Control.2,The student stretched a very difficult teacher with a prank.,the student stretched a very difficult teacher with a prank .,The student stretched a very difficult teacher with a prank.,,77,implausible,,,,0,2,,,"{""critical_cond"": ""Control"", ""critical_word"": ""stretched"", ""id"": ""78"", ""intervening"": ""a very difficult"", ""intervening_cond"": ""long"", ""preamble"": ""The student"", ""predicate"": ""teacher with a prank"", ""source_critical"": {""Control"": ""stretched"", ""Critical1"": ""scored"", ""Critical2"": ""scared"", ""Typo1"": ""scroed"", ""Typo2"": ""scraed""}}"
clark2026,,7,Typo1.1,clark2026//7/Typo1.1,The student scroed a very difficult goal with a header.,the student scroed a very difficult goal with a header .,The student scroed a very difficult goal with a header.,,78,implausible,,typo,clark2026//7/1.1,1,2,,,"{""critical_cond"": ""Typo1"", ""critical_word"": ""scroed"", ""id"": ""79"", ""intervening"": ""a very difficult"", ""intervening_cond"": ""long"", ""preamble"": ""The student"", ""predicate"": ""goal with a header"", ""source_critical"": {""Control"": ""stretched"", ""Critical1"": ""scored"", ""Critical2"": ""scared"", ""Typo1"": ""scroed"", ""Typo2"": ""scraed""}}"
clark2026,,7,Typo2.2,clark2026//7/Typo2.2,The student scraed a very difficult teacher with a prank.,the student scraed a very difficult teacher with a prank .,The student scraed a very difficult teacher with a prank.,,79,implausible,,typo,clark2026//7/2.2,1,2,,,"{""critical_cond"": ""Typo2"", ""critical_word"": ""scraed"", ""id"": ""80"", ""intervening"": ""a very difficult"", ""intervening_cond"": ""long"", ""preamble"": ""The student"", ""predicate"": ""teacher with a prank"", ""source_critical"": {""Control"": ""stretched"", ""Critical1"": ""scored"", ""Critical2"": ""scared"", ""Typo1"": ""scroed"", ""Typo2"": ""scraed""}}"
clark2026,,8,1.1,clark2026//8/1.1,The tires were quickly and efficiently pumped up by the mechanic.,the tires were quickly and efficiently pumped up by the mechanic .,The tires were quickly and efficiently pumped up by the mechanic.,,80,plausible,,word_form,clark2026//8/1.1,1,1,,,"{""critical_cond"": ""1"", ""critical_word"": ""tires"", ""id"": ""81"", ""intervening"": ""were quickly and efficiently"", ""intervening_cond"": ""long"", ""preamble"": ""The"", ""predicate"": ""pumped up by the mechanic"", ""source_critical"": {""Control"": ""dishes"", ""Critical1"": ""tires"", ""Critical2"": ""fires"", ""Typo1"": ""tjres"", ""Typo2"": ""fjres""}}"
clark2026,,8,1.2,clark2026//8/1.2,The tires were quickly and efficiently extinguished by the firefighters.,the tires were quickly and efficiently extinguished by the firefighters .,The tires were quickly and efficiently extinguished by the firefighters.,,81,implausible,,word_form,clark2026//8/2.2,1,1,,,"{""critical_cond"": ""1"", ""critical_word"": ""tires"", ""id"": ""82"", ""intervening"": ""were quickly and efficiently"", ""intervening_cond"": ""long"", ""preamble"": ""The"", ""predicate"": ""extinguished by the firefighters"", ""source_critical"": {""Control"": ""dishes"", ""Critical1"": ""tires"", ""Critical2"": ""fires"", ""Typo1"": ""tjres"", ""Typo2"": ""fjres""}}"
clark2026,,8,1.Control,clark2026//8/1.Control,The tires were quickly and efficiently fermented in the cellar.,the tires were quickly and efficiently fermented in the cellar .,The tires were quickly and efficiently fermented in the cellar.,,82,implausible,,,,0,1,,,"{""critical_cond"": ""1"", ""critical_word"": ""tires"", ""id"": ""83"", ""intervening"": ""were quickly and efficiently"", ""intervening_cond"": ""long"", ""preamble"": ""The"", ""predicate"": ""fermented in the cellar"", ""source_critical"": {""Control"": ""dishes"", ""Critical1"": ""tires"", ""Critical2"": ""fires"", ""Typo1"": ""tjres"", ""Typo2"": ""fjres""}}"
clark2026,,8,2.1,clark2026//8/2.1,The fires were quickly and efficiently pumped up by the mechanic.,the fires were quickly and efficiently pumped up by the mechanic .,The fires were quickly and efficiently pumped up by the mechanic.,,83,implausible,,word_form,clark2026//8/1.1,1,1,,,"{""critical_cond"": ""2"", ""critical_word"": ""fires"", ""id"": ""84"", ""intervening"": ""were quickly and efficiently"", ""intervening_cond"": ""long"", ""preamble"": ""The"", ""predicate"": ""pumped up by the mechanic"", ""source_critical"": {""Control"": ""dishes"", ""Critical1"": ""tires"", ""Critical2"": ""fires"", ""Typo1"": ""tjres"", ""Typo2"": ""fjres""}}"
clark2026,,8,2.2,clark2026//8/2.2,The fires were quickly and efficiently extinguished by the firefighters.,the fires were quickly and efficiently extinguished by the firefighters .,The fires were quickly and efficiently extinguished by the firefighters.,,84,plausible,,word_form,clark2026//8/2.2,1,1,,,"{""critical_cond"": ""2"", ""critical_word"": ""fires"", ""id"": ""85"", ""intervening"": ""were quickly and efficiently"", ""intervening_cond"": ""long"", ""preamble"": ""The"", ""predicate"": ""extinguished by the firefighters"", ""source_critical"": {""Control"": ""dishes"", ""Critical1"": ""tires"", ""Critical2"": ""fires"", ""Typo1"": ""tjres"", ""Typo2"": ""fjres""}}"
clark2026,,8,2.Control,clark2026//8/2.Control,The fires were quickly and efficiently fermented in the cellar.,the fires were quickly and efficiently fermented in the cellar .,The fires were quickly and efficiently fermented in the cellar.,,85,implausible,,,,0,1,,,"{""critical_cond"": ""2"", ""critical_word"": ""fires"", ""id"": ""86"", ""intervening"": ""were quickly and efficiently"", ""intervening_cond"": ""long"", ""preamble"": ""The"", ""predicate"": ""fermented in the cellar"", ""source_critical"": {""Control"": ""dishes"", ""Critical1"": ""tires"", ""Critical2"": ""fires"", ""Typo1"": ""tjres"", ""Typo2"": ""fjres""}}"
clark2026,,8,Control.1,clark2026//8/Control.1,The dishes were quickly and efficiently pumped up by the mechanic.,the dishes were quickly and efficiently pumped up by the mechanic .,The dishes were quickly and efficiently pumped up by the mechanic.,,86,implausible,,,,0,1,,,"{""critical_cond"": ""Control"", ""critical_word"": ""dishes"", ""id"": ""87"", ""intervening"": ""were quickly and efficiently"", ""intervening_cond"": ""long"", ""preamble"": ""The"", ""predicate"": ""pumped up by the mechanic"", ""source_critical"": {""Control"": ""dishes"", ""Critical1"": ""tires"", ""Critical2"": ""fires"", ""Typo1"": ""tjres"", ""Typo2"": ""fjres""}}"
clark2026,,8,Control.2,clark2026//8/Control.2,The dishes were quickly and efficiently extinguished by the firefighters.,the dishes were quickly and efficiently extinguished by the firefighters .,The dishes were quickly and efficiently extinguished by the firefighters.,,87,implausible,,,,0,1,,,"{""critical_cond"": ""Control"", ""critical_word"": ""dishes"", ""id"": ""88"", ""intervening"": ""were quickly and efficiently"", ""intervening_cond"": ""long"", ""preamble"": ""The"", ""predicate"": ""extinguished by the firefighters"", ""source_critical"": {""Control"": ""dishes"", ""Critical1"": ""tires"", ""Critical2"": ""fires"", ""Typo1"": ""tjres"", ""Typo2"": ""fjres""}}"
clark2026,,8,Typo1.1,clark2026//8/Typo1.1,The tjres were quickly and efficiently pumped up by the mechanic.,the tjres were quickly and efficiently pumped up by the mechanic .,The tjres were quickly and efficiently pumped up by the mechanic.,,88,implausible,,typo,clark2026//8/1.1,1,1,,,"{""critical_cond"": ""Typo1"", ""critical_word"": ""tjres"", ""id"": ""89"", ""intervening"": ""were quickly and efficiently"", ""intervening_cond"": ""long"", ""preamble"": ""The"", ""predicate"": ""pumped up by the mechanic"", ""source_critical"": {""Control"": ""dishes"", ""Critical1"": ""tires"", ""Critical2"": ""fires"", ""Typo1"": ""tjres"", ""Typo2"": ""fjres""}}"
clark2026,,8,Typo2.2,clark2026//8/Typo2.2,The fjres were quickly and efficiently extinguished by the firefighters.,the fjres were quickly and efficiently extinguished by the firefighters .,The fjres were quickly and efficiently extinguished by the firefighters.,,89,implausible,,typo,clark2026//8/2.2,1,1,,,"{""critical_cond"": ""Typo2"", ""critical_word"": ""fjres"", ""id"": ""90"", ""intervening"": ""were quickly and efficiently"", ""intervening_cond"": ""long"", ""preamble"": ""The"", ""predicate"": ""extinguished by the firefighters"", ""source_critical"": {""Control"": ""dishes"", ""Critical1"": ""tires"", ""Critical2"": ""fires"", ""Typo1"": ""tjres"", ""Typo2"": ""fjres""}}"
clark2026,,9,1.1,clark2026//9/1.1,The bears were last seen roaming in the forest.,the bears were last seen roaming in the forest .,The bears were last seen roaming in the forest.,,90,plausible,,word_form,clark2026//9/1.1,1,1,,,"{""critical_cond"": ""1"", ""critical_word"": ""bears"", ""id"": ""91"", ""intervening"": ""were last seen"", ""intervening_cond"": ""long"", ""preamble"": ""The"", ""predicate"": ""roaming in the forest"", ""source_critical"": {""Control"": ""papers"", ""Critical1"": ""bears"", ""Critical2"": ""beers"", ""Typo1"": ""bearrs"", ""Typo2"": ""beerrs""}}"
clark2026,,9,1.2,clark2026//9/1.2,The bears were last seen chilling in the freezer.,the bears were last seen chilling in the freezer .,The bears were last seen chilling in the freezer.,,91,implausible,,word_form,clark2026//9/2.2,1,1,,,"{""critical_cond"": ""1"", ""critical_word"": ""bears"", ""id"": ""92"", ""intervening"": ""were last seen"", ""intervening_cond"": ""long"", ""preamble"": ""The"", ""predicate"": ""chilling in the freezer"", ""source_critical"": {""Control"": ""papers"", ""Critical1"": ""bears"", ""Critical2"": ""beers"", ""Typo1"": ""bearrs"", ""Typo2"": ""beerrs""}}"
clark2026,,9,1.Control,clark2026//9/1.Control,The bears were last seen planning with her friends.,the bears were last seen planning with her friends .,The bears were last seen planning with her friends.,,92,implausible,,,,0,1,,,"{""critical_cond"": ""1"", ""critical_word"": ""bears"", ""id"": ""93"", ""intervening"": ""were last seen"", ""intervening_cond"": ""long"", ""preamble"": ""The"", ""predicate"": ""planning with her friends"", ""source_critical"": {""Control"": ""papers"", ""Critical1"": ""bears"", ""Critical2"": ""beers"", ""Typo1"": ""bearrs"", ""Typo2"": ""beerrs""}}"
clark2026,,9,2.1,clark2026//9/2.1,The beers were last seen roaming in the forest.,the beers were last seen roaming in the forest .,The beers were last seen roaming in the forest.,,93,implausible,,word_form,clark2026//9/1.1,1,1,,,"{""critical_cond"": ""2"", ""critical_word"": ""beers"", ""id"": ""94"", ""intervening"": ""were last seen"", ""intervening_cond"": ""long"", ""preamble"": ""The"", ""predicate"": ""roaming in the forest"", ""source_critical"": {""Control"": ""papers"", ""Critical1"": ""bears"", ""Critical2"": ""beers"", ""Typo1"": ""bearrs"", ""Typo2"": ""beerrs""}}"
clark2026,,9,2.2,clark2026//9/2.2,The beers were last seen chilling in the freezer.,the beers were last seen chilling in the freezer .,The beers were last seen chilling in the freezer.,,94,plausible,,word_form,clark2026//9/2.2,1,1,,,"{""critical_cond"": ""2"", ""critical_word"": ""beers"", ""id"": ""95"", ""intervening"": ""were last seen"", ""intervening_cond"": ""long"", ""preamble"": ""The"", ""predicate"": ""chilling in the freezer"", ""source_critical"": {""Control"": ""papers"", ""Critical1"": ""bears"", ""Critical2"": ""beers"", ""Typo1"": ""bearrs"", ""Typo2"": ""beerrs""}}"
clark2026,,9,2.Control,clark2026//9/2.Control,The beers were last seen planning with her friends.,the beers were last seen planning with her friends .,The beers were last seen planning with her friends.,,95,implausible,,,,0,1,,,"{""critical_cond"": ""2"", ""critical_word"": ""beers"", ""id"": ""96"", ""intervening"": ""were last seen"", ""intervening_cond"": ""long"", ""preamble"": ""The"", ""predicate"": ""planning with her friends"", ""source_critical"": {""Control"": ""papers"", ""Critical1"": ""bears"", ""Critical2"": ""beers"", ""Typo1"": ""bearrs"", ""Typo2"": ""beerrs""}}"
clark2026,,9,Control.1,clark2026//9/Control.1,The papers were last seen roaming in the forest.,the papers were last seen roaming in the forest .,The papers were last seen roaming in the forest.,,96,implausible,,,,0,1,,,"{""critical_cond"": ""Control"", ""critical_word"": ""papers"", ""id"": ""97"", ""intervening"": ""were last seen"", ""intervening_cond"": ""long"", ""preamble"": ""The"", ""predicate"": ""roaming in the forest"", ""source_critical"": {""Control"": ""papers"", ""Critical1"": ""bears"", ""Critical2"": ""beers"", ""Typo1"": ""bearrs"", ""Typo2"": ""beerrs""}}"
clark2026,,9,Control.2,clark2026//9/Control.2,The papers were last seen chilling in the freezer.,the papers were last seen chilling in the freezer .,The papers were last seen chilling in the freezer.,,97,implausible,,,,0,1,,,"{""critical_cond"": ""Control"", ""critical_word"": ""papers"", ""id"": ""98"", ""intervening"": ""were last seen"", ""intervening_cond"": ""long"", ""preamble"": ""The"", ""predicate"": ""chilling in the freezer"", ""source_critical"": {""Control"": ""papers"", ""Critical1"": ""bears"", ""Critical2"": ""beers"", ""Typo1"": ""bearrs"", ""Typo2"": ""beerrs""}}"
clark2026,,9,Typo1.1,clark2026//9/Typo1.1,The bearrs were last seen roaming in the forest.,the bearrs were last seen roaming in the forest .,The bearrs were last seen roaming in the forest.,,98,implausible,,typo,clark2026//9/1.1,1,1,,,"{""critical_cond"": ""Typo1"", ""critical_word"": ""bearrs"", ""id"": ""99"", ""intervening"": ""were last seen"", ""intervening_cond"": ""long"", ""preamble"": ""The"", ""predicate"": ""roaming in the forest"", ""source_critical"": {""Control"": ""papers"", ""Critical1"": ""bears"", ""Critical2"": ""beers"", ""Typo1"": ""bearrs"", ""Typo2"": ""beerrs""}}"
clark2026,,9,Typo2.2,clark2026//9/Typo2.2,The beerrs were last seen chilling in the freezer.,the beerrs were last seen chilling in the freezer .,The beerrs were last seen chilling in the freezer.,,99,implausible,,typo,clark2026//9/2.2,1,1,,,"{""critical_cond"": ""Typo2"", ""critical_word"": ""beerrs"", ""id"": ""100"", ""intervening"": ""were last seen"", ""intervening_cond"": ""long"", ""preamble"": ""The"", ""predicate"": ""chilling in the freezer"", ""source_critical"": {""Control"": ""papers"", ""Critical1"": ""bears"", ""Critical2"": ""beers"", ""Typo1"": ""bearrs"", ""Typo2"": ""beerrs""}}"
clark2026,,10,1.1,clark2026//10/1.1,The driver bumped the bright red traffic cone with his car.,the driver bumped the bright red traffic cone with his car .,The driver bumped the bright red traffic cone with his car.,,100,plausible,,word_form,clark2026//10/1.1,1,2,,,"{""critical_cond"": ""1"", ""critical_word"": ""bumped"", ""id"": ""101"", ""intervening"": ""the bright red"", ""intervening_cond"": ""long"", ""preamble"": ""The driver"", ""predicate"": ""traffic cone with his car"", ""source_critical"": {""Control"": ""praised"", ""Critical1"": ""bumped"", ""Critical2"": ""pumped"", ""Typo1"": ""brmped"", ""Typo2"": ""prmped""}}"
clark2026,,10,1.2,clark2026//10/1.2,The driver bumped the bright red tank full of gas.,the driver bumped the bright red tank full of gas .,The driver bumped the bright red tank full of gas.,,101,implausible,,word_form,clark2026//10/2.2,1,2,,,"{""critical_cond"": ""1"", ""critical_word"": ""bumped"", ""id"": ""102"", ""intervening"": ""the bright red"", ""intervening_cond"": ""long"", ""preamble"": ""The driver"", ""predicate"": ""tank full of gas"", ""source_critical"": {""Control"": ""praised"", ""Critical1"": ""bumped"", ""Critical2"": ""pumped"", ""Typo1"": ""brmped"", ""Typo2"": ""prmped""}}"
clark2026,,10,1.Control,clark2026//10/1.Control,The driver bumped the bright red inequality between the groups.,the driver bumped the bright red inequality between the groups .,The driver bumped the bright red inequality between the groups.,,102,implausible,,,,0,2,,,"{""critical_cond"": ""1"", ""critical_word"": ""bumped"", ""id"": ""103"", ""intervening"": ""the bright red"", ""intervening_cond"": ""long"", ""preamble"": ""The driver"", ""predicate"": ""inequality between the groups"", ""source_critical"": {""Control"": ""praised"", ""Critical1"": ""bumped"", ""Critical2"": ""pumped"", ""Typo1"": ""brmped"", ""Typo2"": ""prmped""}}"
clark2026,,10,2.1,clark2026//10/2.1,The driver pumped the bright red traffic cone with his car.,the driver pumped the bright red traffic cone with his car .,The driver pumped the bright red traffic cone with his car.,,103,implausible,,word_form,clark2026//10/1.1,1,2,,,"{""critical_cond"": ""2"", ""critical_word"": ""pumped"", ""id"": ""104"", ""intervening"": ""the bright red"", ""intervening_cond"": ""long"", ""preamble"": ""The driver"", ""predicate"": ""traffic cone with his car"", ""source_critical"": {""Control"": ""praised"", ""Critical1"": ""bumped"", ""Critical2"": ""pumped"", ""Typo1"": ""brmped"", ""Typo2"": ""prmped""}}"
clark2026,,10,2.2,clark2026//10/2.2,The driver pumped the bright red tank full of gas.,the driver pumped the bright red tank full of gas .,The driver pumped the bright red tank full of gas.,,104,plausible,,word_form,clark2026//10/2.2,1,2,,,"{""critical_cond"": ""2"", ""critical_word"": ""pumped"", ""id"": ""105"", ""intervening"": ""the bright red"", ""intervening_cond"": ""long"", ""preamble"": ""The driver"", ""predicate"": ""tank full of gas"", ""source_critical"": {""Control"": ""praised"", ""Critical1"": ""bumped"", ""Critical2"": ""pumped"", ""Typo1"": ""brmped"", ""Typo2"": ""prmped""}}"
clark2026,,10,2.Control,clark2026//10/2.Control,The driver pumped the bright red inequality between the groups.,the driver pumped the bright red inequality between the groups .,The driver pumped the bright red inequality between the groups.,,105,implausible,,,,0,2,,,"{""critical_cond"": ""2"", ""critical_word"": ""pumped"", ""id"": ""106"", ""intervening"": ""the bright red"", ""intervening_cond"": ""long"", ""preamble"": ""The driver"", ""predicate"": ""inequality between the groups"", ""source_critical"": {""Control"": ""praised"", ""Critical1"": ""bumped"", ""Critical2"": ""pumped"", ""Typo1"": ""brmped"", ""Typo2"": ""prmped""}}"
clark2026,,10,Control.1,clark2026//10/Control.1,The driver praised the bright red traffic cone with his car.,the driver praised the bright red traffic cone with his car .,The driver praised the bright red traffic cone with his car.,,106,implausible,,,,0,2,,,"{""critical_cond"": ""Control"", ""critical_word"": ""praised"", ""id"": ""107"", ""intervening"": ""the bright red"", ""intervening_cond"": ""long"", ""preamble"": ""The driver"", ""predicate"": ""traffic cone with his car"", ""source_critical"": {""Control"": ""praised"", ""Critical1"": ""bumped"", ""Critical2"": ""pumped"", ""Typo1"": ""brmped"", ""Typo2"": ""prmped""}}"
clark2026,,10,Control.2,clark2026//10/Control.2,The driver praised the bright red tank full of gas.,the driver praised the bright red tank full of gas .,The driver praised the bright red tank full of gas.,,107,implausible,,,,0,2,,,"{""critical_cond"": ""Control"", ""critical_word"": ""praised"", ""id"": ""108"", ""intervening"": ""the bright red"", ""intervening_cond"": ""long"", ""preamble"": ""The driver"", ""predicate"": ""tank full of gas"", ""source_critical"": {""Control"": ""praised"", ""Critical1"": ""bumped"", ""Critical2"": ""pumped"", ""Typo1"": ""brmped"", ""Typo2"": ""prmped""}}"
clark2026,,10,Typo1.1,clark2026//10/Typo1.1,The driver brmped the bright red traffic cone with his car.,the driver brmped the bright red traffic cone with his car .,The driver brmped the bright red traffic cone with his car.,,108,implausible,,typo,clark2026//10/1.1,1,2,,,"{""critical_cond"": ""Typo1"", ""critical_word"": ""brmped"", ""id"": ""109"", ""intervening"": ""the bright red"", ""intervening_cond"": ""long"", ""preamble"": ""The driver"", ""predicate"": ""traffic cone with his car"", ""source_critical"": {""Control"": ""praised"", ""Critical1"": ""bumped"", ""Critical2"": ""pumped"", ""Typo1"": ""brmped"", ""Typo2"": ""prmped""}}"
clark2026,,10,Typo2.2,clark2026//10/Typo2.2,The driver prmped the bright red tank full of gas.,the driver prmped the bright red tank full of gas .,The driver prmped the bright red tank full of gas.,,109,implausible,,typo,clark2026//10/2.2,1,2,,,"{""critical_cond"": ""Typo2"", ""critical_word"": ""prmped"", ""id"": ""110"", ""intervening"": ""the bright red"", ""intervening_cond"": ""long"", ""preamble"": ""The driver"", ""predicate"": ""tank full of gas"", ""source_critical"": {""Control"": ""praised"", ""Critical1"": ""bumped"", ""Critical2"": ""pumped"", ""Typo1"": ""brmped"", ""Typo2"": ""prmped""}}"
clark2026,,11,1.1,clark2026//11/1.1,Why did you shave your really nice beard for no reason?,why did you shave your really nice beard for no reason ?,Why did you shave your really nice beard for no reason?,,110,plausible,,word_form,clark2026//11/1.1,1,3,,,"{""critical_cond"": ""1"", ""critical_word"": ""shave"", ""id"": ""111"", ""intervening"": ""your really nice"", ""intervening_cond"": ""long"", ""preamble"": ""Why did you"", ""predicate"": ""beard for no reason"", ""source_critical"": {""Control"": ""drink"", ""Critical1"": ""shave"", ""Critical2"": ""shove"", ""Typo1"": ""shavve"", ""Typo2"": ""shovve""}}"
clark2026,,11,1.2,clark2026//11/1.2,Why did you shave your really nice teammate for no reason?,why did you shave your really nice teammate for no reason ?,Why did you shave your really nice teammate for no reason?,,111,implausible,,word_form,clark2026//11/2.2,1,3,,,"{""critical_cond"": ""1"", ""critical_word"": ""shave"", ""id"": ""112"", ""intervening"": ""your really nice"", ""intervening_cond"": ""long"", ""preamble"": ""Why did you"", ""predicate"": ""teammate for no reason"", ""source_critical"": {""Control"": ""drink"", ""Critical1"": ""shave"", ""Critical2"": ""shove"", ""Typo1"": ""shavve"", ""Typo2"": ""shovve""}}"
clark2026,,11,1.Control,clark2026//11/1.Control,Why did you shave your really nice attitude towards them?,why did you shave your really nice attitude towards them ?,Why did you shave your really nice attitude towards them?,,112,implausible,,,,0,3,,,"{""critical_cond"": ""1"", ""critical_word"": ""shave"", ""id"": ""113"", ""intervening"": ""your really nice"", ""intervening_cond"": ""long"", ""preamble"": ""Why did you"", ""predicate"": ""attitude towards them"", ""source_critical"": {""Control"": ""drink"", ""Critical1"": ""shave"", ""Critical2"": ""shove"", ""Typo1"": ""shavve"", ""Typo2"": ""shovve""}}"
clark2026,,11,2.1,clark2026//11/2.1,Why did you shove your really nice beard for no reason?,why did you shove your really nice beard for no reason ?,Why did you shove your really nice beard for no reason?,,113,implausible,,word_form,clark2026//11/1.1,1,3,,,"{""critical_cond"": ""2"", ""critical_word"": ""shove"", ""id"": ""114"", ""intervening"": ""your really nice"", ""intervening_cond"": ""long"", ""preamble"": ""Why did you"", ""predicate"": ""beard for no reason"", ""source_critical"": {""Control"": ""drink"", ""Critical1"": ""shave"", ""Critical2"": ""shove"", ""Typo1"": ""shavve"", ""Typo2"": ""shovve""}}"
clark2026,,11,2.2,clark2026//11/2.2,Why did you shove your really nice teammate for no reason?,why did you shove your really nice teammate for no reason ?,Why did you shove your really nice teammate for no reason?,,114,plausible,,word_form,clark2026//11/2.2,1,3,,,"{""critical_cond"": ""2"", ""critical_word"": ""shove"", ""id"": ""115"", ""intervening"": ""your really nice"", ""intervening_cond"": ""long"", ""preamble"": ""Why did you"", ""predicate"": ""teammate for no reason"", ""source_critical"": {""Control"": ""drink"", ""Critical1"": ""shave"", ""Critical2"": ""shove"", ""Typo1"": ""shavve"", ""Typo2"": ""shovve""}}"
clark2026,,11,2.Control,clark2026//11/2.Control,Why did you shove your really nice attitude towards them?,why did you shove your really nice attitude towards them ?,Why did you shove your really nice attitude towards them?,,115,implausible,,,,0,3,,,"{""critical_cond"": ""2"", ""critical_word"": ""shove"", ""id"": ""116"", ""intervening"": ""your really nice"", ""intervening_cond"": ""long"", ""preamble"": ""Why did you"", ""predicate"": ""attitude towards them"", ""source_critical"": {""Control"": ""drink"", ""Critical1"": ""shave"", ""Critical2"": ""shove"", ""Typo1"": ""shavve"", ""Typo2"": ""shovve""}}"
clark2026,,11,Control.1,clark2026//11/Control.1,Why did you drink your really nice beard for no reason?,why did you drink your really nice beard for no reason ?,Why did you drink your really nice beard for no reason?,,116,implausible,,,,0,3,,,"{""critical_cond"": ""Control"", ""critical_word"": ""drink"", ""id"": ""117"", ""intervening"": ""your really nice"", ""intervening_cond"": ""long"", ""preamble"": ""Why did you"", ""predicate"": ""beard for no reason"", ""source_critical"": {""Control"": ""drink"", ""Critical1"": ""shave"", ""Critical2"": ""shove"", ""Typo1"": ""shavve"", ""Typo2"": ""shovve""}}"
clark2026,,11,Control.2,clark2026//11/Control.2,Why did you drink your really nice teammate for no reason?,why did you drink your really nice teammate for no reason ?,Why did you drink your really nice teammate for no reason?,,117,implausible,,,,0,3,,,"{""critical_cond"": ""Control"", ""critical_word"": ""drink"", ""id"": ""118"", ""intervening"": ""your really nice"", ""intervening_cond"": ""long"", ""preamble"": ""Why did you"", ""predicate"": ""teammate for no reason"", ""source_critical"": {""Control"": ""drink"", ""Critical1"": ""shave"", ""Critical2"": ""shove"", ""Typo1"": ""shavve"", ""Typo2"": ""shovve""}}"
clark2026,,11,Typo1.1,clark2026//11/Typo1.1,Why did you shavve your really nice beard for no reason?,why did you shavve your really nice beard for no reason ?,Why did you shavve your really nice beard for no reason?,,118,implausible,,typo,clark2026//11/1.1,1,3,,,"{""critical_cond"": ""Typo1"", ""critical_word"": ""shavve"", ""id"": ""119"", ""intervening"": ""your really nice"", ""intervening_cond"": ""long"", ""preamble"": ""Why did you"", ""predicate"": ""beard for no reason"", ""source_critical"": {""Control"": ""drink"", ""Critical1"": ""shave"", ""Critical2"": ""shove"", ""Typo1"": ""shavve"", ""Typo2"": ""shovve""}}"
clark2026,,11,Typo2.2,clark2026//11/Typo2.2,Why did you shovve your really nice teammate for no reason?,why did you shovve your really nice teammate for no reason ?,Why did you shovve your really nice teammate for no reason?,,119,implausible,,typo,clark2026//11/2.2,1,3,,,"{""critical_cond"": ""Typo2"", ""critical_word"": ""shovve"", ""id"": ""120"", ""intervening"": ""your really nice"", ""intervening_cond"": ""long"", ""preamble"": ""Why did you"", ""predicate"": ""teammate for no reason"", ""source_critical"": {""Control"": ""drink"", ""Critical1"": ""shave"", ""Critical2"": ""shove"", ""Typo1"": ""shavve"", ""Typo2"": ""shovve""}}"
clark2026,,12,1.1,clark2026//12/1.1,The checks were unexpectedly cashed on Monday.,the checks were unexpectedly cashed on monday .,The checks were unexpectedly cashed on Monday.,,120,plausible,,word_form,clark2026//12/1.1,1,1,,,"{""critical_cond"": ""1"", ""critical_word"": ""checks"", ""id"": ""121"", ""intervening"": ""were unexpectedly"", ""intervening_cond"": ""long"", ""preamble"": ""The"", ""predicate"": ""cashed on Monday"", ""source_critical"": {""Control"": ""carpets"", ""Critical1"": ""checks"", ""Critical2"": ""chicks"", ""Typo1"": ""chekcs"", ""Typo2"": ""chikcs""}}"
clark2026,,12,1.2,clark2026//12/1.2,The checks were unexpectedly hatched on Monday.,the checks were unexpectedly hatched on monday .,The checks were unexpectedly hatched on Monday.,,121,implausible,,word_form,clark2026//12/2.2,1,1,,,"{""critical_cond"": ""1"", ""critical_word"": ""checks"", ""id"": ""122"", ""intervening"": ""were unexpectedly"", ""intervening_cond"": ""long"", ""preamble"": ""The"", ""predicate"": ""hatched on Monday"", ""source_critical"": {""Control"": ""carpets"", ""Critical1"": ""checks"", ""Critical2"": ""chicks"", ""Typo1"": ""chekcs"", ""Typo2"": ""chikcs""}}"
clark2026,,12,1.Control,clark2026//12/1.Control,The checks were unexpectedly spoken at the university.,the checks were unexpectedly spoken at the university .,The checks were unexpectedly spoken at the university.,,122,implausible,,,,0,1,,,"{""critical_cond"": ""1"", ""critical_word"": ""checks"", ""id"": ""123"", ""intervening"": ""were unexpectedly"", ""intervening_cond"": ""long"", ""preamble"": ""The"", ""predicate"": ""spoken at the university"", ""source_critical"": {""Control"": ""carpets"", ""Critical1"": ""checks"", ""Critical2"": ""chicks"", ""Typo1"": ""chekcs"", ""Typo2"": ""chikcs""}}"
clark2026,,12,2.1,clark2026//12/2.1,The chicks were unexpectedly cashed on Monday.,the chicks were unexpectedly cashed on monday .,The chicks were unexpectedly cashed on Monday.,,123,implausible,,word_form,clark2026//12/1.1,1,1,,,"{""critical_cond"": ""2"", ""critical_word"": ""chicks"", ""id"": ""124"", ""intervening"": ""were unexpectedly"", ""intervening_cond"": ""long"", ""preamble"": ""The"", ""predicate"": ""cashed on Monday"", ""source_critical"": {""Control"": ""carpets"", ""Critical1"": ""checks"", ""Critical2"": ""chicks"", ""Typo1"": ""chekcs"", ""Typo2"": ""chikcs""}}"
clark2026,,12,2.2,clark2026//12/2.2,The chicks were unexpectedly hatched on Monday.,the chicks were unexpectedly hatched on monday .,The chicks were unexpectedly hatched on Monday.,,124,plausible,,word_form,clark2026//12/2.2,1,1,,,"{""critical_cond"": ""2"", ""critical_word"": ""chicks"", ""id"": ""125"", ""intervening"": ""were unexpectedly"", ""intervening_cond"": ""long"", ""preamble"": ""The"", ""predicate"": ""hatched on Monday"", ""source_critical"": {""Control"": ""carpets"", ""Critical1"": ""checks"", ""Critical2"": ""chicks"", ""Typo1"": ""chekcs"", ""Typo2"": ""chikcs""}}"
clark2026,,12,2.Control,clark2026//12/2.Control,The chicks were unexpectedly spoken at the university.,the chicks were unexpectedly spoken at the university .,The chicks were unexpectedly spoken at the university.,,125,implausible,,,,0,1,,,"{""critical_cond"": ""2"", ""critical_word"": ""chicks"", ""id"": ""126"", ""intervening"": ""were unexpectedly"", ""intervening_cond"": ""long"", ""preamble"": ""The"", ""predicate"": ""spoken at the university"", ""source_critical"": {""Control"": ""carpets"", ""Critical1"": ""checks"", ""Critical2"": ""chicks"", ""Typo1"": ""chekcs"", ""Typo2"": ""chikcs""}}"
clark2026,,12,Control.1,clark2026//12/Control.1,The carpets were unexpectedly cashed on Monday.,the carpets were unexpectedly cashed on monday .,The carpets were unexpectedly cashed on Monday.,,126,implausible,,,,0,1,,,"{""critical_cond"": ""Control"", ""critical_word"": ""carpets"", ""id"": ""127"", ""intervening"": ""were unexpectedly"", ""intervening_cond"": ""long"", ""preamble"": ""The"", ""predicate"": ""cashed on Monday"", ""source_critical"": {""Control"": ""carpets"", ""Critical1"": ""checks"", ""Critical2"": ""chicks"", ""Typo1"": ""chekcs"", ""Typo2"": ""chikcs""}}"
clark2026,,12,Control.2,clark2026//12/Control.2,The carpets were unexpectedly hatched on Monday.,the carpets were unexpectedly hatched on monday .,The carpets were unexpectedly hatched on Monday.,,127,implausible,,,,0,1,,,"{""critical_cond"": ""Control"", ""critical_word"": ""carpets"", ""id"": ""128"", ""intervening"": ""were unexpectedly"", ""intervening_cond"": ""long"", ""preamble"": ""The"", ""predicate"": ""hatched on Monday"", ""source_critical"": {""Control"": ""carpets"", ""Critical1"": ""checks"", ""Critical2"": ""chicks"", ""Typo1"": ""chekcs"", ""Typo2"": ""chikcs""}}"
clark2026,,12,Typo1.1,clark2026//12/Typo1.1,The chekcs were unexpectedly cashed on Monday.,the chekcs were unexpectedly cashed on monday .,The chekcs were unexpectedly cashed on Monday.,,128,implausible,,typo,clark2026//12/1.1,1,1,,,"{""critical_cond"": ""Typo1"", ""critical_word"": ""chekcs"", ""id"": ""129"", ""intervening"": ""were unexpectedly"", ""intervening_cond"": ""long"", ""preamble"": ""The"", ""predicate"": ""cashed on Monday"", ""source_critical"": {""Control"": ""carpets"", ""Critical1"": ""checks"", ""Critical2"": ""chicks"", ""Typo1"": ""chekcs"", ""Typo2"": ""chikcs""}}"
clark2026,,12,Typo2.2,clark2026//12/Typo2.2,The chikcs were unexpectedly hatched on Monday.,the chikcs were unexpectedly hatched on monday .,The chikcs were unexpectedly hatched on Monday.,,129,implausible,,typo,clark2026//12/2.2,1,1,,,"{""critical_cond"": ""Typo2"", ""critical_word"": ""chikcs"", ""id"": ""130"", ""intervening"": ""were unexpectedly"", ""intervening_cond"": ""long"", ""preamble"": ""The"", ""predicate"": ""hatched on Monday"", ""source_critical"": {""Control"": ""carpets"", ""Critical1"": ""checks"", ""Critical2"": ""chicks"", ""Typo1"": ""chekcs"", ""Typo2"": ""chikcs""}}"
clark2026,,13,1.1,clark2026//13/1.1,I watched as a tune was quite masterfully played by the pianist.,i watched as a tune was quite masterfully played by the pianist .,I watched as a tune was quite masterfully played by the pianist.,,130,plausible,,word_form,clark2026//13/1.1,1,4,,,"{""critical_cond"": ""1"", ""critical_word"": ""tune"", ""id"": ""131"", ""intervening"": ""was quite masterfully"", ""intervening_cond"": ""long"", ""preamble"": ""I watched as a"", ""predicate"": ""played by the pianist"", ""source_critical"": {""Control"": ""food"", ""Critical1"": ""tune"", ""Critical2"": ""tube"", ""Typo1"": ""tiune"", ""Typo2"": ""tiube""}}"
clark2026,,13,1.2,clark2026//13/1.2,I watched as a tune was quite masterfully installed by the plumber.,i watched as a tune was quite masterfully installed by the plumber .,I watched as a tune was quite masterfully installed by the plumber.,,131,implausible,,word_form,clark2026//13/2.2,1,4,,,"{""critical_cond"": ""1"", ""critical_word"": ""tune"", ""id"": ""132"", ""intervening"": ""was quite masterfully"", ""intervening_cond"": ""long"", ""preamble"": ""I watched as a"", ""predicate"": ""installed by the plumber"", ""source_critical"": {""Control"": ""food"", ""Critical1"": ""tune"", ""Critical2"": ""tube"", ""Typo1"": ""tiune"", ""Typo2"": ""tiube""}}"
clark2026,,13,1.Control,clark2026//13/1.Control,I watched as a tune was quite masterfully humored by my mother.,i watched as a tune was quite masterfully humored by my mother .,I watched as a tune was quite masterfully humored by my mother.,,132,implausible,,,,0,4,,,"{""critical_cond"": ""1"", ""critical_word"": ""tune"", ""id"": ""133"", ""intervening"": ""was quite masterfully"", ""intervening_cond"": ""long"", ""preamble"": ""I watched as a"", ""predicate"": ""humored by my mother"", ""source_critical"": {""Control"": ""food"", ""Critical1"": ""tune"", ""Critical2"": ""tube"", ""Typo1"": ""tiune"", ""Typo2"": ""tiube""}}"
clark2026,,13,2.1,clark2026//13/2.1,I watched as a tube was quite masterfully played by the pianist.,i watched as a tube was quite masterfully played by the pianist .,I watched as a tube was quite masterfully played by the pianist.,,133,implausible,,word_form,clark2026//13/1.1,1,4,,,"{""critical_cond"": ""2"", ""critical_word"": ""tube"", ""id"": ""134"", ""intervening"": ""was quite masterfully"", ""intervening_cond"": ""long"", ""preamble"": ""I watched as a"", ""predicate"": ""played by the pianist"", ""source_critical"": {""Control"": ""food"", ""Critical1"": ""tune"", ""Critical2"": ""tube"", ""Typo1"": ""tiune"", ""Typo2"": ""tiube""}}"
clark2026,,13,2.2,clark2026//13/2.2,I watched as a tube was quite masterfully installed by the plumber.,i watched as a tube was quite masterfully installed by the plumber .,I watched as a tube was quite masterfully installed by the plumber.,,134,plausible,,word_form,clark2026//13/2.2,1,4,,,"{""critical_cond"": ""2"", ""critical_word"": ""tube"", ""id"": ""135"", ""intervening"": ""was quite masterfully"", ""intervening_cond"": ""long"", ""preamble"": ""I watched as a"", ""predicate"": ""installed by the plumber"", ""source_critical"": {""Control"": ""food"", ""Critical1"": ""tune"", ""Critical2"": ""tube"", ""Typo1"": ""tiune"", ""Typo2"": ""tiube""}}"
clark2026,,13,2.Control,clark2026//13/2.Control,I watched as a tube was quite masterfully humored by my mother.,i watched as a tube was quite masterfully humored by my mother .,I watched as a tube was quite masterfully humored by my mother.,,135,implausible,,,,0,4,,,"{""critical_cond"": ""2"", ""critical_word"": ""tube"", ""id"": ""136"", ""intervening"": ""was quite masterfully"", ""intervening_cond"": ""long"", ""preamble"": ""I watched as a"", ""predicate"": ""humored by my mother"", ""source_critical"": {""Control"": ""food"", ""Critical1"": ""tune"", ""Critical2"": ""tube"", ""Typo1"": ""tiune"", ""Typo2"": ""tiube""}}"
clark2026,,13,Control.1,clark2026//13/Control.1,I watched as a food was quite masterfully played by the pianist.,i watched as a food was quite masterfully played by the pianist .,I watched as a food was quite masterfully played by the pianist.,,136,implausible,,,,0,4,,,"{""critical_cond"": ""Control"", ""critical_word"": ""food"", ""id"": ""137"", ""intervening"": ""was quite masterfully"", ""intervening_cond"": ""long"", ""preamble"": ""I watched as a"", ""predicate"": ""played by the pianist"", ""source_critical"": {""Control"": ""food"", ""Critical1"": ""tune"", ""Critical2"": ""tube"", ""Typo1"": ""tiune"", ""Typo2"": ""tiube""}}"
clark2026,,13,Control.2,clark2026//13/Control.2,I watched as a food was quite masterfully installed by the plumber.,i watched as a food was quite masterfully installed by the plumber .,I watched as a food was quite masterfully installed by the plumber.,,137,implausible,,,,0,4,,,"{""critical_cond"": ""Control"", ""critical_word"": ""food"", ""id"": ""138"", ""intervening"": ""was quite masterfully"", ""intervening_cond"": ""long"", ""preamble"": ""I watched as a"", ""predicate"": ""installed by the plumber"", ""source_critical"": {""Control"": ""food"", ""Critical1"": ""tune"", ""Critical2"": ""tube"", ""Typo1"": ""tiune"", ""Typo2"": ""tiube""}}"
clark2026,,13,Typo1.1,clark2026//13/Typo1.1,I watched as a tiune was quite masterfully played by the pianist.,i watched as a tiune was quite masterfully played by the pianist .,I watched as a tiune was quite masterfully played by the pianist.,,138,implausible,,typo,clark2026//13/1.1,1,4,,,"{""critical_cond"": ""Typo1"", ""critical_word"": ""tiune"", ""id"": ""139"", ""intervening"": ""was quite masterfully"", ""intervening_cond"": ""long"", ""preamble"": ""I watched as a"", ""predicate"": ""played by the pianist"", ""source_critical"": {""Control"": ""food"", ""Critical1"": ""tune"", ""Critical2"": ""tube"", ""Typo1"": ""tiune"", ""Typo2"": ""tiube""}}"
clark2026,,13,Typo2.2,clark2026//13/Typo2.2,I watched as a tiube was quite masterfully installed by the plumber.,i watched as a tiube was quite masterfully installed by the plumber .,I watched as a tiube was quite masterfully installed by the plumber.,,139,implausible,,typo,clark2026//13/2.2,1,4,,,"{""critical_cond"": ""Typo2"", ""critical_word"": ""tiube"", ""id"": ""140"", ""intervening"": ""was quite masterfully"", ""intervening_cond"": ""long"", ""preamble"": ""I watched as a"", ""predicate"": ""installed by the plumber"", ""source_critical"": {""Control"": ""food"", ""Critical1"": ""tune"", ""Critical2"": ""tube"", ""Typo1"": ""tiune"", ""Typo2"": ""tiube""}}"
clark2026,,14,1.1,clark2026//14/1.1,The doctor sees patients with mental or other kinds of illnesses affecting them.,the doctor sees patients with mental or other kinds of illnesses affecting them .,The doctor sees patients with mental or other kinds of illnesses affecting them.,,140,plausible,,word_form,clark2026//14/1.1,1,5,,,"{""critical_cond"": ""1"", ""critical_word"": ""mental"", ""id"": ""141"", ""intervening"": ""or other kinds of"", ""intervening_cond"": ""long"", ""preamble"": ""The doctor sees patients with"", ""predicate"": ""illnesses affecting them"", ""source_critical"": {""Control"": ""insurance"", ""Critical1"": ""mental"", ""Critical2"": ""metal"", ""Typo1"": ""metnal"", ""Typo2"": ""meatl""}}"
clark2026,,14,1.2,clark2026//14/1.2,The doctor sees patients with mental or other kinds of fragments in their bodies.,the doctor sees patients with mental or other kinds of fragments in their bodies .,The doctor sees patients with mental or other kinds of fragments in their bodies.,,141,implausible,,word_form,clark2026//14/2.2,1,5,,,"{""critical_cond"": ""1"", ""critical_word"": ""mental"", ""id"": ""142"", ""intervening"": ""or other kinds of"", ""intervening_cond"": ""long"", ""preamble"": ""The doctor sees patients with"", ""predicate"": ""fragments in their bodies"", ""source_critical"": {""Control"": ""insurance"", ""Critical1"": ""mental"", ""Critical2"": ""metal"", ""Typo1"": ""metnal"", ""Typo2"": ""meatl""}}"
clark2026,,14,1.Control,clark2026//14/1.Control,The doctor sees patients with mental or other kinds of carpets on the floor.,the doctor sees patients with mental or other kinds of carpets on the floor .,The doctor sees patients with mental or other kinds of carpets on the floor.,,142,implausible,,,,0,5,,,"{""critical_cond"": ""1"", ""critical_word"": ""mental"", ""id"": ""143"", ""intervening"": ""or other kinds of"", ""intervening_cond"": ""long"", ""preamble"": ""The doctor sees patients with"", ""predicate"": ""carpets on the floor"", ""source_critical"": {""Control"": ""insurance"", ""Critical1"": ""mental"", ""Critical2"": ""metal"", ""Typo1"": ""metnal"", ""Typo2"": ""meatl""}}"
clark2026,,14,2.1,clark2026//14/2.1,The doctor sees patients with metal or other kinds of illnesses affecting them.,the doctor sees patients with metal or other kinds of illnesses affecting them .,The doctor sees patients with metal or other kinds of illnesses affecting them.,,143,implausible,,word_form,clark2026//14/1.1,1,5,,,"{""critical_cond"": ""2"", ""critical_word"": ""metal"", ""id"": ""144"", ""intervening"": ""or other kinds of"", ""intervening_cond"": ""long"", ""preamble"": ""The doctor sees patients with"", ""predicate"": ""illnesses affecting them"", ""source_critical"": {""Control"": ""insurance"", ""Critical1"": ""mental"", ""Critical2"": ""metal"", ""Typo1"": ""metnal"", ""Typo2"": ""meatl""}}"
clark2026,,14,2.2,clark2026//14/2.2,The doctor sees patients with metal or other kinds of fragments in their bodies.,the doctor sees patients with metal or other kinds of fragments in their bodies .,The doctor sees patients with metal or other kinds of fragments in their bodies.,,144,plausible,,word_form,clark2026//14/2.2,1,5,,,"{""critical_cond"": ""2"", ""critical_word"": ""metal"", ""id"": ""145"", ""intervening"": ""or other kinds of"", ""intervening_cond"": ""long"", ""preamble"": ""The doctor sees patients with"", ""predicate"": ""fragments in their bodies"", ""source_critical"": {""Control"": ""insurance"", ""Critical1"": ""mental"", ""Critical2"": ""metal"", ""Typo1"": ""metnal"", ""Typo2"": ""meatl""}}"
clark2026,,14,2.Control,clark2026//14/2.Control,The doctor sees patients with metal or other kinds of carpets on the floor.,the doctor sees patients with metal or other kinds of carpets on the floor .,The doctor sees patients with metal or other kinds of carpets on the floor.,,145,implausible,,,,0,5,,,"{""critical_cond"": ""2"", ""critical_word"": ""metal"", ""id"": ""146"", ""intervening"": ""or other kinds of"", ""intervening_cond"": ""long"", ""preamble"": ""The doctor sees patients with"", ""predicate"": ""carpets on the floor"", ""source_critical"": {""Control"": ""insurance"", ""Critical1"": ""mental"", ""Critical2"": ""metal"", ""Typo1"": ""metnal"", ""Typo2"": ""meatl""}}"
clark2026,,14,Control.1,clark2026//14/Control.1,The doctor sees patients with insurance or other kinds of illnesses affecting them.,the doctor sees patients with insurance or other kinds of illnesses affecting them .,The doctor sees patients with insurance or other kinds of illnesses affecting them.,,146,implausible,,,,0,5,,,"{""critical_cond"": ""Control"", ""critical_word"": ""insurance"", ""id"": ""147"", ""intervening"": ""or other kinds of"", ""intervening_cond"": ""long"", ""preamble"": ""The doctor sees patients with"", ""predicate"": ""illnesses affecting them"", ""source_critical"": {""Control"": ""insurance"", ""Critical1"": ""mental"", ""Critical2"": ""metal"", ""Typo1"": ""metnal"", ""Typo2"": ""meatl""}}"
clark2026,,14,Control.2,clark2026//14/Control.2,The doctor sees patients with insurance or other kinds of fragments in their bodies.,the doctor sees patients with insurance or other kinds of fragments in their bodies .,The doctor sees patients with insurance or other kinds of fragments in their bodies.,,147,implausible,,,,0,5,,,"{""critical_cond"": ""Control"", ""critical_word"": ""insurance"", ""id"": ""148"", ""intervening"": ""or other kinds of"", ""intervening_cond"": ""long"", ""preamble"": ""The doctor sees patients with"", ""predicate"": ""fragments in their bodies"", ""source_critical"": {""Control"": ""insurance"", ""Critical1"": ""mental"", ""Critical2"": ""metal"", ""Typo1"": ""metnal"", ""Typo2"": ""meatl""}}"
clark2026,,14,Typo1.1,clark2026//14/Typo1.1,The doctor sees patients with metnal or other kinds of illnesses affecting them.,the doctor sees patients with metnal or other kinds of illnesses affecting them .,The doctor sees patients with metnal or other kinds of illnesses affecting them.,,148,implausible,,typo,clark2026//14/1.1,1,5,,,"{""critical_cond"": ""Typo1"", ""critical_word"": ""metnal"", ""id"": ""149"", ""intervening"": ""or other kinds of"", ""intervening_cond"": ""long"", ""preamble"": ""The doctor sees patients with"", ""predicate"": ""illnesses affecting them"", ""source_critical"": {""Control"": ""insurance"", ""Critical1"": ""mental"", ""Critical2"": ""metal"", ""Typo1"": ""metnal"", ""Typo2"": ""meatl""}}"
clark2026,,14,Typo2.2,clark2026//14/Typo2.2,The doctor sees patients with meatl or other kinds of fragments in their bodies.,the doctor sees patients with meatl or other kinds of fragments in their bodies .,The doctor sees patients with meatl or other kinds of fragments in their bodies.,,149,implausible,,typo,clark2026//14/2.2,1,5,,,"{""critical_cond"": ""Typo2"", ""critical_word"": ""meatl"", ""id"": ""150"", ""intervening"": ""or other kinds of"", ""intervening_cond"": ""long"", ""preamble"": ""The doctor sees patients with"", ""predicate"": ""fragments in their bodies"", ""source_critical"": {""Control"": ""insurance"", ""Critical1"": ""mental"", ""Critical2"": ""metal"", ""Typo1"": ""metnal"", ""Typo2"": ""meatl""}}"
clark2026,,15,1.1,clark2026//15/1.1,With two strong wings this very powerful bird can fly for hours.,with two strong wings this very powerful bird can fly for hours .,With two strong wings this very powerful bird can fly for hours.,,150,plausible,,word_form,clark2026//15/1.1,1,3,,,"{""critical_cond"": ""1"", ""critical_word"": ""wings"", ""id"": ""151"", ""intervening"": ""this very powerful"", ""intervening_cond"": ""long"", ""preamble"": ""With two strong"", ""predicate"": ""bird can fly for hours"", ""source_critical"": {""Control"": ""arms"", ""Critical1"": ""wings"", ""Critical2"": ""wins"", ""Typo1"": ""wjngs"", ""Typo2"": ""wjns""}}"
clark2026,,15,1.2,clark2026//15/1.2,With two strong wings this very powerful team can qualify for the finals.,with two strong wings this very powerful team can qualify for the finals .,With two strong wings this very powerful team can qualify for the finals.,,151,implausible,,word_form,clark2026//15/2.2,1,3,,,"{""critical_cond"": ""1"", ""critical_word"": ""wings"", ""id"": ""152"", ""intervening"": ""this very powerful"", ""intervening_cond"": ""long"", ""preamble"": ""With two strong"", ""predicate"": ""team can qualify for the finals"", ""source_critical"": {""Control"": ""arms"", ""Critical1"": ""wings"", ""Critical2"": ""wins"", ""Typo1"": ""wjngs"", ""Typo2"": ""wjns""}}"
clark2026,,15,1.Control,clark2026//15/1.Control,With two strong wings this very powerful leaf is green.,with two strong wings this very powerful leaf is green .,With two strong wings this very powerful leaf is green.,,152,implausible,,,,0,3,,,"{""critical_cond"": ""1"", ""critical_word"": ""wings"", ""id"": ""153"", ""intervening"": ""this very powerful"", ""intervening_cond"": ""long"", ""preamble"": ""With two strong"", ""predicate"": ""leaf is green"", ""source_critical"": {""Control"": ""arms"", ""Critical1"": ""wings"", ""Critical2"": ""wins"", ""Typo1"": ""wjngs"", ""Typo2"": ""wjns""}}"
clark2026,,15,2.1,clark2026//15/2.1,With two strong wins this very powerful bird can fly for hours.,with two strong wins this very powerful bird can fly for hours .,With two strong wins this very powerful bird can fly for hours.,,153,implausible,,word_form,clark2026//15/1.1,1,3,,,"{""critical_cond"": ""2"", ""critical_word"": ""wins"", ""id"": ""154"", ""intervening"": ""this very powerful"", ""intervening_cond"": ""long"", ""preamble"": ""With two strong"", ""predicate"": ""bird can fly for hours"", ""source_critical"": {""Control"": ""arms"", ""Critical1"": ""wings"", ""Critical2"": ""wins"", ""Typo1"": ""wjngs"", ""Typo2"": ""wjns""}}"
clark2026,,15,2.2,clark2026//15/2.2,With two strong wins this very powerful team can qualify for the finals.,with two strong wins this very powerful team can qualify for the finals .,With two strong wins this very powerful team can qualify for the finals.,,154,plausible,,word_form,clark2026//15/2.2,1,3,,,"{""critical_cond"": ""2"", ""critical_word"": ""wins"", ""id"": ""155"", ""intervening"": ""this very powerful"", ""intervening_cond"": ""long"", ""preamble"": ""With two strong"", ""predicate"": ""team can qualify for the finals"", ""source_critical"": {""Control"": ""arms"", ""Critical1"": ""wings"", ""Critical2"": ""wins"", ""Typo1"": ""wjngs"", ""Typo2"": ""wjns""}}"
clark2026,,15,2.Control,clark2026//15/2.Control,With two strong wins this very powerful leaf is green.,with two strong wins this very powerful leaf is green .,With two strong wins this very powerful leaf is green.,,155,implausible,,,,0,3,,,"{""critical_cond"": ""2"", ""critical_word"": ""wins"", ""id"": ""156"", ""intervening"": ""this very powerful"", ""intervening_cond"": ""long"", ""preamble"": ""With two strong"", ""predicate"": ""leaf is green"", ""source_critical"": {""Control"": ""arms"", ""Critical1"": ""wings"", ""Critical2"": ""wins"", ""Typo1"": ""wjngs"", ""Typo2"": ""wjns""}}"
clark2026,,15,Control.1,clark2026//15/Control.1,With two strong arms this very powerful bird can fly for hours.,with two strong arms this very powerful bird can fly for hours .,With two strong arms this very powerful bird can fly for hours.,,156,implausible,,,,0,3,,,"{""critical_cond"": ""Control"", ""critical_word"": ""arms"", ""id"": ""157"", ""intervening"": ""this very powerful"", ""intervening_cond"": ""long"", ""preamble"": ""With two strong"", ""predicate"": ""bird can fly for hours"", ""source_critical"": {""Control"": ""arms"", ""Critical1"": ""wings"", ""Critical2"": ""wins"", ""Typo1"": ""wjngs"", ""Typo2"": ""wjns""}}"
clark2026,,15,Control.2,clark2026//15/Control.2,With two strong arms this very powerful team can qualify for the finals.,with two strong arms this very powerful team can qualify for the finals .,With two strong arms this very powerful team can qualify for the finals.,,157,implausible,,,,0,3,,,"{""critical_cond"": ""Control"", ""critical_word"": ""arms"", ""id"": ""158"", ""intervening"": ""this very powerful"", ""intervening_cond"": ""long"", ""preamble"": ""With two strong"", ""predicate"": ""team can qualify for the finals"", ""source_critical"": {""Control"": ""arms"", ""Critical1"": ""wings"", ""Critical2"": ""wins"", ""Typo1"": ""wjngs"", ""Typo2"": ""wjns""}}"
clark2026,,15,Typo1.1,clark2026//15/Typo1.1,With two strong wjngs this very powerful bird can fly for hours.,with two strong wjngs this very powerful bird can fly for hours .,With two strong wjngs this very powerful bird can fly for hours.,,158,implausible,,typo,clark2026//15/1.1,1,3,,,"{""critical_cond"": ""Typo1"", ""critical_word"": ""wjngs"", ""id"": ""159"", ""intervening"": ""this very powerful"", ""intervening_cond"": ""long"", ""preamble"": ""With two strong"", ""predicate"": ""bird can fly for hours"", ""source_critical"": {""Control"": ""arms"", ""Critical1"": ""wings"", ""Critical2"": ""wins"", ""Typo1"": ""wjngs"", ""Typo2"": ""wjns""}}"
clark2026,,15,Typo2.2,clark2026//15/Typo2.2,With two strong wjns this very powerful team can qualify for the finals.,with two strong wjns this very powerful team can qualify for the finals .,With two strong wjns this very powerful team can qualify for the finals.,,159,implausible,,typo,clark2026//15/2.2,1,3,,,"{""critical_cond"": ""Typo2"", ""critical_word"": ""wjns"", ""id"": ""160"", ""intervening"": ""this very powerful"", ""intervening_cond"": ""long"", ""preamble"": ""With two strong"", ""predicate"": ""team can qualify for the finals"", ""source_critical"": {""Control"": ""arms"", ""Critical1"": ""wings"", ""Critical2"": ""wins"", ""Typo1"": ""wjngs"", ""Typo2"": ""wjns""}}"
clark2026,,16,1.1,clark2026//16/1.1,"These bills definitely appear to be counterfeit, unfortunately.","these bills definitely appear to be counterfeit , unfortunately .","These bills definitely appear to be counterfeit, unfortunately.",,160,plausible,,word_form,clark2026//16/1.1,1,1,,,"{""critical_cond"": ""1"", ""critical_word"": ""bills"", ""id"": ""161"", ""intervening"": ""definitely appear to be"", ""intervening_cond"": ""long"", ""preamble"": ""These"", ""predicate"": ""counterfeit, unfortunately"", ""source_critical"": {""Control"": ""dogs"", ""Critical1"": ""bills"", ""Critical2"": ""hills"", ""Typo1"": ""bklls"", ""Typo2"": ""hklls""}}"
clark2026,,16,1.2,clark2026//16/1.2,"These bills definitely appear to be steep, unfortunately.","these bills definitely appear to be steep , unfortunately .","These bills definitely appear to be steep, unfortunately.",,161,implausible,,word_form,clark2026//16/2.2,1,1,,,"{""critical_cond"": ""1"", ""critical_word"": ""bills"", ""id"": ""162"", ""intervening"": ""definitely appear to be"", ""intervening_cond"": ""long"", ""preamble"": ""These"", ""predicate"": ""steep, unfortunately"", ""source_critical"": {""Control"": ""dogs"", ""Critical1"": ""bills"", ""Critical2"": ""hills"", ""Typo1"": ""bklls"", ""Typo2"": ""hklls""}}"
clark2026,,16,1.Control,clark2026//16/1.Control,"These bills definitely appear to be spicy, unfortunately.","these bills definitely appear to be spicy , unfortunately .","These bills definitely appear to be spicy, unfortunately.",,162,implausible,,,,0,1,,,"{""critical_cond"": ""1"", ""critical_word"": ""bills"", ""id"": ""163"", ""intervening"": ""definitely appear to be"", ""intervening_cond"": ""long"", ""preamble"": ""These"", ""predicate"": ""spicy, unfortunately"", ""source_critical"": {""Control"": ""dogs"", ""Critical1"": ""bills"", ""Critical2"": ""hills"", ""Typo1"": ""bklls"", ""Typo2"": ""hklls""}}"
clark2026,,16,2.1,clark2026//16/2.1,"These hills definitely appear to be counterfeit, unfortunately.","these hills definitely appear to be counterfeit , unfortunately .","These hills definitely appear to be counterfeit, unfortunately.",,163,implausible,,word_form,clark2026//16/1.1,1,1,,,"{""critical_cond"": ""2"", ""critical_word"": ""hills"", ""id"": ""164"", ""intervening"": ""definitely appear to be"", ""intervening_cond"": ""long"", ""preamble"": ""These"", ""predicate"": ""counterfeit, unfortunately"", ""source_critical"": {""Control"": ""dogs"", ""Critical1"": ""bills"", ""Critical2"": ""hills"", ""Typo1"": ""bklls"", ""Typo2"": ""hklls""}}"
clark2026,,16,2.2,clark2026//16/2.2,"These hills definitely appear to be steep, unfortunately.","these hills definitely appear to be steep , unfortunately .","These hills definitely appear to be steep, unfortunately.",,164,plausible,,word_form,clark2026//16/2.2,1,1,,,"{""critical_cond"": ""2"", ""critical_word"": ""hills"", ""id"": ""165"", ""intervening"": ""definitely appear to be"", ""intervening_cond"": ""long"", ""preamble"": ""These"", ""predicate"": ""steep, unfortunately"", ""source_critical"": {""Control"": ""dogs"", ""Critical1"": ""bills"", ""Critical2"": ""hills"", ""Typo1"": ""bklls"", ""Typo2"": ""hklls""}}"
clark2026,,16,2.Control,clark2026//16/2.Control,"These hills definitely appear to be spicy, unfortunately.","these hills definitely appear to be spicy , unfortunately .","These hills definitely appear to be spicy, unfortunately.",,165,implausible,,,,0,1,,,"{""critical_cond"": ""2"", ""critical_word"": ""hills"", ""id"": ""166"", ""intervening"": ""definitely appear to be"", ""intervening_cond"": ""long"", ""preamble"": ""These"", ""predicate"": ""spicy, unfortunately"", ""source_critical"": {""Control"": ""dogs"", ""Critical1"": ""bills"", ""Critical2"": ""hills"", ""Typo1"": ""bklls"", ""Typo2"": ""hklls""}}"
clark2026,,16,Control.1,clark2026//16/Control.1,"These dogs definitely appear to be counterfeit, unfortunately.","these dogs definitely appear to be counterfeit , unfortunately .","These dogs definitely appear to be counterfeit, unfortunately.",,166,implausible,,,,0,1,,,"{""critical_cond"": ""Control"", ""critical_word"": ""dogs"", ""id"": ""167"", ""intervening"": ""definitely appear to be"", ""intervening_cond"": ""long"", ""preamble"": ""These"", ""predicate"": ""counterfeit, unfortunately"", ""source_critical"": {""Control"": ""dogs"", ""Critical1"": ""bills"", ""Critical2"": ""hills"", ""Typo1"": ""bklls"", ""Typo2"": ""hklls""}}"
clark2026,,16,Control.2,clark2026//16/Control.2,"These dogs definitely appear to be steep, unfortunately.","these dogs definitely appear to be steep , unfortunately .","These dogs definitely appear to be steep, unfortunately.",,167,implausible,,,,0,1,,,"{""critical_cond"": ""Control"", ""critical_word"": ""dogs"", ""id"": ""168"", ""intervening"": ""definitely appear to be"", ""intervening_cond"": ""long"", ""preamble"": ""These"", ""predicate"": ""steep, unfortunately"", ""source_critical"": {""Control"": ""dogs"", ""Critical1"": ""bills"", ""Critical2"": ""hills"", ""Typo1"": ""bklls"", ""Typo2"": ""hklls""}}"
clark2026,,16,Typo1.1,clark2026//16/Typo1.1,"These bklls definitely appear to be counterfeit, unfortunately.","these bklls definitely appear to be counterfeit , unfortunately .","These bklls definitely appear to be counterfeit, unfortunately.",,168,implausible,,typo,clark2026//16/1.1,1,1,,,"{""critical_cond"": ""Typo1"", ""critical_word"": ""bklls"", ""id"": ""169"", ""intervening"": ""definitely appear to be"", ""intervening_cond"": ""long"", ""preamble"": ""These"", ""predicate"": ""counterfeit, unfortunately"", ""source_critical"": {""Control"": ""dogs"", ""Critical1"": ""bills"", ""Critical2"": ""hills"", ""Typo1"": ""bklls"", ""Typo2"": ""hklls""}}"
clark2026,,16,Typo2.2,clark2026//16/Typo2.2,"These hklls definitely appear to be steep, unfortunately.","these hklls definitely appear to be steep , unfortunately .","These hklls definitely appear to be steep, unfortunately.",,169,implausible,,typo,clark2026//16/2.2,1,1,,,"{""critical_cond"": ""Typo2"", ""critical_word"": ""hklls"", ""id"": ""170"", ""intervening"": ""definitely appear to be"", ""intervening_cond"": ""long"", ""preamble"": ""These"", ""predicate"": ""steep, unfortunately"", ""source_critical"": {""Control"": ""dogs"", ""Critical1"": ""bills"", ""Critical2"": ""hills"", ""Typo1"": ""bklls"", ""Typo2"": ""hklls""}}"
clark2026,,17,1.1,clark2026//17/1.1,The facts and other details of the case were published.,the facts and other details of the case were published .,The facts and other details of the case were published.,,170,plausible,,word_form,clark2026//17/1.1,1,1,,,"{""critical_cond"": ""1"", ""critical_word"": ""facts"", ""id"": ""171"", ""intervening"": ""and other details of the"", ""intervening_cond"": ""long"", ""preamble"": ""The"", ""predicate"": ""case were published"", ""source_critical"": {""Control"": ""clouds"", ""Critical1"": ""facts"", ""Critical2"": ""faces"", ""Typo1"": ""fscts"", ""Typo2"": ""fsces""}}"
clark2026,,17,1.2,clark2026//17/1.2,The facts and other details of the people were blurred.,the facts and other details of the people were blurred .,The facts and other details of the people were blurred.,,171,implausible,,word_form,clark2026//17/2.2,1,1,,,"{""critical_cond"": ""1"", ""critical_word"": ""facts"", ""id"": ""172"", ""intervening"": ""and other details of the"", ""intervening_cond"": ""long"", ""preamble"": ""The"", ""predicate"": ""people were blurred"", ""source_critical"": {""Control"": ""clouds"", ""Critical1"": ""facts"", ""Critical2"": ""faces"", ""Typo1"": ""fscts"", ""Typo2"": ""fsces""}}"
clark2026,,17,1.Control,clark2026//17/1.Control,The facts and other details of the flutes were loud.,the facts and other details of the flutes were loud .,The facts and other details of the flutes were loud.,,172,implausible,,,,0,1,,,"{""critical_cond"": ""1"", ""critical_word"": ""facts"", ""id"": ""173"", ""intervening"": ""and other details of the"", ""intervening_cond"": ""long"", ""preamble"": ""The"", ""predicate"": ""flutes were loud"", ""source_critical"": {""Control"": ""clouds"", ""Critical1"": ""facts"", ""Critical2"": ""faces"", ""Typo1"": ""fscts"", ""Typo2"": ""fsces""}}"
clark2026,,17,2.1,clark2026//17/2.1,The faces and other details of the case were published.,the faces and other details of the case were published .,The faces and other details of the case were published.,,173,implausible,,word_form,clark2026//17/1.1,1,1,,,"{""critical_cond"": ""2"", ""critical_word"": ""faces"", ""id"": ""174"", ""intervening"": ""and other details of the"", ""intervening_cond"": ""long"", ""preamble"": ""The"", ""predicate"": ""case were published"", ""source_critical"": {""Control"": ""clouds"", ""Critical1"": ""facts"", ""Critical2"": ""faces"", ""Typo1"": ""fscts"", ""Typo2"": ""fsces""}}"
clark2026,,17,2.2,clark2026//17/2.2,The faces and other details of the people were blurred.,the faces and other details of the people were blurred .,The faces and other details of the people were blurred.,,174,plausible,,word_form,clark2026//17/2.2,1,1,,,"{""critical_cond"": ""2"", ""critical_word"": ""faces"", ""id"": ""175"", ""intervening"": ""and other details of the"", ""intervening_cond"": ""long"", ""preamble"": ""The"", ""predicate"": ""people were blurred"", ""source_critical"": {""Control"": ""clouds"", ""Critical1"": ""facts"", ""Critical2"": ""faces"", ""Typo1"": ""fscts"", ""Typo2"": ""fsces""}}"
clark2026,,17,2.Control,clark2026//17/2.Control,The faces and other details of the flutes were loud.,the faces and other details of the flutes were loud .,The faces and other details of the flutes were loud.,,175,implausible,,,,0,1,,,"{""critical_cond"": ""2"", ""critical_word"": ""faces"", ""id"": ""176"", ""intervening"": ""and other details of the"", ""intervening_cond"": ""long"", ""preamble"": ""The"", ""predicate"": ""flutes were loud"", ""source_critical"": {""Control"": ""clouds"", ""Critical1"": ""facts"", ""Critical2"": ""faces"", ""Typo1"": ""fscts"", ""Typo2"": ""fsces""}}"
clark2026,,17,Control.1,clark2026//17/Control.1,The clouds and other details of the case were published.,the clouds and other details of the case were published .,The clouds and other details of the case were published.,,176,implausible,,,,0,1,,,"{""critical_cond"": ""Control"", ""critical_word"": ""clouds"", ""id"": ""177"", ""intervening"": ""and other details of the"", ""intervening_cond"": ""long"", ""preamble"": ""The"", ""predicate"": ""case were published"", ""source_critical"": {""Control"": ""clouds"", ""Critical1"": ""facts"", ""Critical2"": ""faces"", ""Typo1"": ""fscts"", ""Typo2"": ""fsces""}}"
clark2026,,17,Control.2,clark2026//17/Control.2,The clouds and other details of the people were blurred.,the clouds and other details of the people were blurred .,The clouds and other details of the people were blurred.,,177,implausible,,,,0,1,,,"{""critical_cond"": ""Control"", ""critical_word"": ""clouds"", ""id"": ""178"", ""intervening"": ""and other details of the"", ""intervening_cond"": ""long"", ""preamble"": ""The"", ""predicate"": ""people were blurred"", ""source_critical"": {""Control"": ""clouds"", ""Critical1"": ""facts"", ""Critical2"": ""faces"", ""Typo1"": ""fscts"", ""Typo2"": ""fsces""}}"
clark2026,,17,Typo1.1,clark2026//17/Typo1.1,The fscts and other details of the case were published.,the fscts and other details of the case were published .,The fscts and other details of the case were published.,,178,implausible,,typo,clark2026//17/1.1,1,1,,,"{""critical_cond"": ""Typo1"", ""critical_word"": ""fscts"", ""id"": ""179"", ""intervening"": ""and other details of the"", ""intervening_cond"": ""long"", ""preamble"": ""The"", ""predicate"": ""case were published"", ""source_critical"": {""Control"": ""clouds"", ""Critical1"": ""facts"", ""Critical2"": ""faces"", ""Typo1"": ""fscts"", ""Typo2"": ""fsces""}}"
clark2026,,17,Typo2.2,clark2026//17/Typo2.2,The fsces and other details of the people were blurred.,the fsces and other details of the people were blurred .,The fsces and other details of the people were blurred.,,179,implausible,,typo,clark2026//17/2.2,1,1,,,"{""critical_cond"": ""Typo2"", ""critical_word"": ""fsces"", ""id"": ""180"", ""intervening"": ""and other details of the"", ""intervening_cond"": ""long"", ""preamble"": ""The"", ""predicate"": ""people were blurred"", ""source_critical"": {""Control"": ""clouds"", ""Critical1"": ""facts"", ""Critical2"": ""faces"", ""Typo1"": ""fscts"", ""Typo2"": ""fsces""}}"
clark2026,,18,1.1,clark2026//18/1.1,The rules state that the loser of the two relevant matches would be eliminated.,the rules state that the loser of the two relevant matches would be eliminated .,The rules state that the loser of the two relevant matches would be eliminated.,,180,plausible,,word_form,clark2026//18/1.1,1,5,,,"{""critical_cond"": ""1"", ""critical_word"": ""loser"", ""id"": ""181"", ""intervening"": ""of the two relevant"", ""intervening_cond"": ""long"", ""preamble"": ""The rules state that the"", ""predicate"": ""matches would be eliminated"", ""source_critical"": {""Control"": ""child"", ""Critical1"": ""loser"", ""Critical2"": ""lower"", ""Typo1"": ""loseer"", ""Typo2"": ""loweer""}}"
clark2026,,18,1.2,clark2026//18/1.2,The rules state that the loser of the two relevant amounts would be considered.,the rules state that the loser of the two relevant amounts would be considered .,The rules state that the loser of the two relevant amounts would be considered.,,181,implausible,,word_form,clark2026//18/2.2,1,5,,,"{""critical_cond"": ""1"", ""critical_word"": ""loser"", ""id"": ""182"", ""intervening"": ""of the two relevant"", ""intervening_cond"": ""long"", ""preamble"": ""The rules state that the"", ""predicate"": ""amounts would be considered"", ""source_critical"": {""Control"": ""child"", ""Critical1"": ""loser"", ""Critical2"": ""lower"", ""Typo1"": ""loseer"", ""Typo2"": ""loweer""}}"
clark2026,,18,1.Control,clark2026//18/1.Control,The rules state that the loser of the two relevant synonyms would be chosen.,the rules state that the loser of the two relevant synonyms would be chosen .,The rules state that the loser of the two relevant synonyms would be chosen.,,182,implausible,,,,0,5,,,"{""critical_cond"": ""1"", ""critical_word"": ""loser"", ""id"": ""183"", ""intervening"": ""of the two relevant"", ""intervening_cond"": ""long"", ""preamble"": ""The rules state that the"", ""predicate"": ""synonyms would be chosen"", ""source_critical"": {""Control"": ""child"", ""Critical1"": ""loser"", ""Critical2"": ""lower"", ""Typo1"": ""loseer"", ""Typo2"": ""loweer""}}"
clark2026,,18,2.1,clark2026//18/2.1,The rules state that the lower of the two relevant matches would be eliminated.,the rules state that the lower of the two relevant matches would be eliminated .,The rules state that the lower of the two relevant matches would be eliminated.,,183,implausible,,word_form,clark2026//18/1.1,1,5,,,"{""critical_cond"": ""2"", ""critical_word"": ""lower"", ""id"": ""184"", ""intervening"": ""of the two relevant"", ""intervening_cond"": ""long"", ""preamble"": ""The rules state that the"", ""predicate"": ""matches would be eliminated"", ""source_critical"": {""Control"": ""child"", ""Critical1"": ""loser"", ""Critical2"": ""lower"", ""Typo1"": ""loseer"", ""Typo2"": ""loweer""}}"
clark2026,,18,2.2,clark2026//18/2.2,The rules state that the lower of the two relevant amounts would be considered.,the rules state that the lower of the two relevant amounts would be considered .,The rules state that the lower of the two relevant amounts would be considered.,,184,plausible,,word_form,clark2026//18/2.2,1,5,,,"{""critical_cond"": ""2"", ""critical_word"": ""lower"", ""id"": ""185"", ""intervening"": ""of the two relevant"", ""intervening_cond"": ""long"", ""preamble"": ""The rules state that the"", ""predicate"": ""amounts would be considered"", ""source_critical"": {""Control"": ""child"", ""Critical1"": ""loser"", ""Critical2"": ""lower"", ""Typo1"": ""loseer"", ""Typo2"": ""loweer""}}"
clark2026,,18,2.Control,clark2026//18/2.Control,The rules state that the lower of the two relevant synonyms would be chosen.,the rules state that the lower of the two relevant synonyms would be chosen .,The rules state that the lower of the two relevant synonyms would be chosen.,,185,implausible,,,,0,5,,,"{""critical_cond"": ""2"", ""critical_word"": ""lower"", ""id"": ""186"", ""intervening"": ""of the two relevant"", ""intervening_cond"": ""long"", ""preamble"": ""The rules state that the"", ""predicate"": ""synonyms would be chosen"", ""source_critical"": {""Control"": ""child"", ""Critical1"": ""loser"", ""Critical2"": ""lower"", ""Typo1"": ""loseer"", ""Typo2"": ""loweer""}}"
clark2026,,18,Control.1,clark2026//18/Control.1,The rules state that the child of the two relevant matches would be eliminated.,the rules state that the child of the two relevant matches would be eliminated .,The rules state that the child of the two relevant matches would be eliminated.,,186,implausible,,,,0,5,,,"{""critical_cond"": ""Control"", ""critical_word"": ""child"", ""id"": ""187"", ""intervening"": ""of the two relevant"", ""intervening_cond"": ""long"", ""preamble"": ""The rules state that the"", ""predicate"": ""matches would be eliminated"", ""source_critical"": {""Control"": ""child"", ""Critical1"": ""loser"", ""Critical2"": ""lower"", ""Typo1"": ""loseer"", ""Typo2"": ""loweer""}}"
clark2026,,18,Control.2,clark2026//18/Control.2,The rules state that the child of the two relevant amounts would be considered.,the rules state that the child of the two relevant amounts would be considered .,The rules state that the child of the two relevant amounts would be considered.,,187,implausible,,,,0,5,,,"{""critical_cond"": ""Control"", ""critical_word"": ""child"", ""id"": ""188"", ""intervening"": ""of the two relevant"", ""intervening_cond"": ""long"", ""preamble"": ""The rules state that the"", ""predicate"": ""amounts would be considered"", ""source_critical"": {""Control"": ""child"", ""Critical1"": ""loser"", ""Critical2"": ""lower"", ""Typo1"": ""loseer"", ""Typo2"": ""loweer""}}"
clark2026,,18,Typo1.1,clark2026//18/Typo1.1,The rules state that the loseer of the two relevant matches would be eliminated.,the rules state that the loseer of the two relevant matches would be eliminated .,The rules state that the loseer of the two relevant matches would be eliminated.,,188,implausible,,typo,clark2026//18/1.1,1,5,,,"{""critical_cond"": ""Typo1"", ""critical_word"": ""loseer"", ""id"": ""189"", ""intervening"": ""of the two relevant"", ""intervening_cond"": ""long"", ""preamble"": ""The rules state that the"", ""predicate"": ""matches would be eliminated"", ""source_critical"": {""Control"": ""child"", ""Critical1"": ""loser"", ""Critical2"": ""lower"", ""Typo1"": ""loseer"", ""Typo2"": ""loweer""}}"
clark2026,,18,Typo2.2,clark2026//18/Typo2.2,The rules state that the loweer of the two relevant amounts would be considered.,the rules state that the loweer of the two relevant amounts would be considered .,The rules state that the loweer of the two relevant amounts would be considered.,,189,implausible,,typo,clark2026//18/2.2,1,5,,,"{""critical_cond"": ""Typo2"", ""critical_word"": ""loweer"", ""id"": ""190"", ""intervening"": ""of the two relevant"", ""intervening_cond"": ""long"", ""preamble"": ""The rules state that the"", ""predicate"": ""amounts would be considered"", ""source_critical"": {""Control"": ""child"", ""Critical1"": ""loser"", ""Critical2"": ""lower"", ""Typo1"": ""loseer"", ""Typo2"": ""loweer""}}"
clark2026,,19,1.1,clark2026//19/1.1,The garbage definitely needs to be tossed out due to its smell.,the garbage definitely needs to be tossed out due to its smell .,The garbage definitely needs to be tossed out due to its smell.,,190,plausible,,word_form,clark2026//19/1.1,1,1,,,"{""critical_cond"": ""1"", ""critical_word"": ""garbage"", ""id"": ""191"", ""intervening"": ""definitely needs to be"", ""intervening_cond"": ""long"", ""preamble"": ""The"", ""predicate"": ""tossed out due to its smell"", ""source_critical"": {""Control"": ""lesson"", ""Critical1"": ""garbage"", ""Critical2"": ""garage"", ""Typo1"": ""garbge"", ""Typo2"": ""garge""}}"
clark2026,,19,1.2,clark2026//19/1.2,The garbage definitely needs to be renovated due to its leaks.,the garbage definitely needs to be renovated due to its leaks .,The garbage definitely needs to be renovated due to its leaks.,,191,implausible,,word_form,clark2026//19/2.2,1,1,,,"{""critical_cond"": ""1"", ""critical_word"": ""garbage"", ""id"": ""192"", ""intervening"": ""definitely needs to be"", ""intervening_cond"": ""long"", ""preamble"": ""The"", ""predicate"": ""renovated due to its leaks"", ""source_critical"": {""Control"": ""lesson"", ""Critical1"": ""garbage"", ""Critical2"": ""garage"", ""Typo1"": ""garbge"", ""Typo2"": ""garge""}}"
clark2026,,19,1.Control,clark2026//19/1.Control,The garbage definitely needs to be bankrupted by the lawsuit.,the garbage definitely needs to be bankrupted by the lawsuit .,The garbage definitely needs to be bankrupted by the lawsuit.,,192,implausible,,,,0,1,,,"{""critical_cond"": ""1"", ""critical_word"": ""garbage"", ""id"": ""193"", ""intervening"": ""definitely needs to be"", ""intervening_cond"": ""long"", ""preamble"": ""The"", ""predicate"": ""bankrupted by the lawsuit"", ""source_critical"": {""Control"": ""lesson"", ""Critical1"": ""garbage"", ""Critical2"": ""garage"", ""Typo1"": ""garbge"", ""Typo2"": ""garge""}}"
clark2026,,19,2.1,clark2026//19/2.1,The garage definitely needs to be tossed out due to its smell.,the garage definitely needs to be tossed out due to its smell .,The garage definitely needs to be tossed out due to its smell.,,193,implausible,,word_form,clark2026//19/1.1,1,1,,,"{""critical_cond"": ""2"", ""critical_word"": ""garage"", ""id"": ""194"", ""intervening"": ""definitely needs to be"", ""intervening_cond"": ""long"", ""preamble"": ""The"", ""predicate"": ""tossed out due to its smell"", ""source_critical"": {""Control"": ""lesson"", ""Critical1"": ""garbage"", ""Critical2"": ""garage"", ""Typo1"": ""garbge"", ""Typo2"": ""garge""}}"
clark2026,,19,2.2,clark2026//19/2.2,The garage definitely needs to be renovated due to its leaks.,the garage definitely needs to be renovated due to its leaks .,The garage definitely needs to be renovated due to its leaks.,,194,plausible,,word_form,clark2026//19/2.2,1,1,,,"{""critical_cond"": ""2"", ""critical_word"": ""garage"", ""id"": ""195"", ""intervening"": ""definitely needs to be"", ""intervening_cond"": ""long"", ""preamble"": ""The"", ""predicate"": ""renovated due to its leaks"", ""source_critical"": {""Control"": ""lesson"", ""Critical1"": ""garbage"", ""Critical2"": ""garage"", ""Typo1"": ""garbge"", ""Typo2"": ""garge""}}"
clark2026,,19,2.Control,clark2026//19/2.Control,The garage definitely needs to be bankrupted by the lawsuit.,the garage definitely needs to be bankrupted by the lawsuit .,The garage definitely needs to be bankrupted by the lawsuit.,,195,implausible,,,,0,1,,,"{""critical_cond"": ""2"", ""critical_word"": ""garage"", ""id"": ""196"", ""intervening"": ""definitely needs to be"", ""intervening_cond"": ""long"", ""preamble"": ""The"", ""predicate"": ""bankrupted by the lawsuit"", ""source_critical"": {""Control"": ""lesson"", ""Critical1"": ""garbage"", ""Critical2"": ""garage"", ""Typo1"": ""garbge"", ""Typo2"": ""garge""}}"
clark2026,,19,Control.1,clark2026//19/Control.1,The lesson definitely needs to be tossed out due to its smell.,the lesson definitely needs to be tossed out due to its smell .,The lesson definitely needs to be tossed out due to its smell.,,196,implausible,,,,0,1,,,"{""critical_cond"": ""Control"", ""critical_word"": ""lesson"", ""id"": ""197"", ""intervening"": ""definitely needs to be"", ""intervening_cond"": ""long"", ""preamble"": ""The"", ""predicate"": ""tossed out due to its smell"", ""source_critical"": {""Control"": ""lesson"", ""Critical1"": ""garbage"", ""Critical2"": ""garage"", ""Typo1"": ""garbge"", ""Typo2"": ""garge""}}"
clark2026,,19,Control.2,clark2026//19/Control.2,The lesson definitely needs to be renovated due to its leaks.,the lesson definitely needs to be renovated due to its leaks .,The lesson definitely needs to be renovated due to its leaks.,,197,implausible,,,,0,1,,,"{""critical_cond"": ""Control"", ""critical_word"": ""lesson"", ""id"": ""198"", ""intervening"": ""definitely needs to be"", ""intervening_cond"": ""long"", ""preamble"": ""The"", ""predicate"": ""renovated due to its leaks"", ""source_critical"": {""Control"": ""lesson"", ""Critical1"": ""garbage"", ""Critical2"": ""garage"", ""Typo1"": ""garbge"", ""Typo2"": ""garge""}}"
clark2026,,19,Typo1.1,clark2026//19/Typo1.1,The garbge definitely needs to be tossed out due to its smell.,the garbge definitely needs to be tossed out due to its smell .,The garbge definitely needs to be tossed out due to its smell.,,198,implausible,,typo,clark2026//19/1.1,1,1,,,"{""critical_cond"": ""Typo1"", ""critical_word"": ""garbge"", ""id"": ""199"", ""intervening"": ""definitely needs to be"", ""intervening_cond"": ""long"", ""preamble"": ""The"", ""predicate"": ""tossed out due to its smell"", ""source_critical"": {""Control"": ""lesson"", ""Critical1"": ""garbage"", ""Critical2"": ""garage"", ""Typo1"": ""garbge"", ""Typo2"": ""garge""}}"
clark2026,,19,Typo2.2,clark2026//19/Typo2.2,The garge definitely needs to be renovated due to its leaks.,the garge definitely needs to be renovated due to its leaks .,The garge definitely needs to be renovated due to its leaks.,,199,implausible,,typo,clark2026//19/2.2,1,1,,,"{""critical_cond"": ""Typo2"", ""critical_word"": ""garge"", ""id"": ""200"", ""intervening"": ""definitely needs to be"", ""intervening_cond"": ""long"", ""preamble"": ""The"", ""predicate"": ""renovated due to its leaks"", ""source_critical"": {""Control"": ""lesson"", ""Critical1"": ""garbage"", ""Critical2"": ""garage"", ""Typo1"": ""garbge"", ""Typo2"": ""garge""}}"
clark2026,,20,1.1,clark2026//20/1.1,This wind is most definitely blowing from the west.,this wind is most definitely blowing from the west .,This wind is most definitely blowing from the west.,,200,plausible,,word_form,clark2026//20/1.1,1,1,,,"{""critical_cond"": ""1"", ""critical_word"": ""wind"", ""id"": ""201"", ""intervening"": ""is most definitely"", ""intervening_cond"": ""long"", ""preamble"": ""This"", ""predicate"": ""blowing from the west"", ""source_critical"": {""Control"": ""desk"", ""Critical1"": ""wind"", ""Critical2"": ""wine"", ""Typo1"": ""wjnd"", ""Typo2"": ""wjne""}}"
clark2026,,20,1.2,clark2026//20/1.2,This wind is most definitely delicious with steak.,this wind is most definitely delicious with steak .,This wind is most definitely delicious with steak.,,201,implausible,,word_form,clark2026//20/2.2,1,1,,,"{""critical_cond"": ""1"", ""critical_word"": ""wind"", ""id"": ""202"", ""intervening"": ""is most definitely"", ""intervening_cond"": ""long"", ""preamble"": ""This"", ""predicate"": ""delicious with steak"", ""source_critical"": {""Control"": ""desk"", ""Critical1"": ""wind"", ""Critical2"": ""wine"", ""Typo1"": ""wjnd"", ""Typo2"": ""wjne""}}"
clark2026,,20,1.Control,clark2026//20/1.Control,This wind is most definitely emotional towards him.,this wind is most definitely emotional towards him .,This wind is most definitely emotional towards him.,,202,implausible,,,,0,1,,,"{""critical_cond"": ""1"", ""critical_word"": ""wind"", ""id"": ""203"", ""intervening"": ""is most definitely"", ""intervening_cond"": ""long"", ""preamble"": ""This"", ""predicate"": ""emotional towards him"", ""source_critical"": {""Control"": ""desk"", ""Critical1"": ""wind"", ""Critical2"": ""wine"", ""Typo1"": ""wjnd"", ""Typo2"": ""wjne""}}"
clark2026,,20,2.1,clark2026//20/2.1,This wine is most definitely blowing from the west.,this wine is most definitely blowing from the west .,This wine is most definitely blowing from the west.,,203,implausible,,word_form,clark2026//20/1.1,1,1,,,"{""critical_cond"": ""2"", ""critical_word"": ""wine"", ""id"": ""204"", ""intervening"": ""is most definitely"", ""intervening_cond"": ""long"", ""preamble"": ""This"", ""predicate"": ""blowing from the west"", ""source_critical"": {""Control"": ""desk"", ""Critical1"": ""wind"", ""Critical2"": ""wine"", ""Typo1"": ""wjnd"", ""Typo2"": ""wjne""}}"
clark2026,,20,2.2,clark2026//20/2.2,This wine is most definitely delicious with steak.,this wine is most definitely delicious with steak .,This wine is most definitely delicious with steak.,,204,plausible,,word_form,clark2026//20/2.2,1,1,,,"{""critical_cond"": ""2"", ""critical_word"": ""wine"", ""id"": ""205"", ""intervening"": ""is most definitely"", ""intervening_cond"": ""long"", ""preamble"": ""This"", ""predicate"": ""delicious with steak"", ""source_critical"": {""Control"": ""desk"", ""Critical1"": ""wind"", ""Critical2"": ""wine"", ""Typo1"": ""wjnd"", ""Typo2"": ""wjne""}}"
clark2026,,20,2.Control,clark2026//20/2.Control,This wine is most definitely emotional towards him.,this wine is most definitely emotional towards him .,This wine is most definitely emotional towards him.,,205,implausible,,,,0,1,,,"{""critical_cond"": ""2"", ""critical_word"": ""wine"", ""id"": ""206"", ""intervening"": ""is most definitely"", ""intervening_cond"": ""long"", ""preamble"": ""This"", ""predicate"": ""emotional towards him"", ""source_critical"": {""Control"": ""desk"", ""Critical1"": ""wind"", ""Critical2"": ""wine"", ""Typo1"": ""wjnd"", ""Typo2"": ""wjne""}}"
clark2026,,20,Control.1,clark2026//20/Control.1,This desk is most definitely blowing from the west.,this desk is most definitely blowing from the west .,This desk is most definitely blowing from the west.,,206,implausible,,,,0,1,,,"{""critical_cond"": ""Control"", ""critical_word"": ""desk"", ""id"": ""207"", ""intervening"": ""is most definitely"", ""intervening_cond"": ""long"", ""preamble"": ""This"", ""predicate"": ""blowing from the west"", ""source_critical"": {""Control"": ""desk"", ""Critical1"": ""wind"", ""Critical2"": ""wine"", ""Typo1"": ""wjnd"", ""Typo2"": ""wjne""}}"
clark2026,,20,Control.2,clark2026//20/Control.2,This desk is most definitely delicious with steak.,this desk is most definitely delicious with steak .,This desk is most definitely delicious with steak.,,207,implausible,,,,0,1,,,"{""critical_cond"": ""Control"", ""critical_word"": ""desk"", ""id"": ""208"", ""intervening"": ""is most definitely"", ""intervening_cond"": ""long"", ""preamble"": ""This"", ""predicate"": ""delicious with steak"", ""source_critical"": {""Control"": ""desk"", ""Critical1"": ""wind"", ""Critical2"": ""wine"", ""Typo1"": ""wjnd"", ""Typo2"": ""wjne""}}"
clark2026,,20,Typo1.1,clark2026//20/Typo1.1,This wjnd is most definitely blowing from the west.,this wjnd is most definitely blowing from the west .,This wjnd is most definitely blowing from the west.,,208,implausible,,typo,clark2026//20/1.1,1,1,,,"{""critical_cond"": ""Typo1"", ""critical_word"": ""wjnd"", ""id"": ""209"", ""intervening"": ""is most definitely"", ""intervening_cond"": ""long"", ""preamble"": ""This"", ""predicate"": ""blowing from the west"", ""source_critical"": {""Control"": ""desk"", ""Critical1"": ""wind"", ""Critical2"": ""wine"", ""Typo1"": ""wjnd"", ""Typo2"": ""wjne""}}"
clark2026,,20,Typo2.2,clark2026//20/Typo2.2,This wjne is most definitely delicious with steak.,this wjne is most definitely delicious with steak .,This wjne is most definitely delicious with steak.,,209,implausible,,typo,clark2026//20/2.2,1,1,,,"{""critical_cond"": ""Typo2"", ""critical_word"": ""wjne"", ""id"": ""210"", ""intervening"": ""is most definitely"", ""intervening_cond"": ""long"", ""preamble"": ""This"", ""predicate"": ""delicious with steak"", ""source_critical"": {""Control"": ""desk"", ""Critical1"": ""wind"", ""Critical2"": ""wine"", ""Typo1"": ""wjnd"", ""Typo2"": ""wjne""}}"
clark2026,,21,1.1,clark2026//21/1.1,Thank you for taking such good care of her yesterday.,thank you for taking such good care of her yesterday .,Thank you for taking such good care of her yesterday.,,210,plausible,,word_form,clark2026//21/1.1,1,3,,,"{""critical_cond"": ""1"", ""critical_word"": ""taking"", ""id"": ""211"", ""intervening"": ""such good"", ""intervening_cond"": ""long"", ""preamble"": ""Thank you for"", ""predicate"": ""care of her yesterday"", ""source_critical"": {""Control"": ""being"", ""Critical1"": ""taking"", ""Critical2"": ""making"", ""Typo1"": ""trking"", ""Typo2"": ""mrking""}}"
clark2026,,21,1.2,clark2026//21/1.2,Thank you for taking such good pancakes for breakfast.,thank you for taking such good pancakes for breakfast .,Thank you for taking such good pancakes for breakfast.,,211,implausible,,word_form,clark2026//21/2.2,1,3,,,"{""critical_cond"": ""1"", ""critical_word"": ""taking"", ""id"": ""212"", ""intervening"": ""such good"", ""intervening_cond"": ""long"", ""preamble"": ""Thank you for"", ""predicate"": ""pancakes for breakfast"", ""source_critical"": {""Control"": ""being"", ""Critical1"": ""taking"", ""Critical2"": ""making"", ""Typo1"": ""trking"", ""Typo2"": ""mrking""}}"
clark2026,,21,1.Control,clark2026//21/1.Control,Thank you for taking such good monkeys in the jungle.,thank you for taking such good monkeys in the jungle .,Thank you for taking such good monkeys in the jungle.,,212,implausible,,,,0,3,,,"{""critical_cond"": ""1"", ""critical_word"": ""taking"", ""id"": ""213"", ""intervening"": ""such good"", ""intervening_cond"": ""long"", ""preamble"": ""Thank you for"", ""predicate"": ""monkeys in the jungle"", ""source_critical"": {""Control"": ""being"", ""Critical1"": ""taking"", ""Critical2"": ""making"", ""Typo1"": ""trking"", ""Typo2"": ""mrking""}}"
clark2026,,21,2.1,clark2026//21/2.1,Thank you for making such good care of her yesterday.,thank you for making such good care of her yesterday .,Thank you for making such good care of her yesterday.,,213,implausible,,word_form,clark2026//21/1.1,1,3,,,"{""critical_cond"": ""2"", ""critical_word"": ""making"", ""id"": ""214"", ""intervening"": ""such good"", ""intervening_cond"": ""long"", ""preamble"": ""Thank you for"", ""predicate"": ""care of her yesterday"", ""source_critical"": {""Control"": ""being"", ""Critical1"": ""taking"", ""Critical2"": ""making"", ""Typo1"": ""trking"", ""Typo2"": ""mrking""}}"
clark2026,,21,2.2,clark2026//21/2.2,Thank you for making such good pancakes for breakfast.,thank you for making such good pancakes for breakfast .,Thank you for making such good pancakes for breakfast.,,214,plausible,,word_form,clark2026//21/2.2,1,3,,,"{""critical_cond"": ""2"", ""critical_word"": ""making"", ""id"": ""215"", ""intervening"": ""such good"", ""intervening_cond"": ""long"", ""preamble"": ""Thank you for"", ""predicate"": ""pancakes for breakfast"", ""source_critical"": {""Control"": ""being"", ""Critical1"": ""taking"", ""Critical2"": ""making"", ""Typo1"": ""trking"", ""Typo2"": ""mrking""}}"
clark2026,,21,2.Control,clark2026//21/2.Control,Thank you for making such good monkeys in the jungle.,thank you for making such good monkeys in the jungle .,Thank you for making such good monkeys in the jungle.,,215,implausible,,,,0,3,,,"{""critical_cond"": ""2"", ""critical_word"": ""making"", ""id"": ""216"", ""intervening"": ""such good"", ""intervening_cond"": ""long"", ""preamble"": ""Thank you for"", ""predicate"": ""monkeys in the jungle"", ""source_critical"": {""Control"": ""being"", ""Critical1"": ""taking"", ""Critical2"": ""making"", ""Typo1"": ""trking"", ""Typo2"": ""mrking""}}"
clark2026,,21,Control.1,clark2026//21/Control.1,Thank you for being such good care of her yesterday.,thank you for being such good care of her yesterday .,Thank you for being such good care of her yesterday.,,216,implausible,,,,0,3,,,"{""critical_cond"": ""Control"", ""critical_word"": ""being"", ""id"": ""217"", ""intervening"": ""such good"", ""intervening_cond"": ""long"", ""preamble"": ""Thank you for"", ""predicate"": ""care of her yesterday"", ""source_critical"": {""Control"": ""being"", ""Critical1"": ""taking"", ""Critical2"": ""making"", ""Typo1"": ""trking"", ""Typo2"": ""mrking""}}"
clark2026,,21,Control.2,clark2026//21/Control.2,Thank you for being such good pancakes for breakfast.,thank you for being such good pancakes for breakfast .,Thank you for being such good pancakes for breakfast.,,217,implausible,,,,0,3,,,"{""critical_cond"": ""Control"", ""critical_word"": ""being"", ""id"": ""218"", ""intervening"": ""such good"", ""intervening_cond"": ""long"", ""preamble"": ""Thank you for"", ""predicate"": ""pancakes for breakfast"", ""source_critical"": {""Control"": ""being"", ""Critical1"": ""taking"", ""Critical2"": ""making"", ""Typo1"": ""trking"", ""Typo2"": ""mrking""}}"
clark2026,,21,Typo1.1,clark2026//21/Typo1.1,Thank you for trking such good care of her yesterday.,thank you for trking such good care of her yesterday .,Thank you for trking such good care of her yesterday.,,218,implausible,,typo,clark2026//21/1.1,1,3,,,"{""critical_cond"": ""Typo1"", ""critical_word"": ""trking"", ""id"": ""219"", ""intervening"": ""such good"", ""intervening_cond"": ""long"", ""preamble"": ""Thank you for"", ""predicate"": ""care of her yesterday"", ""source_critical"": {""Control"": ""being"", ""Critical1"": ""taking"", ""Critical2"": ""making"", ""Typo1"": ""trking"", ""Typo2"": ""mrking""}}"
clark2026,,21,Typo2.2,clark2026//21/Typo2.2,Thank you for mrking such good pancakes for breakfast.,thank you for mrking such good pancakes for breakfast .,Thank you for mrking such good pancakes for breakfast.,,219,implausible,,typo,clark2026//21/2.2,1,3,,,"{""critical_cond"": ""Typo2"", ""critical_word"": ""mrking"", ""id"": ""220"", ""intervening"": ""such good"", ""intervening_cond"": ""long"", ""preamble"": ""Thank you for"", ""predicate"": ""pancakes for breakfast"", ""source_critical"": {""Control"": ""being"", ""Critical1"": ""taking"", ""Critical2"": ""making"", ""Typo1"": ""trking"", ""Typo2"": ""mrking""}}"
clark2026,,22,1.1,clark2026//22/1.1,"After being seated carefully in the small theater, the audience fell silent.","after being seated carefully in the small theater , the audience fell silent .","After being seated carefully in the small theater, the audience fell silent.",,220,plausible,,word_form,clark2026//22/1.1,1,2,,,"{""critical_cond"": ""1"", ""critical_word"": ""seated"", ""id"": ""221"", ""intervening"": ""carefully in the small"", ""intervening_cond"": ""long"", ""preamble"": ""After being"", ""predicate"": ""theater, the audience fell silent"", ""source_critical"": {""Control"": ""drawn"", ""Critical1"": ""seated"", ""Critical2"": ""sealed"", ""Typo1"": ""seateed"", ""Typo2"": ""sealeed""}}"
clark2026,,22,1.2,clark2026//22/1.2,"After being seated carefully in the small jar, the jam was sold.","after being seated carefully in the small jar , the jam was sold .","After being seated carefully in the small jar, the jam was sold.",,221,implausible,,word_form,clark2026//22/2.2,1,2,,,"{""critical_cond"": ""1"", ""critical_word"": ""seated"", ""id"": ""222"", ""intervening"": ""carefully in the small"", ""intervening_cond"": ""long"", ""preamble"": ""After being"", ""predicate"": ""jar, the jam was sold"", ""source_critical"": {""Control"": ""drawn"", ""Critical1"": ""seated"", ""Critical2"": ""sealed"", ""Typo1"": ""seateed"", ""Typo2"": ""sealeed""}}"
clark2026,,22,1.Control,clark2026//22/1.Control,"After being seated carefully in the small illness, the patient recovered.","after being seated carefully in the small illness , the patient recovered .","After being seated carefully in the small illness, the patient recovered.",,222,implausible,,,,0,2,,,"{""critical_cond"": ""1"", ""critical_word"": ""seated"", ""id"": ""223"", ""intervening"": ""carefully in the small"", ""intervening_cond"": ""long"", ""preamble"": ""After being"", ""predicate"": ""illness, the patient recovered"", ""source_critical"": {""Control"": ""drawn"", ""Critical1"": ""seated"", ""Critical2"": ""sealed"", ""Typo1"": ""seateed"", ""Typo2"": ""sealeed""}}"
clark2026,,22,2.1,clark2026//22/2.1,"After being sealed carefully in the small theater, the audience fell silent.","after being sealed carefully in the small theater , the audience fell silent .","After being sealed carefully in the small theater, the audience fell silent.",,223,implausible,,word_form,clark2026//22/1.1,1,2,,,"{""critical_cond"": ""2"", ""critical_word"": ""sealed"", ""id"": ""224"", ""intervening"": ""carefully in the small"", ""intervening_cond"": ""long"", ""preamble"": ""After being"", ""predicate"": ""theater, the audience fell silent"", ""source_critical"": {""Control"": ""drawn"", ""Critical1"": ""seated"", ""Critical2"": ""sealed"", ""Typo1"": ""seateed"", ""Typo2"": ""sealeed""}}"
clark2026,,22,2.2,clark2026//22/2.2,"After being sealed carefully in the small jar, the jam was sold.","after being sealed carefully in the small jar , the jam was sold .","After being sealed carefully in the small jar, the jam was sold.",,224,plausible,,word_form,clark2026//22/2.2,1,2,,,"{""critical_cond"": ""2"", ""critical_word"": ""sealed"", ""id"": ""225"", ""intervening"": ""carefully in the small"", ""intervening_cond"": ""long"", ""preamble"": ""After being"", ""predicate"": ""jar, the jam was sold"", ""source_critical"": {""Control"": ""drawn"", ""Critical1"": ""seated"", ""Critical2"": ""sealed"", ""Typo1"": ""seateed"", ""Typo2"": ""sealeed""}}"
clark2026,,22,2.Control,clark2026//22/2.Control,"After being sealed carefully in the small illness, the patient recovered.","after being sealed carefully in the small illness , the patient recovered .","After being sealed carefully in the small illness, the patient recovered.",,225,implausible,,,,0,2,,,"{""critical_cond"": ""2"", ""critical_word"": ""sealed"", ""id"": ""226"", ""intervening"": ""carefully in the small"", ""intervening_cond"": ""long"", ""preamble"": ""After being"", ""predicate"": ""illness, the patient recovered"", ""source_critical"": {""Control"": ""drawn"", ""Critical1"": ""seated"", ""Critical2"": ""sealed"", ""Typo1"": ""seateed"", ""Typo2"": ""sealeed""}}"
clark2026,,22,Control.1,clark2026//22/Control.1,"After being drawn carefully in the small theater, the audience fell silent.","after being drawn carefully in the small theater , the audience fell silent .","After being drawn carefully in the small theater, the audience fell silent.",,226,implausible,,,,0,2,,,"{""critical_cond"": ""Control"", ""critical_word"": ""drawn"", ""id"": ""227"", ""intervening"": ""carefully in the small"", ""intervening_cond"": ""long"", ""preamble"": ""After being"", ""predicate"": ""theater, the audience fell silent"", ""source_critical"": {""Control"": ""drawn"", ""Critical1"": ""seated"", ""Critical2"": ""sealed"", ""Typo1"": ""seateed"", ""Typo2"": ""sealeed""}}"
clark2026,,22,Control.2,clark2026//22/Control.2,"After being drawn carefully in the small jar, the jam was sold.","after being drawn carefully in the small jar , the jam was sold .","After being drawn carefully in the small jar, the jam was sold.",,227,implausible,,,,0,2,,,"{""critical_cond"": ""Control"", ""critical_word"": ""drawn"", ""id"": ""228"", ""intervening"": ""carefully in the small"", ""intervening_cond"": ""long"", ""preamble"": ""After being"", ""predicate"": ""jar, the jam was sold"", ""source_critical"": {""Control"": ""drawn"", ""Critical1"": ""seated"", ""Critical2"": ""sealed"", ""Typo1"": ""seateed"", ""Typo2"": ""sealeed""}}"
clark2026,,22,Typo1.1,clark2026//22/Typo1.1,"After being seateed carefully in the small theater, the audience fell silent.","after being seateed carefully in the small theater , the audience fell silent .","After being seateed carefully in the small theater, the audience fell silent.",,228,implausible,,typo,clark2026//22/1.1,1,2,,,"{""critical_cond"": ""Typo1"", ""critical_word"": ""seateed"", ""id"": ""229"", ""intervening"": ""carefully in the small"", ""intervening_cond"": ""long"", ""preamble"": ""After being"", ""predicate"": ""theater, the audience fell silent"", ""source_critical"": {""Control"": ""drawn"", ""Critical1"": ""seated"", ""Critical2"": ""sealed"", ""Typo1"": ""seateed"", ""Typo2"": ""sealeed""}}"
clark2026,,22,Typo2.2,clark2026//22/Typo2.2,"After being sealeed carefully in the small jar, the jam was sold.","after being sealeed carefully in the small jar , the jam was sold .","After being sealeed carefully in the small jar, the jam was sold.",,229,implausible,,typo,clark2026//22/2.2,1,2,,,"{""critical_cond"": ""Typo2"", ""critical_word"": ""sealeed"", ""id"": ""230"", ""intervening"": ""carefully in the small"", ""intervening_cond"": ""long"", ""preamble"": ""After being"", ""predicate"": ""jar, the jam was sold"", ""source_critical"": {""Control"": ""drawn"", ""Critical1"": ""seated"", ""Critical2"": ""sealed"", ""Typo1"": ""seateed"", ""Typo2"": ""sealeed""}}"
clark2026,,23,1.1,clark2026//23/1.1,Because of all the treats my dog has become very overweight and unhealthy.,because of all the treats my dog has become very overweight and unhealthy .,Because of all the treats my dog has become very overweight and unhealthy.,,230,plausible,,word_form,clark2026//23/1.1,1,4,,,"{""critical_cond"": ""1"", ""critical_word"": ""treats"", ""id"": ""231"", ""intervening"": ""my dog has become very"", ""intervening_cond"": ""long"", ""preamble"": ""Because of all the"", ""predicate"": ""overweight and unhealthy"", ""source_critical"": {""Control"": ""exercise"", ""Critical1"": ""treats"", ""Critical2"": ""threats"", ""Typo1"": ""traets"", ""Typo2"": ""thraets""}}"
clark2026,,23,1.2,clark2026//23/1.2,Because of all the treats my dog has become very scared and timid.,because of all the treats my dog has become very scared and timid .,Because of all the treats my dog has become very scared and timid.,,231,implausible,,word_form,clark2026//23/2.2,1,4,,,"{""critical_cond"": ""1"", ""critical_word"": ""treats"", ""id"": ""232"", ""intervening"": ""my dog has become very"", ""intervening_cond"": ""long"", ""preamble"": ""Because of all the"", ""predicate"": ""scared and timid"", ""source_critical"": {""Control"": ""exercise"", ""Critical1"": ""treats"", ""Critical2"": ""threats"", ""Typo1"": ""traets"", ""Typo2"": ""thraets""}}"
clark2026,,23,1.Control,clark2026//23/1.Control,Because of all the treats my dog has become very translucent and aligned.,because of all the treats my dog has become very translucent and aligned .,Because of all the treats my dog has become very translucent and aligned.,,232,implausible,,,,0,4,,,"{""critical_cond"": ""1"", ""critical_word"": ""treats"", ""id"": ""233"", ""intervening"": ""my dog has become very"", ""intervening_cond"": ""long"", ""preamble"": ""Because of all the"", ""predicate"": ""translucent and aligned"", ""source_critical"": {""Control"": ""exercise"", ""Critical1"": ""treats"", ""Critical2"": ""threats"", ""Typo1"": ""traets"", ""Typo2"": ""thraets""}}"
clark2026,,23,2.1,clark2026//23/2.1,Because of all the threats my dog has become very overweight and unhealthy.,because of all the threats my dog has become very overweight and unhealthy .,Because of all the threats my dog has become very overweight and unhealthy.,,233,implausible,,word_form,clark2026//23/1.1,1,4,,,"{""critical_cond"": ""2"", ""critical_word"": ""threats"", ""id"": ""234"", ""intervening"": ""my dog has become very"", ""intervening_cond"": ""long"", ""preamble"": ""Because of all the"", ""predicate"": ""overweight and unhealthy"", ""source_critical"": {""Control"": ""exercise"", ""Critical1"": ""treats"", ""Critical2"": ""threats"", ""Typo1"": ""traets"", ""Typo2"": ""thraets""}}"
clark2026,,23,2.2,clark2026//23/2.2,Because of all the threats my dog has become very scared and timid.,because of all the threats my dog has become very scared and timid .,Because of all the threats my dog has become very scared and timid.,,234,plausible,,word_form,clark2026//23/2.2,1,4,,,"{""critical_cond"": ""2"", ""critical_word"": ""threats"", ""id"": ""235"", ""intervening"": ""my dog has become very"", ""intervening_cond"": ""long"", ""preamble"": ""Because of all the"", ""predicate"": ""scared and timid"", ""source_critical"": {""Control"": ""exercise"", ""Critical1"": ""treats"", ""Critical2"": ""threats"", ""Typo1"": ""traets"", ""Typo2"": ""thraets""}}"
clark2026,,23,2.Control,clark2026//23/2.Control,Because of all the threats my dog has become very translucent and aligned.,because of all the threats my dog has become very translucent and aligned .,Because of all the threats my dog has become very translucent and aligned.,,235,implausible,,,,0,4,,,"{""critical_cond"": ""2"", ""critical_word"": ""threats"", ""id"": ""236"", ""intervening"": ""my dog has become very"", ""intervening_cond"": ""long"", ""preamble"": ""Because of all the"", ""predicate"": ""translucent and aligned"", ""source_critical"": {""Control"": ""exercise"", ""Critical1"": ""treats"", ""Critical2"": ""threats"", ""Typo1"": ""traets"", ""Typo2"": ""thraets""}}"
clark2026,,23,Control.1,clark2026//23/Control.1,Because of all the exercise my dog has become very overweight and unhealthy.,because of all the exercise my dog has become very overweight and unhealthy .,Because of all the exercise my dog has become very overweight and unhealthy.,,236,implausible,,,,0,4,,,"{""critical_cond"": ""Control"", ""critical_word"": ""exercise"", ""id"": ""237"", ""intervening"": ""my dog has become very"", ""intervening_cond"": ""long"", ""preamble"": ""Because of all the"", ""predicate"": ""overweight and unhealthy"", ""source_critical"": {""Control"": ""exercise"", ""Critical1"": ""treats"", ""Critical2"": ""threats"", ""Typo1"": ""traets"", ""Typo2"": ""thraets""}}"
clark2026,,23,Control.2,clark2026//23/Control.2,Because of all the exercise my dog has become very scared and timid.,because of all the exercise my dog has become very scared and timid .,Because of all the exercise my dog has become very scared and timid.,,237,implausible,,,,0,4,,,"{""critical_cond"": ""Control"", ""critical_word"": ""exercise"", ""id"": ""238"", ""intervening"": ""my dog has become very"", ""intervening_cond"": ""long"", ""preamble"": ""Because of all the"", ""predicate"": ""scared and timid"", ""source_critical"": {""Control"": ""exercise"", ""Critical1"": ""treats"", ""Critical2"": ""threats"", ""Typo1"": ""traets"", ""Typo2"": ""thraets""}}"
clark2026,,23,Typo1.1,clark2026//23/Typo1.1,Because of all the traets my dog has become very overweight and unhealthy.,because of all the traets my dog has become very overweight and unhealthy .,Because of all the traets my dog has become very overweight and unhealthy.,,238,implausible,,typo,clark2026//23/1.1,1,4,,,"{""critical_cond"": ""Typo1"", ""critical_word"": ""traets"", ""id"": ""239"", ""intervening"": ""my dog has become very"", ""intervening_cond"": ""long"", ""preamble"": ""Because of all the"", ""predicate"": ""overweight and unhealthy"", ""source_critical"": {""Control"": ""exercise"", ""Critical1"": ""treats"", ""Critical2"": ""threats"", ""Typo1"": ""traets"", ""Typo2"": ""thraets""}}"
clark2026,,23,Typo2.2,clark2026//23/Typo2.2,Because of all the thraets my dog has become very scared and timid.,because of all the thraets my dog has become very scared and timid .,Because of all the thraets my dog has become very scared and timid.,,239,implausible,,typo,clark2026//23/2.2,1,4,,,"{""critical_cond"": ""Typo2"", ""critical_word"": ""thraets"", ""id"": ""240"", ""intervening"": ""my dog has become very"", ""intervening_cond"": ""long"", ""preamble"": ""Because of all the"", ""predicate"": ""scared and timid"", ""source_critical"": {""Control"": ""exercise"", ""Critical1"": ""treats"", ""Critical2"": ""threats"", ""Typo1"": ""traets"", ""Typo2"": ""thraets""}}"
clark2026,,24,1.1,clark2026//24/1.1,The chart contained lots of data and statistics.,the chart contained lots of data and statistics .,The chart contained lots of data and statistics.,,240,plausible,,word_form,clark2026//24/1.1,1,1,,,"{""critical_cond"": ""1"", ""critical_word"": ""chart"", ""id"": ""241"", ""intervening"": ""contained lots of"", ""intervening_cond"": ""long"", ""preamble"": ""The"", ""predicate"": ""data and statistics"", ""source_critical"": {""Control"": ""sky"", ""Critical1"": ""chart"", ""Critical2"": ""cart"", ""Typo1"": ""chatr"", ""Typo2"": ""catr""}}"
clark2026,,24,1.2,clark2026//24/1.2,The chart contained lots of fruits and vegetables.,the chart contained lots of fruits and vegetables .,The chart contained lots of fruits and vegetables.,,241,implausible,,word_form,clark2026//24/2.2,1,1,,,"{""critical_cond"": ""1"", ""critical_word"": ""chart"", ""id"": ""242"", ""intervening"": ""contained lots of"", ""intervening_cond"": ""long"", ""preamble"": ""The"", ""predicate"": ""fruits and vegetables"", ""source_critical"": {""Control"": ""sky"", ""Critical1"": ""chart"", ""Critical2"": ""cart"", ""Typo1"": ""chatr"", ""Typo2"": ""catr""}}"
clark2026,,24,1.Control,clark2026//24/1.Control,The chart contained lots of promises from my father.,the chart contained lots of promises from my father .,The chart contained lots of promises from my father.,,242,implausible,,,,0,1,,,"{""critical_cond"": ""1"", ""critical_word"": ""chart"", ""id"": ""243"", ""intervening"": ""contained lots of"", ""intervening_cond"": ""long"", ""preamble"": ""The"", ""predicate"": ""promises from my father"", ""source_critical"": {""Control"": ""sky"", ""Critical1"": ""chart"", ""Critical2"": ""cart"", ""Typo1"": ""chatr"", ""Typo2"": ""catr""}}"
clark2026,,24,2.1,clark2026//24/2.1,The cart contained lots of data and statistics.,the cart contained lots of data and statistics .,The cart contained lots of data and statistics.,,243,implausible,,word_form,clark2026//24/1.1,1,1,,,"{""critical_cond"": ""2"", ""critical_word"": ""cart"", ""id"": ""244"", ""intervening"": ""contained lots of"", ""intervening_cond"": ""long"", ""preamble"": ""The"", ""predicate"": ""data and statistics"", ""source_critical"": {""Control"": ""sky"", ""Critical1"": ""chart"", ""Critical2"": ""cart"", ""Typo1"": ""chatr"", ""Typo2"": ""catr""}}"
clark2026,,24,2.2,clark2026//24/2.2,The cart contained lots of fruits and vegetables.,the cart contained lots of fruits and vegetables .,The cart contained lots of fruits and vegetables.,,244,plausible,,word_form,clark2026//24/2.2,1,1,,,"{""critical_cond"": ""2"", ""critical_word"": ""cart"", ""id"": ""245"", ""intervening"": ""contained lots of"", ""intervening_cond"": ""long"", ""preamble"": ""The"", ""predicate"": ""fruits and vegetables"", ""source_critical"": {""Control"": ""sky"", ""Critical1"": ""chart"", ""Critical2"": ""cart"", ""Typo1"": ""chatr"", ""Typo2"": ""catr""}}"
clark2026,,24,2.Control,clark2026//24/2.Control,The cart contained lots of promises from my father.,the cart contained lots of promises from my father .,The cart contained lots of promises from my father.,,245,implausible,,,,0,1,,,"{""critical_cond"": ""2"", ""critical_word"": ""cart"", ""id"": ""246"", ""intervening"": ""contained lots of"", ""intervening_cond"": ""long"", ""preamble"": ""The"", ""predicate"": ""promises from my father"", ""source_critical"": {""Control"": ""sky"", ""Critical1"": ""chart"", ""Critical2"": ""cart"", ""Typo1"": ""chatr"", ""Typo2"": ""catr""}}"
clark2026,,24,Control.1,clark2026//24/Control.1,The sky contained lots of data and statistics.,the sky contained lots of data and statistics .,The sky contained lots of data and statistics.,,246,implausible,,,,0,1,,,"{""critical_cond"": ""Control"", ""critical_word"": ""sky"", ""id"": ""247"", ""intervening"": ""contained lots of"", ""intervening_cond"": ""long"", ""preamble"": ""The"", ""predicate"": ""data and statistics"", ""source_critical"": {""Control"": ""sky"", ""Critical1"": ""chart"", ""Critical2"": ""cart"", ""Typo1"": ""chatr"", ""Typo2"": ""catr""}}"
clark2026,,24,Control.2,clark2026//24/Control.2,The sky contained lots of fruits and vegetables.,the sky contained lots of fruits and vegetables .,The sky contained lots of fruits and vegetables.,,247,implausible,,,,0,1,,,"{""critical_cond"": ""Control"", ""critical_word"": ""sky"", ""id"": ""248"", ""intervening"": ""contained lots of"", ""intervening_cond"": ""long"", ""preamble"": ""The"", ""predicate"": ""fruits and vegetables"", ""source_critical"": {""Control"": ""sky"", ""Critical1"": ""chart"", ""Critical2"": ""cart"", ""Typo1"": ""chatr"", ""Typo2"": ""catr""}}"
clark2026,,24,Typo1.1,clark2026//24/Typo1.1,The chatr contained lots of data and statistics.,the chatr contained lots of data and statistics .,The chatr contained lots of data and statistics.,,248,implausible,,typo,clark2026//24/1.1,1,1,,,"{""critical_cond"": ""Typo1"", ""critical_word"": ""chatr"", ""id"": ""249"", ""intervening"": ""contained lots of"", ""intervening_cond"": ""long"", ""preamble"": ""The"", ""predicate"": ""data and statistics"", ""source_critical"": {""Control"": ""sky"", ""Critical1"": ""chart"", ""Critical2"": ""cart"", ""Typo1"": ""chatr"", ""Typo2"": ""catr""}}"
clark2026,,24,Typo2.2,clark2026//24/Typo2.2,The catr contained lots of fruits and vegetables.,the catr contained lots of fruits and vegetables .,The catr contained lots of fruits and vegetables.,,249,implausible,,typo,clark2026//24/2.2,1,1,,,"{""critical_cond"": ""Typo2"", ""critical_word"": ""catr"", ""id"": ""250"", ""intervening"": ""contained lots of"", ""intervening_cond"": ""long"", ""preamble"": ""The"", ""predicate"": ""fruits and vegetables"", ""source_critical"": {""Control"": ""sky"", ""Critical1"": ""chart"", ""Critical2"": ""cart"", ""Typo1"": ""chatr"", ""Typo2"": ""catr""}}"
clark2026,,25,1.1,clark2026//25/1.1,These saints had been talked about and venerated by the worshippers.,these saints had been talked about and venerated by the worshippers .,These saints had been talked about and venerated by the worshippers.,,250,plausible,,word_form,clark2026//25/1.1,1,1,,,"{""critical_cond"": ""1"", ""critical_word"": ""saints"", ""id"": ""251"", ""intervening"": ""had been talked about and"", ""intervening_cond"": ""long"", ""preamble"": ""These"", ""predicate"": ""venerated by the worshippers"", ""source_critical"": {""Control"": ""emails"", ""Critical1"": ""saints"", ""Critical2"": ""stains"", ""Typo1"": ""siants"", ""Typo2"": ""stians""}}"
clark2026,,25,1.2,clark2026//25/1.2,These saints had been talked about and removed by the cleaners.,these saints had been talked about and removed by the cleaners .,These saints had been talked about and removed by the cleaners.,,251,implausible,,word_form,clark2026//25/2.2,1,1,,,"{""critical_cond"": ""1"", ""critical_word"": ""saints"", ""id"": ""252"", ""intervening"": ""had been talked about and"", ""intervening_cond"": ""long"", ""preamble"": ""These"", ""predicate"": ""removed by the cleaners"", ""source_critical"": {""Control"": ""emails"", ""Critical1"": ""saints"", ""Critical2"": ""stains"", ""Typo1"": ""siants"", ""Typo2"": ""stians""}}"
clark2026,,25,1.Control,clark2026//25/1.Control,These saints had been talked about and toasted at the wedding.,these saints had been talked about and toasted at the wedding .,These saints had been talked about and toasted at the wedding.,,252,implausible,,,,0,1,,,"{""critical_cond"": ""1"", ""critical_word"": ""saints"", ""id"": ""253"", ""intervening"": ""had been talked about and"", ""intervening_cond"": ""long"", ""preamble"": ""These"", ""predicate"": ""toasted at the wedding"", ""source_critical"": {""Control"": ""emails"", ""Critical1"": ""saints"", ""Critical2"": ""stains"", ""Typo1"": ""siants"", ""Typo2"": ""stians""}}"
clark2026,,25,2.1,clark2026//25/2.1,These stains had been talked about and venerated by the worshippers.,these stains had been talked about and venerated by the worshippers .,These stains had been talked about and venerated by the worshippers.,,253,implausible,,word_form,clark2026//25/1.1,1,1,,,"{""critical_cond"": ""2"", ""critical_word"": ""stains"", ""id"": ""254"", ""intervening"": ""had been talked about and"", ""intervening_cond"": ""long"", ""preamble"": ""These"", ""predicate"": ""venerated by the worshippers"", ""source_critical"": {""Control"": ""emails"", ""Critical1"": ""saints"", ""Critical2"": ""stains"", ""Typo1"": ""siants"", ""Typo2"": ""stians""}}"
clark2026,,25,2.2,clark2026//25/2.2,These stains had been talked about and removed by the cleaners.,these stains had been talked about and removed by the cleaners .,These stains had been talked about and removed by the cleaners.,,254,plausible,,word_form,clark2026//25/2.2,1,1,,,"{""critical_cond"": ""2"", ""critical_word"": ""stains"", ""id"": ""255"", ""intervening"": ""had been talked about and"", ""intervening_cond"": ""long"", ""preamble"": ""These"", ""predicate"": ""removed by the cleaners"", ""source_critical"": {""Control"": ""emails"", ""Critical1"": ""saints"", ""Critical2"": ""stains"", ""Typo1"": ""siants"", ""Typo2"": ""stians""}}"
clark2026,,25,2.Control,clark2026//25/2.Control,These stains had been talked about and toasted at the wedding.,these stains had been talked about and toasted at the wedding .,These stains had been talked about and toasted at the wedding.,,255,implausible,,,,0,1,,,"{""critical_cond"": ""2"", ""critical_word"": ""stains"", ""id"": ""256"", ""intervening"": ""had been talked about and"", ""intervening_cond"": ""long"", ""preamble"": ""These"", ""predicate"": ""toasted at the wedding"", ""source_critical"": {""Control"": ""emails"", ""Critical1"": ""saints"", ""Critical2"": ""stains"", ""Typo1"": ""siants"", ""Typo2"": ""stians""}}"
clark2026,,25,Control.1,clark2026//25/Control.1,These emails had been talked about and venerated by the worshippers.,these emails had been talked about and venerated by the worshippers .,These emails had been talked about and venerated by the worshippers.,,256,implausible,,,,0,1,,,"{""critical_cond"": ""Control"", ""critical_word"": ""emails"", ""id"": ""257"", ""intervening"": ""had been talked about and"", ""intervening_cond"": ""long"", ""preamble"": ""These"", ""predicate"": ""venerated by the worshippers"", ""source_critical"": {""Control"": ""emails"", ""Critical1"": ""saints"", ""Critical2"": ""stains"", ""Typo1"": ""siants"", ""Typo2"": ""stians""}}"
clark2026,,25,Control.2,clark2026//25/Control.2,These emails had been talked about and removed by the cleaners.,these emails had been talked about and removed by the cleaners .,These emails had been talked about and removed by the cleaners.,,257,implausible,,,,0,1,,,"{""critical_cond"": ""Control"", ""critical_word"": ""emails"", ""id"": ""258"", ""intervening"": ""had been talked about and"", ""intervening_cond"": ""long"", ""preamble"": ""These"", ""predicate"": ""removed by the cleaners"", ""source_critical"": {""Control"": ""emails"", ""Critical1"": ""saints"", ""Critical2"": ""stains"", ""Typo1"": ""siants"", ""Typo2"": ""stians""}}"
clark2026,,25,Typo1.1,clark2026//25/Typo1.1,These siants had been talked about and venerated by the worshippers.,these siants had been talked about and venerated by the worshippers .,These siants had been talked about and venerated by the worshippers.,,258,implausible,,typo,clark2026//25/1.1,1,1,,,"{""critical_cond"": ""Typo1"", ""critical_word"": ""siants"", ""id"": ""259"", ""intervening"": ""had been talked about and"", ""intervening_cond"": ""long"", ""preamble"": ""These"", ""predicate"": ""venerated by the worshippers"", ""source_critical"": {""Control"": ""emails"", ""Critical1"": ""saints"", ""Critical2"": ""stains"", ""Typo1"": ""siants"", ""Typo2"": ""stians""}}"
clark2026,,25,Typo2.2,clark2026//25/Typo2.2,These stians had been talked about and removed by the cleaners.,these stians had been talked about and removed by the cleaners .,These stians had been talked about and removed by the cleaners.,,259,implausible,,typo,clark2026//25/2.2,1,1,,,"{""critical_cond"": ""Typo2"", ""critical_word"": ""stians"", ""id"": ""260"", ""intervening"": ""had been talked about and"", ""intervening_cond"": ""long"", ""preamble"": ""These"", ""predicate"": ""removed by the cleaners"", ""source_critical"": {""Control"": ""emails"", ""Critical1"": ""saints"", ""Critical2"": ""stains"", ""Typo1"": ""siants"", ""Typo2"": ""stians""}}"
clark2026,,26,1.1,clark2026//26/1.1,She knew how to untie every single one of the knots for the sailboat.,she knew how to untie every single one of the knots for the sailboat .,She knew how to untie every single one of the knots for the sailboat.,,260,plausible,,word_form,clark2026//26/1.1,1,4,,,"{""critical_cond"": ""1"", ""critical_word"": ""untie"", ""id"": ""261"", ""intervening"": ""every single one of the"", ""intervening_cond"": ""long"", ""preamble"": ""She knew how to"", ""predicate"": ""knots for the sailboat"", ""source_critical"": {""Control"": ""sing"", ""Critical1"": ""untie"", ""Critical2"": ""unite"", ""Typo1"": ""unntie"", ""Typo2"": ""unnite""}}"
clark2026,,26,1.2,clark2026//26/1.2,She knew how to untie every single one of the community members.,she knew how to untie every single one of the community members .,She knew how to untie every single one of the community members.,,261,implausible,,word_form,clark2026//26/2.2,1,4,,,"{""critical_cond"": ""1"", ""critical_word"": ""untie"", ""id"": ""262"", ""intervening"": ""every single one of the"", ""intervening_cond"": ""long"", ""preamble"": ""She knew how to"", ""predicate"": ""community members"", ""source_critical"": {""Control"": ""sing"", ""Critical1"": ""untie"", ""Critical2"": ""unite"", ""Typo1"": ""unntie"", ""Typo2"": ""unnite""}}"
clark2026,,26,1.Control,clark2026//26/1.Control,She knew how to untie every single one of the viruses in the winter.,she knew how to untie every single one of the viruses in the winter .,She knew how to untie every single one of the viruses in the winter.,,262,implausible,,,,0,4,,,"{""critical_cond"": ""1"", ""critical_word"": ""untie"", ""id"": ""263"", ""intervening"": ""every single one of the"", ""intervening_cond"": ""long"", ""preamble"": ""She knew how to"", ""predicate"": ""viruses in the winter"", ""source_critical"": {""Control"": ""sing"", ""Critical1"": ""untie"", ""Critical2"": ""unite"", ""Typo1"": ""unntie"", ""Typo2"": ""unnite""}}"
clark2026,,26,2.1,clark2026//26/2.1,She knew how to unite every single one of the knots for the sailboat.,she knew how to unite every single one of the knots for the sailboat .,She knew how to unite every single one of the knots for the sailboat.,,263,implausible,,word_form,clark2026//26/1.1,1,4,,,"{""critical_cond"": ""2"", ""critical_word"": ""unite"", ""id"": ""264"", ""intervening"": ""every single one of the"", ""intervening_cond"": ""long"", ""preamble"": ""She knew how to"", ""predicate"": ""knots for the sailboat"", ""source_critical"": {""Control"": ""sing"", ""Critical1"": ""untie"", ""Critical2"": ""unite"", ""Typo1"": ""unntie"", ""Typo2"": ""unnite""}}"
clark2026,,26,2.2,clark2026//26/2.2,She knew how to unite every single one of the community members.,she knew how to unite every single one of the community members .,She knew how to unite every single one of the community members.,,264,plausible,,word_form,clark2026//26/2.2,1,4,,,"{""critical_cond"": ""2"", ""critical_word"": ""unite"", ""id"": ""265"", ""intervening"": ""every single one of the"", ""intervening_cond"": ""long"", ""preamble"": ""She knew how to"", ""predicate"": ""community members"", ""source_critical"": {""Control"": ""sing"", ""Critical1"": ""untie"", ""Critical2"": ""unite"", ""Typo1"": ""unntie"", ""Typo2"": ""unnite""}}"
clark2026,,26,2.Control,clark2026//26/2.Control,She knew how to unite every single one of the viruses in the winter.,she knew how to unite every single one of the viruses in the winter .,She knew how to unite every single one of the viruses in the winter.,,265,implausible,,,,0,4,,,"{""critical_cond"": ""2"", ""critical_word"": ""unite"", ""id"": ""266"", ""intervening"": ""every single one of the"", ""intervening_cond"": ""long"", ""preamble"": ""She knew how to"", ""predicate"": ""viruses in the winter"", ""source_critical"": {""Control"": ""sing"", ""Critical1"": ""untie"", ""Critical2"": ""unite"", ""Typo1"": ""unntie"", ""Typo2"": ""unnite""}}"
clark2026,,26,Control.1,clark2026//26/Control.1,She knew how to sing every single one of the knots for the sailboat.,she knew how to sing every single one of the knots for the sailboat .,She knew how to sing every single one of the knots for the sailboat.,,266,implausible,,,,0,4,,,"{""critical_cond"": ""Control"", ""critical_word"": ""sing"", ""id"": ""267"", ""intervening"": ""every single one of the"", ""intervening_cond"": ""long"", ""preamble"": ""She knew how to"", ""predicate"": ""knots for the sailboat"", ""source_critical"": {""Control"": ""sing"", ""Critical1"": ""untie"", ""Critical2"": ""unite"", ""Typo1"": ""unntie"", ""Typo2"": ""unnite""}}"
clark2026,,26,Control.2,clark2026//26/Control.2,She knew how to sing every single one of the community members.,she knew how to sing every single one of the community members .,She knew how to sing every single one of the community members.,,267,implausible,,,,0,4,,,"{""critical_cond"": ""Control"", ""critical_word"": ""sing"", ""id"": ""268"", ""intervening"": ""every single one of the"", ""intervening_cond"": ""long"", ""preamble"": ""She knew how to"", ""predicate"": ""community members"", ""source_critical"": {""Control"": ""sing"", ""Critical1"": ""untie"", ""Critical2"": ""unite"", ""Typo1"": ""unntie"", ""Typo2"": ""unnite""}}"
clark2026,,26,Typo1.1,clark2026//26/Typo1.1,She knew how to unntie every single one of the knots for the sailboat.,she knew how to unntie every single one of the knots for the sailboat .,She knew how to unntie every single one of the knots for the sailboat.,,268,implausible,,typo,clark2026//26/1.1,1,4,,,"{""critical_cond"": ""Typo1"", ""critical_word"": ""unntie"", ""id"": ""269"", ""intervening"": ""every single one of the"", ""intervening_cond"": ""long"", ""preamble"": ""She knew how to"", ""predicate"": ""knots for the sailboat"", ""source_critical"": {""Control"": ""sing"", ""Critical1"": ""untie"", ""Critical2"": ""unite"", ""Typo1"": ""unntie"", ""Typo2"": ""unnite""}}"
clark2026,,26,Typo2.2,clark2026//26/Typo2.2,She knew how to unnite every single one of the community members.,she knew how to unnite every single one of the community members .,She knew how to unnite every single one of the community members.,,269,implausible,,typo,clark2026//26/2.2,1,4,,,"{""critical_cond"": ""Typo2"", ""critical_word"": ""unnite"", ""id"": ""270"", ""intervening"": ""every single one of the"", ""intervening_cond"": ""long"", ""preamble"": ""She knew how to"", ""predicate"": ""community members"", ""source_critical"": {""Control"": ""sing"", ""Critical1"": ""untie"", ""Critical2"": ""unite"", ""Typo1"": ""unntie"", ""Typo2"": ""unnite""}}"
clark2026,,27,1.1,clark2026//27/1.1,Are you able to reverse both of these transactions over the phone?,are you able to reverse both of these transactions over the phone ?,Are you able to reverse both of these transactions over the phone?,,270,plausible,,word_form,clark2026//27/1.1,1,4,,,"{""critical_cond"": ""1"", ""critical_word"": ""reverse"", ""id"": ""271"", ""intervening"": ""both of these"", ""intervening_cond"": ""long"", ""preamble"": ""Are you able to"", ""predicate"": ""transactions over the phone"", ""source_critical"": {""Control"": ""swim"", ""Critical1"": ""reverse"", ""Critical2"": ""reserve"", ""Typo1"": ""revverse"", ""Typo2"": ""resserve""}}"
clark2026,,27,1.2,clark2026//27/1.2,Are you able to reverse both of these rooms in the hotel?,are you able to reverse both of these rooms in the hotel ?,Are you able to reverse both of these rooms in the hotel?,,271,implausible,,word_form,clark2026//27/2.2,1,4,,,"{""critical_cond"": ""1"", ""critical_word"": ""reverse"", ""id"": ""272"", ""intervening"": ""both of these"", ""intervening_cond"": ""long"", ""preamble"": ""Are you able to"", ""predicate"": ""rooms in the hotel"", ""source_critical"": {""Control"": ""swim"", ""Critical1"": ""reverse"", ""Critical2"": ""reserve"", ""Typo1"": ""revverse"", ""Typo2"": ""resserve""}}"
clark2026,,27,1.Control,clark2026//27/1.Control,Are you able to reverse both of these pigeons on the sidewalk?,are you able to reverse both of these pigeons on the sidewalk ?,Are you able to reverse both of these pigeons on the sidewalk?,,272,implausible,,,,0,4,,,"{""critical_cond"": ""1"", ""critical_word"": ""reverse"", ""id"": ""273"", ""intervening"": ""both of these"", ""intervening_cond"": ""long"", ""preamble"": ""Are you able to"", ""predicate"": ""pigeons on the sidewalk"", ""source_critical"": {""Control"": ""swim"", ""Critical1"": ""reverse"", ""Critical2"": ""reserve"", ""Typo1"": ""revverse"", ""Typo2"": ""resserve""}}"
clark2026,,27,2.1,clark2026//27/2.1,Are you able to reserve both of these transactions over the phone?,are you able to reserve both of these transactions over the phone ?,Are you able to reserve both of these transactions over the phone?,,273,implausible,,word_form,clark2026//27/1.1,1,4,,,"{""critical_cond"": ""2"", ""critical_word"": ""reserve"", ""id"": ""274"", ""intervening"": ""both of these"", ""intervening_cond"": ""long"", ""preamble"": ""Are you able to"", ""predicate"": ""transactions over the phone"", ""source_critical"": {""Control"": ""swim"", ""Critical1"": ""reverse"", ""Critical2"": ""reserve"", ""Typo1"": ""revverse"", ""Typo2"": ""resserve""}}"
clark2026,,27,2.2,clark2026//27/2.2,Are you able to reserve both of these rooms in the hotel?,are you able to reserve both of these rooms in the hotel ?,Are you able to reserve both of these rooms in the hotel?,,274,plausible,,word_form,clark2026//27/2.2,1,4,,,"{""critical_cond"": ""2"", ""critical_word"": ""reserve"", ""id"": ""275"", ""intervening"": ""both of these"", ""intervening_cond"": ""long"", ""preamble"": ""Are you able to"", ""predicate"": ""rooms in the hotel"", ""source_critical"": {""Control"": ""swim"", ""Critical1"": ""reverse"", ""Critical2"": ""reserve"", ""Typo1"": ""revverse"", ""Typo2"": ""resserve""}}"
clark2026,,27,2.Control,clark2026//27/2.Control,Are you able to reserve both of these pigeons on the sidewalk?,are you able to reserve both of these pigeons on the sidewalk ?,Are you able to reserve both of these pigeons on the sidewalk?,,275,implausible,,,,0,4,,,"{""critical_cond"": ""2"", ""critical_word"": ""reserve"", ""id"": ""276"", ""intervening"": ""both of these"", ""intervening_cond"": ""long"", ""preamble"": ""Are you able to"", ""predicate"": ""pigeons on the sidewalk"", ""source_critical"": {""Control"": ""swim"", ""Critical1"": ""reverse"", ""Critical2"": ""reserve"", ""Typo1"": ""revverse"", ""Typo2"": ""resserve""}}"
clark2026,,27,Control.1,clark2026//27/Control.1,Are you able to swim both of these transactions over the phone?,are you able to swim both of these transactions over the phone ?,Are you able to swim both of these transactions over the phone?,,276,implausible,,,,0,4,,,"{""critical_cond"": ""Control"", ""critical_word"": ""swim"", ""id"": ""277"", ""intervening"": ""both of these"", ""intervening_cond"": ""long"", ""preamble"": ""Are you able to"", ""predicate"": ""transactions over the phone"", ""source_critical"": {""Control"": ""swim"", ""Critical1"": ""reverse"", ""Critical2"": ""reserve"", ""Typo1"": ""revverse"", ""Typo2"": ""resserve""}}"
clark2026,,27,Control.2,clark2026//27/Control.2,Are you able to swim both of these rooms in the hotel?,are you able to swim both of these rooms in the hotel ?,Are you able to swim both of these rooms in the hotel?,,277,implausible,,,,0,4,,,"{""critical_cond"": ""Control"", ""critical_word"": ""swim"", ""id"": ""278"", ""intervening"": ""both of these"", ""intervening_cond"": ""long"", ""preamble"": ""Are you able to"", ""predicate"": ""rooms in the hotel"", ""source_critical"": {""Control"": ""swim"", ""Critical1"": ""reverse"", ""Critical2"": ""reserve"", ""Typo1"": ""revverse"", ""Typo2"": ""resserve""}}"
clark2026,,27,Typo1.1,clark2026//27/Typo1.1,Are you able to revverse both of these transactions over the phone?,are you able to revverse both of these transactions over the phone ?,Are you able to revverse both of these transactions over the phone?,,278,implausible,,typo,clark2026//27/1.1,1,4,,,"{""critical_cond"": ""Typo1"", ""critical_word"": ""revverse"", ""id"": ""279"", ""intervening"": ""both of these"", ""intervening_cond"": ""long"", ""preamble"": ""Are you able to"", ""predicate"": ""transactions over the phone"", ""source_critical"": {""Control"": ""swim"", ""Critical1"": ""reverse"", ""Critical2"": ""reserve"", ""Typo1"": ""revverse"", ""Typo2"": ""resserve""}}"
clark2026,,27,Typo2.2,clark2026//27/Typo2.2,Are you able to resserve both of these rooms in the hotel?,are you able to resserve both of these rooms in the hotel ?,Are you able to resserve both of these rooms in the hotel?,,279,implausible,,typo,clark2026//27/2.2,1,4,,,"{""critical_cond"": ""Typo2"", ""critical_word"": ""resserve"", ""id"": ""280"", ""intervening"": ""both of these"", ""intervening_cond"": ""long"", ""preamble"": ""Are you able to"", ""predicate"": ""rooms in the hotel"", ""source_critical"": {""Control"": ""swim"", ""Critical1"": ""reverse"", ""Critical2"": ""reserve"", ""Typo1"": ""revverse"", ""Typo2"": ""resserve""}}"
clark2026,,28,1.1,clark2026//28/1.1,The documents were stored by the intern in filing cabinets.,the documents were stored by the intern in filing cabinets .,The documents were stored by the intern in filing cabinets.,,280,plausible,,word_form,clark2026//28/1.1,1,3,,,"{""critical_cond"": ""1"", ""critical_word"": ""stored"", ""id"": ""281"", ""intervening"": ""by the intern in"", ""intervening_cond"": ""long"", ""preamble"": ""The documents were"", ""predicate"": ""filing cabinets"", ""source_critical"": {""Control"": ""skipped"", ""Critical1"": ""stored"", ""Critical2"": ""sorted"", ""Typo1"": ""stjred"", ""Typo2"": ""sjrted""}}"
clark2026,,28,1.2,clark2026//28/1.2,The documents were stored by the intern in alphabetical order.,the documents were stored by the intern in alphabetical order .,The documents were stored by the intern in alphabetical order.,,281,implausible,,word_form,clark2026//28/2.2,1,3,,,"{""critical_cond"": ""1"", ""critical_word"": ""stored"", ""id"": ""282"", ""intervening"": ""by the intern in"", ""intervening_cond"": ""long"", ""preamble"": ""The documents were"", ""predicate"": ""alphabetical order"", ""source_critical"": {""Control"": ""skipped"", ""Critical1"": ""stored"", ""Critical2"": ""sorted"", ""Typo1"": ""stjred"", ""Typo2"": ""sjrted""}}"
clark2026,,28,1.Control,clark2026//28/1.Control,The documents were stored by the intern in friendship and romance.,the documents were stored by the intern in friendship and romance .,The documents were stored by the intern in friendship and romance.,,282,implausible,,,,0,3,,,"{""critical_cond"": ""1"", ""critical_word"": ""stored"", ""id"": ""283"", ""intervening"": ""by the intern in"", ""intervening_cond"": ""long"", ""preamble"": ""The documents were"", ""predicate"": ""friendship and romance"", ""source_critical"": {""Control"": ""skipped"", ""Critical1"": ""stored"", ""Critical2"": ""sorted"", ""Typo1"": ""stjred"", ""Typo2"": ""sjrted""}}"
clark2026,,28,2.1,clark2026//28/2.1,The documents were sorted by the intern in filing cabinets.,the documents were sorted by the intern in filing cabinets .,The documents were sorted by the intern in filing cabinets.,,283,implausible,,word_form,clark2026//28/1.1,1,3,,,"{""critical_cond"": ""2"", ""critical_word"": ""sorted"", ""id"": ""284"", ""intervening"": ""by the intern in"", ""intervening_cond"": ""long"", ""preamble"": ""The documents were"", ""predicate"": ""filing cabinets"", ""source_critical"": {""Control"": ""skipped"", ""Critical1"": ""stored"", ""Critical2"": ""sorted"", ""Typo1"": ""stjred"", ""Typo2"": ""sjrted""}}"
clark2026,,28,2.2,clark2026//28/2.2,The documents were sorted by the intern in alphabetical order.,the documents were sorted by the intern in alphabetical order .,The documents were sorted by the intern in alphabetical order.,,284,plausible,,word_form,clark2026//28/2.2,1,3,,,"{""critical_cond"": ""2"", ""critical_word"": ""sorted"", ""id"": ""285"", ""intervening"": ""by the intern in"", ""intervening_cond"": ""long"", ""preamble"": ""The documents were"", ""predicate"": ""alphabetical order"", ""source_critical"": {""Control"": ""skipped"", ""Critical1"": ""stored"", ""Critical2"": ""sorted"", ""Typo1"": ""stjred"", ""Typo2"": ""sjrted""}}"
clark2026,,28,2.Control,clark2026//28/2.Control,The documents were sorted by the intern in friendship and romance.,the documents were sorted by the intern in friendship and romance .,The documents were sorted by the intern in friendship and romance.,,285,implausible,,,,0,3,,,"{""critical_cond"": ""2"", ""critical_word"": ""sorted"", ""id"": ""286"", ""intervening"": ""by the intern in"", ""intervening_cond"": ""long"", ""preamble"": ""The documents were"", ""predicate"": ""friendship and romance"", ""source_critical"": {""Control"": ""skipped"", ""Critical1"": ""stored"", ""Critical2"": ""sorted"", ""Typo1"": ""stjred"", ""Typo2"": ""sjrted""}}"
clark2026,,28,Control.1,clark2026//28/Control.1,The documents were skipped by the intern in filing cabinets.,the documents were skipped by the intern in filing cabinets .,The documents were skipped by the intern in filing cabinets.,,286,implausible,,,,0,3,,,"{""critical_cond"": ""Control"", ""critical_word"": ""skipped"", ""id"": ""287"", ""intervening"": ""by the intern in"", ""intervening_cond"": ""long"", ""preamble"": ""The documents were"", ""predicate"": ""filing cabinets"", ""source_critical"": {""Control"": ""skipped"", ""Critical1"": ""stored"", ""Critical2"": ""sorted"", ""Typo1"": ""stjred"", ""Typo2"": ""sjrted""}}"
clark2026,,28,Control.2,clark2026//28/Control.2,The documents were skipped by the intern in alphabetical order.,the documents were skipped by the intern in alphabetical order .,The documents were skipped by the intern in alphabetical order.,,287,implausible,,,,0,3,,,"{""critical_cond"": ""Control"", ""critical_word"": ""skipped"", ""id"": ""288"", ""intervening"": ""by the intern in"", ""intervening_cond"": ""long"", ""preamble"": ""The documents were"", ""predicate"": ""alphabetical order"", ""source_critical"": {""Control"": ""skipped"", ""Critical1"": ""stored"", ""Critical2"": ""sorted"", ""Typo1"": ""stjred"", ""Typo2"": ""sjrted""}}"
clark2026,,28,Typo1.1,clark2026//28/Typo1.1,The documents were stjred by the intern in filing cabinets.,the documents were stjred by the intern in filing cabinets .,The documents were stjred by the intern in filing cabinets.,,288,implausible,,typo,clark2026//28/1.1,1,3,,,"{""critical_cond"": ""Typo1"", ""critical_word"": ""stjred"", ""id"": ""289"", ""intervening"": ""by the intern in"", ""intervening_cond"": ""long"", ""preamble"": ""The documents were"", ""predicate"": ""filing cabinets"", ""source_critical"": {""Control"": ""skipped"", ""Critical1"": ""stored"", ""Critical2"": ""sorted"", ""Typo1"": ""stjred"", ""Typo2"": ""sjrted""}}"
clark2026,,28,Typo2.2,clark2026//28/Typo2.2,The documents were sjrted by the intern in alphabetical order.,the documents were sjrted by the intern in alphabetical order .,The documents were sjrted by the intern in alphabetical order.,,289,implausible,,typo,clark2026//28/2.2,1,3,,,"{""critical_cond"": ""Typo2"", ""critical_word"": ""sjrted"", ""id"": ""290"", ""intervening"": ""by the intern in"", ""intervening_cond"": ""long"", ""preamble"": ""The documents were"", ""predicate"": ""alphabetical order"", ""source_critical"": {""Control"": ""skipped"", ""Critical1"": ""stored"", ""Critical2"": ""sorted"", ""Typo1"": ""stjred"", ""Typo2"": ""sjrted""}}"
clark2026,,29,1.1,clark2026//29/1.1,He was tired a long while after his shift ended.,he was tired a long while after his shift ended .,He was tired a long while after his shift ended.,,290,plausible,,word_form,clark2026//29/1.1,1,2,,,"{""critical_cond"": ""1"", ""critical_word"": ""tired"", ""id"": ""291"", ""intervening"": ""a long while after his"", ""intervening_cond"": ""long"", ""preamble"": ""He was"", ""predicate"": ""shift ended"", ""source_critical"": {""Control"": ""born"", ""Critical1"": ""tired"", ""Critical2"": ""tried"", ""Typo1"": ""tirxd"", ""Typo2"": ""trixd""}}"
clark2026,,29,1.2,clark2026//29/1.2,He was tired a long while after his arrest and indictment.,he was tired a long while after his arrest and indictment .,He was tired a long while after his arrest and indictment.,,291,implausible,,word_form,clark2026//29/2.2,1,2,,,"{""critical_cond"": ""1"", ""critical_word"": ""tired"", ""id"": ""292"", ""intervening"": ""a long while after his"", ""intervening_cond"": ""long"", ""preamble"": ""He was"", ""predicate"": ""arrest and indictment"", ""source_critical"": {""Control"": ""born"", ""Critical1"": ""tired"", ""Critical2"": ""tried"", ""Typo1"": ""tirxd"", ""Typo2"": ""trixd""}}"
clark2026,,29,1.Control,clark2026//29/1.Control,He was tired a long while after his steel was forged.,he was tired a long while after his steel was forged .,He was tired a long while after his steel was forged.,,292,implausible,,,,0,2,,,"{""critical_cond"": ""1"", ""critical_word"": ""tired"", ""id"": ""293"", ""intervening"": ""a long while after his"", ""intervening_cond"": ""long"", ""preamble"": ""He was"", ""predicate"": ""steel was forged"", ""source_critical"": {""Control"": ""born"", ""Critical1"": ""tired"", ""Critical2"": ""tried"", ""Typo1"": ""tirxd"", ""Typo2"": ""trixd""}}"
clark2026,,29,2.1,clark2026//29/2.1,He was tried a long while after his shift ended.,he was tried a long while after his shift ended .,He was tried a long while after his shift ended.,,293,implausible,,word_form,clark2026//29/1.1,1,2,,,"{""critical_cond"": ""2"", ""critical_word"": ""tried"", ""id"": ""294"", ""intervening"": ""a long while after his"", ""intervening_cond"": ""long"", ""preamble"": ""He was"", ""predicate"": ""shift ended"", ""source_critical"": {""Control"": ""born"", ""Critical1"": ""tired"", ""Critical2"": ""tried"", ""Typo1"": ""tirxd"", ""Typo2"": ""trixd""}}"
clark2026,,29,2.2,clark2026//29/2.2,He was tried a long while after his arrest and indictment.,he was tried a long while after his arrest and indictment .,He was tried a long while after his arrest and indictment.,,294,plausible,,word_form,clark2026//29/2.2,1,2,,,"{""critical_cond"": ""2"", ""critical_word"": ""tried"", ""id"": ""295"", ""intervening"": ""a long while after his"", ""intervening_cond"": ""long"", ""preamble"": ""He was"", ""predicate"": ""arrest and indictment"", ""source_critical"": {""Control"": ""born"", ""Critical1"": ""tired"", ""Critical2"": ""tried"", ""Typo1"": ""tirxd"", ""Typo2"": ""trixd""}}"
clark2026,,29,2.Control,clark2026//29/2.Control,He was tried a long while after his steel was forged.,he was tried a long while after his steel was forged .,He was tried a long while after his steel was forged.,,295,implausible,,,,0,2,,,"{""critical_cond"": ""2"", ""critical_word"": ""tried"", ""id"": ""296"", ""intervening"": ""a long while after his"", ""intervening_cond"": ""long"", ""preamble"": ""He was"", ""predicate"": ""steel was forged"", ""source_critical"": {""Control"": ""born"", ""Critical1"": ""tired"", ""Critical2"": ""tried"", ""Typo1"": ""tirxd"", ""Typo2"": ""trixd""}}"
clark2026,,29,Control.1,clark2026//29/Control.1,He was born a long while after his shift ended.,he was born a long while after his shift ended .,He was born a long while after his shift ended.,,296,implausible,,,,0,2,,,"{""critical_cond"": ""Control"", ""critical_word"": ""born"", ""id"": ""297"", ""intervening"": ""a long while after his"", ""intervening_cond"": ""long"", ""preamble"": ""He was"", ""predicate"": ""shift ended"", ""source_critical"": {""Control"": ""born"", ""Critical1"": ""tired"", ""Critical2"": ""tried"", ""Typo1"": ""tirxd"", ""Typo2"": ""trixd""}}"
clark2026,,29,Control.2,clark2026//29/Control.2,He was born a long while after his arrest and indictment.,he was born a long while after his arrest and indictment .,He was born a long while after his arrest and indictment.,,297,implausible,,,,0,2,,,"{""critical_cond"": ""Control"", ""critical_word"": ""born"", ""id"": ""298"", ""intervening"": ""a long while after his"", ""intervening_cond"": ""long"", ""preamble"": ""He was"", ""predicate"": ""arrest and indictment"", ""source_critical"": {""Control"": ""born"", ""Critical1"": ""tired"", ""Critical2"": ""tried"", ""Typo1"": ""tirxd"", ""Typo2"": ""trixd""}}"
clark2026,,29,Typo1.1,clark2026//29/Typo1.1,He was tirxd a long while after his shift ended.,he was tirxd a long while after his shift ended .,He was tirxd a long while after his shift ended.,,298,implausible,,typo,clark2026//29/1.1,1,2,,,"{""critical_cond"": ""Typo1"", ""critical_word"": ""tirxd"", ""id"": ""299"", ""intervening"": ""a long while after his"", ""intervening_cond"": ""long"", ""preamble"": ""He was"", ""predicate"": ""shift ended"", ""source_critical"": {""Control"": ""born"", ""Critical1"": ""tired"", ""Critical2"": ""tried"", ""Typo1"": ""tirxd"", ""Typo2"": ""trixd""}}"
clark2026,,29,Typo2.2,clark2026//29/Typo2.2,He was trixd a long while after his arrest and indictment.,he was trixd a long while after his arrest and indictment .,He was trixd a long while after his arrest and indictment.,,299,implausible,,typo,clark2026//29/2.2,1,2,,,"{""critical_cond"": ""Typo2"", ""critical_word"": ""trixd"", ""id"": ""300"", ""intervening"": ""a long while after his"", ""intervening_cond"": ""long"", ""preamble"": ""He was"", ""predicate"": ""arrest and indictment"", ""source_critical"": {""Control"": ""born"", ""Critical1"": ""tired"", ""Critical2"": ""tried"", ""Typo1"": ""tirxd"", ""Typo2"": ""trixd""}}"
clark2026,,30,1.1,clark2026//30/1.1,My friend is carving a massive marble statue.,my friend is carving a massive marble statue .,My friend is carving a massive marble statue.,,300,plausible,,word_form,clark2026//30/1.1,1,3,,,"{""critical_cond"": ""1"", ""critical_word"": ""carving"", ""id"": ""301"", ""intervening"": ""a massive"", ""intervening_cond"": ""long"", ""preamble"": ""My friend is"", ""predicate"": ""marble statue"", ""source_critical"": {""Control"": ""reading"", ""Critical1"": ""carving"", ""Critical2"": ""craving"", ""Typo1"": ""csrving"", ""Typo2"": ""crsving""}}"
clark2026,,30,1.2,clark2026//30/1.2,My friend is carving a massive cheeseburger and fries.,my friend is carving a massive cheeseburger and fries .,My friend is carving a massive cheeseburger and fries.,,301,implausible,,word_form,clark2026//30/2.2,1,3,,,"{""critical_cond"": ""1"", ""critical_word"": ""carving"", ""id"": ""302"", ""intervening"": ""a massive"", ""intervening_cond"": ""long"", ""preamble"": ""My friend is"", ""predicate"": ""cheeseburger and fries"", ""source_critical"": {""Control"": ""reading"", ""Critical1"": ""carving"", ""Critical2"": ""craving"", ""Typo1"": ""csrving"", ""Typo2"": ""crsving""}}"
clark2026,,30,1.Control,clark2026//30/1.Control,My friend is carving a massive dread and anxiety.,my friend is carving a massive dread and anxiety .,My friend is carving a massive dread and anxiety.,,302,implausible,,,,0,3,,,"{""critical_cond"": ""1"", ""critical_word"": ""carving"", ""id"": ""303"", ""intervening"": ""a massive"", ""intervening_cond"": ""long"", ""preamble"": ""My friend is"", ""predicate"": ""dread and anxiety"", ""source_critical"": {""Control"": ""reading"", ""Critical1"": ""carving"", ""Critical2"": ""craving"", ""Typo1"": ""csrving"", ""Typo2"": ""crsving""}}"
clark2026,,30,2.1,clark2026//30/2.1,My friend is craving a massive marble statue.,my friend is craving a massive marble statue .,My friend is craving a massive marble statue.,,303,implausible,,word_form,clark2026//30/1.1,1,3,,,"{""critical_cond"": ""2"", ""critical_word"": ""craving"", ""id"": ""304"", ""intervening"": ""a massive"", ""intervening_cond"": ""long"", ""preamble"": ""My friend is"", ""predicate"": ""marble statue"", ""source_critical"": {""Control"": ""reading"", ""Critical1"": ""carving"", ""Critical2"": ""craving"", ""Typo1"": ""csrving"", ""Typo2"": ""crsving""}}"
clark2026,,30,2.2,clark2026//30/2.2,My friend is craving a massive cheeseburger and fries.,my friend is craving a massive cheeseburger and fries .,My friend is craving a massive cheeseburger and fries.,,304,plausible,,word_form,clark2026//30/2.2,1,3,,,"{""critical_cond"": ""2"", ""critical_word"": ""craving"", ""id"": ""305"", ""intervening"": ""a massive"", ""intervening_cond"": ""long"", ""preamble"": ""My friend is"", ""predicate"": ""cheeseburger and fries"", ""source_critical"": {""Control"": ""reading"", ""Critical1"": ""carving"", ""Critical2"": ""craving"", ""Typo1"": ""csrving"", ""Typo2"": ""crsving""}}"
clark2026,,30,2.Control,clark2026//30/2.Control,My friend is craving a massive dread and anxiety.,my friend is craving a massive dread and anxiety .,My friend is craving a massive dread and anxiety.,,305,implausible,,,,0,3,,,"{""critical_cond"": ""2"", ""critical_word"": ""craving"", ""id"": ""306"", ""intervening"": ""a massive"", ""intervening_cond"": ""long"", ""preamble"": ""My friend is"", ""predicate"": ""dread and anxiety"", ""source_critical"": {""Control"": ""reading"", ""Critical1"": ""carving"", ""Critical2"": ""craving"", ""Typo1"": ""csrving"", ""Typo2"": ""crsving""}}"
clark2026,,30,Control.1,clark2026//30/Control.1,My friend is reading a massive marble statue.,my friend is reading a massive marble statue .,My friend is reading a massive marble statue.,,306,implausible,,,,0,3,,,"{""critical_cond"": ""Control"", ""critical_word"": ""reading"", ""id"": ""307"", ""intervening"": ""a massive"", ""intervening_cond"": ""long"", ""preamble"": ""My friend is"", ""predicate"": ""marble statue"", ""source_critical"": {""Control"": ""reading"", ""Critical1"": ""carving"", ""Critical2"": ""craving"", ""Typo1"": ""csrving"", ""Typo2"": ""crsving""}}"
clark2026,,30,Control.2,clark2026//30/Control.2,My friend is reading a massive cheeseburger and fries.,my friend is reading a massive cheeseburger and fries .,My friend is reading a massive cheeseburger and fries.,,307,implausible,,,,0,3,,,"{""critical_cond"": ""Control"", ""critical_word"": ""reading"", ""id"": ""308"", ""intervening"": ""a massive"", ""intervening_cond"": ""long"", ""preamble"": ""My friend is"", ""predicate"": ""cheeseburger and fries"", ""source_critical"": {""Control"": ""reading"", ""Critical1"": ""carving"", ""Critical2"": ""craving"", ""Typo1"": ""csrving"", ""Typo2"": ""crsving""}}"
clark2026,,30,Typo1.1,clark2026//30/Typo1.1,My friend is csrving a massive marble statue.,my friend is csrving a massive marble statue .,My friend is csrving a massive marble statue.,,308,implausible,,typo,clark2026//30/1.1,1,3,,,"{""critical_cond"": ""Typo1"", ""critical_word"": ""csrving"", ""id"": ""309"", ""intervening"": ""a massive"", ""intervening_cond"": ""long"", ""preamble"": ""My friend is"", ""predicate"": ""marble statue"", ""source_critical"": {""Control"": ""reading"", ""Critical1"": ""carving"", ""Critical2"": ""craving"", ""Typo1"": ""csrving"", ""Typo2"": ""crsving""}}"
clark2026,,30,Typo2.2,clark2026//30/Typo2.2,My friend is crsving a massive cheeseburger and fries.,my friend is crsving a massive cheeseburger and fries .,My friend is crsving a massive cheeseburger and fries.,,309,implausible,,typo,clark2026//30/2.2,1,3,,,"{""critical_cond"": ""Typo2"", ""critical_word"": ""crsving"", ""id"": ""310"", ""intervening"": ""a massive"", ""intervening_cond"": ""long"", ""preamble"": ""My friend is"", ""predicate"": ""cheeseburger and fries"", ""source_critical"": {""Control"": ""reading"", ""Critical1"": ""carving"", ""Critical2"": ""craving"", ""Typo1"": ""csrving"", ""Typo2"": ""crsving""}}"
clark2026,,31,1.1,clark2026//31/1.1,She fried every single one of the chicken nuggets.,she fried every single one of the chicken nuggets .,She fried every single one of the chicken nuggets.,,310,plausible,,word_form,clark2026//31/1.1,1,1,,,"{""critical_cond"": ""1"", ""critical_word"": ""fried"", ""id"": ""311"", ""intervening"": ""every single one of the"", ""intervening_cond"": ""long"", ""preamble"": ""She"", ""predicate"": ""chicken nuggets"", ""source_critical"": {""Control"": ""sang"", ""Critical1"": ""fried"", ""Critical2"": ""fired"", ""Typo1"": ""ffried"", ""Typo2"": ""ffired""}}"
clark2026,,31,1.2,clark2026//31/1.2,She fried every single one of the employees and consultants.,she fried every single one of the employees and consultants .,She fried every single one of the employees and consultants.,,311,implausible,,word_form,clark2026//31/2.2,1,1,,,"{""critical_cond"": ""1"", ""critical_word"": ""fried"", ""id"": ""312"", ""intervening"": ""every single one of the"", ""intervening_cond"": ""long"", ""preamble"": ""She"", ""predicate"": ""employees and consultants"", ""source_critical"": {""Control"": ""sang"", ""Critical1"": ""fried"", ""Critical2"": ""fired"", ""Typo1"": ""ffried"", ""Typo2"": ""ffired""}}"
clark2026,,31,1.Control,clark2026//31/1.Control,She fried every single one of the mathematics and physics.,she fried every single one of the mathematics and physics .,She fried every single one of the mathematics and physics.,,312,implausible,,,,0,1,,,"{""critical_cond"": ""1"", ""critical_word"": ""fried"", ""id"": ""313"", ""intervening"": ""every single one of the"", ""intervening_cond"": ""long"", ""preamble"": ""She"", ""predicate"": ""mathematics and physics"", ""source_critical"": {""Control"": ""sang"", ""Critical1"": ""fried"", ""Critical2"": ""fired"", ""Typo1"": ""ffried"", ""Typo2"": ""ffired""}}"
clark2026,,31,2.1,clark2026//31/2.1,She fired every single one of the chicken nuggets.,she fired every single one of the chicken nuggets .,She fired every single one of the chicken nuggets.,,313,implausible,,word_form,clark2026//31/1.1,1,1,,,"{""critical_cond"": ""2"", ""critical_word"": ""fired"", ""id"": ""314"", ""intervening"": ""every single one of the"", ""intervening_cond"": ""long"", ""preamble"": ""She"", ""predicate"": ""chicken nuggets"", ""source_critical"": {""Control"": ""sang"", ""Critical1"": ""fried"", ""Critical2"": ""fired"", ""Typo1"": ""ffried"", ""Typo2"": ""ffired""}}"
clark2026,,31,2.2,clark2026//31/2.2,She fired every single one of the employees and consultants.,she fired every single one of the employees and consultants .,She fired every single one of the employees and consultants.,,314,plausible,,word_form,clark2026//31/2.2,1,1,,,"{""critical_cond"": ""2"", ""critical_word"": ""fired"", ""id"": ""315"", ""intervening"": ""every single one of the"", ""intervening_cond"": ""long"", ""preamble"": ""She"", ""predicate"": ""employees and consultants"", ""source_critical"": {""Control"": ""sang"", ""Critical1"": ""fried"", ""Critical2"": ""fired"", ""Typo1"": ""ffried"", ""Typo2"": ""ffired""}}"
clark2026,,31,2.Control,clark2026//31/2.Control,She fired every single one of the mathematics and physics.,she fired every single one of the mathematics and physics .,She fired every single one of the mathematics and physics.,,315,implausible,,,,0,1,,,"{""critical_cond"": ""2"", ""critical_word"": ""fired"", ""id"": ""316"", ""intervening"": ""every single one of the"", ""intervening_cond"": ""long"", ""preamble"": ""She"", ""predicate"": ""mathematics and physics"", ""source_critical"": {""Control"": ""sang"", ""Critical1"": ""fried"", ""Critical2"": ""fired"", ""Typo1"": ""ffried"", ""Typo2"": ""ffired""}}"
clark2026,,31,Control.1,clark2026//31/Control.1,She sang every single one of the chicken nuggets.,she sang every single one of the chicken nuggets .,She sang every single one of the chicken nuggets.,,316,implausible,,,,0,1,,,"{""critical_cond"": ""Control"", ""critical_word"": ""sang"", ""id"": ""317"", ""intervening"": ""every single one of the"", ""intervening_cond"": ""long"", ""preamble"": ""She"", ""predicate"": ""chicken nuggets"", ""source_critical"": {""Control"": ""sang"", ""Critical1"": ""fried"", ""Critical2"": ""fired"", ""Typo1"": ""ffried"", ""Typo2"": ""ffired""}}"
clark2026,,31,Control.2,clark2026//31/Control.2,She sang every single one of the employees and consultants.,she sang every single one of the employees and consultants .,She sang every single one of the employees and consultants.,,317,implausible,,,,0,1,,,"{""critical_cond"": ""Control"", ""critical_word"": ""sang"", ""id"": ""318"", ""intervening"": ""every single one of the"", ""intervening_cond"": ""long"", ""preamble"": ""She"", ""predicate"": ""employees and consultants"", ""source_critical"": {""Control"": ""sang"", ""Critical1"": ""fried"", ""Critical2"": ""fired"", ""Typo1"": ""ffried"", ""Typo2"": ""ffired""}}"
clark2026,,31,Typo1.1,clark2026//31/Typo1.1,She ffried every single one of the chicken nuggets.,she ffried every single one of the chicken nuggets .,She ffried every single one of the chicken nuggets.,,318,implausible,,typo,clark2026//31/1.1,1,1,,,"{""critical_cond"": ""Typo1"", ""critical_word"": ""ffried"", ""id"": ""319"", ""intervening"": ""every single one of the"", ""intervening_cond"": ""long"", ""preamble"": ""She"", ""predicate"": ""chicken nuggets"", ""source_critical"": {""Control"": ""sang"", ""Critical1"": ""fried"", ""Critical2"": ""fired"", ""Typo1"": ""ffried"", ""Typo2"": ""ffired""}}"
clark2026,,31,Typo2.2,clark2026//31/Typo2.2,She ffired every single one of the employees and consultants.,she ffired every single one of the employees and consultants .,She ffired every single one of the employees and consultants.,,319,implausible,,typo,clark2026//31/2.2,1,1,,,"{""critical_cond"": ""Typo2"", ""critical_word"": ""ffired"", ""id"": ""320"", ""intervening"": ""every single one of the"", ""intervening_cond"": ""long"", ""preamble"": ""She"", ""predicate"": ""employees and consultants"", ""source_critical"": {""Control"": ""sang"", ""Critical1"": ""fried"", ""Critical2"": ""fired"", ""Typo1"": ""ffried"", ""Typo2"": ""ffired""}}"
clark2026,,32,1.1,clark2026//32/1.1,The trial that was located in the courthouse attracted media attention.,the trial that was located in the courthouse attracted media attention .,The trial that was located in the courthouse attracted media attention.,,320,plausible,,word_form,clark2026//32/1.1,1,1,,,"{""critical_cond"": ""1"", ""critical_word"": ""trial"", ""id"": ""321"", ""intervening"": ""that was located in the"", ""intervening_cond"": ""long"", ""preamble"": ""The"", ""predicate"": ""courthouse attracted media attention"", ""source_critical"": {""Control"": ""cake"", ""Critical1"": ""trial"", ""Critical2"": ""trail"", ""Typo1"": ""trjal"", ""Typo2"": ""trajl""}}"
clark2026,,32,1.2,clark2026//32/1.2,The trial that was located in the woods attracted hikers and campers.,the trial that was located in the woods attracted hikers and campers .,The trial that was located in the woods attracted hikers and campers.,,321,implausible,,word_form,clark2026//32/2.2,1,1,,,"{""critical_cond"": ""1"", ""critical_word"": ""trial"", ""id"": ""322"", ""intervening"": ""that was located in the"", ""intervening_cond"": ""long"", ""preamble"": ""The"", ""predicate"": ""woods attracted hikers and campers"", ""source_critical"": {""Control"": ""cake"", ""Critical1"": ""trial"", ""Critical2"": ""trail"", ""Typo1"": ""trjal"", ""Typo2"": ""trajl""}}"
clark2026,,32,1.Control,clark2026//32/1.Control,The trial that was located in the conversation was friendly.,the trial that was located in the conversation was friendly .,The trial that was located in the conversation was friendly.,,322,implausible,,,,0,1,,,"{""critical_cond"": ""1"", ""critical_word"": ""trial"", ""id"": ""323"", ""intervening"": ""that was located in the"", ""intervening_cond"": ""long"", ""preamble"": ""The"", ""predicate"": ""conversation was friendly"", ""source_critical"": {""Control"": ""cake"", ""Critical1"": ""trial"", ""Critical2"": ""trail"", ""Typo1"": ""trjal"", ""Typo2"": ""trajl""}}"
clark2026,,32,2.1,clark2026//32/2.1,The trail that was located in the courthouse attracted media attention.,the trail that was located in the courthouse attracted media attention .,The trail that was located in the courthouse attracted media attention.,,323,implausible,,word_form,clark2026//32/1.1,1,1,,,"{""critical_cond"": ""2"", ""critical_word"": ""trail"", ""id"": ""324"", ""intervening"": ""that was located in the"", ""intervening_cond"": ""long"", ""preamble"": ""The"", ""predicate"": ""courthouse attracted media attention"", ""source_critical"": {""Control"": ""cake"", ""Critical1"": ""trial"", ""Critical2"": ""trail"", ""Typo1"": ""trjal"", ""Typo2"": ""trajl""}}"
clark2026,,32,2.2,clark2026//32/2.2,The trail that was located in the woods attracted hikers and campers.,the trail that was located in the woods attracted hikers and campers .,The trail that was located in the woods attracted hikers and campers.,,324,plausible,,word_form,clark2026//32/2.2,1,1,,,"{""critical_cond"": ""2"", ""critical_word"": ""trail"", ""id"": ""325"", ""intervening"": ""that was located in the"", ""intervening_cond"": ""long"", ""preamble"": ""The"", ""predicate"": ""woods attracted hikers and campers"", ""source_critical"": {""Control"": ""cake"", ""Critical1"": ""trial"", ""Critical2"": ""trail"", ""Typo1"": ""trjal"", ""Typo2"": ""trajl""}}"
clark2026,,32,2.Control,clark2026//32/2.Control,The trail that was located in the conversation was friendly.,the trail that was located in the conversation was friendly .,The trail that was located in the conversation was friendly.,,325,implausible,,,,0,1,,,"{""critical_cond"": ""2"", ""critical_word"": ""trail"", ""id"": ""326"", ""intervening"": ""that was located in the"", ""intervening_cond"": ""long"", ""preamble"": ""The"", ""predicate"": ""conversation was friendly"", ""source_critical"": {""Control"": ""cake"", ""Critical1"": ""trial"", ""Critical2"": ""trail"", ""Typo1"": ""trjal"", ""Typo2"": ""trajl""}}"
clark2026,,32,Control.1,clark2026//32/Control.1,The cake that was located in the courthouse attracted media attention.,the cake that was located in the courthouse attracted media attention .,The cake that was located in the courthouse attracted media attention.,,326,implausible,,,,0,1,,,"{""critical_cond"": ""Control"", ""critical_word"": ""cake"", ""id"": ""327"", ""intervening"": ""that was located in the"", ""intervening_cond"": ""long"", ""preamble"": ""The"", ""predicate"": ""courthouse attracted media attention"", ""source_critical"": {""Control"": ""cake"", ""Critical1"": ""trial"", ""Critical2"": ""trail"", ""Typo1"": ""trjal"", ""Typo2"": ""trajl""}}"
clark2026,,32,Control.2,clark2026//32/Control.2,The cake that was located in the woods attracted hikers and campers.,the cake that was located in the woods attracted hikers and campers .,The cake that was located in the woods attracted hikers and campers.,,327,implausible,,,,0,1,,,"{""critical_cond"": ""Control"", ""critical_word"": ""cake"", ""id"": ""328"", ""intervening"": ""that was located in the"", ""intervening_cond"": ""long"", ""preamble"": ""The"", ""predicate"": ""woods attracted hikers and campers"", ""source_critical"": {""Control"": ""cake"", ""Critical1"": ""trial"", ""Critical2"": ""trail"", ""Typo1"": ""trjal"", ""Typo2"": ""trajl""}}"
clark2026,,32,Typo1.1,clark2026//32/Typo1.1,The trjal that was located in the courthouse attracted media attention.,the trjal that was located in the courthouse attracted media attention .,The trjal that was located in the courthouse attracted media attention.,,328,implausible,,typo,clark2026//32/1.1,1,1,,,"{""critical_cond"": ""Typo1"", ""critical_word"": ""trjal"", ""id"": ""329"", ""intervening"": ""that was located in the"", ""intervening_cond"": ""long"", ""preamble"": ""The"", ""predicate"": ""courthouse attracted media attention"", ""source_critical"": {""Control"": ""cake"", ""Critical1"": ""trial"", ""Critical2"": ""trail"", ""Typo1"": ""trjal"", ""Typo2"": ""trajl""}}"
clark2026,,32,Typo2.2,clark2026//32/Typo2.2,The trajl that was located in the woods attracted hikers and campers.,the trajl that was located in the woods attracted hikers and campers .,The trajl that was located in the woods attracted hikers and campers.,,329,implausible,,typo,clark2026//32/2.2,1,1,,,"{""critical_cond"": ""Typo2"", ""critical_word"": ""trajl"", ""id"": ""330"", ""intervening"": ""that was located in the"", ""intervening_cond"": ""long"", ""preamble"": ""The"", ""predicate"": ""woods attracted hikers and campers"", ""source_critical"": {""Control"": ""cake"", ""Critical1"": ""trial"", ""Critical2"": ""trail"", ""Typo1"": ""trjal"", ""Typo2"": ""trajl""}}"
clark2026,,33,1.1,clark2026//33/1.1,Unlike the males we discovered that the females have dull feathers.,unlike the males we discovered that the females have dull feathers .,Unlike the males we discovered that the females have dull feathers.,,330,plausible,,word_form,clark2026//33/1.1,1,2,,,"{""critical_cond"": ""1"", ""critical_word"": ""males"", ""id"": ""331"", ""intervening"": ""we discovered that the"", ""intervening_cond"": ""long"", ""preamble"": ""Unlike the"", ""predicate"": ""females have dull feathers"", ""source_critical"": {""Control"": ""people"", ""Critical1"": ""males"", ""Critical2"": ""meals"", ""Typo1"": ""mmales"", ""Typo2"": ""mmeals""}}"
clark2026,,33,1.2,clark2026//33/1.2,Unlike the males we discovered that the transportation was not reimbursed.,unlike the males we discovered that the transportation was not reimbursed .,Unlike the males we discovered that the transportation was not reimbursed.,,331,implausible,,word_form,clark2026//33/2.2,1,2,,,"{""critical_cond"": ""1"", ""critical_word"": ""males"", ""id"": ""332"", ""intervening"": ""we discovered that the"", ""intervening_cond"": ""long"", ""preamble"": ""Unlike the"", ""predicate"": ""transportation was not reimbursed"", ""source_critical"": {""Control"": ""people"", ""Critical1"": ""males"", ""Critical2"": ""meals"", ""Typo1"": ""mmales"", ""Typo2"": ""mmeals""}}"
clark2026,,33,1.Control,clark2026//33/1.Control,Unlike the males we discovered that the jokes were funny.,unlike the males we discovered that the jokes were funny .,Unlike the males we discovered that the jokes were funny.,,332,implausible,,,,0,2,,,"{""critical_cond"": ""1"", ""critical_word"": ""males"", ""id"": ""333"", ""intervening"": ""we discovered that the"", ""intervening_cond"": ""long"", ""preamble"": ""Unlike the"", ""predicate"": ""jokes were funny"", ""source_critical"": {""Control"": ""people"", ""Critical1"": ""males"", ""Critical2"": ""meals"", ""Typo1"": ""mmales"", ""Typo2"": ""mmeals""}}"
clark2026,,33,2.1,clark2026//33/2.1,Unlike the meals we discovered that the females have dull feathers.,unlike the meals we discovered that the females have dull feathers .,Unlike the meals we discovered that the females have dull feathers.,,333,implausible,,word_form,clark2026//33/1.1,1,2,,,"{""critical_cond"": ""2"", ""critical_word"": ""meals"", ""id"": ""334"", ""intervening"": ""we discovered that the"", ""intervening_cond"": ""long"", ""preamble"": ""Unlike the"", ""predicate"": ""females have dull feathers"", ""source_critical"": {""Control"": ""people"", ""Critical1"": ""males"", ""Critical2"": ""meals"", ""Typo1"": ""mmales"", ""Typo2"": ""mmeals""}}"
clark2026,,33,2.2,clark2026//33/2.2,Unlike the meals we discovered that the transportation was not reimbursed.,unlike the meals we discovered that the transportation was not reimbursed .,Unlike the meals we discovered that the transportation was not reimbursed.,,334,plausible,,word_form,clark2026//33/2.2,1,2,,,"{""critical_cond"": ""2"", ""critical_word"": ""meals"", ""id"": ""335"", ""intervening"": ""we discovered that the"", ""intervening_cond"": ""long"", ""preamble"": ""Unlike the"", ""predicate"": ""transportation was not reimbursed"", ""source_critical"": {""Control"": ""people"", ""Critical1"": ""males"", ""Critical2"": ""meals"", ""Typo1"": ""mmales"", ""Typo2"": ""mmeals""}}"
clark2026,,33,2.Control,clark2026//33/2.Control,Unlike the meals we discovered that the jokes were funny.,unlike the meals we discovered that the jokes were funny .,Unlike the meals we discovered that the jokes were funny.,,335,implausible,,,,0,2,,,"{""critical_cond"": ""2"", ""critical_word"": ""meals"", ""id"": ""336"", ""intervening"": ""we discovered that the"", ""intervening_cond"": ""long"", ""preamble"": ""Unlike the"", ""predicate"": ""jokes were funny"", ""source_critical"": {""Control"": ""people"", ""Critical1"": ""males"", ""Critical2"": ""meals"", ""Typo1"": ""mmales"", ""Typo2"": ""mmeals""}}"
clark2026,,33,Control.1,clark2026//33/Control.1,Unlike the people we discovered that the females have dull feathers.,unlike the people we discovered that the females have dull feathers .,Unlike the people we discovered that the females have dull feathers.,,336,implausible,,,,0,2,,,"{""critical_cond"": ""Control"", ""critical_word"": ""people"", ""id"": ""337"", ""intervening"": ""we discovered that the"", ""intervening_cond"": ""long"", ""preamble"": ""Unlike the"", ""predicate"": ""females have dull feathers"", ""source_critical"": {""Control"": ""people"", ""Critical1"": ""males"", ""Critical2"": ""meals"", ""Typo1"": ""mmales"", ""Typo2"": ""mmeals""}}"
clark2026,,33,Control.2,clark2026//33/Control.2,Unlike the people we discovered that the transportation was not reimbursed.,unlike the people we discovered that the transportation was not reimbursed .,Unlike the people we discovered that the transportation was not reimbursed.,,337,implausible,,,,0,2,,,"{""critical_cond"": ""Control"", ""critical_word"": ""people"", ""id"": ""338"", ""intervening"": ""we discovered that the"", ""intervening_cond"": ""long"", ""preamble"": ""Unlike the"", ""predicate"": ""transportation was not reimbursed"", ""source_critical"": {""Control"": ""people"", ""Critical1"": ""males"", ""Critical2"": ""meals"", ""Typo1"": ""mmales"", ""Typo2"": ""mmeals""}}"
clark2026,,33,Typo1.1,clark2026//33/Typo1.1,Unlike the mmales we discovered that the females have dull feathers.,unlike the mmales we discovered that the females have dull feathers .,Unlike the mmales we discovered that the females have dull feathers.,,338,implausible,,typo,clark2026//33/1.1,1,2,,,"{""critical_cond"": ""Typo1"", ""critical_word"": ""mmales"", ""id"": ""339"", ""intervening"": ""we discovered that the"", ""intervening_cond"": ""long"", ""preamble"": ""Unlike the"", ""predicate"": ""females have dull feathers"", ""source_critical"": {""Control"": ""people"", ""Critical1"": ""males"", ""Critical2"": ""meals"", ""Typo1"": ""mmales"", ""Typo2"": ""mmeals""}}"
clark2026,,33,Typo2.2,clark2026//33/Typo2.2,Unlike the mmeals we discovered that the transportation was not reimbursed.,unlike the mmeals we discovered that the transportation was not reimbursed .,Unlike the mmeals we discovered that the transportation was not reimbursed.,,339,implausible,,typo,clark2026//33/2.2,1,2,,,"{""critical_cond"": ""Typo2"", ""critical_word"": ""mmeals"", ""id"": ""340"", ""intervening"": ""we discovered that the"", ""intervening_cond"": ""long"", ""preamble"": ""Unlike the"", ""predicate"": ""transportation was not reimbursed"", ""source_critical"": {""Control"": ""people"", ""Critical1"": ""males"", ""Critical2"": ""meals"", ""Typo1"": ""mmales"", ""Typo2"": ""mmeals""}}"
clark2026,,34,1.1,clark2026//34/1.1,The chef's boss said his bread definitely needs to be baked at four hundred degrees.,the chef's boss said his bread definitely needs to be baked at four hundred degrees .,The chef's boss said his bread definitely needs to be baked at four hundred degrees.,,340,plausible,,word_form,clark2026//34/1.1,1,5,,,"{""critical_cond"": ""1"", ""critical_word"": ""bread"", ""id"": ""341"", ""intervening"": ""definitely needs to be"", ""intervening_cond"": ""long"", ""preamble"": ""The chef's boss said his"", ""predicate"": ""baked at four hundred degrees"", ""source_critical"": {""Control"": ""apartment"", ""Critical1"": ""bread"", ""Critical2"": ""beard"", ""Typo1"": ""vread"", ""Typo2"": ""veard""}}"
clark2026,,34,1.2,clark2026//34/1.2,The chef's boss said his bread definitely needs to be shaved off completely.,the chef's boss said his bread definitely needs to be shaved off completely .,The chef's boss said his bread definitely needs to be shaved off completely.,,341,implausible,,word_form,clark2026//34/2.2,1,5,,,"{""critical_cond"": ""1"", ""critical_word"": ""bread"", ""id"": ""342"", ""intervening"": ""definitely needs to be"", ""intervening_cond"": ""long"", ""preamble"": ""The chef's boss said his"", ""predicate"": ""shaved off completely"", ""source_critical"": {""Control"": ""apartment"", ""Critical1"": ""bread"", ""Critical2"": ""beard"", ""Typo1"": ""vread"", ""Typo2"": ""veard""}}"
clark2026,,34,1.Control,clark2026//34/1.Control,The chef's boss said his bread definitely needs to be proofread very carefully.,the chef's boss said his bread definitely needs to be proofread very carefully .,The chef's boss said his bread definitely needs to be proofread very carefully.,,342,implausible,,,,0,5,,,"{""critical_cond"": ""1"", ""critical_word"": ""bread"", ""id"": ""343"", ""intervening"": ""definitely needs to be"", ""intervening_cond"": ""long"", ""preamble"": ""The chef's boss said his"", ""predicate"": ""proofread very carefully"", ""source_critical"": {""Control"": ""apartment"", ""Critical1"": ""bread"", ""Critical2"": ""beard"", ""Typo1"": ""vread"", ""Typo2"": ""veard""}}"
clark2026,,34,2.1,clark2026//34/2.1,The chef's boss said his beard definitely needs to be baked at four hundred degrees.,the chef's boss said his beard definitely needs to be baked at four hundred degrees .,The chef's boss said his beard definitely needs to be baked at four hundred degrees.,,343,implausible,,word_form,clark2026//34/1.1,1,5,,,"{""critical_cond"": ""2"", ""critical_word"": ""beard"", ""id"": ""344"", ""intervening"": ""definitely needs to be"", ""intervening_cond"": ""long"", ""preamble"": ""The chef's boss said his"", ""predicate"": ""baked at four hundred degrees"", ""source_critical"": {""Control"": ""apartment"", ""Critical1"": ""bread"", ""Critical2"": ""beard"", ""Typo1"": ""vread"", ""Typo2"": ""veard""}}"
clark2026,,34,2.2,clark2026//34/2.2,The chef's boss said his beard definitely needs to be shaved off completely.,the chef's boss said his beard definitely needs to be shaved off completely .,The chef's boss said his beard definitely needs to be shaved off completely.,,344,plausible,,word_form,clark2026//34/2.2,1,5,,,"{""critical_cond"": ""2"", ""critical_word"": ""beard"", ""id"": ""345"", ""intervening"": ""definitely needs to be"", ""intervening_cond"": ""long"", ""preamble"": ""The chef's boss said his"", ""predicate"": ""shaved off completely"", ""source_critical"": {""Control"": ""apartment"", ""Critical1"": ""bread"", ""Critical2"": ""beard"", ""Typo1"": ""vread"", ""Typo2"": ""veard""}}"
clark2026,,34,2.Control,clark2026//34/2.Control,The chef's boss said his beard definitely needs to be proofread very carefully.,the chef's boss said his beard definitely needs to be proofread very carefully .,The chef's boss said his beard definitely needs to be proofread very carefully.,,345,implausible,,,,0,5,,,"{""critical_cond"": ""2"", ""critical_word"": ""beard"", ""id"": ""346"", ""intervening"": ""definitely needs to be"", ""intervening_cond"": ""long"", ""preamble"": ""The chef's boss said his"", ""predicate"": ""proofread very carefully"", ""source_critical"": {""Control"": ""apartment"", ""Critical1"": ""bread"", ""Critical2"": ""beard"", ""Typo1"": ""vread"", ""Typo2"": ""veard""}}"
clark2026,,34,Control.1,clark2026//34/Control.1,The chef's boss said his apartment definitely needs to be baked at four hundred degrees.,the chef's boss said his apartment definitely needs to be baked at four hundred degrees .,The chef's boss said his apartment definitely needs to be baked at four hundred degrees.,,346,implausible,,,,0,5,,,"{""critical_cond"": ""Control"", ""critical_word"": ""apartment"", ""id"": ""347"", ""intervening"": ""definitely needs to be"", ""intervening_cond"": ""long"", ""preamble"": ""The chef's boss said his"", ""predicate"": ""baked at four hundred degrees"", ""source_critical"": {""Control"": ""apartment"", ""Critical1"": ""bread"", ""Critical2"": ""beard"", ""Typo1"": ""vread"", ""Typo2"": ""veard""}}"
clark2026,,34,Control.2,clark2026//34/Control.2,The chef's boss said his apartment definitely needs to be shaved off completely.,the chef's boss said his apartment definitely needs to be shaved off completely .,The chef's boss said his apartment definitely needs to be shaved off completely.,,347,implausible,,,,0,5,,,"{""critical_cond"": ""Control"", ""critical_word"": ""apartment"", ""id"": ""348"", ""intervening"": ""definitely needs to be"", ""intervening_cond"": ""long"", ""preamble"": ""The chef's boss said his"", ""predicate"": ""shaved off completely"", ""source_critical"": {""Control"": ""apartment"", ""Critical1"": ""bread"", ""Critical2"": ""beard"", ""Typo1"": ""vread"", ""Typo2"": ""veard""}}"
clark2026,,34,Typo1.1,clark2026//34/Typo1.1,The chef's boss said his vread definitely needs to be baked at four hundred degrees.,the chef's boss said his vread definitely needs to be baked at four hundred degrees .,The chef's boss said his vread definitely needs to be baked at four hundred degrees.,,348,implausible,,typo,clark2026//34/1.1,1,5,,,"{""critical_cond"": ""Typo1"", ""critical_word"": ""vread"", ""id"": ""349"", ""intervening"": ""definitely needs to be"", ""intervening_cond"": ""long"", ""preamble"": ""The chef's boss said his"", ""predicate"": ""baked at four hundred degrees"", ""source_critical"": {""Control"": ""apartment"", ""Critical1"": ""bread"", ""Critical2"": ""beard"", ""Typo1"": ""vread"", ""Typo2"": ""veard""}}"
clark2026,,34,Typo2.2,clark2026//34/Typo2.2,The chef's boss said his veard definitely needs to be shaved off completely.,the chef's boss said his veard definitely needs to be shaved off completely .,The chef's boss said his veard definitely needs to be shaved off completely.,,349,implausible,,typo,clark2026//34/2.2,1,5,,,"{""critical_cond"": ""Typo2"", ""critical_word"": ""veard"", ""id"": ""350"", ""intervening"": ""definitely needs to be"", ""intervening_cond"": ""long"", ""preamble"": ""The chef's boss said his"", ""predicate"": ""shaved off completely"", ""source_critical"": {""Control"": ""apartment"", ""Critical1"": ""bread"", ""Critical2"": ""beard"", ""Typo1"": ""vread"", ""Typo2"": ""veard""}}"
clark2026,,35,1.1,clark2026//35/1.1,These genes can be quickly and cheaply sequenced by a lab.,these genes can be quickly and cheaply sequenced by a lab .,These genes can be quickly and cheaply sequenced by a lab.,,350,plausible,,word_form,clark2026//35/1.1,1,1,,,"{""critical_cond"": ""1"", ""critical_word"": ""genes"", ""id"": ""351"", ""intervening"": ""can be quickly and cheaply"", ""intervening_cond"": ""long"", ""preamble"": ""These"", ""predicate"": ""sequenced by a lab"", ""source_critical"": {""Control"": ""prayers"", ""Critical1"": ""genes"", ""Critical2"": ""jeans"", ""Typo1"": ""geenes"", ""Typo2"": ""jeens""}}"
clark2026,,35,1.2,clark2026//35/1.2,These genes can be quickly and cheaply washed at the laundromat.,these genes can be quickly and cheaply washed at the laundromat .,These genes can be quickly and cheaply washed at the laundromat.,,351,implausible,,word_form,clark2026//35/2.2,1,1,,,"{""critical_cond"": ""1"", ""critical_word"": ""genes"", ""id"": ""352"", ""intervening"": ""can be quickly and cheaply"", ""intervening_cond"": ""long"", ""preamble"": ""These"", ""predicate"": ""washed at the laundromat"", ""source_critical"": {""Control"": ""prayers"", ""Critical1"": ""genes"", ""Critical2"": ""jeans"", ""Typo1"": ""geenes"", ""Typo2"": ""jeens""}}"
clark2026,,35,1.Control,clark2026//35/1.Control,These genes can be quickly and cheaply seared on a pan.,these genes can be quickly and cheaply seared on a pan .,These genes can be quickly and cheaply seared on a pan.,,352,implausible,,,,0,1,,,"{""critical_cond"": ""1"", ""critical_word"": ""genes"", ""id"": ""353"", ""intervening"": ""can be quickly and cheaply"", ""intervening_cond"": ""long"", ""preamble"": ""These"", ""predicate"": ""seared on a pan"", ""source_critical"": {""Control"": ""prayers"", ""Critical1"": ""genes"", ""Critical2"": ""jeans"", ""Typo1"": ""geenes"", ""Typo2"": ""jeens""}}"
clark2026,,35,2.1,clark2026//35/2.1,These jeans can be quickly and cheaply sequenced by a lab.,these jeans can be quickly and cheaply sequenced by a lab .,These jeans can be quickly and cheaply sequenced by a lab.,,353,implausible,,word_form,clark2026//35/1.1,1,1,,,"{""critical_cond"": ""2"", ""critical_word"": ""jeans"", ""id"": ""354"", ""intervening"": ""can be quickly and cheaply"", ""intervening_cond"": ""long"", ""preamble"": ""These"", ""predicate"": ""sequenced by a lab"", ""source_critical"": {""Control"": ""prayers"", ""Critical1"": ""genes"", ""Critical2"": ""jeans"", ""Typo1"": ""geenes"", ""Typo2"": ""jeens""}}"
clark2026,,35,2.2,clark2026//35/2.2,These jeans can be quickly and cheaply washed at the laundromat.,these jeans can be quickly and cheaply washed at the laundromat .,These jeans can be quickly and cheaply washed at the laundromat.,,354,plausible,,word_form,clark2026//35/2.2,1,1,,,"{""critical_cond"": ""2"", ""critical_word"": ""jeans"", ""id"": ""355"", ""intervening"": ""can be quickly and cheaply"", ""intervening_cond"": ""long"", ""preamble"": ""These"", ""predicate"": ""washed at the laundromat"", ""source_critical"": {""Control"": ""prayers"", ""Critical1"": ""genes"", ""Critical2"": ""jeans"", ""Typo1"": ""geenes"", ""Typo2"": ""jeens""}}"
clark2026,,35,2.Control,clark2026//35/2.Control,These jeans can be quickly and cheaply seared on a pan.,these jeans can be quickly and cheaply seared on a pan .,These jeans can be quickly and cheaply seared on a pan.,,355,implausible,,,,0,1,,,"{""critical_cond"": ""2"", ""critical_word"": ""jeans"", ""id"": ""356"", ""intervening"": ""can be quickly and cheaply"", ""intervening_cond"": ""long"", ""preamble"": ""These"", ""predicate"": ""seared on a pan"", ""source_critical"": {""Control"": ""prayers"", ""Critical1"": ""genes"", ""Critical2"": ""jeans"", ""Typo1"": ""geenes"", ""Typo2"": ""jeens""}}"
clark2026,,35,Control.1,clark2026//35/Control.1,These prayers can be quickly and cheaply sequenced by a lab.,these prayers can be quickly and cheaply sequenced by a lab .,These prayers can be quickly and cheaply sequenced by a lab.,,356,implausible,,,,0,1,,,"{""critical_cond"": ""Control"", ""critical_word"": ""prayers"", ""id"": ""357"", ""intervening"": ""can be quickly and cheaply"", ""intervening_cond"": ""long"", ""preamble"": ""These"", ""predicate"": ""sequenced by a lab"", ""source_critical"": {""Control"": ""prayers"", ""Critical1"": ""genes"", ""Critical2"": ""jeans"", ""Typo1"": ""geenes"", ""Typo2"": ""jeens""}}"
clark2026,,35,Control.2,clark2026//35/Control.2,These prayers can be quickly and cheaply washed at the laundromat.,these prayers can be quickly and cheaply washed at the laundromat .,These prayers can be quickly and cheaply washed at the laundromat.,,357,implausible,,,,0,1,,,"{""critical_cond"": ""Control"", ""critical_word"": ""prayers"", ""id"": ""358"", ""intervening"": ""can be quickly and cheaply"", ""intervening_cond"": ""long"", ""preamble"": ""These"", ""predicate"": ""washed at the laundromat"", ""source_critical"": {""Control"": ""prayers"", ""Critical1"": ""genes"", ""Critical2"": ""jeans"", ""Typo1"": ""geenes"", ""Typo2"": ""jeens""}}"
clark2026,,35,Typo1.1,clark2026//35/Typo1.1,These geenes can be quickly and cheaply sequenced by a lab.,these geenes can be quickly and cheaply sequenced by a lab .,These geenes can be quickly and cheaply sequenced by a lab.,,358,implausible,,typo,clark2026//35/1.1,1,1,,,"{""critical_cond"": ""Typo1"", ""critical_word"": ""geenes"", ""id"": ""359"", ""intervening"": ""can be quickly and cheaply"", ""intervening_cond"": ""long"", ""preamble"": ""These"", ""predicate"": ""sequenced by a lab"", ""source_critical"": {""Control"": ""prayers"", ""Critical1"": ""genes"", ""Critical2"": ""jeans"", ""Typo1"": ""geenes"", ""Typo2"": ""jeens""}}"
clark2026,,35,Typo2.2,clark2026//35/Typo2.2,These jeens can be quickly and cheaply washed at the laundromat.,these jeens can be quickly and cheaply washed at the laundromat .,These jeens can be quickly and cheaply washed at the laundromat.,,359,implausible,,typo,clark2026//35/2.2,1,1,,,"{""critical_cond"": ""Typo2"", ""critical_word"": ""jeens"", ""id"": ""360"", ""intervening"": ""can be quickly and cheaply"", ""intervening_cond"": ""long"", ""preamble"": ""These"", ""predicate"": ""washed at the laundromat"", ""source_critical"": {""Control"": ""prayers"", ""Critical1"": ""genes"", ""Critical2"": ""jeans"", ""Typo1"": ""geenes"", ""Typo2"": ""jeens""}}"
