dataset,subset,item_id,condition,stim_uid,sentence_orig,sentence_norm,model_input,context,sentence_id,plausibility,is_grammatical,contrast,intended_uid,intended_text,edit_type,edit_ops,edit_from,edit_to,critical_word_idx,comprehension_q,correct_answer,meta
gibson2013,dopo_to,1,DO_implausible,gibson2013/dopo_to/1/DO_implausible,The sister mailed the letter the niece.,the sister mailed the letter the niece .,The sister mailed the letter the niece.,,0,implausible,,dative,gibson2013/dopo_to/1/PO_plausible,The sister mailed the letter to the niece.,ins,ins,,to,,Did the niece receive something/someone?,No,"{""same_structure_plausible_uid"": ""gibson2013/dopo_to/1/DO_plausible"", ""structure"": ""DO"", ""type"": ""Target""}"
gibson2013,dopo_to,1,DO_plausible,gibson2013/dopo_to/1/DO_plausible,The sister mailed the niece the letter.,the sister mailed the niece the letter .,The sister mailed the niece the letter.,,1,plausible,,dative,gibson2013/dopo_to/1/DO_plausible,The sister mailed the niece the letter.,none,,,,,Did the niece receive something/someone?,Yes,"{""same_structure_plausible_uid"": ""gibson2013/dopo_to/1/DO_plausible"", ""structure"": ""DO"", ""type"": ""Target""}"
gibson2013,dopo_to,1,PO_implausible,gibson2013/dopo_to/1/PO_implausible,The sister mailed the niece to the letter.,the sister mailed the niece to the letter .,The sister mailed the niece to the letter.,,2,implausible,,dative,gibson2013/dopo_to/1/DO_plausible,The sister mailed the niece the letter.,del,del,to,,5,Did the niece receive something/someone?,No,"{""same_structure_plausible_uid"": ""gibson2013/dopo_to/1/PO_plausible"", ""structure"": ""PO"", ""type"": ""Target""}"
gibson2013,dopo_to,1,PO_plausible,gibson2013/dopo_to/1/PO_plausible,The sister mailed the letter to the niece.,the sister mailed the letter to the niece .,The sister mailed the letter to the niece.,,3,plausible,,dative,gibson2013/dopo_to/1/PO_plausible,The sister mailed the letter to the niece.,none,,,,,Did the niece receive something/someone?,Yes,"{""same_structure_plausible_uid"": ""gibson2013/dopo_to/1/PO_plausible"", ""structure"": ""PO"", ""type"": ""Target""}"
gibson2013,dopo_to,2,DO_implausible,gibson2013/dopo_to/2/DO_implausible,The mother gave the candle the daughter.,the mother gave the candle the daughter .,The mother gave the candle the daughter.,,4,implausible,,dative,gibson2013/dopo_to/2/PO_plausible,The mother gave the candle to the daughter.,ins,ins,,to,,Did the daughter receive something/someone?,No,"{""same_structure_plausible_uid"": ""gibson2013/dopo_to/2/DO_plausible"", ""structure"": ""DO"", ""type"": ""Target""}"
gibson2013,dopo_to,2,DO_plausible,gibson2013/dopo_to/2/DO_plausible,The mother gave the daughter the candle.,the mother gave the daughter the candle .,The mother gave the daughter the candle.,,5,plausible,,dative,gibson2013/dopo_to/2/DO_plausible,The mother gave the daughter the candle.,none,,,,,Did the daughter receive something/someone?,Yes,"{""same_structure_plausible_uid"": ""gibson2013/dopo_to/2/DO_plausible"", ""structure"": ""DO"", ""type"": ""Target""}"
gibson2013,dopo_to,2,PO_implausible,gibson2013/dopo_to/2/PO_implausible,The mother gave the daughter to the candle.,the mother gave the daughter to the candle .,The mother gave the daughter to the candle.,,6,implausible,,dative,gibson2013/dopo_to/2/DO_plausible,The mother gave the daughter the candle.,del,del,to,,5,Did the daughter receive something/someone?,No,"{""same_structure_plausible_uid"": ""gibson2013/dopo_to/2/PO_plausible"", ""structure"": ""PO"", ""type"": ""Target""}"
gibson2013,dopo_to,2,PO_plausible,gibson2013/dopo_to/2/PO_plausible,The mother gave the candle to the daughter.,the mother gave the candle to the daughter .,The mother gave the candle to the daughter.,,7,plausible,,dative,gibson2013/dopo_to/2/PO_plausible,The mother gave the candle to the daughter.,none,,,,,Did the daughter receive something/someone?,Yes,"{""same_structure_plausible_uid"": ""gibson2013/dopo_to/2/PO_plausible"", ""structure"": ""PO"", ""type"": ""Target""}"
gibson2013,dopo_to,3,DO_implausible,gibson2013/dopo_to/3/DO_implausible,The uncle sold the truck the father.,the uncle sold the truck the father .,The uncle sold the truck the father.,,8,implausible,,dative,gibson2013/dopo_to/3/PO_plausible,The uncle sold the truck to the father.,ins,ins,,to,,Did the father receive something/someone?,No,"{""same_structure_plausible_uid"": ""gibson2013/dopo_to/3/DO_plausible"", ""structure"": ""DO"", ""type"": ""Target""}"
gibson2013,dopo_to,3,DO_plausible,gibson2013/dopo_to/3/DO_plausible,The uncle sold the father the truck.,the uncle sold the father the truck .,The uncle sold the father the truck.,,9,plausible,,dative,gibson2013/dopo_to/3/DO_plausible,The uncle sold the father the truck.,none,,,,,Did the father receive something/someone?,Yes,"{""same_structure_plausible_uid"": ""gibson2013/dopo_to/3/DO_plausible"", ""structure"": ""DO"", ""type"": ""Target""}"
gibson2013,dopo_to,3,PO_implausible,gibson2013/dopo_to/3/PO_implausible,The uncle sold the father to the truck.,the uncle sold the father to the truck .,The uncle sold the father to the truck.,,10,implausible,,dative,gibson2013/dopo_to/3/DO_plausible,The uncle sold the father the truck.,del,del,to,,5,Did the father receive something/someone?,No,"{""same_structure_plausible_uid"": ""gibson2013/dopo_to/3/PO_plausible"", ""structure"": ""PO"", ""type"": ""Target""}"
gibson2013,dopo_to,3,PO_plausible,gibson2013/dopo_to/3/PO_plausible,The uncle sold the truck to the father.,the uncle sold the truck to the father .,The uncle sold the truck to the father.,,11,plausible,,dative,gibson2013/dopo_to/3/PO_plausible,The uncle sold the truck to the father.,none,,,,,Did the father receive something/someone?,Yes,"{""same_structure_plausible_uid"": ""gibson2013/dopo_to/3/PO_plausible"", ""structure"": ""PO"", ""type"": ""Target""}"
gibson2013,dopo_to,4,DO_implausible,gibson2013/dopo_to/4/DO_implausible,The contractor lent the saw the homeowner.,the contractor lent the saw the homeowner .,The contractor lent the saw the homeowner.,,12,implausible,,dative,gibson2013/dopo_to/4/PO_plausible,The contractor lent the saw to the homeowner.,ins,ins,,to,,Did the homeowner receive something/someone?,No,"{""same_structure_plausible_uid"": ""gibson2013/dopo_to/4/DO_plausible"", ""structure"": ""DO"", ""type"": ""Target""}"
gibson2013,dopo_to,4,DO_plausible,gibson2013/dopo_to/4/DO_plausible,The contractor lent the homeowner the saw.,the contractor lent the homeowner the saw .,The contractor lent the homeowner the saw.,,13,plausible,,dative,gibson2013/dopo_to/4/DO_plausible,The contractor lent the homeowner the saw.,none,,,,,Did the homeowner receive something/someone?,Yes,"{""same_structure_plausible_uid"": ""gibson2013/dopo_to/4/DO_plausible"", ""structure"": ""DO"", ""type"": ""Target""}"
gibson2013,dopo_to,4,PO_implausible,gibson2013/dopo_to/4/PO_implausible,The contractor lent the homeowner to the saw.,the contractor lent the homeowner to the saw .,The contractor lent the homeowner to the saw.,,14,implausible,,dative,gibson2013/dopo_to/4/DO_plausible,The contractor lent the homeowner the saw.,del,del,to,,5,Did the homeowner receive something/someone?,No,"{""same_structure_plausible_uid"": ""gibson2013/dopo_to/4/PO_plausible"", ""structure"": ""PO"", ""type"": ""Target""}"
gibson2013,dopo_to,4,PO_plausible,gibson2013/dopo_to/4/PO_plausible,The contractor lent the saw to the homeowner.,the contractor lent the saw to the homeowner .,The contractor lent the saw to the homeowner.,,15,plausible,,dative,gibson2013/dopo_to/4/PO_plausible,The contractor lent the saw to the homeowner.,none,,,,,Did the homeowner receive something/someone?,Yes,"{""same_structure_plausible_uid"": ""gibson2013/dopo_to/4/PO_plausible"", ""structure"": ""PO"", ""type"": ""Target""}"
gibson2013,dopo_to,5,DO_implausible,gibson2013/dopo_to/5/DO_implausible,The sailing club leased the boat the man.,the sailing club leased the boat the man .,The sailing club leased the boat the man.,,16,implausible,,dative,gibson2013/dopo_to/5/PO_plausible,The sailing club leased the boat to the man.,ins,ins,,to,,Did the man receive something/someone?,No,"{""same_structure_plausible_uid"": ""gibson2013/dopo_to/5/DO_plausible"", ""structure"": ""DO"", ""type"": ""Target""}"
gibson2013,dopo_to,5,DO_plausible,gibson2013/dopo_to/5/DO_plausible,The sailing club leased the man the boat.,the sailing club leased the man the boat .,The sailing club leased the man the boat.,,17,plausible,,dative,gibson2013/dopo_to/5/DO_plausible,The sailing club leased the man the boat.,none,,,,,Did the man receive something/someone?,Yes,"{""same_structure_plausible_uid"": ""gibson2013/dopo_to/5/DO_plausible"", ""structure"": ""DO"", ""type"": ""Target""}"
gibson2013,dopo_to,5,PO_implausible,gibson2013/dopo_to/5/PO_implausible,The sailing club leased the man to the boat.,the sailing club leased the man to the boat .,The sailing club leased the man to the boat.,,18,implausible,,dative,gibson2013/dopo_to/5/DO_plausible,The sailing club leased the man the boat.,del,del,to,,6,Did the man receive something/someone?,No,"{""same_structure_plausible_uid"": ""gibson2013/dopo_to/5/PO_plausible"", ""structure"": ""PO"", ""type"": ""Target""}"
gibson2013,dopo_to,5,PO_plausible,gibson2013/dopo_to/5/PO_plausible,The sailing club leased the boat to the man.,the sailing club leased the boat to the man .,The sailing club leased the boat to the man.,,19,plausible,,dative,gibson2013/dopo_to/5/PO_plausible,The sailing club leased the boat to the man.,none,,,,,Did the man receive something/someone?,Yes,"{""same_structure_plausible_uid"": ""gibson2013/dopo_to/5/PO_plausible"", ""structure"": ""PO"", ""type"": ""Target""}"
gibson2013,dopo_to,6,DO_implausible,gibson2013/dopo_to/6/DO_implausible,The girl tossed the apple the boy.,the girl tossed the apple the boy .,The girl tossed the apple the boy.,,20,implausible,,dative,gibson2013/dopo_to/6/PO_plausible,The girl tossed the apple to the boy.,ins,ins,,to,,Did the apple receive something/someone?,Yes,"{""same_structure_plausible_uid"": ""gibson2013/dopo_to/6/DO_plausible"", ""structure"": ""DO"", ""type"": ""Target""}"
gibson2013,dopo_to,6,DO_plausible,gibson2013/dopo_to/6/DO_plausible,The girl tossed the boy the apple.,the girl tossed the boy the apple .,The girl tossed the boy the apple.,,21,plausible,,dative,gibson2013/dopo_to/6/DO_plausible,The girl tossed the boy the apple.,none,,,,,Did the apple receive something/someone?,No,"{""same_structure_plausible_uid"": ""gibson2013/dopo_to/6/DO_plausible"", ""structure"": ""DO"", ""type"": ""Target""}"
gibson2013,dopo_to,6,PO_implausible,gibson2013/dopo_to/6/PO_implausible,The girl tossed the boy to the apple.,the girl tossed the boy to the apple .,The girl tossed the boy to the apple.,,22,implausible,,dative,gibson2013/dopo_to/6/DO_plausible,The girl tossed the boy the apple.,del,del,to,,5,Did the apple receive something/someone?,Yes,"{""same_structure_plausible_uid"": ""gibson2013/dopo_to/6/PO_plausible"", ""structure"": ""PO"", ""type"": ""Target""}"
gibson2013,dopo_to,6,PO_plausible,gibson2013/dopo_to/6/PO_plausible,The girl tossed the apple to the boy.,the girl tossed the apple to the boy .,The girl tossed the apple to the boy.,,23,plausible,,dative,gibson2013/dopo_to/6/PO_plausible,The girl tossed the apple to the boy.,none,,,,,Did the apple receive something/someone?,No,"{""same_structure_plausible_uid"": ""gibson2013/dopo_to/6/PO_plausible"", ""structure"": ""PO"", ""type"": ""Target""}"
gibson2013,dopo_to,7,DO_implausible,gibson2013/dopo_to/7/DO_implausible,The daughter passed the bowl the mother.,the daughter passed the bowl the mother .,The daughter passed the bowl the mother.,,24,implausible,,dative,gibson2013/dopo_to/7/PO_plausible,The daughter passed the bowl to the mother.,ins,ins,,to,,Did the bowl receive something/someone?,Yes,"{""same_structure_plausible_uid"": ""gibson2013/dopo_to/7/DO_plausible"", ""structure"": ""DO"", ""type"": ""Target""}"
gibson2013,dopo_to,7,DO_plausible,gibson2013/dopo_to/7/DO_plausible,The daughter passed the mother the bowl.,the daughter passed the mother the bowl .,The daughter passed the mother the bowl.,,25,plausible,,dative,gibson2013/dopo_to/7/DO_plausible,The daughter passed the mother the bowl.,none,,,,,Did the bowl receive something/someone?,No,"{""same_structure_plausible_uid"": ""gibson2013/dopo_to/7/DO_plausible"", ""structure"": ""DO"", ""type"": ""Target""}"
gibson2013,dopo_to,7,PO_implausible,gibson2013/dopo_to/7/PO_implausible,The daughter passed the mother to the bowl.,the daughter passed the mother to the bowl .,The daughter passed the mother to the bowl.,,26,implausible,,dative,gibson2013/dopo_to/7/DO_plausible,The daughter passed the mother the bowl.,del,del,to,,5,Did the bowl receive something/someone?,Yes,"{""same_structure_plausible_uid"": ""gibson2013/dopo_to/7/PO_plausible"", ""structure"": ""PO"", ""type"": ""Target""}"
gibson2013,dopo_to,7,PO_plausible,gibson2013/dopo_to/7/PO_plausible,The daughter passed the bowl to the mother.,the daughter passed the bowl to the mother .,The daughter passed the bowl to the mother.,,27,plausible,,dative,gibson2013/dopo_to/7/PO_plausible,The daughter passed the bowl to the mother.,none,,,,,Did the bowl receive something/someone?,No,"{""same_structure_plausible_uid"": ""gibson2013/dopo_to/7/PO_plausible"", ""structure"": ""PO"", ""type"": ""Target""}"
gibson2013,dopo_to,8,DO_implausible,gibson2013/dopo_to/8/DO_implausible,The scuba instructor rented the equipment the tourist.,the scuba instructor rented the equipment the tourist .,The scuba instructor rented the equipment the tourist.,,28,implausible,,dative,gibson2013/dopo_to/8/PO_plausible,The scuba instructor rented the equipment to the tourist.,ins,ins,,to,,Did the equipment receive something/someone?,Yes,"{""same_structure_plausible_uid"": ""gibson2013/dopo_to/8/DO_plausible"", ""structure"": ""DO"", ""type"": ""Target""}"
gibson2013,dopo_to,8,DO_plausible,gibson2013/dopo_to/8/DO_plausible,The scuba instructor rented the tourist the equipment.,the scuba instructor rented the tourist the equipment .,The scuba instructor rented the tourist the equipment.,,29,plausible,,dative,gibson2013/dopo_to/8/DO_plausible,The scuba instructor rented the tourist the equipment.,none,,,,,Did the equipment receive something/someone?,No,"{""same_structure_plausible_uid"": ""gibson2013/dopo_to/8/DO_plausible"", ""structure"": ""DO"", ""type"": ""Target""}"
gibson2013,dopo_to,8,PO_implausible,gibson2013/dopo_to/8/PO_implausible,The scuba instructor rented the tourist to the equipment.,the scuba instructor rented the tourist to the equipment .,The scuba instructor rented the tourist to the equipment.,,30,implausible,,dative,gibson2013/dopo_to/8/DO_plausible,The scuba instructor rented the tourist the equipment.,del,del,to,,6,Did the equipment receive something/someone?,Yes,"{""same_structure_plausible_uid"": ""gibson2013/dopo_to/8/PO_plausible"", ""structure"": ""PO"", ""type"": ""Target""}"
gibson2013,dopo_to,8,PO_plausible,gibson2013/dopo_to/8/PO_plausible,The scuba instructor rented the equipment to the tourist.,the scuba instructor rented the equipment to the tourist .,The scuba instructor rented the equipment to the tourist.,,31,plausible,,dative,gibson2013/dopo_to/8/PO_plausible,The scuba instructor rented the equipment to the tourist.,none,,,,,Did the equipment receive something/someone?,No,"{""same_structure_plausible_uid"": ""gibson2013/dopo_to/8/PO_plausible"", ""structure"": ""PO"", ""type"": ""Target""}"
gibson2013,dopo_to,9,DO_implausible,gibson2013/dopo_to/9/DO_implausible,The boy handed the pencil the girl.,the boy handed the pencil the girl .,The boy handed the pencil the girl.,,32,implausible,,dative,gibson2013/dopo_to/9/PO_plausible,The boy handed the pencil to the girl.,ins,ins,,to,,Did the pencil receive something/someone?,Yes,"{""same_structure_plausible_uid"": ""gibson2013/dopo_to/9/DO_plausible"", ""structure"": ""DO"", ""type"": ""Target""}"
gibson2013,dopo_to,9,DO_plausible,gibson2013/dopo_to/9/DO_plausible,The boy handed the girl the pencil.,the boy handed the girl the pencil .,The boy handed the girl the pencil.,,33,plausible,,dative,gibson2013/dopo_to/9/DO_plausible,The boy handed the girl the pencil.,none,,,,,Did the pencil receive something/someone?,No,"{""same_structure_plausible_uid"": ""gibson2013/dopo_to/9/DO_plausible"", ""structure"": ""DO"", ""type"": ""Target""}"
gibson2013,dopo_to,9,PO_implausible,gibson2013/dopo_to/9/PO_implausible,The boy handed the girl to the pencil.,the boy handed the girl to the pencil .,The boy handed the girl to the pencil.,,34,implausible,,dative,gibson2013/dopo_to/9/DO_plausible,The boy handed the girl the pencil.,del,del,to,,5,Did the pencil receive something/someone?,Yes,"{""same_structure_plausible_uid"": ""gibson2013/dopo_to/9/PO_plausible"", ""structure"": ""PO"", ""type"": ""Target""}"
gibson2013,dopo_to,9,PO_plausible,gibson2013/dopo_to/9/PO_plausible,The boy handed the pencil to the girl.,the boy handed the pencil to the girl .,The boy handed the pencil to the girl.,,35,plausible,,dative,gibson2013/dopo_to/9/PO_plausible,The boy handed the pencil to the girl.,none,,,,,Did the pencil receive something/someone?,No,"{""same_structure_plausible_uid"": ""gibson2013/dopo_to/9/PO_plausible"", ""structure"": ""PO"", ""type"": ""Target""}"
gibson2013,dopo_to,10,DO_implausible,gibson2013/dopo_to/10/DO_implausible,The nanny threw the toy the child.,the nanny threw the toy the child .,The nanny threw the toy the child.,,36,implausible,,dative,gibson2013/dopo_to/10/PO_plausible,The nanny threw the toy to the child.,ins,ins,,to,,Did the toy receive something/someone?,Yes,"{""same_structure_plausible_uid"": ""gibson2013/dopo_to/10/DO_plausible"", ""structure"": ""DO"", ""type"": ""Target""}"
gibson2013,dopo_to,10,DO_plausible,gibson2013/dopo_to/10/DO_plausible,The nanny threw the child the toy.,the nanny threw the child the toy .,The nanny threw the child the toy.,,37,plausible,,dative,gibson2013/dopo_to/10/DO_plausible,The nanny threw the child the toy.,none,,,,,Did the toy receive something/someone?,No,"{""same_structure_plausible_uid"": ""gibson2013/dopo_to/10/DO_plausible"", ""structure"": ""DO"", ""type"": ""Target""}"
gibson2013,dopo_to,10,PO_implausible,gibson2013/dopo_to/10/PO_implausible,The nanny threw the child to the toy.,the nanny threw the child to the toy .,The nanny threw the child to the toy.,,38,implausible,,dative,gibson2013/dopo_to/10/DO_plausible,The nanny threw the child the toy.,del,del,to,,5,Did the toy receive something/someone?,Yes,"{""same_structure_plausible_uid"": ""gibson2013/dopo_to/10/PO_plausible"", ""structure"": ""PO"", ""type"": ""Target""}"
gibson2013,dopo_to,10,PO_plausible,gibson2013/dopo_to/10/PO_plausible,The nanny threw the toy to the child.,the nanny threw the toy to the child .,The nanny threw the toy to the child.,,39,plausible,,dative,gibson2013/dopo_to/10/PO_plausible,The nanny threw the toy to the child.,none,,,,,Did the toy receive something/someone?,No,"{""same_structure_plausible_uid"": ""gibson2013/dopo_to/10/PO_plausible"", ""structure"": ""PO"", ""type"": ""Target""}"
gibson2013,dopo_to,11,DO_implausible,gibson2013/dopo_to/11/DO_implausible,The nephew mailed the postcard the aunt.,the nephew mailed the postcard the aunt .,The nephew mailed the postcard the aunt.,,40,implausible,,dative,gibson2013/dopo_to/11/PO_plausible,The nephew mailed the postcard to the aunt.,ins,ins,,to,,Did the postcard receive something/someone?,Yes,"{""same_structure_plausible_uid"": ""gibson2013/dopo_to/11/DO_plausible"", ""structure"": ""DO"", ""type"": ""Target""}"
gibson2013,dopo_to,11,DO_plausible,gibson2013/dopo_to/11/DO_plausible,The nephew mailed the aunt the postcard.,the nephew mailed the aunt the postcard .,The nephew mailed the aunt the postcard.,,41,plausible,,dative,gibson2013/dopo_to/11/DO_plausible,The nephew mailed the aunt the postcard.,none,,,,,Did the postcard receive something/someone?,No,"{""same_structure_plausible_uid"": ""gibson2013/dopo_to/11/DO_plausible"", ""structure"": ""DO"", ""type"": ""Target""}"
gibson2013,dopo_to,11,PO_implausible,gibson2013/dopo_to/11/PO_implausible,The nephew mailed the aunt to the postcard.,the nephew mailed the aunt to the postcard .,The nephew mailed the aunt to the postcard.,,42,implausible,,dative,gibson2013/dopo_to/11/DO_plausible,The nephew mailed the aunt the postcard.,del,del,to,,5,Did the postcard receive something/someone?,Yes,"{""same_structure_plausible_uid"": ""gibson2013/dopo_to/11/PO_plausible"", ""structure"": ""PO"", ""type"": ""Target""}"
gibson2013,dopo_to,11,PO_plausible,gibson2013/dopo_to/11/PO_plausible,The nephew mailed the postcard to the aunt.,the nephew mailed the postcard to the aunt .,The nephew mailed the postcard to the aunt.,,43,plausible,,dative,gibson2013/dopo_to/11/PO_plausible,The nephew mailed the postcard to the aunt.,none,,,,,Did the postcard receive something/someone?,No,"{""same_structure_plausible_uid"": ""gibson2013/dopo_to/11/PO_plausible"", ""structure"": ""PO"", ""type"": ""Target""}"
gibson2013,dopo_to,12,DO_implausible,gibson2013/dopo_to/12/DO_implausible,The father gave the car the son.,the father gave the car the son .,The father gave the car the son.,,44,implausible,,dative,gibson2013/dopo_to/12/PO_plausible,The father gave the car to the son.,ins,ins,,to,,Did the car receive something/someone?,Yes,"{""same_structure_plausible_uid"": ""gibson2013/dopo_to/12/DO_plausible"", ""structure"": ""DO"", ""type"": ""Target""}"
gibson2013,dopo_to,12,DO_plausible,gibson2013/dopo_to/12/DO_plausible,The father gave the son the car.,the father gave the son the car .,The father gave the son the car.,,45,plausible,,dative,gibson2013/dopo_to/12/DO_plausible,The father gave the son the car.,none,,,,,Did the car receive something/someone?,No,"{""same_structure_plausible_uid"": ""gibson2013/dopo_to/12/DO_plausible"", ""structure"": ""DO"", ""type"": ""Target""}"
gibson2013,dopo_to,12,PO_implausible,gibson2013/dopo_to/12/PO_implausible,The father gave the son to the car.,the father gave the son to the car .,The father gave the son to the car.,,46,implausible,,dative,gibson2013/dopo_to/12/DO_plausible,The father gave the son the car.,del,del,to,,5,Did the car receive something/someone?,Yes,"{""same_structure_plausible_uid"": ""gibson2013/dopo_to/12/PO_plausible"", ""structure"": ""PO"", ""type"": ""Target""}"
gibson2013,dopo_to,12,PO_plausible,gibson2013/dopo_to/12/PO_plausible,The father gave the car to the son.,the father gave the car to the son .,The father gave the car to the son.,,47,plausible,,dative,gibson2013/dopo_to/12/PO_plausible,The father gave the car to the son.,none,,,,,Did the car receive something/someone?,No,"{""same_structure_plausible_uid"": ""gibson2013/dopo_to/12/PO_plausible"", ""structure"": ""PO"", ""type"": ""Target""}"
gibson2013,dopo_to,13,DO_implausible,gibson2013/dopo_to/13/DO_implausible,The shop sold the bike the student.,the shop sold the bike the student .,The shop sold the bike the student.,,48,implausible,,dative,gibson2013/dopo_to/13/PO_plausible,The shop sold the bike to the student.,ins,ins,,to,,Did the bike receive something/someone?,Yes,"{""same_structure_plausible_uid"": ""gibson2013/dopo_to/13/DO_plausible"", ""structure"": ""DO"", ""type"": ""Target""}"
gibson2013,dopo_to,13,DO_plausible,gibson2013/dopo_to/13/DO_plausible,The shop sold the student the bike.,the shop sold the student the bike .,The shop sold the student the bike.,,49,plausible,,dative,gibson2013/dopo_to/13/DO_plausible,The shop sold the student the bike.,none,,,,,Did the bike receive something/someone?,No,"{""same_structure_plausible_uid"": ""gibson2013/dopo_to/13/DO_plausible"", ""structure"": ""DO"", ""type"": ""Target""}"
gibson2013,dopo_to,13,PO_implausible,gibson2013/dopo_to/13/PO_implausible,The shop sold the student to the bike.,the shop sold the student to the bike .,The shop sold the student to the bike.,,50,implausible,,dative,gibson2013/dopo_to/13/DO_plausible,The shop sold the student the bike.,del,del,to,,5,Did the bike receive something/someone?,Yes,"{""same_structure_plausible_uid"": ""gibson2013/dopo_to/13/PO_plausible"", ""structure"": ""PO"", ""type"": ""Target""}"
gibson2013,dopo_to,13,PO_plausible,gibson2013/dopo_to/13/PO_plausible,The shop sold the bike to the student.,the shop sold the bike to the student .,The shop sold the bike to the student.,,51,plausible,,dative,gibson2013/dopo_to/13/PO_plausible,The shop sold the bike to the student.,none,,,,,Did the bike receive something/someone?,No,"{""same_structure_plausible_uid"": ""gibson2013/dopo_to/13/PO_plausible"", ""structure"": ""PO"", ""type"": ""Target""}"
gibson2013,dopo_to,14,DO_implausible,gibson2013/dopo_to/14/DO_implausible,The janitor lent the mop the teacher.,the janitor lent the mop the teacher .,The janitor lent the mop the teacher.,,52,implausible,,dative,gibson2013/dopo_to/14/PO_plausible,The janitor lent the mop to the teacher.,ins,ins,,to,,Did the mop receive something/someone?,Yes,"{""same_structure_plausible_uid"": ""gibson2013/dopo_to/14/DO_plausible"", ""structure"": ""DO"", ""type"": ""Target""}"
gibson2013,dopo_to,14,DO_plausible,gibson2013/dopo_to/14/DO_plausible,The janitor lent the teacher the mop.,the janitor lent the teacher the mop .,The janitor lent the teacher the mop.,,53,plausible,,dative,gibson2013/dopo_to/14/DO_plausible,The janitor lent the teacher the mop.,none,,,,,Did the mop receive something/someone?,No,"{""same_structure_plausible_uid"": ""gibson2013/dopo_to/14/DO_plausible"", ""structure"": ""DO"", ""type"": ""Target""}"
gibson2013,dopo_to,14,PO_implausible,gibson2013/dopo_to/14/PO_implausible,The janitor lent the teacher to the mop.,the janitor lent the teacher to the mop .,The janitor lent the teacher to the mop.,,54,implausible,,dative,gibson2013/dopo_to/14/DO_plausible,The janitor lent the teacher the mop.,del,del,to,,5,Did the mop receive something/someone?,Yes,"{""same_structure_plausible_uid"": ""gibson2013/dopo_to/14/PO_plausible"", ""structure"": ""PO"", ""type"": ""Target""}"
gibson2013,dopo_to,14,PO_plausible,gibson2013/dopo_to/14/PO_plausible,The janitor lent the mop to the teacher.,the janitor lent the mop to the teacher .,The janitor lent the mop to the teacher.,,55,plausible,,dative,gibson2013/dopo_to/14/PO_plausible,The janitor lent the mop to the teacher.,none,,,,,Did the mop receive something/someone?,No,"{""same_structure_plausible_uid"": ""gibson2013/dopo_to/14/PO_plausible"", ""structure"": ""PO"", ""type"": ""Target""}"
gibson2013,dopo_to,15,DO_implausible,gibson2013/dopo_to/15/DO_implausible,The car dealer leased the SUV the plumber.,the car dealer leased the suv the plumber .,The car dealer leased the SUV the plumber.,,56,implausible,,dative,gibson2013/dopo_to/15/PO_plausible,The car dealer leased the SUV to the plumber.,ins,ins,,to,,Did the SUV receive something/someone?,Yes,"{""same_structure_plausible_uid"": ""gibson2013/dopo_to/15/DO_plausible"", ""structure"": ""DO"", ""type"": ""Target""}"
gibson2013,dopo_to,15,DO_plausible,gibson2013/dopo_to/15/DO_plausible,The car dealer leased the plumber the SUV.,the car dealer leased the plumber the suv .,The car dealer leased the plumber the SUV.,,57,plausible,,dative,gibson2013/dopo_to/15/DO_plausible,The car dealer leased the plumber the SUV.,none,,,,,Did the SUV receive something/someone?,No,"{""same_structure_plausible_uid"": ""gibson2013/dopo_to/15/DO_plausible"", ""structure"": ""DO"", ""type"": ""Target""}"
gibson2013,dopo_to,15,PO_implausible,gibson2013/dopo_to/15/PO_implausible,The car dealer leased the plumber to the SUV.,the car dealer leased the plumber to the suv .,The car dealer leased the plumber to the SUV.,,58,implausible,,dative,gibson2013/dopo_to/15/DO_plausible,The car dealer leased the plumber the SUV.,del,del,to,,6,Did the SUV receive something/someone?,Yes,"{""same_structure_plausible_uid"": ""gibson2013/dopo_to/15/PO_plausible"", ""structure"": ""PO"", ""type"": ""Target""}"
gibson2013,dopo_to,15,PO_plausible,gibson2013/dopo_to/15/PO_plausible,The car dealer leased the SUV to the plumber.,the car dealer leased the suv to the plumber .,The car dealer leased the SUV to the plumber.,,59,plausible,,dative,gibson2013/dopo_to/15/PO_plausible,The car dealer leased the SUV to the plumber.,none,,,,,Did the SUV receive something/someone?,No,"{""same_structure_plausible_uid"": ""gibson2013/dopo_to/15/PO_plausible"", ""structure"": ""PO"", ""type"": ""Target""}"
gibson2013,dopo_to,16,DO_implausible,gibson2013/dopo_to/16/DO_implausible,The host tossed the microphone the contestant.,the host tossed the microphone the contestant .,The host tossed the microphone the contestant.,,60,implausible,,dative,gibson2013/dopo_to/16/PO_plausible,The host tossed the microphone to the contestant.,ins,ins,,to,,Did the contestant receive something/someone?,No,"{""same_structure_plausible_uid"": ""gibson2013/dopo_to/16/DO_plausible"", ""structure"": ""DO"", ""type"": ""Target""}"
gibson2013,dopo_to,16,DO_plausible,gibson2013/dopo_to/16/DO_plausible,The host tossed the contestant the microphone.,the host tossed the contestant the microphone .,The host tossed the contestant the microphone.,,61,plausible,,dative,gibson2013/dopo_to/16/DO_plausible,The host tossed the contestant the microphone.,none,,,,,Did the contestant receive something/someone?,Yes,"{""same_structure_plausible_uid"": ""gibson2013/dopo_to/16/DO_plausible"", ""structure"": ""DO"", ""type"": ""Target""}"
gibson2013,dopo_to,16,PO_implausible,gibson2013/dopo_to/16/PO_implausible,The host tossed the contestant to the microphone.,the host tossed the contestant to the microphone .,The host tossed the contestant to the microphone.,,62,implausible,,dative,gibson2013/dopo_to/16/DO_plausible,The host tossed the contestant the microphone.,del,del,to,,5,Did the contestant receive something/someone?,No,"{""same_structure_plausible_uid"": ""gibson2013/dopo_to/16/PO_plausible"", ""structure"": ""PO"", ""type"": ""Target""}"
gibson2013,dopo_to,16,PO_plausible,gibson2013/dopo_to/16/PO_plausible,The host tossed the microphone to the contestant.,the host tossed the microphone to the contestant .,The host tossed the microphone to the contestant.,,63,plausible,,dative,gibson2013/dopo_to/16/PO_plausible,The host tossed the microphone to the contestant.,none,,,,,Did the contestant receive something/someone?,Yes,"{""same_structure_plausible_uid"": ""gibson2013/dopo_to/16/PO_plausible"", ""structure"": ""PO"", ""type"": ""Target""}"
gibson2013,dopo_to,17,DO_implausible,gibson2013/dopo_to/17/DO_implausible,The quarterback passed the ball the receiver.,the quarterback passed the ball the receiver .,The quarterback passed the ball the receiver.,,64,implausible,,dative,gibson2013/dopo_to/17/PO_plausible,The quarterback passed the ball to the receiver.,ins,ins,,to,,Did the receiver receive something/someone?,No,"{""same_structure_plausible_uid"": ""gibson2013/dopo_to/17/DO_plausible"", ""structure"": ""DO"", ""type"": ""Target""}"
gibson2013,dopo_to,17,DO_plausible,gibson2013/dopo_to/17/DO_plausible,The quarterback passed the receiver the ball.,the quarterback passed the receiver the ball .,The quarterback passed the receiver the ball.,,65,plausible,,dative,gibson2013/dopo_to/17/DO_plausible,The quarterback passed the receiver the ball.,none,,,,,Did the receiver receive something/someone?,Yes,"{""same_structure_plausible_uid"": ""gibson2013/dopo_to/17/DO_plausible"", ""structure"": ""DO"", ""type"": ""Target""}"
gibson2013,dopo_to,17,PO_implausible,gibson2013/dopo_to/17/PO_implausible,The quarterback passed the receiver to the ball.,the quarterback passed the receiver to the ball .,The quarterback passed the receiver to the ball.,,66,implausible,,dative,gibson2013/dopo_to/17/DO_plausible,The quarterback passed the receiver the ball.,del,del,to,,5,Did the receiver receive something/someone?,No,"{""same_structure_plausible_uid"": ""gibson2013/dopo_to/17/PO_plausible"", ""structure"": ""PO"", ""type"": ""Target""}"
gibson2013,dopo_to,17,PO_plausible,gibson2013/dopo_to/17/PO_plausible,The quarterback passed the ball to the receiver.,the quarterback passed the ball to the receiver .,The quarterback passed the ball to the receiver.,,67,plausible,,dative,gibson2013/dopo_to/17/PO_plausible,The quarterback passed the ball to the receiver.,none,,,,,Did the receiver receive something/someone?,Yes,"{""same_structure_plausible_uid"": ""gibson2013/dopo_to/17/PO_plausible"", ""structure"": ""PO"", ""type"": ""Target""}"
gibson2013,dopo_to,18,DO_implausible,gibson2013/dopo_to/18/DO_implausible,The videostore rented the DVD the customer.,the videostore rented the dvd the customer .,The videostore rented the DVD the customer.,,68,implausible,,dative,gibson2013/dopo_to/18/PO_plausible,The videostore rented the DVD to the customer.,ins,ins,,to,,Did the customer receive something/someone?,No,"{""same_structure_plausible_uid"": ""gibson2013/dopo_to/18/DO_plausible"", ""structure"": ""DO"", ""type"": ""Target""}"
gibson2013,dopo_to,18,DO_plausible,gibson2013/dopo_to/18/DO_plausible,The videostore rented the customer the DVD.,the videostore rented the customer the dvd .,The videostore rented the customer the DVD.,,69,plausible,,dative,gibson2013/dopo_to/18/DO_plausible,The videostore rented the customer the DVD.,none,,,,,Did the customer receive something/someone?,Yes,"{""same_structure_plausible_uid"": ""gibson2013/dopo_to/18/DO_plausible"", ""structure"": ""DO"", ""type"": ""Target""}"
gibson2013,dopo_to,18,PO_implausible,gibson2013/dopo_to/18/PO_implausible,The videostore rented the customer to the DVD.,the videostore rented the customer to the dvd .,The videostore rented the customer to the DVD.,,70,implausible,,dative,gibson2013/dopo_to/18/DO_plausible,The videostore rented the customer the DVD.,del,del,to,,5,Did the customer receive something/someone?,No,"{""same_structure_plausible_uid"": ""gibson2013/dopo_to/18/PO_plausible"", ""structure"": ""PO"", ""type"": ""Target""}"
gibson2013,dopo_to,18,PO_plausible,gibson2013/dopo_to/18/PO_plausible,The videostore rented the DVD to the customer.,the videostore rented the dvd to the customer .,The videostore rented the DVD to the customer.,,71,plausible,,dative,gibson2013/dopo_to/18/PO_plausible,The videostore rented the DVD to the customer.,none,,,,,Did the customer receive something/someone?,Yes,"{""same_structure_plausible_uid"": ""gibson2013/dopo_to/18/PO_plausible"", ""structure"": ""PO"", ""type"": ""Target""}"
gibson2013,dopo_to,19,DO_implausible,gibson2013/dopo_to/19/DO_implausible,The bartender handed the drink the lady.,the bartender handed the drink the lady .,The bartender handed the drink the lady.,,72,implausible,,dative,gibson2013/dopo_to/19/PO_plausible,The bartender handed the drink to the lady.,ins,ins,,to,,Did the lady receive something/someone?,No,"{""same_structure_plausible_uid"": ""gibson2013/dopo_to/19/DO_plausible"", ""structure"": ""DO"", ""type"": ""Target""}"
gibson2013,dopo_to,19,DO_plausible,gibson2013/dopo_to/19/DO_plausible,The bartender handed the lady the drink.,the bartender handed the lady the drink .,The bartender handed the lady the drink.,,73,plausible,,dative,gibson2013/dopo_to/19/DO_plausible,The bartender handed the lady the drink.,none,,,,,Did the lady receive something/someone?,Yes,"{""same_structure_plausible_uid"": ""gibson2013/dopo_to/19/DO_plausible"", ""structure"": ""DO"", ""type"": ""Target""}"
gibson2013,dopo_to,19,PO_implausible,gibson2013/dopo_to/19/PO_implausible,The bartender handed the lady to the drink.,the bartender handed the lady to the drink .,The bartender handed the lady to the drink.,,74,implausible,,dative,gibson2013/dopo_to/19/DO_plausible,The bartender handed the lady the drink.,del,del,to,,5,Did the lady receive something/someone?,No,"{""same_structure_plausible_uid"": ""gibson2013/dopo_to/19/PO_plausible"", ""structure"": ""PO"", ""type"": ""Target""}"
gibson2013,dopo_to,19,PO_plausible,gibson2013/dopo_to/19/PO_plausible,The bartender handed the drink to the lady.,the bartender handed the drink to the lady .,The bartender handed the drink to the lady.,,75,plausible,,dative,gibson2013/dopo_to/19/PO_plausible,The bartender handed the drink to the lady.,none,,,,,Did the lady receive something/someone?,Yes,"{""same_structure_plausible_uid"": ""gibson2013/dopo_to/19/PO_plausible"", ""structure"": ""PO"", ""type"": ""Target""}"
gibson2013,dopo_to,20,DO_implausible,gibson2013/dopo_to/20/DO_implausible,The magician threw the hat the assistant.,the magician threw the hat the assistant .,The magician threw the hat the assistant.,,76,implausible,,dative,gibson2013/dopo_to/20/PO_plausible,The magician threw the hat to the assistant.,ins,ins,,to,,Did the assistant receive something/someone?,No,"{""same_structure_plausible_uid"": ""gibson2013/dopo_to/20/DO_plausible"", ""structure"": ""DO"", ""type"": ""Target""}"
gibson2013,dopo_to,20,DO_plausible,gibson2013/dopo_to/20/DO_plausible,The magician threw the assistant the hat.,the magician threw the assistant the hat .,The magician threw the assistant the hat.,,77,plausible,,dative,gibson2013/dopo_to/20/DO_plausible,The magician threw the assistant the hat.,none,,,,,Did the assistant receive something/someone?,Yes,"{""same_structure_plausible_uid"": ""gibson2013/dopo_to/20/DO_plausible"", ""structure"": ""DO"", ""type"": ""Target""}"
gibson2013,dopo_to,20,PO_implausible,gibson2013/dopo_to/20/PO_implausible,The magician threw the assistant to the hat.,the magician threw the assistant to the hat .,The magician threw the assistant to the hat.,,78,implausible,,dative,gibson2013/dopo_to/20/DO_plausible,The magician threw the assistant the hat.,del,del,to,,5,Did the assistant receive something/someone?,No,"{""same_structure_plausible_uid"": ""gibson2013/dopo_to/20/PO_plausible"", ""structure"": ""PO"", ""type"": ""Target""}"
gibson2013,dopo_to,20,PO_plausible,gibson2013/dopo_to/20/PO_plausible,The magician threw the hat to the assistant.,the magician threw the hat to the assistant .,The magician threw the hat to the assistant.,,79,plausible,,dative,gibson2013/dopo_to/20/PO_plausible,The magician threw the hat to the assistant.,none,,,,,Did the assistant receive something/someone?,Yes,"{""same_structure_plausible_uid"": ""gibson2013/dopo_to/20/PO_plausible"", ""structure"": ""PO"", ""type"": ""Target""}"
gibson2013,dopo_for,1,DO_implausible,gibson2013/dopo_for/1/DO_implausible,The cook baked a cake Lucy.,the cook baked a cake lucy .,The cook baked a cake Lucy.,,80,implausible,,dative,gibson2013/dopo_for/1/PO_plausible,The cook baked a cake for Lucy.,ins,ins,,for,,Was something baked for Lucy?,No,"{""same_structure_plausible_uid"": ""gibson2013/dopo_for/1/DO_plausible"", ""structure"": ""DO"", ""type"": ""Target""}"
gibson2013,dopo_for,1,DO_plausible,gibson2013/dopo_for/1/DO_plausible,The cook baked Lucy a cake.,the cook baked lucy a cake .,The cook baked Lucy a cake.,,81,plausible,,dative,gibson2013/dopo_for/1/DO_plausible,The cook baked Lucy a cake.,none,,,,,Was something baked for Lucy?,Yes,"{""same_structure_plausible_uid"": ""gibson2013/dopo_for/1/DO_plausible"", ""structure"": ""DO"", ""type"": ""Target""}"
gibson2013,dopo_for,1,PO_implausible,gibson2013/dopo_for/1/PO_implausible,The cook baked Lucy for a cake.,the cook baked lucy for a cake .,The cook baked Lucy for a cake.,,82,implausible,,dative,gibson2013/dopo_for/1/DO_plausible,The cook baked Lucy a cake.,del,del,for,,4,Was something baked for Lucy?,No,"{""same_structure_plausible_uid"": ""gibson2013/dopo_for/1/PO_plausible"", ""structure"": ""PO"", ""type"": ""Target""}"
gibson2013,dopo_for,1,PO_plausible,gibson2013/dopo_for/1/PO_plausible,The cook baked a cake for Lucy.,the cook baked a cake for lucy .,The cook baked a cake for Lucy.,,83,plausible,,dative,gibson2013/dopo_for/1/PO_plausible,The cook baked a cake for Lucy.,none,,,,,Was something baked for Lucy?,Yes,"{""same_structure_plausible_uid"": ""gibson2013/dopo_for/1/PO_plausible"", ""structure"": ""PO"", ""type"": ""Target""}"
gibson2013,dopo_for,2,DO_implausible,gibson2013/dopo_for/2/DO_implausible,The bartender poured a drink the customer.,the bartender poured a drink the customer .,The bartender poured a drink the customer.,,84,implausible,,dative,gibson2013/dopo_for/2/PO_plausible,The bartender poured a drink for the customer.,ins,ins,,for,,Was something poured for the customer?,No,"{""same_structure_plausible_uid"": ""gibson2013/dopo_for/2/DO_plausible"", ""structure"": ""DO"", ""type"": ""Target""}"
gibson2013,dopo_for,2,DO_plausible,gibson2013/dopo_for/2/DO_plausible,The bartender poured the customer a drink.,the bartender poured the customer a drink .,The bartender poured the customer a drink.,,85,plausible,,dative,gibson2013/dopo_for/2/DO_plausible,The bartender poured the customer a drink.,none,,,,,Was something poured for the customer?,Yes,"{""same_structure_plausible_uid"": ""gibson2013/dopo_for/2/DO_plausible"", ""structure"": ""DO"", ""type"": ""Target""}"
gibson2013,dopo_for,2,PO_implausible,gibson2013/dopo_for/2/PO_implausible,The bartender poured the customer for a drink.,the bartender poured the customer for a drink .,The bartender poured the customer for a drink.,,86,implausible,,dative,gibson2013/dopo_for/2/DO_plausible,The bartender poured the customer a drink.,del,del,for,,5,Was something poured for the customer?,No,"{""same_structure_plausible_uid"": ""gibson2013/dopo_for/2/PO_plausible"", ""structure"": ""PO"", ""type"": ""Target""}"
gibson2013,dopo_for,2,PO_plausible,gibson2013/dopo_for/2/PO_plausible,The bartender poured a drink for the customer.,the bartender poured a drink for the customer .,The bartender poured a drink for the customer.,,87,plausible,,dative,gibson2013/dopo_for/2/PO_plausible,The bartender poured a drink for the customer.,none,,,,,Was something poured for the customer?,Yes,"{""same_structure_plausible_uid"": ""gibson2013/dopo_for/2/PO_plausible"", ""structure"": ""PO"", ""type"": ""Target""}"
gibson2013,dopo_for,3,DO_implausible,gibson2013/dopo_for/3/DO_implausible,The woman saved a seat her husband.,the woman saved a seat her husband .,The woman saved a seat her husband.,,88,implausible,,dative,gibson2013/dopo_for/3/PO_plausible,The woman saved a seat for her husband.,ins,ins,,for,,Was something saved for the husband?,No,"{""same_structure_plausible_uid"": ""gibson2013/dopo_for/3/DO_plausible"", ""structure"": ""DO"", ""type"": ""Target""}"
gibson2013,dopo_for,3,DO_plausible,gibson2013/dopo_for/3/DO_plausible,The woman saved her husband a seat.,the woman saved her husband a seat .,The woman saved her husband a seat.,,89,plausible,,dative,gibson2013/dopo_for/3/DO_plausible,The woman saved her husband a seat.,none,,,,,Was something saved for the husband?,Yes,"{""same_structure_plausible_uid"": ""gibson2013/dopo_for/3/DO_plausible"", ""structure"": ""DO"", ""type"": ""Target""}"
gibson2013,dopo_for,3,PO_implausible,gibson2013/dopo_for/3/PO_implausible,The woman saved her husband for a seat.,the woman saved her husband for a seat .,The woman saved her husband for a seat.,,90,implausible,,dative,gibson2013/dopo_for/3/DO_plausible,The woman saved her husband a seat.,del,del,for,,5,Was something saved for the husband?,No,"{""same_structure_plausible_uid"": ""gibson2013/dopo_for/3/PO_plausible"", ""structure"": ""PO"", ""type"": ""Target""}"
gibson2013,dopo_for,3,PO_plausible,gibson2013/dopo_for/3/PO_plausible,The woman saved a seat for her husband.,the woman saved a seat for her husband .,The woman saved a seat for her husband.,,91,plausible,,dative,gibson2013/dopo_for/3/PO_plausible,The woman saved a seat for her husband.,none,,,,,Was something saved for the husband?,Yes,"{""same_structure_plausible_uid"": ""gibson2013/dopo_for/3/PO_plausible"", ""structure"": ""PO"", ""type"": ""Target""}"
gibson2013,dopo_for,4,DO_implausible,gibson2013/dopo_for/4/DO_implausible,The grandmother made a quilt her granddaughter.,the grandmother made a quilt her granddaughter .,The grandmother made a quilt her granddaughter.,,92,implausible,,dative,gibson2013/dopo_for/4/PO_plausible,The grandmother made a quilt for her granddaughter.,ins,ins,,for,,Was something made for the granddaughter?,No,"{""same_structure_plausible_uid"": ""gibson2013/dopo_for/4/DO_plausible"", ""structure"": ""DO"", ""type"": ""Target""}"
gibson2013,dopo_for,4,DO_plausible,gibson2013/dopo_for/4/DO_plausible,The grandmother made her granddaughter a quilt.,the grandmother made her granddaughter a quilt .,The grandmother made her granddaughter a quilt.,,93,plausible,,dative,gibson2013/dopo_for/4/DO_plausible,The grandmother made her granddaughter a quilt.,none,,,,,Was something made for the granddaughter?,Yes,"{""same_structure_plausible_uid"": ""gibson2013/dopo_for/4/DO_plausible"", ""structure"": ""DO"", ""type"": ""Target""}"
gibson2013,dopo_for,4,PO_implausible,gibson2013/dopo_for/4/PO_implausible,The grandmother made her granddaughter for a quilt.,the grandmother made her granddaughter for a quilt .,The grandmother made her granddaughter for a quilt.,,94,implausible,,dative,gibson2013/dopo_for/4/DO_plausible,The grandmother made her granddaughter a quilt.,del,del,for,,5,Was something made for the granddaughter?,No,"{""same_structure_plausible_uid"": ""gibson2013/dopo_for/4/PO_plausible"", ""structure"": ""PO"", ""type"": ""Target""}"
gibson2013,dopo_for,4,PO_plausible,gibson2013/dopo_for/4/PO_plausible,The grandmother made a quilt for her granddaughter.,the grandmother made a quilt for her granddaughter .,The grandmother made a quilt for her granddaughter.,,95,plausible,,dative,gibson2013/dopo_for/4/PO_plausible,The grandmother made a quilt for her granddaughter.,none,,,,,Was something made for the granddaughter?,Yes,"{""same_structure_plausible_uid"": ""gibson2013/dopo_for/4/PO_plausible"", ""structure"": ""PO"", ""type"": ""Target""}"
gibson2013,dopo_for,5,DO_implausible,gibson2013/dopo_for/5/DO_implausible,The apprentice fetched a hammer the carpenter.,the apprentice fetched a hammer the carpenter .,The apprentice fetched a hammer the carpenter.,,96,implausible,,dative,gibson2013/dopo_for/5/PO_plausible,The apprentice fetched a hammer for the carpenter.,ins,ins,,for,,Was something fetched for the carpenter?,No,"{""same_structure_plausible_uid"": ""gibson2013/dopo_for/5/DO_plausible"", ""structure"": ""DO"", ""type"": ""Target""}"
gibson2013,dopo_for,5,DO_plausible,gibson2013/dopo_for/5/DO_plausible,The apprentice fetched the carpenter a hammer.,the apprentice fetched the carpenter a hammer .,The apprentice fetched the carpenter a hammer.,,97,plausible,,dative,gibson2013/dopo_for/5/DO_plausible,The apprentice fetched the carpenter a hammer.,none,,,,,Was something fetched for the carpenter?,Yes,"{""same_structure_plausible_uid"": ""gibson2013/dopo_for/5/DO_plausible"", ""structure"": ""DO"", ""type"": ""Target""}"
gibson2013,dopo_for,5,PO_implausible,gibson2013/dopo_for/5/PO_implausible,The apprentice fetched the carpenter for a hammer.,the apprentice fetched the carpenter for a hammer .,The apprentice fetched the carpenter for a hammer.,,98,implausible,,dative,gibson2013/dopo_for/5/DO_plausible,The apprentice fetched the carpenter a hammer.,del,del,for,,5,Was something fetched for the carpenter?,No,"{""same_structure_plausible_uid"": ""gibson2013/dopo_for/5/PO_plausible"", ""structure"": ""PO"", ""type"": ""Target""}"
gibson2013,dopo_for,5,PO_plausible,gibson2013/dopo_for/5/PO_plausible,The apprentice fetched a hammer for the carpenter.,the apprentice fetched a hammer for the carpenter .,The apprentice fetched a hammer for the carpenter.,,99,plausible,,dative,gibson2013/dopo_for/5/PO_plausible,The apprentice fetched a hammer for the carpenter.,none,,,,,Was something fetched for the carpenter?,Yes,"{""same_structure_plausible_uid"": ""gibson2013/dopo_for/5/PO_plausible"", ""structure"": ""PO"", ""type"": ""Target""}"
gibson2013,dopo_for,6,DO_implausible,gibson2013/dopo_for/6/DO_implausible,The secretary ordered some office supplies the boss.,the secretary ordered some office supplies the boss .,The secretary ordered some office supplies the boss.,,100,implausible,,dative,gibson2013/dopo_for/6/PO_plausible,The secretary ordered some office supplies for the boss.,ins,ins,,for,,Was something ordered for the boss?,No,"{""same_structure_plausible_uid"": ""gibson2013/dopo_for/6/DO_plausible"", ""structure"": ""DO"", ""type"": ""Target""}"
gibson2013,dopo_for,6,DO_plausible,gibson2013/dopo_for/6/DO_plausible,The secretary ordered the boss some office supplies.,the secretary ordered the boss some office supplies .,The secretary ordered the boss some office supplies.,,101,plausible,,dative,gibson2013/dopo_for/6/DO_plausible,The secretary ordered the boss some office supplies.,none,,,,,Was something ordered for the boss?,Yes,"{""same_structure_plausible_uid"": ""gibson2013/dopo_for/6/DO_plausible"", ""structure"": ""DO"", ""type"": ""Target""}"
gibson2013,dopo_for,6,PO_implausible,gibson2013/dopo_for/6/PO_implausible,The secretary ordered the boss for some office supplies.,the secretary ordered the boss for some office supplies .,The secretary ordered the boss for some office supplies.,,102,implausible,,dative,gibson2013/dopo_for/6/DO_plausible,The secretary ordered the boss some office supplies.,del,del,for,,5,Was something ordered for the boss?,No,"{""same_structure_plausible_uid"": ""gibson2013/dopo_for/6/PO_plausible"", ""structure"": ""PO"", ""type"": ""Target""}"
gibson2013,dopo_for,6,PO_plausible,gibson2013/dopo_for/6/PO_plausible,The secretary ordered some office supplies for the boss.,the secretary ordered some office supplies for the boss .,The secretary ordered some office supplies for the boss.,,103,plausible,,dative,gibson2013/dopo_for/6/PO_plausible,The secretary ordered some office supplies for the boss.,none,,,,,Was something ordered for the boss?,Yes,"{""same_structure_plausible_uid"": ""gibson2013/dopo_for/6/PO_plausible"", ""structure"": ""PO"", ""type"": ""Target""}"
gibson2013,dopo_for,7,DO_implausible,gibson2013/dopo_for/7/DO_implausible,The wife reserved a table her husband.,the wife reserved a table her husband .,The wife reserved a table her husband.,,104,implausible,,dative,gibson2013/dopo_for/7/PO_plausible,The wife reserved table for her husband.,multi,del;ins,a,,3,Was something reserved for the husband?,No,"{""same_structure_plausible_uid"": ""gibson2013/dopo_for/7/DO_plausible"", ""structure"": ""DO"", ""type"": ""Target""}"
gibson2013,dopo_for,7,DO_plausible,gibson2013/dopo_for/7/DO_plausible,The wife reserved her husband a table.,the wife reserved her husband a table .,The wife reserved her husband a table.,,105,plausible,,dative,gibson2013/dopo_for/7/DO_plausible,The wife reserved her husband a table.,none,,,,,Was something reserved for the husband?,Yes,"{""same_structure_plausible_uid"": ""gibson2013/dopo_for/7/DO_plausible"", ""structure"": ""DO"", ""type"": ""Target""}"
gibson2013,dopo_for,7,PO_implausible,gibson2013/dopo_for/7/PO_implausible,The wife reserved her husband for a table.,the wife reserved her husband for a table .,The wife reserved her husband for a table.,,106,implausible,,dative,gibson2013/dopo_for/7/DO_plausible,The wife reserved her husband a table.,del,del,for,,5,Was something reserved for the husband?,No,"{""same_structure_plausible_uid"": ""gibson2013/dopo_for/7/PO_plausible"", ""structure"": ""PO"", ""type"": ""Target""}"
gibson2013,dopo_for,7,PO_plausible,gibson2013/dopo_for/7/PO_plausible,The wife reserved table for her husband.,the wife reserved table for her husband .,The wife reserved table for her husband.,,107,plausible,,dative,gibson2013/dopo_for/7/PO_plausible,The wife reserved table for her husband.,none,,,,,Was something reserved for the husband?,Yes,"{""same_structure_plausible_uid"": ""gibson2013/dopo_for/7/PO_plausible"", ""structure"": ""PO"", ""type"": ""Target""}"
gibson2013,dopo_for,8,DO_implausible,gibson2013/dopo_for/8/DO_implausible,The father bought a bicycle his son.,the father bought a bicycle his son .,The father bought a bicycle his son.,,108,implausible,,dative,gibson2013/dopo_for/8/PO_plausible,The father bought a bicycle for his son.,ins,ins,,for,,Was something bought for the son?,No,"{""same_structure_plausible_uid"": ""gibson2013/dopo_for/8/DO_plausible"", ""structure"": ""DO"", ""type"": ""Target""}"
gibson2013,dopo_for,8,DO_plausible,gibson2013/dopo_for/8/DO_plausible,The father bought his son a bicycle.,the father bought his son a bicycle .,The father bought his son a bicycle.,,109,plausible,,dative,gibson2013/dopo_for/8/DO_plausible,The father bought his son a bicycle.,none,,,,,Was something bought for the son?,Yes,"{""same_structure_plausible_uid"": ""gibson2013/dopo_for/8/DO_plausible"", ""structure"": ""DO"", ""type"": ""Target""}"
gibson2013,dopo_for,8,PO_implausible,gibson2013/dopo_for/8/PO_implausible,The father bought his son for a bicycle.,the father bought his son for a bicycle .,The father bought his son for a bicycle.,,110,implausible,,dative,gibson2013/dopo_for/8/DO_plausible,The father bought his son a bicycle.,del,del,for,,5,Was something bought for the son?,No,"{""same_structure_plausible_uid"": ""gibson2013/dopo_for/8/PO_plausible"", ""structure"": ""PO"", ""type"": ""Target""}"
gibson2013,dopo_for,8,PO_plausible,gibson2013/dopo_for/8/PO_plausible,The father bought a bicycle for his son.,the father bought a bicycle for his son .,The father bought a bicycle for his son.,,111,plausible,,dative,gibson2013/dopo_for/8/PO_plausible,The father bought a bicycle for his son.,none,,,,,Was something bought for the son?,Yes,"{""same_structure_plausible_uid"": ""gibson2013/dopo_for/8/PO_plausible"", ""structure"": ""PO"", ""type"": ""Target""}"
gibson2013,dopo_for,9,DO_implausible,gibson2013/dopo_for/9/DO_implausible,The charity built a house the hurricane victim.,the charity built a house the hurricane victim .,The charity built a house the hurricane victim.,,112,implausible,,dative,gibson2013/dopo_for/9/PO_plausible,The charity built a house for the hurricane victim.,ins,ins,,for,,Was something built for the hurricane victim?,No,"{""same_structure_plausible_uid"": ""gibson2013/dopo_for/9/DO_plausible"", ""structure"": ""DO"", ""type"": ""Target""}"
gibson2013,dopo_for,9,DO_plausible,gibson2013/dopo_for/9/DO_plausible,The charity built the hurricane victim a house.,the charity built the hurricane victim a house .,The charity built the hurricane victim a house.,,113,plausible,,dative,gibson2013/dopo_for/9/DO_plausible,The charity built the hurricane victim a house.,none,,,,,Was something built for the hurricane victim?,Yes,"{""same_structure_plausible_uid"": ""gibson2013/dopo_for/9/DO_plausible"", ""structure"": ""DO"", ""type"": ""Target""}"
gibson2013,dopo_for,9,PO_implausible,gibson2013/dopo_for/9/PO_implausible,The charity built the hurricane victim for a house.,the charity built the hurricane victim for a house .,The charity built the hurricane victim for a house.,,114,implausible,,dative,gibson2013/dopo_for/9/DO_plausible,The charity built the hurricane victim a house.,del,del,for,,6,Was something built for the hurricane victim?,No,"{""same_structure_plausible_uid"": ""gibson2013/dopo_for/9/PO_plausible"", ""structure"": ""PO"", ""type"": ""Target""}"
gibson2013,dopo_for,9,PO_plausible,gibson2013/dopo_for/9/PO_plausible,The charity built a house for the hurricane victim.,the charity built a house for the hurricane victim .,The charity built a house for the hurricane victim.,,115,plausible,,dative,gibson2013/dopo_for/9/PO_plausible,The charity built a house for the hurricane victim.,none,,,,,Was something built for the hurricane victim?,Yes,"{""same_structure_plausible_uid"": ""gibson2013/dopo_for/9/PO_plausible"", ""structure"": ""PO"", ""type"": ""Target""}"
gibson2013,dopo_for,10,DO_implausible,gibson2013/dopo_for/10/DO_implausible,The waitress fixed a sandwich the customer.,the waitress fixed a sandwich the customer .,The waitress fixed a sandwich the customer.,,116,implausible,,dative,gibson2013/dopo_for/10/PO_plausible,The waitress fixed a sandwich for the customer.,ins,ins,,for,,Was something fixed for the customer?,No,"{""same_structure_plausible_uid"": ""gibson2013/dopo_for/10/DO_plausible"", ""structure"": ""DO"", ""type"": ""Target""}"
gibson2013,dopo_for,10,DO_plausible,gibson2013/dopo_for/10/DO_plausible,The waitress fixed the customer a sandwich.,the waitress fixed the customer a sandwich .,The waitress fixed the customer a sandwich.,,117,plausible,,dative,gibson2013/dopo_for/10/DO_plausible,The waitress fixed the customer a sandwich.,none,,,,,Was something fixed for the customer?,Yes,"{""same_structure_plausible_uid"": ""gibson2013/dopo_for/10/DO_plausible"", ""structure"": ""DO"", ""type"": ""Target""}"
gibson2013,dopo_for,10,PO_implausible,gibson2013/dopo_for/10/PO_implausible,The waitress fixed the customer for a sandwich.,the waitress fixed the customer for a sandwich .,The waitress fixed the customer for a sandwich.,,118,implausible,,dative,gibson2013/dopo_for/10/DO_plausible,The waitress fixed the customer a sandwich.,del,del,for,,5,Was something fixed for the customer?,No,"{""same_structure_plausible_uid"": ""gibson2013/dopo_for/10/PO_plausible"", ""structure"": ""PO"", ""type"": ""Target""}"
gibson2013,dopo_for,10,PO_plausible,gibson2013/dopo_for/10/PO_plausible,The waitress fixed a sandwich for the customer.,the waitress fixed a sandwich for the customer .,The waitress fixed a sandwich for the customer.,,119,plausible,,dative,gibson2013/dopo_for/10/PO_plausible,The waitress fixed a sandwich for the customer.,none,,,,,Was something fixed for the customer?,Yes,"{""same_structure_plausible_uid"": ""gibson2013/dopo_for/10/PO_plausible"", ""structure"": ""PO"", ""type"": ""Target""}"
gibson2013,dopo_for,11,DO_implausible,gibson2013/dopo_for/11/DO_implausible,The grandmother baked some cookies the grandson.,the grandmother baked some cookies the grandson .,The grandmother baked some cookies the grandson.,,120,implausible,,dative,gibson2013/dopo_for/11/PO_plausible,The grandmother baked some cookies for the grandson.,ins,ins,,for,,Was something baked for the cookies?,Yes,"{""same_structure_plausible_uid"": ""gibson2013/dopo_for/11/DO_plausible"", ""structure"": ""DO"", ""type"": ""Target""}"
gibson2013,dopo_for,11,DO_plausible,gibson2013/dopo_for/11/DO_plausible,The grandmother baked the grandson some cookies.,the grandmother baked the grandson some cookies .,The grandmother baked the grandson some cookies.,,121,plausible,,dative,gibson2013/dopo_for/11/DO_plausible,The grandmother baked the grandson some cookies.,none,,,,,Was something baked for the cookies?,No,"{""same_structure_plausible_uid"": ""gibson2013/dopo_for/11/DO_plausible"", ""structure"": ""DO"", ""type"": ""Target""}"
gibson2013,dopo_for,11,PO_implausible,gibson2013/dopo_for/11/PO_implausible,The grandmother baked the grandson for some cookies.,the grandmother baked the grandson for some cookies .,The grandmother baked the grandson for some cookies.,,122,implausible,,dative,gibson2013/dopo_for/11/DO_plausible,The grandmother baked the grandson some cookies.,del,del,for,,5,Was something baked for the cookies?,Yes,"{""same_structure_plausible_uid"": ""gibson2013/dopo_for/11/PO_plausible"", ""structure"": ""PO"", ""type"": ""Target""}"
gibson2013,dopo_for,11,PO_plausible,gibson2013/dopo_for/11/PO_plausible,The grandmother baked some cookies for the grandson.,the grandmother baked some cookies for the grandson .,The grandmother baked some cookies for the grandson.,,123,plausible,,dative,gibson2013/dopo_for/11/PO_plausible,The grandmother baked some cookies for the grandson.,none,,,,,Was something baked for the cookies?,No,"{""same_structure_plausible_uid"": ""gibson2013/dopo_for/11/PO_plausible"", ""structure"": ""PO"", ""type"": ""Target""}"
gibson2013,dopo_for,12,DO_implausible,gibson2013/dopo_for/12/DO_implausible,The nurse poured some water the old man.,the nurse poured some water the old man .,The nurse poured some water the old man.,,124,implausible,,dative,gibson2013/dopo_for/12/PO_plausible,The nurse poured some water for the old man.,ins,ins,,for,,Was something poured for the water?,Yes,"{""same_structure_plausible_uid"": ""gibson2013/dopo_for/12/DO_plausible"", ""structure"": ""DO"", ""type"": ""Target""}"
gibson2013,dopo_for,12,DO_plausible,gibson2013/dopo_for/12/DO_plausible,The nurse poured the old man some water.,the nurse poured the old man some water .,The nurse poured the old man some water.,,125,plausible,,dative,gibson2013/dopo_for/12/DO_plausible,The nurse poured the old man some water.,none,,,,,Was something poured for the water?,No,"{""same_structure_plausible_uid"": ""gibson2013/dopo_for/12/DO_plausible"", ""structure"": ""DO"", ""type"": ""Target""}"
gibson2013,dopo_for,12,PO_implausible,gibson2013/dopo_for/12/PO_implausible,The nurse poured the old man for some water.,the nurse poured the old man for some water .,The nurse poured the old man for some water.,,126,implausible,,dative,gibson2013/dopo_for/12/DO_plausible,The nurse poured the old man some water.,del,del,for,,6,Was something poured for the water?,Yes,"{""same_structure_plausible_uid"": ""gibson2013/dopo_for/12/PO_plausible"", ""structure"": ""PO"", ""type"": ""Target""}"
gibson2013,dopo_for,12,PO_plausible,gibson2013/dopo_for/12/PO_plausible,The nurse poured some water for the old man.,the nurse poured some water for the old man .,The nurse poured some water for the old man.,,127,plausible,,dative,gibson2013/dopo_for/12/PO_plausible,The nurse poured some water for the old man.,none,,,,,Was something poured for the water?,No,"{""same_structure_plausible_uid"": ""gibson2013/dopo_for/12/PO_plausible"", ""structure"": ""PO"", ""type"": ""Target""}"
gibson2013,dopo_for,13,DO_implausible,gibson2013/dopo_for/13/DO_implausible,The receptionist saved some cake her co-worker.,the receptionist saved some cake her co-worker .,The receptionist saved some cake her co-worker.,,128,implausible,,dative,gibson2013/dopo_for/13/PO_plausible,The receptionist saved some cake for her co-worker.,ins,ins,,for,,Was something saved for the cake?,Yes,"{""same_structure_plausible_uid"": ""gibson2013/dopo_for/13/DO_plausible"", ""structure"": ""DO"", ""type"": ""Target""}"
gibson2013,dopo_for,13,DO_plausible,gibson2013/dopo_for/13/DO_plausible,The receptionist saved her co-worker some cake.,the receptionist saved her co-worker some cake .,The receptionist saved her co-worker some cake.,,129,plausible,,dative,gibson2013/dopo_for/13/DO_plausible,The receptionist saved her co-worker some cake.,none,,,,,Was something saved for the cake?,No,"{""same_structure_plausible_uid"": ""gibson2013/dopo_for/13/DO_plausible"", ""structure"": ""DO"", ""type"": ""Target""}"
gibson2013,dopo_for,13,PO_implausible,gibson2013/dopo_for/13/PO_implausible,The receptionist saved her co-worker for some cake.,the receptionist saved her co-worker for some cake .,The receptionist saved her co-worker for some cake.,,130,implausible,,dative,gibson2013/dopo_for/13/DO_plausible,The receptionist saved her co-worker some cake.,del,del,for,,5,Was something saved for the cake?,Yes,"{""same_structure_plausible_uid"": ""gibson2013/dopo_for/13/PO_plausible"", ""structure"": ""PO"", ""type"": ""Target""}"
gibson2013,dopo_for,13,PO_plausible,gibson2013/dopo_for/13/PO_plausible,The receptionist saved some cake for her co-worker.,the receptionist saved some cake for her co-worker .,The receptionist saved some cake for her co-worker.,,131,plausible,,dative,gibson2013/dopo_for/13/PO_plausible,The receptionist saved some cake for her co-worker.,none,,,,,Was something saved for the cake?,No,"{""same_structure_plausible_uid"": ""gibson2013/dopo_for/13/PO_plausible"", ""structure"": ""PO"", ""type"": ""Target""}"
gibson2013,dopo_for,14,DO_implausible,gibson2013/dopo_for/14/DO_implausible,The seamstress made a dress her client.,the seamstress made a dress her client .,The seamstress made a dress her client.,,132,implausible,,dative,gibson2013/dopo_for/14/PO_plausible,The seamstress made a dress for her client.,ins,ins,,for,,Was something made for the dress?,Yes,"{""same_structure_plausible_uid"": ""gibson2013/dopo_for/14/DO_plausible"", ""structure"": ""DO"", ""type"": ""Target""}"
gibson2013,dopo_for,14,DO_plausible,gibson2013/dopo_for/14/DO_plausible,The seamstress made her client a dress.,the seamstress made her client a dress .,The seamstress made her client a dress.,,133,plausible,,dative,gibson2013/dopo_for/14/DO_plausible,The seamstress made her client a dress.,none,,,,,Was something made for the dress?,No,"{""same_structure_plausible_uid"": ""gibson2013/dopo_for/14/DO_plausible"", ""structure"": ""DO"", ""type"": ""Target""}"
gibson2013,dopo_for,14,PO_implausible,gibson2013/dopo_for/14/PO_implausible,The seamstress made her client for a dress.,the seamstress made her client for a dress .,The seamstress made her client for a dress.,,134,implausible,,dative,gibson2013/dopo_for/14/DO_plausible,The seamstress made her client a dress.,del,del,for,,5,Was something made for the dress?,Yes,"{""same_structure_plausible_uid"": ""gibson2013/dopo_for/14/PO_plausible"", ""structure"": ""PO"", ""type"": ""Target""}"
gibson2013,dopo_for,14,PO_plausible,gibson2013/dopo_for/14/PO_plausible,The seamstress made a dress for her client.,the seamstress made a dress for her client .,The seamstress made a dress for her client.,,135,plausible,,dative,gibson2013/dopo_for/14/PO_plausible,The seamstress made a dress for her client.,none,,,,,Was something made for the dress?,No,"{""same_structure_plausible_uid"": ""gibson2013/dopo_for/14/PO_plausible"", ""structure"": ""PO"", ""type"": ""Target""}"
gibson2013,dopo_for,15,DO_implausible,gibson2013/dopo_for/15/DO_implausible,The lab-assistant fetched a test-tube the scientist.,the lab-assistant fetched a test-tube the scientist .,The lab-assistant fetched a test-tube the scientist.,,136,implausible,,dative,gibson2013/dopo_for/15/PO_plausible,The lab-assistant fetched a test-tube for the scientist.,ins,ins,,for,,Was something fetched for the test-tube?,Yes,"{""same_structure_plausible_uid"": ""gibson2013/dopo_for/15/DO_plausible"", ""structure"": ""DO"", ""type"": ""Target""}"
gibson2013,dopo_for,15,DO_plausible,gibson2013/dopo_for/15/DO_plausible,The lab-assistant fetched the scientist a test-tube.,the lab-assistant fetched the scientist a test-tube .,The lab-assistant fetched the scientist a test-tube.,,137,plausible,,dative,gibson2013/dopo_for/15/DO_plausible,The lab-assistant fetched the scientist a test-tube.,none,,,,,Was something fetched for the test-tube?,No,"{""same_structure_plausible_uid"": ""gibson2013/dopo_for/15/DO_plausible"", ""structure"": ""DO"", ""type"": ""Target""}"
gibson2013,dopo_for,15,PO_implausible,gibson2013/dopo_for/15/PO_implausible,The lab-assistant fetched the scientist for a test-tube.,the lab-assistant fetched the scientist for a test-tube .,The lab-assistant fetched the scientist for a test-tube.,,138,implausible,,dative,gibson2013/dopo_for/15/DO_plausible,The lab-assistant fetched the scientist a test-tube.,del,del,for,,5,Was something fetched for the test-tube?,Yes,"{""same_structure_plausible_uid"": ""gibson2013/dopo_for/15/PO_plausible"", ""structure"": ""PO"", ""type"": ""Target""}"
gibson2013,dopo_for,15,PO_plausible,gibson2013/dopo_for/15/PO_plausible,The lab-assistant fetched a test-tube for the scientist.,the lab-assistant fetched a test-tube for the scientist .,The lab-assistant fetched a test-tube for the scientist.,,139,plausible,,dative,gibson2013/dopo_for/15/PO_plausible,The lab-assistant fetched a test-tube for the scientist.,none,,,,,Was something fetched for the test-tube?,No,"{""same_structure_plausible_uid"": ""gibson2013/dopo_for/15/PO_plausible"", ""structure"": ""PO"", ""type"": ""Target""}"
gibson2013,dopo_for,16,DO_implausible,gibson2013/dopo_for/16/DO_implausible,The man ordered some champagne his girlfriend.,the man ordered some champagne his girlfriend .,The man ordered some champagne his girlfriend.,,140,implausible,,dative,gibson2013/dopo_for/16/PO_plausible,The man ordered some champagne for his girlfriend.,ins,ins,,for,,Was something ordered for the champagne?,Yes,"{""same_structure_plausible_uid"": ""gibson2013/dopo_for/16/DO_plausible"", ""structure"": ""DO"", ""type"": ""Target""}"
gibson2013,dopo_for,16,DO_plausible,gibson2013/dopo_for/16/DO_plausible,The man ordered his girlfriend some champagne.,the man ordered his girlfriend some champagne .,The man ordered his girlfriend some champagne.,,141,plausible,,dative,gibson2013/dopo_for/16/DO_plausible,The man ordered his girlfriend some champagne.,none,,,,,Was something ordered for the champagne?,No,"{""same_structure_plausible_uid"": ""gibson2013/dopo_for/16/DO_plausible"", ""structure"": ""DO"", ""type"": ""Target""}"
gibson2013,dopo_for,16,PO_implausible,gibson2013/dopo_for/16/PO_implausible,The man ordered his girlfriend for some champagne.,the man ordered his girlfriend for some champagne .,The man ordered his girlfriend for some champagne.,,142,implausible,,dative,gibson2013/dopo_for/16/DO_plausible,The man ordered his girlfriend some champagne.,del,del,for,,5,Was something ordered for the champagne?,Yes,"{""same_structure_plausible_uid"": ""gibson2013/dopo_for/16/PO_plausible"", ""structure"": ""PO"", ""type"": ""Target""}"
gibson2013,dopo_for,16,PO_plausible,gibson2013/dopo_for/16/PO_plausible,The man ordered some champagne for his girlfriend.,the man ordered some champagne for his girlfriend .,The man ordered some champagne for his girlfriend.,,143,plausible,,dative,gibson2013/dopo_for/16/PO_plausible,The man ordered some champagne for his girlfriend.,none,,,,,Was something ordered for the champagne?,No,"{""same_structure_plausible_uid"": ""gibson2013/dopo_for/16/PO_plausible"", ""structure"": ""PO"", ""type"": ""Target""}"
gibson2013,dopo_for,17,DO_implausible,gibson2013/dopo_for/17/DO_implausible,The travel agent reserved a flight the businessman.,the travel agent reserved a flight the businessman .,The travel agent reserved a flight the businessman.,,144,implausible,,dative,gibson2013/dopo_for/17/PO_plausible,The travel agent reserved a flight for the businessman.,ins,ins,,for,,Was something reserved for the flight?,Yes,"{""same_structure_plausible_uid"": ""gibson2013/dopo_for/17/DO_plausible"", ""structure"": ""DO"", ""type"": ""Target""}"
gibson2013,dopo_for,17,DO_plausible,gibson2013/dopo_for/17/DO_plausible,The travel agent reserved the businessman a flight.,the travel agent reserved the businessman a flight .,The travel agent reserved the businessman a flight.,,145,plausible,,dative,gibson2013/dopo_for/17/DO_plausible,The travel agent reserved the businessman a flight.,none,,,,,Was something reserved for the flight?,No,"{""same_structure_plausible_uid"": ""gibson2013/dopo_for/17/DO_plausible"", ""structure"": ""DO"", ""type"": ""Target""}"
gibson2013,dopo_for,17,PO_implausible,gibson2013/dopo_for/17/PO_implausible,The travel agent reserved the businessman for a flight.,the travel agent reserved the businessman for a flight .,The travel agent reserved the businessman for a flight.,,146,implausible,,dative,gibson2013/dopo_for/17/DO_plausible,The travel agent reserved the businessman a flight.,del,del,for,,6,Was something reserved for the flight?,Yes,"{""same_structure_plausible_uid"": ""gibson2013/dopo_for/17/PO_plausible"", ""structure"": ""PO"", ""type"": ""Target""}"
gibson2013,dopo_for,17,PO_plausible,gibson2013/dopo_for/17/PO_plausible,The travel agent reserved a flight for the businessman.,the travel agent reserved a flight for the businessman .,The travel agent reserved a flight for the businessman.,,147,plausible,,dative,gibson2013/dopo_for/17/PO_plausible,The travel agent reserved a flight for the businessman.,none,,,,,Was something reserved for the flight?,No,"{""same_structure_plausible_uid"": ""gibson2013/dopo_for/17/PO_plausible"", ""structure"": ""PO"", ""type"": ""Target""}"
gibson2013,dopo_for,18,DO_implausible,gibson2013/dopo_for/18/DO_implausible,The boyfriend obtained some concert tickets his girlfriend.,the boyfriend obtained some concert tickets his girlfriend .,The boyfriend obtained some concert tickets his girlfriend.,,148,implausible,,dative,gibson2013/dopo_for/18/PO_plausible,The boyfriend obtained some concert tickets for his girlfriend.,ins,ins,,for,,Was something obtained for the concert tickets?,Yes,"{""same_structure_plausible_uid"": ""gibson2013/dopo_for/18/DO_plausible"", ""structure"": ""DO"", ""type"": ""Target""}"
gibson2013,dopo_for,18,DO_plausible,gibson2013/dopo_for/18/DO_plausible,The boyfriend obtained his girlfriend some concert tickets.,the boyfriend obtained his girlfriend some concert tickets .,The boyfriend obtained his girlfriend some concert tickets.,,149,plausible,,dative,gibson2013/dopo_for/18/DO_plausible,The boyfriend obtained his girlfriend some concert tickets.,none,,,,,Was something obtained for the concert tickets?,No,"{""same_structure_plausible_uid"": ""gibson2013/dopo_for/18/DO_plausible"", ""structure"": ""DO"", ""type"": ""Target""}"
gibson2013,dopo_for,18,PO_implausible,gibson2013/dopo_for/18/PO_implausible,The boyfriend obtained his girlfriend for some concert tickets.,the boyfriend obtained his girlfriend for some concert tickets .,The boyfriend obtained his girlfriend for some concert tickets.,,150,implausible,,dative,gibson2013/dopo_for/18/DO_plausible,The boyfriend obtained his girlfriend some concert tickets.,del,del,for,,5,Was something obtained for the concert tickets?,Yes,"{""same_structure_plausible_uid"": ""gibson2013/dopo_for/18/PO_plausible"", ""structure"": ""PO"", ""type"": ""Target""}"
gibson2013,dopo_for,18,PO_plausible,gibson2013/dopo_for/18/PO_plausible,The boyfriend obtained some concert tickets for his girlfriend.,the boyfriend obtained some concert tickets for his girlfriend .,The boyfriend obtained some concert tickets for his girlfriend.,,151,plausible,,dative,gibson2013/dopo_for/18/PO_plausible,The boyfriend obtained some concert tickets for his girlfriend.,none,,,,,Was something obtained for the concert tickets?,No,"{""same_structure_plausible_uid"": ""gibson2013/dopo_for/18/PO_plausible"", ""structure"": ""PO"", ""type"": ""Target""}"
gibson2013,dopo_for,19,DO_implausible,gibson2013/dopo_for/19/DO_implausible,The church built a shelter the homeless.,the church built a shelter the homeless .,The church built a shelter the homeless.,,152,implausible,,dative,gibson2013/dopo_for/19/PO_plausible,The church built a shelter for the homeless.,ins,ins,,for,,Was something built for the shelter?,Yes,"{""same_structure_plausible_uid"": ""gibson2013/dopo_for/19/DO_plausible"", ""structure"": ""DO"", ""type"": ""Target""}"
gibson2013,dopo_for,19,DO_plausible,gibson2013/dopo_for/19/DO_plausible,The church built the homeless a shelter.,the church built the homeless a shelter .,The church built the homeless a shelter.,,153,plausible,,dative,gibson2013/dopo_for/19/DO_plausible,The church built the homeless a shelter.,none,,,,,Was something built for the shelter?,No,"{""same_structure_plausible_uid"": ""gibson2013/dopo_for/19/DO_plausible"", ""structure"": ""DO"", ""type"": ""Target""}"
gibson2013,dopo_for,19,PO_implausible,gibson2013/dopo_for/19/PO_implausible,The church built the homeless for a shelter.,the church built the homeless for a shelter .,The church built the homeless for a shelter.,,154,implausible,,dative,gibson2013/dopo_for/19/DO_plausible,The church built the homeless a shelter.,del,del,for,,5,Was something built for the shelter?,Yes,"{""same_structure_plausible_uid"": ""gibson2013/dopo_for/19/PO_plausible"", ""structure"": ""PO"", ""type"": ""Target""}"
gibson2013,dopo_for,19,PO_plausible,gibson2013/dopo_for/19/PO_plausible,The church built a shelter for the homeless.,the church built a shelter for the homeless .,The church built a shelter for the homeless.,,155,plausible,,dative,gibson2013/dopo_for/19/PO_plausible,The church built a shelter for the homeless.,none,,,,,Was something built for the shelter?,No,"{""same_structure_plausible_uid"": ""gibson2013/dopo_for/19/PO_plausible"", ""structure"": ""PO"", ""type"": ""Target""}"
gibson2013,dopo_for,20,DO_implausible,gibson2013/dopo_for/20/DO_implausible,The babysitter fixed some lunch the child.,the babysitter fixed some lunch the child .,The babysitter fixed some lunch the child.,,156,implausible,,dative,gibson2013/dopo_for/20/PO_plausible,The babysitter fixed some lunch for the child.,ins,ins,,for,,Was something fixed for the lunch?,Yes,"{""same_structure_plausible_uid"": ""gibson2013/dopo_for/20/DO_plausible"", ""structure"": ""DO"", ""type"": ""Target""}"
gibson2013,dopo_for,20,DO_plausible,gibson2013/dopo_for/20/DO_plausible,The babysitter fixed the child some lunch.,the babysitter fixed the child some lunch .,The babysitter fixed the child some lunch.,,157,plausible,,dative,gibson2013/dopo_for/20/DO_plausible,The babysitter fixed the child some lunch.,none,,,,,Was something fixed for the lunch?,No,"{""same_structure_plausible_uid"": ""gibson2013/dopo_for/20/DO_plausible"", ""structure"": ""DO"", ""type"": ""Target""}"
gibson2013,dopo_for,20,PO_implausible,gibson2013/dopo_for/20/PO_implausible,The babysitter fixed the child for some lunch.,the babysitter fixed the child for some lunch .,The babysitter fixed the child for some lunch.,,158,implausible,,dative,gibson2013/dopo_for/20/DO_plausible,The babysitter fixed the child some lunch.,del,del,for,,5,Was something fixed for the lunch?,Yes,"{""same_structure_plausible_uid"": ""gibson2013/dopo_for/20/PO_plausible"", ""structure"": ""PO"", ""type"": ""Target""}"
gibson2013,dopo_for,20,PO_plausible,gibson2013/dopo_for/20/PO_plausible,The babysitter fixed some lunch for the child.,the babysitter fixed some lunch for the child .,The babysitter fixed some lunch for the child.,,159,plausible,,dative,gibson2013/dopo_for/20/PO_plausible,The babysitter fixed some lunch for the child.,none,,,,,Was something fixed for the lunch?,No,"{""same_structure_plausible_uid"": ""gibson2013/dopo_for/20/PO_plausible"", ""structure"": ""PO"", ""type"": ""Target""}"
gibson2013,transitive_intransitive,1,Preposition_implausible,gibson2013/transitive_intransitive/1/Preposition_implausible,The tax law benefited from the businessman.,the tax law benefited from the businessman .,The tax law benefited from the businessman.,,160,implausible,,transitivity,gibson2013/transitive_intransitive/1/Transitive_plausible,The tax law benefited the businessman.,del,del,from,,4,Did the tax law benefit from anything?,Yes,"{""same_structure_plausible_uid"": ""gibson2013/transitive_intransitive/1/Preposition_plausible"", ""structure"": ""Preposition"", ""type"": ""Target""}"
gibson2013,transitive_intransitive,1,Preposition_plausible,gibson2013/transitive_intransitive/1/Preposition_plausible,The businessman benefited from the tax law.,the businessman benefited from the tax law .,The businessman benefited from the tax law.,,161,plausible,,transitivity,gibson2013/transitive_intransitive/1/Preposition_plausible,The businessman benefited from the tax law.,none,,,,,Did the tax law benefit from anything?,No,"{""same_structure_plausible_uid"": ""gibson2013/transitive_intransitive/1/Preposition_plausible"", ""structure"": ""Preposition"", ""type"": ""Target""}"
gibson2013,transitive_intransitive,1,Transitive_implausible,gibson2013/transitive_intransitive/1/Transitive_implausible,The businessman benefited the tax law.,the businessman benefited the tax law .,The businessman benefited the tax law.,,162,implausible,,transitivity,gibson2013/transitive_intransitive/1/Preposition_plausible,The businessman benefited from the tax law.,ins,ins,,from,,Did the tax law benefit from anything?,Yes,"{""same_structure_plausible_uid"": ""gibson2013/transitive_intransitive/1/Transitive_plausible"", ""structure"": ""Transitive"", ""type"": ""Target""}"
gibson2013,transitive_intransitive,1,Transitive_plausible,gibson2013/transitive_intransitive/1/Transitive_plausible,The tax law benefited the businessman.,the tax law benefited the businessman .,The tax law benefited the businessman.,,163,plausible,,transitivity,gibson2013/transitive_intransitive/1/Transitive_plausible,The tax law benefited the businessman.,none,,,,,Did the tax law benefit from anything?,No,"{""same_structure_plausible_uid"": ""gibson2013/transitive_intransitive/1/Transitive_plausible"", ""structure"": ""Transitive"", ""type"": ""Target""}"
gibson2013,transitive_intransitive,2,Preposition_implausible,gibson2013/transitive_intransitive/2/Preposition_implausible,The intense practice benefited from the player.,the intense practice benefited from the player .,The intense practice benefited from the player.,,164,implausible,,transitivity,gibson2013/transitive_intransitive/2/Transitive_plausible,The intense practice benefited the player.,del,del,from,,4,Did the player benefit from anything?,No,"{""same_structure_plausible_uid"": ""gibson2013/transitive_intransitive/2/Preposition_plausible"", ""structure"": ""Preposition"", ""type"": ""Target""}"
gibson2013,transitive_intransitive,2,Preposition_plausible,gibson2013/transitive_intransitive/2/Preposition_plausible,The player benefited from the intense practice.,the player benefited from the intense practice .,The player benefited from the intense practice.,,165,plausible,,transitivity,gibson2013/transitive_intransitive/2/Preposition_plausible,The player benefited from the intense practice.,none,,,,,Did the player benefit from anything?,Yes,"{""same_structure_plausible_uid"": ""gibson2013/transitive_intransitive/2/Preposition_plausible"", ""structure"": ""Preposition"", ""type"": ""Target""}"
gibson2013,transitive_intransitive,2,Transitive_implausible,gibson2013/transitive_intransitive/2/Transitive_implausible,The player benefited the intense practice.,the player benefited the intense practice .,The player benefited the intense practice.,,166,implausible,,transitivity,gibson2013/transitive_intransitive/2/Preposition_plausible,The player benefited from the intense practice.,ins,ins,,from,,Did the player benefit from anything?,No,"{""same_structure_plausible_uid"": ""gibson2013/transitive_intransitive/2/Transitive_plausible"", ""structure"": ""Transitive"", ""type"": ""Target""}"
gibson2013,transitive_intransitive,2,Transitive_plausible,gibson2013/transitive_intransitive/2/Transitive_plausible,The intense practice benefited the player.,the intense practice benefited the player .,The intense practice benefited the player.,,167,plausible,,transitivity,gibson2013/transitive_intransitive/2/Transitive_plausible,The intense practice benefited the player.,none,,,,,Did the player benefit from anything?,Yes,"{""same_structure_plausible_uid"": ""gibson2013/transitive_intransitive/2/Transitive_plausible"", ""structure"": ""Transitive"", ""type"": ""Target""}"
gibson2013,transitive_intransitive,3,Preposition_implausible,gibson2013/transitive_intransitive/3/Preposition_implausible,The extra time benefited from the child with a learning disability.,the extra time benefited from the child with a learning disability .,The extra time benefited from the child with a learning disability.,,168,implausible,,transitivity,gibson2013/transitive_intransitive/3/Transitive_plausible,The extra time benefited the child with a learning disability.,del,del,from,,4,Did the extra time benefit from anything?,Yes,"{""same_structure_plausible_uid"": ""gibson2013/transitive_intransitive/3/Preposition_plausible"", ""structure"": ""Preposition"", ""type"": ""Target""}"
gibson2013,transitive_intransitive,3,Preposition_plausible,gibson2013/transitive_intransitive/3/Preposition_plausible,The child with a learning disability benefited from the extra time.,the child with a learning disability benefited from the extra time .,The child with a learning disability benefited from the extra time.,,169,plausible,,transitivity,gibson2013/transitive_intransitive/3/Preposition_plausible,The child with a learning disability benefited from the extra time.,none,,,,,Did the extra time benefit from anything?,No,"{""same_structure_plausible_uid"": ""gibson2013/transitive_intransitive/3/Preposition_plausible"", ""structure"": ""Preposition"", ""type"": ""Target""}"
gibson2013,transitive_intransitive,3,Transitive_implausible,gibson2013/transitive_intransitive/3/Transitive_implausible,The child with a learning disability benefited the extra time.,the child with a learning disability benefited the extra time .,The child with a learning disability benefited the extra time.,,170,implausible,,transitivity,gibson2013/transitive_intransitive/3/Preposition_plausible,The child with a learning disability benefited from the extra time.,ins,ins,,from,,Did the extra time benefit from anything?,Yes,"{""same_structure_plausible_uid"": ""gibson2013/transitive_intransitive/3/Transitive_plausible"", ""structure"": ""Transitive"", ""type"": ""Target""}"
gibson2013,transitive_intransitive,3,Transitive_plausible,gibson2013/transitive_intransitive/3/Transitive_plausible,The extra time benefited the child with a learning disability.,the extra time benefited the child with a learning disability .,The extra time benefited the child with a learning disability.,,171,plausible,,transitivity,gibson2013/transitive_intransitive/3/Transitive_plausible,The extra time benefited the child with a learning disability.,none,,,,,Did the extra time benefit from anything?,No,"{""same_structure_plausible_uid"": ""gibson2013/transitive_intransitive/3/Transitive_plausible"", ""structure"": ""Transitive"", ""type"": ""Target""}"
gibson2013,transitive_intransitive,4,Preposition_implausible,gibson2013/transitive_intransitive/4/Preposition_implausible,The bribes profited from the corrupt politicians.,the bribes profited from the corrupt politicians .,The bribes profited from the corrupt politicians.,,172,implausible,,transitivity,gibson2013/transitive_intransitive/4/Transitive_plausible,The bribes profited the corrupt politicians.,del,del,from,,3,Did the politicians profit from anything?,No,"{""same_structure_plausible_uid"": ""gibson2013/transitive_intransitive/4/Preposition_plausible"", ""structure"": ""Preposition"", ""type"": ""Target""}"
gibson2013,transitive_intransitive,4,Preposition_plausible,gibson2013/transitive_intransitive/4/Preposition_plausible,The corrupt politicians profited from the bribes.,the corrupt politicians profited from the bribes .,The corrupt politicians profited from the bribes.,,173,plausible,,transitivity,gibson2013/transitive_intransitive/4/Preposition_plausible,The corrupt politicians profited from the bribes.,none,,,,,Did the politicians profit from anything?,Yes,"{""same_structure_plausible_uid"": ""gibson2013/transitive_intransitive/4/Preposition_plausible"", ""structure"": ""Preposition"", ""type"": ""Target""}"
gibson2013,transitive_intransitive,4,Transitive_implausible,gibson2013/transitive_intransitive/4/Transitive_implausible,The corrupt politicians profited the bribes.,the corrupt politicians profited the bribes .,The corrupt politicians profited the bribes.,,174,implausible,,transitivity,gibson2013/transitive_intransitive/4/Preposition_plausible,The corrupt politicians profited from the bribes.,ins,ins,,from,,Did the politicians profit from anything?,No,"{""same_structure_plausible_uid"": ""gibson2013/transitive_intransitive/4/Transitive_plausible"", ""structure"": ""Transitive"", ""type"": ""Target""}"
gibson2013,transitive_intransitive,4,Transitive_plausible,gibson2013/transitive_intransitive/4/Transitive_plausible,The bribes profited the corrupt politicians.,the bribes profited the corrupt politicians .,The bribes profited the corrupt politicians.,,175,plausible,,transitivity,gibson2013/transitive_intransitive/4/Transitive_plausible,The bribes profited the corrupt politicians.,none,,,,,Did the politicians profit from anything?,Yes,"{""same_structure_plausible_uid"": ""gibson2013/transitive_intransitive/4/Transitive_plausible"", ""structure"": ""Transitive"", ""type"": ""Target""}"
gibson2013,transitive_intransitive,5,Preposition_implausible,gibson2013/transitive_intransitive/5/Preposition_implausible,The contract profited from the business.,the contract profited from the business .,The contract profited from the business.,,176,implausible,,transitivity,gibson2013/transitive_intransitive/5/Transitive_plausible,The contract profited the business.,del,del,from,,3,Did the contract profit from anything?,Yes,"{""same_structure_plausible_uid"": ""gibson2013/transitive_intransitive/5/Preposition_plausible"", ""structure"": ""Preposition"", ""type"": ""Target""}"
gibson2013,transitive_intransitive,5,Preposition_plausible,gibson2013/transitive_intransitive/5/Preposition_plausible,The business profited from the contract.,the business profited from the contract .,The business profited from the contract.,,177,plausible,,transitivity,gibson2013/transitive_intransitive/5/Preposition_plausible,The business profited from the contract.,none,,,,,Did the contract profit from anything?,No,"{""same_structure_plausible_uid"": ""gibson2013/transitive_intransitive/5/Preposition_plausible"", ""structure"": ""Preposition"", ""type"": ""Target""}"
gibson2013,transitive_intransitive,5,Transitive_implausible,gibson2013/transitive_intransitive/5/Transitive_implausible,The business profited the contract.,the business profited the contract .,The business profited the contract.,,178,implausible,,transitivity,gibson2013/transitive_intransitive/5/Preposition_plausible,The business profited from the contract.,ins,ins,,from,,Did the contract profit from anything?,Yes,"{""same_structure_plausible_uid"": ""gibson2013/transitive_intransitive/5/Transitive_plausible"", ""structure"": ""Transitive"", ""type"": ""Target""}"
gibson2013,transitive_intransitive,5,Transitive_plausible,gibson2013/transitive_intransitive/5/Transitive_plausible,The contract profited the business.,the contract profited the business .,The contract profited the business.,,179,plausible,,transitivity,gibson2013/transitive_intransitive/5/Transitive_plausible,The contract profited the business.,none,,,,,Did the contract profit from anything?,No,"{""same_structure_plausible_uid"": ""gibson2013/transitive_intransitive/5/Transitive_plausible"", ""structure"": ""Transitive"", ""type"": ""Target""}"
gibson2013,transitive_intransitive,6,Preposition_implausible,gibson2013/transitive_intransitive/6/Preposition_implausible,The tax reduction profited from the millionaire.,the tax reduction profited from the millionaire .,The tax reduction profited from the millionaire.,,180,implausible,,transitivity,gibson2013/transitive_intransitive/6/Transitive_plausible,The tax reduction profited the millionaire.,del,del,from,,4,Did the millionaire profit from anything?,No,"{""same_structure_plausible_uid"": ""gibson2013/transitive_intransitive/6/Preposition_plausible"", ""structure"": ""Preposition"", ""type"": ""Target""}"
gibson2013,transitive_intransitive,6,Preposition_plausible,gibson2013/transitive_intransitive/6/Preposition_plausible,The millionaire profited from the tax reduction.,the millionaire profited from the tax reduction .,The millionaire profited from the tax reduction.,,181,plausible,,transitivity,gibson2013/transitive_intransitive/6/Preposition_plausible,The millionaire profited from the tax reduction.,none,,,,,Did the millionaire profit from anything?,Yes,"{""same_structure_plausible_uid"": ""gibson2013/transitive_intransitive/6/Preposition_plausible"", ""structure"": ""Preposition"", ""type"": ""Target""}"
gibson2013,transitive_intransitive,6,Transitive_implausible,gibson2013/transitive_intransitive/6/Transitive_implausible,The millionaire profited the tax reduction.,the millionaire profited the tax reduction .,The millionaire profited the tax reduction.,,182,implausible,,transitivity,gibson2013/transitive_intransitive/6/Preposition_plausible,The millionaire profited from the tax reduction.,ins,ins,,from,,Did the millionaire profit from anything?,No,"{""same_structure_plausible_uid"": ""gibson2013/transitive_intransitive/6/Transitive_plausible"", ""structure"": ""Transitive"", ""type"": ""Target""}"
gibson2013,transitive_intransitive,6,Transitive_plausible,gibson2013/transitive_intransitive/6/Transitive_plausible,The tax reduction profited the millionaire.,the tax reduction profited the millionaire .,The tax reduction profited the millionaire.,,183,plausible,,transitivity,gibson2013/transitive_intransitive/6/Transitive_plausible,The tax reduction profited the millionaire.,none,,,,,Did the millionaire profit from anything?,Yes,"{""same_structure_plausible_uid"": ""gibson2013/transitive_intransitive/6/Transitive_plausible"", ""structure"": ""Transitive"", ""type"": ""Target""}"
gibson2013,transitive_intransitive,7,Preposition_implausible,gibson2013/transitive_intransitive/7/Preposition_implausible,The new medicine deteriorated from the patient's condition.,the new medicine deteriorated from the patient's condition .,The new medicine deteriorated from the patient's condition.,,184,implausible,,transitivity,gibson2013/transitive_intransitive/7/Transitive_plausible,The new medicine deteriorated the patient's condition.,del,del,from,,4,Did the medicine deteriorate from anything?,Yes,"{""same_structure_plausible_uid"": ""gibson2013/transitive_intransitive/7/Preposition_plausible"", ""structure"": ""Preposition"", ""type"": ""Target""}"
gibson2013,transitive_intransitive,7,Preposition_plausible,gibson2013/transitive_intransitive/7/Preposition_plausible,The patient's condition deteriorated from the new medicine.,the patient's condition deteriorated from the new medicine .,The patient's condition deteriorated from the new medicine.,,185,plausible,,transitivity,gibson2013/transitive_intransitive/7/Preposition_plausible,The patient's condition deteriorated from the new medicine.,none,,,,,Did the medicine deteriorate from anything?,No,"{""same_structure_plausible_uid"": ""gibson2013/transitive_intransitive/7/Preposition_plausible"", ""structure"": ""Preposition"", ""type"": ""Target""}"
gibson2013,transitive_intransitive,7,Transitive_implausible,gibson2013/transitive_intransitive/7/Transitive_implausible,The patient's condition deteriorated the new medicine.,the patient's condition deteriorated the new medicine .,The patient's condition deteriorated the new medicine.,,186,implausible,,transitivity,gibson2013/transitive_intransitive/7/Preposition_plausible,The patient's condition deteriorated from the new medicine.,ins,ins,,from,,Did the medicine deteriorate from anything?,Yes,"{""same_structure_plausible_uid"": ""gibson2013/transitive_intransitive/7/Transitive_plausible"", ""structure"": ""Transitive"", ""type"": ""Target""}"
gibson2013,transitive_intransitive,7,Transitive_plausible,gibson2013/transitive_intransitive/7/Transitive_plausible,The new medicine deteriorated the patient's condition.,the new medicine deteriorated the patient's condition .,The new medicine deteriorated the patient's condition.,,187,plausible,,transitivity,gibson2013/transitive_intransitive/7/Transitive_plausible,The new medicine deteriorated the patient's condition.,none,,,,,Did the medicine deteriorate from anything?,No,"{""same_structure_plausible_uid"": ""gibson2013/transitive_intransitive/7/Transitive_plausible"", ""structure"": ""Transitive"", ""type"": ""Target""}"
gibson2013,transitive_intransitive,8,Preposition_implausible,gibson2013/transitive_intransitive/8/Preposition_implausible,The bad lighting deteriorated from the woman's eyesight.,the bad lighting deteriorated from the woman's eyesight .,The bad lighting deteriorated from the woman's eyesight.,,188,implausible,,transitivity,gibson2013/transitive_intransitive/8/Transitive_plausible,The bad lighting deteriorated the woman's eyesight.,del,del,from,,4,Did the woman's eyesight deteriorate from anything?,No,"{""same_structure_plausible_uid"": ""gibson2013/transitive_intransitive/8/Preposition_plausible"", ""structure"": ""Preposition"", ""type"": ""Target""}"
gibson2013,transitive_intransitive,8,Preposition_plausible,gibson2013/transitive_intransitive/8/Preposition_plausible,The woman's eyesight deteriorated from the bad lighting.,the woman's eyesight deteriorated from the bad lighting .,The woman's eyesight deteriorated from the bad lighting.,,189,plausible,,transitivity,gibson2013/transitive_intransitive/8/Preposition_plausible,The woman's eyesight deteriorated from the bad lighting.,none,,,,,Did the woman's eyesight deteriorate from anything?,Yes,"{""same_structure_plausible_uid"": ""gibson2013/transitive_intransitive/8/Preposition_plausible"", ""structure"": ""Preposition"", ""type"": ""Target""}"
gibson2013,transitive_intransitive,8,Transitive_implausible,gibson2013/transitive_intransitive/8/Transitive_implausible,The woman's eyesight deteriorated the bad lighting.,the woman's eyesight deteriorated the bad lighting .,The woman's eyesight deteriorated the bad lighting.,,190,implausible,,transitivity,gibson2013/transitive_intransitive/8/Preposition_plausible,The woman's eyesight deteriorated from the bad lighting.,ins,ins,,from,,Did the woman's eyesight deteriorate from anything?,No,"{""same_structure_plausible_uid"": ""gibson2013/transitive_intransitive/8/Transitive_plausible"", ""structure"": ""Transitive"", ""type"": ""Target""}"
gibson2013,transitive_intransitive,8,Transitive_plausible,gibson2013/transitive_intransitive/8/Transitive_plausible,The bad lighting deteriorated the woman's eyesight.,the bad lighting deteriorated the woman's eyesight .,The bad lighting deteriorated the woman's eyesight.,,191,plausible,,transitivity,gibson2013/transitive_intransitive/8/Transitive_plausible,The bad lighting deteriorated the woman's eyesight.,none,,,,,Did the woman's eyesight deteriorate from anything?,Yes,"{""same_structure_plausible_uid"": ""gibson2013/transitive_intransitive/8/Transitive_plausible"", ""structure"": ""Transitive"", ""type"": ""Target""}"
gibson2013,transitive_intransitive,9,Preposition_implausible,gibson2013/transitive_intransitive/9/Preposition_implausible,The long drought deteriorated from the soil.,the long drought deteriorated from the soil .,The long drought deteriorated from the soil.,,192,implausible,,transitivity,gibson2013/transitive_intransitive/9/Transitive_plausible,The long drought deteriorated the soil.,del,del,from,,4,Did the drought deteriorate from anything?,Yes,"{""same_structure_plausible_uid"": ""gibson2013/transitive_intransitive/9/Preposition_plausible"", ""structure"": ""Preposition"", ""type"": ""Target""}"
gibson2013,transitive_intransitive,9,Preposition_plausible,gibson2013/transitive_intransitive/9/Preposition_plausible,The soil deteriorated from the long drought.,the soil deteriorated from the long drought .,The soil deteriorated from the long drought.,,193,plausible,,transitivity,gibson2013/transitive_intransitive/9/Preposition_plausible,The soil deteriorated from the long drought.,none,,,,,Did the drought deteriorate from anything?,No,"{""same_structure_plausible_uid"": ""gibson2013/transitive_intransitive/9/Preposition_plausible"", ""structure"": ""Preposition"", ""type"": ""Target""}"
gibson2013,transitive_intransitive,9,Transitive_implausible,gibson2013/transitive_intransitive/9/Transitive_implausible,The soil deteriorated the long drought.,the soil deteriorated the long drought .,The soil deteriorated the long drought.,,194,implausible,,transitivity,gibson2013/transitive_intransitive/9/Preposition_plausible,The soil deteriorated from the long drought.,ins,ins,,from,,Did the drought deteriorate from anything?,Yes,"{""same_structure_plausible_uid"": ""gibson2013/transitive_intransitive/9/Transitive_plausible"", ""structure"": ""Transitive"", ""type"": ""Target""}"
gibson2013,transitive_intransitive,9,Transitive_plausible,gibson2013/transitive_intransitive/9/Transitive_plausible,The long drought deteriorated the soil.,the long drought deteriorated the soil .,The long drought deteriorated the soil.,,195,plausible,,transitivity,gibson2013/transitive_intransitive/9/Transitive_plausible,The long drought deteriorated the soil.,none,,,,,Did the drought deteriorate from anything?,No,"{""same_structure_plausible_uid"": ""gibson2013/transitive_intransitive/9/Transitive_plausible"", ""structure"": ""Transitive"", ""type"": ""Target""}"
gibson2013,transitive_intransitive,10,Preposition_implausible,gibson2013/transitive_intransitive/10/Preposition_implausible,The washing machine shrank inside the new sweatshirt.,the washing machine shrank inside the new sweatshirt .,The washing machine shrank inside the new sweatshirt.,,196,implausible,,transitivity,gibson2013/transitive_intransitive/10/Transitive_plausible,The washing machine shrank the new sweatshirt.,del,del,inside,,4,Was the sweatshirt shrunken by anything?,No,"{""same_structure_plausible_uid"": ""gibson2013/transitive_intransitive/10/Preposition_plausible"", ""structure"": ""Preposition"", ""type"": ""Target""}"
gibson2013,transitive_intransitive,10,Preposition_plausible,gibson2013/transitive_intransitive/10/Preposition_plausible,The new sweatshirt shrank inside the washing machine.,the new sweatshirt shrank inside the washing machine .,The new sweatshirt shrank inside the washing machine.,,197,plausible,,transitivity,gibson2013/transitive_intransitive/10/Preposition_plausible,The new sweatshirt shrank inside the washing machine.,none,,,,,Was the sweatshirt shrunken by anything?,Yes,"{""same_structure_plausible_uid"": ""gibson2013/transitive_intransitive/10/Preposition_plausible"", ""structure"": ""Preposition"", ""type"": ""Target""}"
gibson2013,transitive_intransitive,10,Transitive_implausible,gibson2013/transitive_intransitive/10/Transitive_implausible,The new sweatshirt shrank the washing machine.,the new sweatshirt shrank the washing machine .,The new sweatshirt shrank the washing machine.,,198,implausible,,transitivity,gibson2013/transitive_intransitive/10/Preposition_plausible,The new sweatshirt shrank inside the washing machine.,ins,ins,,inside,,Was the sweatshirt shrunken by anything?,No,"{""same_structure_plausible_uid"": ""gibson2013/transitive_intransitive/10/Transitive_plausible"", ""structure"": ""Transitive"", ""type"": ""Target""}"
gibson2013,transitive_intransitive,10,Transitive_plausible,gibson2013/transitive_intransitive/10/Transitive_plausible,The washing machine shrank the new sweatshirt.,the washing machine shrank the new sweatshirt .,The washing machine shrank the new sweatshirt.,,199,plausible,,transitivity,gibson2013/transitive_intransitive/10/Transitive_plausible,The washing machine shrank the new sweatshirt.,none,,,,,Was the sweatshirt shrunken by anything?,Yes,"{""same_structure_plausible_uid"": ""gibson2013/transitive_intransitive/10/Transitive_plausible"", ""structure"": ""Transitive"", ""type"": ""Target""}"
gibson2013,transitive_intransitive,11,Preposition_implausible,gibson2013/transitive_intransitive/11/Preposition_implausible,The dryer shrank inside the new cotton t-shirt.,the dryer shrank inside the new cotton t-shirt .,The dryer shrank inside the new cotton t-shirt.,,200,implausible,,transitivity,gibson2013/transitive_intransitive/11/Transitive_plausible,The dryer shrank the new cotton t-shirt.,del,del,inside,,3,Was the dryer shrunken by anything?,Yes,"{""same_structure_plausible_uid"": ""gibson2013/transitive_intransitive/11/Preposition_plausible"", ""structure"": ""Preposition"", ""type"": ""Target""}"
gibson2013,transitive_intransitive,11,Preposition_plausible,gibson2013/transitive_intransitive/11/Preposition_plausible,The new cotton t-shirt shrank inside the dryer.,the new cotton t-shirt shrank inside the dryer .,The new cotton t-shirt shrank inside the dryer.,,201,plausible,,transitivity,gibson2013/transitive_intransitive/11/Preposition_plausible,The new cotton t-shirt shrank inside the dryer.,none,,,,,Was the dryer shrunken by anything?,No,"{""same_structure_plausible_uid"": ""gibson2013/transitive_intransitive/11/Preposition_plausible"", ""structure"": ""Preposition"", ""type"": ""Target""}"
gibson2013,transitive_intransitive,11,Transitive_implausible,gibson2013/transitive_intransitive/11/Transitive_implausible,The new cotton t-shirt shrank the dryer.,the new cotton t-shirt shrank the dryer .,The new cotton t-shirt shrank the dryer.,,202,implausible,,transitivity,gibson2013/transitive_intransitive/11/Preposition_plausible,The new cotton t-shirt shrank inside the dryer.,ins,ins,,inside,,Was the dryer shrunken by anything?,Yes,"{""same_structure_plausible_uid"": ""gibson2013/transitive_intransitive/11/Transitive_plausible"", ""structure"": ""Transitive"", ""type"": ""Target""}"
gibson2013,transitive_intransitive,11,Transitive_plausible,gibson2013/transitive_intransitive/11/Transitive_plausible,The dryer shrank the new cotton t-shirt.,the dryer shrank the new cotton t-shirt .,The dryer shrank the new cotton t-shirt.,,203,plausible,,transitivity,gibson2013/transitive_intransitive/11/Transitive_plausible,The dryer shrank the new cotton t-shirt.,none,,,,,Was the dryer shrunken by anything?,No,"{""same_structure_plausible_uid"": ""gibson2013/transitive_intransitive/11/Transitive_plausible"", ""structure"": ""Transitive"", ""type"": ""Target""}"
gibson2013,transitive_intransitive,12,Preposition_implausible,gibson2013/transitive_intransitive/12/Preposition_implausible,The chemotherapy shrank from the tumor.,the chemotherapy shrank from the tumor .,The chemotherapy shrank from the tumor.,,204,implausible,,transitivity,gibson2013/transitive_intransitive/12/Transitive_plausible,The chemotherapy shrank the tumor.,del,del,from,,3,Was the tumor shrunken by anything?,No,"{""same_structure_plausible_uid"": ""gibson2013/transitive_intransitive/12/Preposition_plausible"", ""structure"": ""Preposition"", ""type"": ""Target""}"
gibson2013,transitive_intransitive,12,Preposition_plausible,gibson2013/transitive_intransitive/12/Preposition_plausible,The tumor shrank from the chemotherapy.,the tumor shrank from the chemotherapy .,The tumor shrank from the chemotherapy.,,205,plausible,,transitivity,gibson2013/transitive_intransitive/12/Preposition_plausible,The tumor shrank from the chemotherapy.,none,,,,,Was the tumor shrunken by anything?,Yes,"{""same_structure_plausible_uid"": ""gibson2013/transitive_intransitive/12/Preposition_plausible"", ""structure"": ""Preposition"", ""type"": ""Target""}"
gibson2013,transitive_intransitive,12,Transitive_implausible,gibson2013/transitive_intransitive/12/Transitive_implausible,The tumor shrank the chemotherapy.,the tumor shrank the chemotherapy .,The tumor shrank the chemotherapy.,,206,implausible,,transitivity,gibson2013/transitive_intransitive/12/Preposition_plausible,The tumor shrank from the chemotherapy.,ins,ins,,from,,Was the tumor shrunken by anything?,No,"{""same_structure_plausible_uid"": ""gibson2013/transitive_intransitive/12/Transitive_plausible"", ""structure"": ""Transitive"", ""type"": ""Target""}"
gibson2013,transitive_intransitive,12,Transitive_plausible,gibson2013/transitive_intransitive/12/Transitive_plausible,The chemotherapy shrank the tumor.,the chemotherapy shrank the tumor .,The chemotherapy shrank the tumor.,,207,plausible,,transitivity,gibson2013/transitive_intransitive/12/Transitive_plausible,The chemotherapy shrank the tumor.,none,,,,,Was the tumor shrunken by anything?,Yes,"{""same_structure_plausible_uid"": ""gibson2013/transitive_intransitive/12/Transitive_plausible"", ""structure"": ""Transitive"", ""type"": ""Target""}"
gibson2013,transitive_intransitive,13,Preposition_implausible,gibson2013/transitive_intransitive/13/Preposition_implausible,The hot stove melted from the plastic handle.,the hot stove melted from the plastic handle .,The hot stove melted from the plastic handle.,,208,implausible,,transitivity,gibson2013/transitive_intransitive/13/Transitive_plausible,The hot stove melted the plastic handle.,del,del,from,,4,Was the hot stove melted by anything?,Yes,"{""same_structure_plausible_uid"": ""gibson2013/transitive_intransitive/13/Preposition_plausible"", ""structure"": ""Preposition"", ""type"": ""Target""}"
gibson2013,transitive_intransitive,13,Preposition_plausible,gibson2013/transitive_intransitive/13/Preposition_plausible,The plastic handled melted from the hot stove.,the plastic handled melted from the hot stove .,The plastic handled melted from the hot stove.,,209,plausible,,transitivity,gibson2013/transitive_intransitive/13/Preposition_plausible,The plastic handled melted from the hot stove.,none,,,,,Was the hot stove melted by anything?,No,"{""same_structure_plausible_uid"": ""gibson2013/transitive_intransitive/13/Preposition_plausible"", ""structure"": ""Preposition"", ""type"": ""Target""}"
gibson2013,transitive_intransitive,13,Transitive_implausible,gibson2013/transitive_intransitive/13/Transitive_implausible,The plastic handle melted the hot stove.,the plastic handle melted the hot stove .,The plastic handle melted the hot stove.,,210,implausible,,transitivity,gibson2013/transitive_intransitive/13/Preposition_plausible,The plastic handled melted from the hot stove.,multi,sub;ins,handle,handled,2,Was the hot stove melted by anything?,Yes,"{""same_structure_plausible_uid"": ""gibson2013/transitive_intransitive/13/Transitive_plausible"", ""structure"": ""Transitive"", ""type"": ""Target""}"
gibson2013,transitive_intransitive,13,Transitive_plausible,gibson2013/transitive_intransitive/13/Transitive_plausible,The hot stove melted the plastic handle.,the hot stove melted the plastic handle .,The hot stove melted the plastic handle.,,211,plausible,,transitivity,gibson2013/transitive_intransitive/13/Transitive_plausible,The hot stove melted the plastic handle.,none,,,,,Was the hot stove melted by anything?,No,"{""same_structure_plausible_uid"": ""gibson2013/transitive_intransitive/13/Transitive_plausible"", ""structure"": ""Transitive"", ""type"": ""Target""}"
gibson2013,transitive_intransitive,14,Preposition_implausible,gibson2013/transitive_intransitive/14/Preposition_implausible,The hot coffee melted from the ice cream.,the hot coffee melted from the ice cream .,The hot coffee melted from the ice cream.,,212,implausible,,transitivity,gibson2013/transitive_intransitive/14/Transitive_plausible,The hot coffee melted the ice cream.,del,del,from,,4,Did the ice cream melt from anything?,No,"{""same_structure_plausible_uid"": ""gibson2013/transitive_intransitive/14/Preposition_plausible"", ""structure"": ""Preposition"", ""type"": ""Target""}"
gibson2013,transitive_intransitive,14,Preposition_plausible,gibson2013/transitive_intransitive/14/Preposition_plausible,The ice cream melted from the hot coffee.,the ice cream melted from the hot coffee .,The ice cream melted from the hot coffee.,,213,plausible,,transitivity,gibson2013/transitive_intransitive/14/Preposition_plausible,The ice cream melted from the hot coffee.,none,,,,,Did the ice cream melt from anything?,Yes,"{""same_structure_plausible_uid"": ""gibson2013/transitive_intransitive/14/Preposition_plausible"", ""structure"": ""Preposition"", ""type"": ""Target""}"
gibson2013,transitive_intransitive,14,Transitive_implausible,gibson2013/transitive_intransitive/14/Transitive_implausible,The ice cream melted the hot coffee.,the ice cream melted the hot coffee .,The ice cream melted the hot coffee.,,214,implausible,,transitivity,gibson2013/transitive_intransitive/14/Preposition_plausible,The ice cream melted from the hot coffee.,ins,ins,,from,,Did the ice cream melt from anything?,No,"{""same_structure_plausible_uid"": ""gibson2013/transitive_intransitive/14/Transitive_plausible"", ""structure"": ""Transitive"", ""type"": ""Target""}"
gibson2013,transitive_intransitive,14,Transitive_plausible,gibson2013/transitive_intransitive/14/Transitive_plausible,The hot coffee melted the ice cream.,the hot coffee melted the ice cream .,The hot coffee melted the ice cream.,,215,plausible,,transitivity,gibson2013/transitive_intransitive/14/Transitive_plausible,The hot coffee melted the ice cream.,none,,,,,Did the ice cream melt from anything?,Yes,"{""same_structure_plausible_uid"": ""gibson2013/transitive_intransitive/14/Transitive_plausible"", ""structure"": ""Transitive"", ""type"": ""Target""}"
gibson2013,transitive_intransitive,15,Preposition_implausible,gibson2013/transitive_intransitive/15/Preposition_implausible,The microwave melted inside the butter.,the microwave melted inside the butter .,The microwave melted inside the butter.,,216,implausible,,transitivity,gibson2013/transitive_intransitive/15/Transitive_plausible,The microwave melted the butter.,del,del,inside,,3,Was the microwave melted by anything?,Yes,"{""same_structure_plausible_uid"": ""gibson2013/transitive_intransitive/15/Preposition_plausible"", ""structure"": ""Preposition"", ""type"": ""Target""}"
gibson2013,transitive_intransitive,15,Preposition_plausible,gibson2013/transitive_intransitive/15/Preposition_plausible,The butter melted inside the microwave.,the butter melted inside the microwave .,The butter melted inside the microwave.,,217,plausible,,transitivity,gibson2013/transitive_intransitive/15/Preposition_plausible,The butter melted inside the microwave.,none,,,,,Was the microwave melted by anything?,No,"{""same_structure_plausible_uid"": ""gibson2013/transitive_intransitive/15/Preposition_plausible"", ""structure"": ""Preposition"", ""type"": ""Target""}"
gibson2013,transitive_intransitive,15,Transitive_implausible,gibson2013/transitive_intransitive/15/Transitive_implausible,The butter melted the microwave.,the butter melted the microwave .,The butter melted the microwave.,,218,implausible,,transitivity,gibson2013/transitive_intransitive/15/Preposition_plausible,The butter melted inside the microwave.,ins,ins,,inside,,Was the microwave melted by anything?,Yes,"{""same_structure_plausible_uid"": ""gibson2013/transitive_intransitive/15/Transitive_plausible"", ""structure"": ""Transitive"", ""type"": ""Target""}"
gibson2013,transitive_intransitive,15,Transitive_plausible,gibson2013/transitive_intransitive/15/Transitive_plausible,The microwave melted the butter.,the microwave melted the butter .,The microwave melted the butter.,,219,plausible,,transitivity,gibson2013/transitive_intransitive/15/Transitive_plausible,The microwave melted the butter.,none,,,,,Was the microwave melted by anything?,No,"{""same_structure_plausible_uid"": ""gibson2013/transitive_intransitive/15/Transitive_plausible"", ""structure"": ""Transitive"", ""type"": ""Target""}"
gibson2013,transitive_intransitive,16,Preposition_implausible,gibson2013/transitive_intransitive/16/Preposition_implausible,The humidity worsened from the eczema.,the humidity worsened from the eczema .,The humidity worsened from the eczema.,,220,implausible,,transitivity,gibson2013/transitive_intransitive/16/Transitive_plausible,The humidity worsened the eczema.,del,del,from,,3,Was the eczema worsened by anything?,No,"{""same_structure_plausible_uid"": ""gibson2013/transitive_intransitive/16/Preposition_plausible"", ""structure"": ""Preposition"", ""type"": ""Target""}"
gibson2013,transitive_intransitive,16,Preposition_plausible,gibson2013/transitive_intransitive/16/Preposition_plausible,The eczema worsened from the humidity.,the eczema worsened from the humidity .,The eczema worsened from the humidity.,,221,plausible,,transitivity,gibson2013/transitive_intransitive/16/Preposition_plausible,The eczema worsened from the humidity.,none,,,,,Was the eczema worsened by anything?,Yes,"{""same_structure_plausible_uid"": ""gibson2013/transitive_intransitive/16/Preposition_plausible"", ""structure"": ""Preposition"", ""type"": ""Target""}"
gibson2013,transitive_intransitive,16,Transitive_implausible,gibson2013/transitive_intransitive/16/Transitive_implausible,The eczema worsened the humidity.,the eczema worsened the humidity .,The eczema worsened the humidity.,,222,implausible,,transitivity,gibson2013/transitive_intransitive/16/Preposition_plausible,The eczema worsened from the humidity.,ins,ins,,from,,Was the eczema worsened by anything?,No,"{""same_structure_plausible_uid"": ""gibson2013/transitive_intransitive/16/Transitive_plausible"", ""structure"": ""Transitive"", ""type"": ""Target""}"
gibson2013,transitive_intransitive,16,Transitive_plausible,gibson2013/transitive_intransitive/16/Transitive_plausible,The humidity worsened the eczema.,the humidity worsened the eczema .,The humidity worsened the eczema.,,223,plausible,,transitivity,gibson2013/transitive_intransitive/16/Transitive_plausible,The humidity worsened the eczema.,none,,,,,Was the eczema worsened by anything?,Yes,"{""same_structure_plausible_uid"": ""gibson2013/transitive_intransitive/16/Transitive_plausible"", ""structure"": ""Transitive"", ""type"": ""Target""}"
gibson2013,transitive_intransitive,17,Preposition_implausible,gibson2013/transitive_intransitive/17/Preposition_implausible,The construction noise worsened from the man's hearing.,the construction noise worsened from the man's hearing .,The construction noise worsened from the man's hearing.,,224,implausible,,transitivity,gibson2013/transitive_intransitive/17/Transitive_plausible,The construction noise worsened the man's hearing.,del,del,from,,4,Was the construction noise worsened by anything?,Yes,"{""same_structure_plausible_uid"": ""gibson2013/transitive_intransitive/17/Preposition_plausible"", ""structure"": ""Preposition"", ""type"": ""Target""}"
gibson2013,transitive_intransitive,17,Preposition_plausible,gibson2013/transitive_intransitive/17/Preposition_plausible,The man's hearing worsened from the construction noise.,the man's hearing worsened from the construction noise .,The man's hearing worsened from the construction noise.,,225,plausible,,transitivity,gibson2013/transitive_intransitive/17/Preposition_plausible,The man's hearing worsened from the construction noise.,none,,,,,Was the construction noise worsened by anything?,No,"{""same_structure_plausible_uid"": ""gibson2013/transitive_intransitive/17/Preposition_plausible"", ""structure"": ""Preposition"", ""type"": ""Target""}"
gibson2013,transitive_intransitive,17,Transitive_implausible,gibson2013/transitive_intransitive/17/Transitive_implausible,The man's hearing worsened the construction noise.,the man's hearing worsened the construction noise .,The man's hearing worsened the construction noise.,,226,implausible,,transitivity,gibson2013/transitive_intransitive/17/Preposition_plausible,The man's hearing worsened from the construction noise.,ins,ins,,from,,Was the construction noise worsened by anything?,Yes,"{""same_structure_plausible_uid"": ""gibson2013/transitive_intransitive/17/Transitive_plausible"", ""structure"": ""Transitive"", ""type"": ""Target""}"
gibson2013,transitive_intransitive,17,Transitive_plausible,gibson2013/transitive_intransitive/17/Transitive_plausible,The construction noise worsened the man's hearing.,the construction noise worsened the man's hearing .,The construction noise worsened the man's hearing.,,227,plausible,,transitivity,gibson2013/transitive_intransitive/17/Transitive_plausible,The construction noise worsened the man's hearing.,none,,,,,Was the construction noise worsened by anything?,No,"{""same_structure_plausible_uid"": ""gibson2013/transitive_intransitive/17/Transitive_plausible"", ""structure"": ""Transitive"", ""type"": ""Target""}"
gibson2013,transitive_intransitive,18,Preposition_implausible,gibson2013/transitive_intransitive/18/Preposition_implausible,The earthquake shattered from the house.,the earthquake shattered from the house .,The earthquake shattered from the house.,,228,implausible,,transitivity,gibson2013/transitive_intransitive/18/Transitive_plausible,The earthquake shattered the house.,del,del,from,,3,Was the house shattered by anything?,No,"{""same_structure_plausible_uid"": ""gibson2013/transitive_intransitive/18/Preposition_plausible"", ""structure"": ""Preposition"", ""type"": ""Target""}"
gibson2013,transitive_intransitive,18,Preposition_plausible,gibson2013/transitive_intransitive/18/Preposition_plausible,The house shattered from the earthquake.,the house shattered from the earthquake .,The house shattered from the earthquake.,,229,plausible,,transitivity,gibson2013/transitive_intransitive/18/Preposition_plausible,The house shattered from the earthquake.,none,,,,,Was the house shattered by anything?,Yes,"{""same_structure_plausible_uid"": ""gibson2013/transitive_intransitive/18/Preposition_plausible"", ""structure"": ""Preposition"", ""type"": ""Target""}"
gibson2013,transitive_intransitive,18,Transitive_implausible,gibson2013/transitive_intransitive/18/Transitive_implausible,The house shattered the earthquake.,the house shattered the earthquake .,The house shattered the earthquake.,,230,implausible,,transitivity,gibson2013/transitive_intransitive/18/Preposition_plausible,The house shattered from the earthquake.,ins,ins,,from,,Was the house shattered by anything?,No,"{""same_structure_plausible_uid"": ""gibson2013/transitive_intransitive/18/Transitive_plausible"", ""structure"": ""Transitive"", ""type"": ""Target""}"
gibson2013,transitive_intransitive,18,Transitive_plausible,gibson2013/transitive_intransitive/18/Transitive_plausible,The earthquake shattered the house.,the earthquake shattered the house .,The earthquake shattered the house.,,231,plausible,,transitivity,gibson2013/transitive_intransitive/18/Transitive_plausible,The earthquake shattered the house.,none,,,,,Was the house shattered by anything?,Yes,"{""same_structure_plausible_uid"": ""gibson2013/transitive_intransitive/18/Transitive_plausible"", ""structure"": ""Transitive"", ""type"": ""Target""}"
gibson2013,transitive_intransitive,19,Preposition_implausible,gibson2013/transitive_intransitive/19/Preposition_implausible,The oven defrosted inside the lasagna.,the oven defrosted inside the lasagna .,The oven defrosted inside the lasagna.,,232,implausible,,transitivity,gibson2013/transitive_intransitive/19/Transitive_plausible,The oven defrosted the lasagna.,del,del,inside,,3,Was the oven defrosted by anything?,Yes,"{""same_structure_plausible_uid"": ""gibson2013/transitive_intransitive/19/Preposition_plausible"", ""structure"": ""Preposition"", ""type"": ""Target""}"
gibson2013,transitive_intransitive,19,Preposition_plausible,gibson2013/transitive_intransitive/19/Preposition_plausible,The lasagna defrosted inside the oven.,the lasagna defrosted inside the oven .,The lasagna defrosted inside the oven.,,233,plausible,,transitivity,gibson2013/transitive_intransitive/19/Preposition_plausible,The lasagna defrosted inside the oven.,none,,,,,Was the oven defrosted by anything?,No,"{""same_structure_plausible_uid"": ""gibson2013/transitive_intransitive/19/Preposition_plausible"", ""structure"": ""Preposition"", ""type"": ""Target""}"
gibson2013,transitive_intransitive,19,Transitive_implausible,gibson2013/transitive_intransitive/19/Transitive_implausible,The lasagna defrosted the oven.,the lasagna defrosted the oven .,The lasagna defrosted the oven.,,234,implausible,,transitivity,gibson2013/transitive_intransitive/19/Preposition_plausible,The lasagna defrosted inside the oven.,ins,ins,,inside,,Was the oven defrosted by anything?,Yes,"{""same_structure_plausible_uid"": ""gibson2013/transitive_intransitive/19/Transitive_plausible"", ""structure"": ""Transitive"", ""type"": ""Target""}"
gibson2013,transitive_intransitive,19,Transitive_plausible,gibson2013/transitive_intransitive/19/Transitive_plausible,The oven defrosted the lasagna.,the oven defrosted the lasagna .,The oven defrosted the lasagna.,,235,plausible,,transitivity,gibson2013/transitive_intransitive/19/Transitive_plausible,The oven defrosted the lasagna.,none,,,,,Was the oven defrosted by anything?,No,"{""same_structure_plausible_uid"": ""gibson2013/transitive_intransitive/19/Transitive_plausible"", ""structure"": ""Transitive"", ""type"": ""Target""}"
gibson2013,transitive_intransitive,20,Preposition_implausible,gibson2013/transitive_intransitive/20/Preposition_implausible,The microwave defrosted inside the broccoli.,the microwave defrosted inside the broccoli .,The microwave defrosted inside the broccoli.,,236,implausible,,transitivity,gibson2013/transitive_intransitive/20/Transitive_plausible,The microwave defrosted the broccoli.,del,del,inside,,3,Was the broccoli defrosted by anything?,No,"{""same_structure_plausible_uid"": ""gibson2013/transitive_intransitive/20/Preposition_plausible"", ""structure"": ""Preposition"", ""type"": ""Target""}"
gibson2013,transitive_intransitive,20,Preposition_plausible,gibson2013/transitive_intransitive/20/Preposition_plausible,The broccoli defrosted inside the microwave.,the broccoli defrosted inside the microwave .,The broccoli defrosted inside the microwave.,,237,plausible,,transitivity,gibson2013/transitive_intransitive/20/Preposition_plausible,The broccoli defrosted inside the microwave.,none,,,,,Was the broccoli defrosted by anything?,Yes,"{""same_structure_plausible_uid"": ""gibson2013/transitive_intransitive/20/Preposition_plausible"", ""structure"": ""Preposition"", ""type"": ""Target""}"
gibson2013,transitive_intransitive,20,Transitive_implausible,gibson2013/transitive_intransitive/20/Transitive_implausible,The broccoli defrosted the microwave.,the broccoli defrosted the microwave .,The broccoli defrosted the microwave.,,238,implausible,,transitivity,gibson2013/transitive_intransitive/20/Preposition_plausible,The broccoli defrosted inside the microwave.,ins,ins,,inside,,Was the broccoli defrosted by anything?,No,"{""same_structure_plausible_uid"": ""gibson2013/transitive_intransitive/20/Transitive_plausible"", ""structure"": ""Transitive"", ""type"": ""Target""}"
gibson2013,transitive_intransitive,20,Transitive_plausible,gibson2013/transitive_intransitive/20/Transitive_plausible,The microwave defrosted the broccoli.,the microwave defrosted the broccoli .,The microwave defrosted the broccoli.,,239,plausible,,transitivity,gibson2013/transitive_intransitive/20/Transitive_plausible,The microwave defrosted the broccoli.,none,,,,,Was the broccoli defrosted by anything?,Yes,"{""same_structure_plausible_uid"": ""gibson2013/transitive_intransitive/20/Transitive_plausible"", ""structure"": ""Transitive"", ""type"": ""Target""}"
