dataset,subset,item_id,condition,stim_uid,sentence_orig,sentence_norm,model_input,context,sentence_id,plausibility,is_grammatical,contrast,intended_uids,n_intended,critical_word_idx,comprehension_q,correct_answer,meta
qian2023,,0,sss,qian2023//0/sss,,the location of the star has caught attention of some astronomers .,The location of the star has caught attention of some astronomers.,,0,,1,agreement,qian2023//0/sss,1,,,,"{""N1"": ""location"", ""N1_number"": ""singular"", ""N2"": ""star"", ""N2_number"": ""singular"", ""context"": ""The %% {preposition} the %% {predicate} attention of some astronomers."", ""predicate"": ""caught"", ""predicate_sg_pl"": ""has caught"", ""predicate_sg_pl_number"": ""singular"", ""preposition"": ""of""}"
qian2023,,0,ssp,qian2023//0/ssp,,the location of the star have caught attention of some astronomers .,The location of the star have caught attention of some astronomers.,,1,,0,agreement,qian2023//0/psp;qian2023//0/sss,2,,,,"{""N1"": ""location"", ""N1_number"": ""singular"", ""N2"": ""star"", ""N2_number"": ""singular"", ""context"": ""The %% {preposition} the %% {predicate} attention of some astronomers."", ""predicate"": ""caught"", ""predicate_sg_pl"": ""have caught"", ""predicate_sg_pl_number"": ""plural"", ""preposition"": ""of""}"
qian2023,,0,sps,qian2023//0/sps,,the location of the stars has caught attention of some astronomers .,The location of the stars has caught attention of some astronomers.,,2,,1,agreement,qian2023//0/sps,1,,,,"{""N1"": ""location"", ""N1_number"": ""singular"", ""N2"": ""stars"", ""N2_number"": ""plural"", ""context"": ""The %% {preposition} the %% {predicate} attention of some astronomers."", ""predicate"": ""caught"", ""predicate_sg_pl"": ""has caught"", ""predicate_sg_pl_number"": ""singular"", ""preposition"": ""of""}"
qian2023,,0,spp,qian2023//0/spp,,the location of the stars have caught attention of some astronomers .,The location of the stars have caught attention of some astronomers.,,3,,0,agreement,qian2023//0/ppp;qian2023//0/sps,2,,,,"{""N1"": ""location"", ""N1_number"": ""singular"", ""N2"": ""stars"", ""N2_number"": ""plural"", ""context"": ""The %% {preposition} the %% {predicate} attention of some astronomers."", ""predicate"": ""caught"", ""predicate_sg_pl"": ""have caught"", ""predicate_sg_pl_number"": ""plural"", ""preposition"": ""of""}"
qian2023,,0,pss,qian2023//0/pss,,the locations of the star has caught attention of some astronomers .,The locations of the star has caught attention of some astronomers.,,4,,0,agreement,qian2023//0/psp;qian2023//0/sss,2,,,,"{""N1"": ""locations"", ""N1_number"": ""plural"", ""N2"": ""star"", ""N2_number"": ""singular"", ""context"": ""The %% {preposition} the %% {predicate} attention of some astronomers."", ""predicate"": ""caught"", ""predicate_sg_pl"": ""has caught"", ""predicate_sg_pl_number"": ""singular"", ""preposition"": ""of""}"
qian2023,,0,psp,qian2023//0/psp,,the locations of the star have caught attention of some astronomers .,The locations of the star have caught attention of some astronomers.,,5,,1,agreement,qian2023//0/psp,1,,,,"{""N1"": ""locations"", ""N1_number"": ""plural"", ""N2"": ""star"", ""N2_number"": ""singular"", ""context"": ""The %% {preposition} the %% {predicate} attention of some astronomers."", ""predicate"": ""caught"", ""predicate_sg_pl"": ""have caught"", ""predicate_sg_pl_number"": ""plural"", ""preposition"": ""of""}"
qian2023,,0,pps,qian2023//0/pps,,the locations of the stars has caught attention of some astronomers .,The locations of the stars has caught attention of some astronomers.,,6,,0,agreement,qian2023//0/ppp;qian2023//0/sps,2,,,,"{""N1"": ""locations"", ""N1_number"": ""plural"", ""N2"": ""stars"", ""N2_number"": ""plural"", ""context"": ""The %% {preposition} the %% {predicate} attention of some astronomers."", ""predicate"": ""caught"", ""predicate_sg_pl"": ""has caught"", ""predicate_sg_pl_number"": ""singular"", ""preposition"": ""of""}"
qian2023,,0,ppp,qian2023//0/ppp,,the locations of the stars have caught attention of some astronomers .,The locations of the stars have caught attention of some astronomers.,,7,,1,agreement,qian2023//0/ppp,1,,,,"{""N1"": ""locations"", ""N1_number"": ""plural"", ""N2"": ""stars"", ""N2_number"": ""plural"", ""context"": ""The %% {preposition} the %% {predicate} attention of some astronomers."", ""predicate"": ""caught"", ""predicate_sg_pl"": ""have caught"", ""predicate_sg_pl_number"": ""plural"", ""preposition"": ""of""}"
qian2023,,1,sss,qian2023//1/sss,,the sound of the string is so gorgeous on this guitar .,The sound of the string is so gorgeous on this guitar.,,8,,1,agreement,qian2023//1/sss,1,,,,"{""N1"": ""sound"", ""N1_number"": ""singular"", ""N2"": ""string"", ""N2_number"": ""singular"", ""context"": ""The %% {preposition} the %% {predicate} so gorgeous on this guitar."", ""predicate"": ""will be"", ""predicate_sg_pl"": ""is"", ""predicate_sg_pl_number"": ""singular"", ""preposition"": ""of""}"
qian2023,,1,ssp,qian2023//1/ssp,,the sound of the string are so gorgeous on this guitar .,The sound of the string are so gorgeous on this guitar.,,9,,0,agreement,qian2023//1/psp;qian2023//1/sss,2,,,,"{""N1"": ""sound"", ""N1_number"": ""singular"", ""N2"": ""string"", ""N2_number"": ""singular"", ""context"": ""The %% {preposition} the %% {predicate} so gorgeous on this guitar."", ""predicate"": ""will be"", ""predicate_sg_pl"": ""are"", ""predicate_sg_pl_number"": ""plural"", ""preposition"": ""of""}"
qian2023,,1,sps,qian2023//1/sps,,the sound of the strings is so gorgeous on this guitar .,The sound of the strings is so gorgeous on this guitar.,,10,,1,agreement,qian2023//1/sps,1,,,,"{""N1"": ""sound"", ""N1_number"": ""singular"", ""N2"": ""strings"", ""N2_number"": ""plural"", ""context"": ""The %% {preposition} the %% {predicate} so gorgeous on this guitar."", ""predicate"": ""will be"", ""predicate_sg_pl"": ""is"", ""predicate_sg_pl_number"": ""singular"", ""preposition"": ""of""}"
qian2023,,1,spp,qian2023//1/spp,,the sound of the strings are so gorgeous on this guitar .,The sound of the strings are so gorgeous on this guitar.,,11,,0,agreement,qian2023//1/ppp;qian2023//1/sps,2,,,,"{""N1"": ""sound"", ""N1_number"": ""singular"", ""N2"": ""strings"", ""N2_number"": ""plural"", ""context"": ""The %% {preposition} the %% {predicate} so gorgeous on this guitar."", ""predicate"": ""will be"", ""predicate_sg_pl"": ""are"", ""predicate_sg_pl_number"": ""plural"", ""preposition"": ""of""}"
qian2023,,1,pss,qian2023//1/pss,,the sounds of the string is so gorgeous on this guitar .,The sounds of the string is so gorgeous on this guitar.,,12,,0,agreement,qian2023//1/psp;qian2023//1/sss,2,,,,"{""N1"": ""sounds"", ""N1_number"": ""plural"", ""N2"": ""string"", ""N2_number"": ""singular"", ""context"": ""The %% {preposition} the %% {predicate} so gorgeous on this guitar."", ""predicate"": ""will be"", ""predicate_sg_pl"": ""is"", ""predicate_sg_pl_number"": ""singular"", ""preposition"": ""of""}"
qian2023,,1,psp,qian2023//1/psp,,the sounds of the string are so gorgeous on this guitar .,The sounds of the string are so gorgeous on this guitar.,,13,,1,agreement,qian2023//1/psp,1,,,,"{""N1"": ""sounds"", ""N1_number"": ""plural"", ""N2"": ""string"", ""N2_number"": ""singular"", ""context"": ""The %% {preposition} the %% {predicate} so gorgeous on this guitar."", ""predicate"": ""will be"", ""predicate_sg_pl"": ""are"", ""predicate_sg_pl_number"": ""plural"", ""preposition"": ""of""}"
qian2023,,1,pps,qian2023//1/pps,,the sounds of the strings is so gorgeous on this guitar .,The sounds of the strings is so gorgeous on this guitar.,,14,,0,agreement,qian2023//1/ppp;qian2023//1/sps,2,,,,"{""N1"": ""sounds"", ""N1_number"": ""plural"", ""N2"": ""strings"", ""N2_number"": ""plural"", ""context"": ""The %% {preposition} the %% {predicate} so gorgeous on this guitar."", ""predicate"": ""will be"", ""predicate_sg_pl"": ""is"", ""predicate_sg_pl_number"": ""singular"", ""preposition"": ""of""}"
qian2023,,1,ppp,qian2023//1/ppp,,the sounds of the strings are so gorgeous on this guitar .,The sounds of the strings are so gorgeous on this guitar.,,15,,1,agreement,qian2023//1/ppp,1,,,,"{""N1"": ""sounds"", ""N1_number"": ""plural"", ""N2"": ""strings"", ""N2_number"": ""plural"", ""context"": ""The %% {preposition} the %% {predicate} so gorgeous on this guitar."", ""predicate"": ""will be"", ""predicate_sg_pl"": ""are"", ""predicate_sg_pl_number"": ""plural"", ""preposition"": ""of""}"
qian2023,,2,sss,qian2023//2/sss,,the cause of the problem was investigated thoroughly .,The cause of the problem was investigated thoroughly.,,16,,1,agreement,qian2023//2/sss,1,,,,"{""N1"": ""cause"", ""N1_number"": ""singular"", ""N2"": ""problem"", ""N2_number"": ""singular"", ""context"": ""The %% {preposition} the %% {predicate} investigated thoroughly."", ""predicate"": ""should be"", ""predicate_sg_pl"": ""was"", ""predicate_sg_pl_number"": ""singular"", ""preposition"": ""of""}"
qian2023,,2,ssp,qian2023//2/ssp,,the cause of the problem were investigated thoroughly .,The cause of the problem were investigated thoroughly.,,17,,0,agreement,qian2023//2/psp;qian2023//2/sss,2,,,,"{""N1"": ""cause"", ""N1_number"": ""singular"", ""N2"": ""problem"", ""N2_number"": ""singular"", ""context"": ""The %% {preposition} the %% {predicate} investigated thoroughly."", ""predicate"": ""should be"", ""predicate_sg_pl"": ""were"", ""predicate_sg_pl_number"": ""plural"", ""preposition"": ""of""}"
qian2023,,2,sps,qian2023//2/sps,,the cause of the problems was investigated thoroughly .,The cause of the problems was investigated thoroughly.,,18,,1,agreement,qian2023//2/sps,1,,,,"{""N1"": ""cause"", ""N1_number"": ""singular"", ""N2"": ""problems"", ""N2_number"": ""plural"", ""context"": ""The %% {preposition} the %% {predicate} investigated thoroughly."", ""predicate"": ""should be"", ""predicate_sg_pl"": ""was"", ""predicate_sg_pl_number"": ""singular"", ""preposition"": ""of""}"
qian2023,,2,spp,qian2023//2/spp,,the cause of the problems were investigated thoroughly .,The cause of the problems were investigated thoroughly.,,19,,0,agreement,qian2023//2/ppp;qian2023//2/sps,2,,,,"{""N1"": ""cause"", ""N1_number"": ""singular"", ""N2"": ""problems"", ""N2_number"": ""plural"", ""context"": ""The %% {preposition} the %% {predicate} investigated thoroughly."", ""predicate"": ""should be"", ""predicate_sg_pl"": ""were"", ""predicate_sg_pl_number"": ""plural"", ""preposition"": ""of""}"
qian2023,,2,pss,qian2023//2/pss,,the causes of the problem was investigated thoroughly .,The causes of the problem was investigated thoroughly.,,20,,0,agreement,qian2023//2/psp;qian2023//2/sss,2,,,,"{""N1"": ""causes"", ""N1_number"": ""plural"", ""N2"": ""problem"", ""N2_number"": ""singular"", ""context"": ""The %% {preposition} the %% {predicate} investigated thoroughly."", ""predicate"": ""should be"", ""predicate_sg_pl"": ""was"", ""predicate_sg_pl_number"": ""singular"", ""preposition"": ""of""}"
qian2023,,2,psp,qian2023//2/psp,,the causes of the problem were investigated thoroughly .,The causes of the problem were investigated thoroughly.,,21,,1,agreement,qian2023//2/psp,1,,,,"{""N1"": ""causes"", ""N1_number"": ""plural"", ""N2"": ""problem"", ""N2_number"": ""singular"", ""context"": ""The %% {preposition} the %% {predicate} investigated thoroughly."", ""predicate"": ""should be"", ""predicate_sg_pl"": ""were"", ""predicate_sg_pl_number"": ""plural"", ""preposition"": ""of""}"
qian2023,,2,pps,qian2023//2/pps,,the causes of the problems was investigated thoroughly .,The causes of the problems was investigated thoroughly.,,22,,0,agreement,qian2023//2/ppp;qian2023//2/sps,2,,,,"{""N1"": ""causes"", ""N1_number"": ""plural"", ""N2"": ""problems"", ""N2_number"": ""plural"", ""context"": ""The %% {preposition} the %% {predicate} investigated thoroughly."", ""predicate"": ""should be"", ""predicate_sg_pl"": ""was"", ""predicate_sg_pl_number"": ""singular"", ""preposition"": ""of""}"
qian2023,,2,ppp,qian2023//2/ppp,,the causes of the problems were investigated thoroughly .,The causes of the problems were investigated thoroughly.,,23,,1,agreement,qian2023//2/ppp,1,,,,"{""N1"": ""causes"", ""N1_number"": ""plural"", ""N2"": ""problems"", ""N2_number"": ""plural"", ""context"": ""The %% {preposition} the %% {predicate} investigated thoroughly."", ""predicate"": ""should be"", ""predicate_sg_pl"": ""were"", ""predicate_sg_pl_number"": ""plural"", ""preposition"": ""of""}"
qian2023,,3,sss,qian2023//3/sss,,the review of the exhibition is too pedantic for the readers .,The review of the exhibition is too pedantic for the readers.,,24,,1,agreement,qian2023//3/sss,1,,,,"{""N1"": ""review"", ""N1_number"": ""singular"", ""N2"": ""exhibition"", ""N2_number"": ""singular"", ""context"": ""The %% {preposition} the %% {predicate} too pedantic for the readers."", ""predicate"": ""might be"", ""predicate_sg_pl"": ""is"", ""predicate_sg_pl_number"": ""singular"", ""preposition"": ""of""}"
qian2023,,3,ssp,qian2023//3/ssp,,the review of the exhibition are too pedantic for the readers .,The review of the exhibition are too pedantic for the readers.,,25,,0,agreement,qian2023//3/psp;qian2023//3/sss,2,,,,"{""N1"": ""review"", ""N1_number"": ""singular"", ""N2"": ""exhibition"", ""N2_number"": ""singular"", ""context"": ""The %% {preposition} the %% {predicate} too pedantic for the readers."", ""predicate"": ""might be"", ""predicate_sg_pl"": ""are"", ""predicate_sg_pl_number"": ""plural"", ""preposition"": ""of""}"
qian2023,,3,sps,qian2023//3/sps,,the review of the exhibitions is too pedantic for the readers .,The review of the exhibitions is too pedantic for the readers.,,26,,1,agreement,qian2023//3/sps,1,,,,"{""N1"": ""review"", ""N1_number"": ""singular"", ""N2"": ""exhibitions"", ""N2_number"": ""plural"", ""context"": ""The %% {preposition} the %% {predicate} too pedantic for the readers."", ""predicate"": ""might be"", ""predicate_sg_pl"": ""is"", ""predicate_sg_pl_number"": ""singular"", ""preposition"": ""of""}"
qian2023,,3,spp,qian2023//3/spp,,the review of the exhibitions are too pedantic for the readers .,The review of the exhibitions are too pedantic for the readers.,,27,,0,agreement,qian2023//3/ppp;qian2023//3/sps,2,,,,"{""N1"": ""review"", ""N1_number"": ""singular"", ""N2"": ""exhibitions"", ""N2_number"": ""plural"", ""context"": ""The %% {preposition} the %% {predicate} too pedantic for the readers."", ""predicate"": ""might be"", ""predicate_sg_pl"": ""are"", ""predicate_sg_pl_number"": ""plural"", ""preposition"": ""of""}"
qian2023,,3,pss,qian2023//3/pss,,the reviews of the exhibition is too pedantic for the readers .,The reviews of the exhibition is too pedantic for the readers.,,28,,0,agreement,qian2023//3/psp;qian2023//3/sss,2,,,,"{""N1"": ""reviews"", ""N1_number"": ""plural"", ""N2"": ""exhibition"", ""N2_number"": ""singular"", ""context"": ""The %% {preposition} the %% {predicate} too pedantic for the readers."", ""predicate"": ""might be"", ""predicate_sg_pl"": ""is"", ""predicate_sg_pl_number"": ""singular"", ""preposition"": ""of""}"
qian2023,,3,psp,qian2023//3/psp,,the reviews of the exhibition are too pedantic for the readers .,The reviews of the exhibition are too pedantic for the readers.,,29,,1,agreement,qian2023//3/psp,1,,,,"{""N1"": ""reviews"", ""N1_number"": ""plural"", ""N2"": ""exhibition"", ""N2_number"": ""singular"", ""context"": ""The %% {preposition} the %% {predicate} too pedantic for the readers."", ""predicate"": ""might be"", ""predicate_sg_pl"": ""are"", ""predicate_sg_pl_number"": ""plural"", ""preposition"": ""of""}"
qian2023,,3,pps,qian2023//3/pps,,the reviews of the exhibitions is too pedantic for the readers .,The reviews of the exhibitions is too pedantic for the readers.,,30,,0,agreement,qian2023//3/ppp;qian2023//3/sps,2,,,,"{""N1"": ""reviews"", ""N1_number"": ""plural"", ""N2"": ""exhibitions"", ""N2_number"": ""plural"", ""context"": ""The %% {preposition} the %% {predicate} too pedantic for the readers."", ""predicate"": ""might be"", ""predicate_sg_pl"": ""is"", ""predicate_sg_pl_number"": ""singular"", ""preposition"": ""of""}"
qian2023,,3,ppp,qian2023//3/ppp,,the reviews of the exhibitions are too pedantic for the readers .,The reviews of the exhibitions are too pedantic for the readers.,,31,,1,agreement,qian2023//3/ppp,1,,,,"{""N1"": ""reviews"", ""N1_number"": ""plural"", ""N2"": ""exhibitions"", ""N2_number"": ""plural"", ""context"": ""The %% {preposition} the %% {predicate} too pedantic for the readers."", ""predicate"": ""might be"", ""predicate_sg_pl"": ""are"", ""predicate_sg_pl_number"": ""plural"", ""preposition"": ""of""}"
qian2023,,4,sss,qian2023//4/sss,,the speech of the candidate is summarized in the news show today .,The speech of the candidate is summarized in the news show today.,,32,,1,agreement,qian2023//4/sss,1,,,,"{""N1"": ""speech"", ""N1_number"": ""singular"", ""N2"": ""candidate"", ""N2_number"": ""singular"", ""context"": ""The %% {preposition} the %% {predicate} summarized in the news show today."", ""predicate"": ""will be"", ""predicate_sg_pl"": ""is"", ""predicate_sg_pl_number"": ""singular"", ""preposition"": ""of""}"
qian2023,,4,ssp,qian2023//4/ssp,,the speech of the candidate are summarized in the news show today .,The speech of the candidate are summarized in the news show today.,,33,,0,agreement,qian2023//4/psp;qian2023//4/sss,2,,,,"{""N1"": ""speech"", ""N1_number"": ""singular"", ""N2"": ""candidate"", ""N2_number"": ""singular"", ""context"": ""The %% {preposition} the %% {predicate} summarized in the news show today."", ""predicate"": ""will be"", ""predicate_sg_pl"": ""are"", ""predicate_sg_pl_number"": ""plural"", ""preposition"": ""of""}"
qian2023,,4,sps,qian2023//4/sps,,the speech of the candidates is summarized in the news show today .,The speech of the candidates is summarized in the news show today.,,34,,1,agreement,qian2023//4/sps,1,,,,"{""N1"": ""speech"", ""N1_number"": ""singular"", ""N2"": ""candidates"", ""N2_number"": ""plural"", ""context"": ""The %% {preposition} the %% {predicate} summarized in the news show today."", ""predicate"": ""will be"", ""predicate_sg_pl"": ""is"", ""predicate_sg_pl_number"": ""singular"", ""preposition"": ""of""}"
qian2023,,4,spp,qian2023//4/spp,,the speech of the candidates are summarized in the news show today .,The speech of the candidates are summarized in the news show today.,,35,,0,agreement,qian2023//4/ppp;qian2023//4/sps,2,,,,"{""N1"": ""speech"", ""N1_number"": ""singular"", ""N2"": ""candidates"", ""N2_number"": ""plural"", ""context"": ""The %% {preposition} the %% {predicate} summarized in the news show today."", ""predicate"": ""will be"", ""predicate_sg_pl"": ""are"", ""predicate_sg_pl_number"": ""plural"", ""preposition"": ""of""}"
qian2023,,4,pss,qian2023//4/pss,,the speeches of the candidate is summarized in the news show today .,The speeches of the candidate is summarized in the news show today.,,36,,0,agreement,qian2023//4/psp;qian2023//4/sss,2,,,,"{""N1"": ""speeches"", ""N1_number"": ""plural"", ""N2"": ""candidate"", ""N2_number"": ""singular"", ""context"": ""The %% {preposition} the %% {predicate} summarized in the news show today."", ""predicate"": ""will be"", ""predicate_sg_pl"": ""is"", ""predicate_sg_pl_number"": ""singular"", ""preposition"": ""of""}"
qian2023,,4,psp,qian2023//4/psp,,the speeches of the candidate are summarized in the news show today .,The speeches of the candidate are summarized in the news show today.,,37,,1,agreement,qian2023//4/psp,1,,,,"{""N1"": ""speeches"", ""N1_number"": ""plural"", ""N2"": ""candidate"", ""N2_number"": ""singular"", ""context"": ""The %% {preposition} the %% {predicate} summarized in the news show today."", ""predicate"": ""will be"", ""predicate_sg_pl"": ""are"", ""predicate_sg_pl_number"": ""plural"", ""preposition"": ""of""}"
qian2023,,4,pps,qian2023//4/pps,,the speeches of the candidates is summarized in the news show today .,The speeches of the candidates is summarized in the news show today.,,38,,0,agreement,qian2023//4/ppp;qian2023//4/sps,2,,,,"{""N1"": ""speeches"", ""N1_number"": ""plural"", ""N2"": ""candidates"", ""N2_number"": ""plural"", ""context"": ""The %% {preposition} the %% {predicate} summarized in the news show today."", ""predicate"": ""will be"", ""predicate_sg_pl"": ""is"", ""predicate_sg_pl_number"": ""singular"", ""preposition"": ""of""}"
qian2023,,4,ppp,qian2023//4/ppp,,the speeches of the candidates are summarized in the news show today .,The speeches of the candidates are summarized in the news show today.,,39,,1,agreement,qian2023//4/ppp,1,,,,"{""N1"": ""speeches"", ""N1_number"": ""plural"", ""N2"": ""candidates"", ""N2_number"": ""plural"", ""context"": ""The %% {preposition} the %% {predicate} summarized in the news show today."", ""predicate"": ""will be"", ""predicate_sg_pl"": ""are"", ""predicate_sg_pl_number"": ""plural"", ""preposition"": ""of""}"
qian2023,,5,sss,qian2023//5/sss,,the test of the device was carried out before packaging .,The test of the device was carried out before packaging.,,40,,1,agreement,qian2023//5/sss,1,,,,"{""N1"": ""test"", ""N1_number"": ""singular"", ""N2"": ""device"", ""N2_number"": ""singular"", ""context"": ""The %% {preposition} the %% {predicate} carried out before packaging."", ""predicate"": ""should be"", ""predicate_sg_pl"": ""was"", ""predicate_sg_pl_number"": ""singular"", ""preposition"": ""of""}"
qian2023,,5,ssp,qian2023//5/ssp,,the test of the device were carried out before packaging .,The test of the device were carried out before packaging.,,41,,0,agreement,qian2023//5/psp;qian2023//5/sss,2,,,,"{""N1"": ""test"", ""N1_number"": ""singular"", ""N2"": ""device"", ""N2_number"": ""singular"", ""context"": ""The %% {preposition} the %% {predicate} carried out before packaging."", ""predicate"": ""should be"", ""predicate_sg_pl"": ""were"", ""predicate_sg_pl_number"": ""plural"", ""preposition"": ""of""}"
qian2023,,5,sps,qian2023//5/sps,,the test of the devices was carried out before packaging .,The test of the devices was carried out before packaging.,,42,,1,agreement,qian2023//5/sps,1,,,,"{""N1"": ""test"", ""N1_number"": ""singular"", ""N2"": ""devices"", ""N2_number"": ""plural"", ""context"": ""The %% {preposition} the %% {predicate} carried out before packaging."", ""predicate"": ""should be"", ""predicate_sg_pl"": ""was"", ""predicate_sg_pl_number"": ""singular"", ""preposition"": ""of""}"
qian2023,,5,spp,qian2023//5/spp,,the test of the devices were carried out before packaging .,The test of the devices were carried out before packaging.,,43,,0,agreement,qian2023//5/ppp;qian2023//5/sps,2,,,,"{""N1"": ""test"", ""N1_number"": ""singular"", ""N2"": ""devices"", ""N2_number"": ""plural"", ""context"": ""The %% {preposition} the %% {predicate} carried out before packaging."", ""predicate"": ""should be"", ""predicate_sg_pl"": ""were"", ""predicate_sg_pl_number"": ""plural"", ""preposition"": ""of""}"
qian2023,,5,pss,qian2023//5/pss,,the tests of the device was carried out before packaging .,The tests of the device was carried out before packaging.,,44,,0,agreement,qian2023//5/psp;qian2023//5/sss,2,,,,"{""N1"": ""tests"", ""N1_number"": ""plural"", ""N2"": ""device"", ""N2_number"": ""singular"", ""context"": ""The %% {preposition} the %% {predicate} carried out before packaging."", ""predicate"": ""should be"", ""predicate_sg_pl"": ""was"", ""predicate_sg_pl_number"": ""singular"", ""preposition"": ""of""}"
qian2023,,5,psp,qian2023//5/psp,,the tests of the device were carried out before packaging .,The tests of the device were carried out before packaging.,,45,,1,agreement,qian2023//5/psp,1,,,,"{""N1"": ""tests"", ""N1_number"": ""plural"", ""N2"": ""device"", ""N2_number"": ""singular"", ""context"": ""The %% {preposition} the %% {predicate} carried out before packaging."", ""predicate"": ""should be"", ""predicate_sg_pl"": ""were"", ""predicate_sg_pl_number"": ""plural"", ""preposition"": ""of""}"
qian2023,,5,pps,qian2023//5/pps,,the tests of the devices was carried out before packaging .,The tests of the devices was carried out before packaging.,,46,,0,agreement,qian2023//5/ppp;qian2023//5/sps,2,,,,"{""N1"": ""tests"", ""N1_number"": ""plural"", ""N2"": ""devices"", ""N2_number"": ""plural"", ""context"": ""The %% {preposition} the %% {predicate} carried out before packaging."", ""predicate"": ""should be"", ""predicate_sg_pl"": ""was"", ""predicate_sg_pl_number"": ""singular"", ""preposition"": ""of""}"
qian2023,,5,ppp,qian2023//5/ppp,,the tests of the devices were carried out before packaging .,The tests of the devices were carried out before packaging.,,47,,1,agreement,qian2023//5/ppp,1,,,,"{""N1"": ""tests"", ""N1_number"": ""plural"", ""N2"": ""devices"", ""N2_number"": ""plural"", ""context"": ""The %% {preposition} the %% {predicate} carried out before packaging."", ""predicate"": ""should be"", ""predicate_sg_pl"": ""were"", ""predicate_sg_pl_number"": ""plural"", ""preposition"": ""of""}"
qian2023,,6,sss,qian2023//6/sss,,the director of the film has planned to hold an audition this week .,The director of the film has planned to hold an audition this week.,,48,,1,agreement,qian2023//6/sss,1,,,,"{""N1"": ""director"", ""N1_number"": ""singular"", ""N2"": ""film"", ""N2_number"": ""singular"", ""context"": ""The %% {preposition} the %% {predicate} to hold an audition this week."", ""predicate"": ""might plan"", ""predicate_sg_pl"": ""has planned"", ""predicate_sg_pl_number"": ""singular"", ""preposition"": ""of""}"
qian2023,,6,ssp,qian2023//6/ssp,,the director of the film have planned to hold an audition this week .,The director of the film have planned to hold an audition this week.,,49,,0,agreement,qian2023//6/psp;qian2023//6/sss,2,,,,"{""N1"": ""director"", ""N1_number"": ""singular"", ""N2"": ""film"", ""N2_number"": ""singular"", ""context"": ""The %% {preposition} the %% {predicate} to hold an audition this week."", ""predicate"": ""might plan"", ""predicate_sg_pl"": ""have planned"", ""predicate_sg_pl_number"": ""plural"", ""preposition"": ""of""}"
qian2023,,6,sps,qian2023//6/sps,,the director of the films has planned to hold an audition this week .,The director of the films has planned to hold an audition this week.,,50,,1,agreement,qian2023//6/sps,1,,,,"{""N1"": ""director"", ""N1_number"": ""singular"", ""N2"": ""films"", ""N2_number"": ""plural"", ""context"": ""The %% {preposition} the %% {predicate} to hold an audition this week."", ""predicate"": ""might plan"", ""predicate_sg_pl"": ""has planned"", ""predicate_sg_pl_number"": ""singular"", ""preposition"": ""of""}"
qian2023,,6,spp,qian2023//6/spp,,the director of the films have planned to hold an audition this week .,The director of the films have planned to hold an audition this week.,,51,,0,agreement,qian2023//6/ppp;qian2023//6/sps,2,,,,"{""N1"": ""director"", ""N1_number"": ""singular"", ""N2"": ""films"", ""N2_number"": ""plural"", ""context"": ""The %% {preposition} the %% {predicate} to hold an audition this week."", ""predicate"": ""might plan"", ""predicate_sg_pl"": ""have planned"", ""predicate_sg_pl_number"": ""plural"", ""preposition"": ""of""}"
qian2023,,6,pss,qian2023//6/pss,,the directors of the film has planned to hold an audition this week .,The directors of the film has planned to hold an audition this week.,,52,,0,agreement,qian2023//6/psp;qian2023//6/sss,2,,,,"{""N1"": ""directors"", ""N1_number"": ""plural"", ""N2"": ""film"", ""N2_number"": ""singular"", ""context"": ""The %% {preposition} the %% {predicate} to hold an audition this week."", ""predicate"": ""might plan"", ""predicate_sg_pl"": ""has planned"", ""predicate_sg_pl_number"": ""singular"", ""preposition"": ""of""}"
qian2023,,6,psp,qian2023//6/psp,,the directors of the film have planned to hold an audition this week .,The directors of the film have planned to hold an audition this week.,,53,,1,agreement,qian2023//6/psp,1,,,,"{""N1"": ""directors"", ""N1_number"": ""plural"", ""N2"": ""film"", ""N2_number"": ""singular"", ""context"": ""The %% {preposition} the %% {predicate} to hold an audition this week."", ""predicate"": ""might plan"", ""predicate_sg_pl"": ""have planned"", ""predicate_sg_pl_number"": ""plural"", ""preposition"": ""of""}"
qian2023,,6,pps,qian2023//6/pps,,the directors of the films has planned to hold an audition this week .,The directors of the films has planned to hold an audition this week.,,54,,0,agreement,qian2023//6/ppp;qian2023//6/sps,2,,,,"{""N1"": ""directors"", ""N1_number"": ""plural"", ""N2"": ""films"", ""N2_number"": ""plural"", ""context"": ""The %% {preposition} the %% {predicate} to hold an audition this week."", ""predicate"": ""might plan"", ""predicate_sg_pl"": ""has planned"", ""predicate_sg_pl_number"": ""singular"", ""preposition"": ""of""}"
qian2023,,6,ppp,qian2023//6/ppp,,the directors of the films have planned to hold an audition this week .,The directors of the films have planned to hold an audition this week.,,55,,1,agreement,qian2023//6/ppp,1,,,,"{""N1"": ""directors"", ""N1_number"": ""plural"", ""N2"": ""films"", ""N2_number"": ""plural"", ""context"": ""The %% {preposition} the %% {predicate} to hold an audition this week."", ""predicate"": ""might plan"", ""predicate_sg_pl"": ""have planned"", ""predicate_sg_pl_number"": ""plural"", ""preposition"": ""of""}"
qian2023,,7,sss,qian2023//7/sss,,the teacher of the student is attending a workshop on active learning .,The teacher of the student is attending a workshop on active learning.,,56,,1,agreement,qian2023//7/sss,1,,,,"{""N1"": ""teacher"", ""N1_number"": ""singular"", ""N2"": ""student"", ""N2_number"": ""singular"", ""context"": ""The %% {preposition} the %% {predicate} attending a workshop on active learning."", ""predicate"": ""will be"", ""predicate_sg_pl"": ""is"", ""predicate_sg_pl_number"": ""singular"", ""preposition"": ""of""}"
qian2023,,7,ssp,qian2023//7/ssp,,the teacher of the student are attending a workshop on active learning .,The teacher of the student are attending a workshop on active learning.,,57,,0,agreement,qian2023//7/psp;qian2023//7/sss,2,,,,"{""N1"": ""teacher"", ""N1_number"": ""singular"", ""N2"": ""student"", ""N2_number"": ""singular"", ""context"": ""The %% {preposition} the %% {predicate} attending a workshop on active learning."", ""predicate"": ""will be"", ""predicate_sg_pl"": ""are"", ""predicate_sg_pl_number"": ""plural"", ""preposition"": ""of""}"
qian2023,,7,sps,qian2023//7/sps,,the teacher of the students is attending a workshop on active learning .,The teacher of the students is attending a workshop on active learning.,,58,,1,agreement,qian2023//7/sps,1,,,,"{""N1"": ""teacher"", ""N1_number"": ""singular"", ""N2"": ""students"", ""N2_number"": ""plural"", ""context"": ""The %% {preposition} the %% {predicate} attending a workshop on active learning."", ""predicate"": ""will be"", ""predicate_sg_pl"": ""is"", ""predicate_sg_pl_number"": ""singular"", ""preposition"": ""of""}"
qian2023,,7,spp,qian2023//7/spp,,the teacher of the students are attending a workshop on active learning .,The teacher of the students are attending a workshop on active learning.,,59,,0,agreement,qian2023//7/ppp;qian2023//7/sps,2,,,,"{""N1"": ""teacher"", ""N1_number"": ""singular"", ""N2"": ""students"", ""N2_number"": ""plural"", ""context"": ""The %% {preposition} the %% {predicate} attending a workshop on active learning."", ""predicate"": ""will be"", ""predicate_sg_pl"": ""are"", ""predicate_sg_pl_number"": ""plural"", ""preposition"": ""of""}"
qian2023,,7,pss,qian2023//7/pss,,the teachers of the student is attending a workshop on active learning .,The teachers of the student is attending a workshop on active learning.,,60,,0,agreement,qian2023//7/psp;qian2023//7/sss,2,,,,"{""N1"": ""teachers"", ""N1_number"": ""plural"", ""N2"": ""student"", ""N2_number"": ""singular"", ""context"": ""The %% {preposition} the %% {predicate} attending a workshop on active learning."", ""predicate"": ""will be"", ""predicate_sg_pl"": ""is"", ""predicate_sg_pl_number"": ""singular"", ""preposition"": ""of""}"
qian2023,,7,psp,qian2023//7/psp,,the teachers of the student are attending a workshop on active learning .,The teachers of the student are attending a workshop on active learning.,,61,,1,agreement,qian2023//7/psp,1,,,,"{""N1"": ""teachers"", ""N1_number"": ""plural"", ""N2"": ""student"", ""N2_number"": ""singular"", ""context"": ""The %% {preposition} the %% {predicate} attending a workshop on active learning."", ""predicate"": ""will be"", ""predicate_sg_pl"": ""are"", ""predicate_sg_pl_number"": ""plural"", ""preposition"": ""of""}"
qian2023,,7,pps,qian2023//7/pps,,the teachers of the students is attending a workshop on active learning .,The teachers of the students is attending a workshop on active learning.,,62,,0,agreement,qian2023//7/ppp;qian2023//7/sps,2,,,,"{""N1"": ""teachers"", ""N1_number"": ""plural"", ""N2"": ""students"", ""N2_number"": ""plural"", ""context"": ""The %% {preposition} the %% {predicate} attending a workshop on active learning."", ""predicate"": ""will be"", ""predicate_sg_pl"": ""is"", ""predicate_sg_pl_number"": ""singular"", ""preposition"": ""of""}"
qian2023,,7,ppp,qian2023//7/ppp,,the teachers of the students are attending a workshop on active learning .,The teachers of the students are attending a workshop on active learning.,,63,,1,agreement,qian2023//7/ppp,1,,,,"{""N1"": ""teachers"", ""N1_number"": ""plural"", ""N2"": ""students"", ""N2_number"": ""plural"", ""context"": ""The %% {preposition} the %% {predicate} attending a workshop on active learning."", ""predicate"": ""will be"", ""predicate_sg_pl"": ""are"", ""predicate_sg_pl_number"": ""plural"", ""preposition"": ""of""}"
qian2023,,8,sss,qian2023//8/sss,,the photo of the mountain is displayed in an exhibition at the gallery .,The photo of the mountain is displayed in an exhibition at the gallery.,,64,,1,agreement,qian2023//8/sss,1,,,,"{""N1"": ""photo"", ""N1_number"": ""singular"", ""N2"": ""mountain"", ""N2_number"": ""singular"", ""context"": ""The %% {preposition} the %% {predicate} displayed in an exhibition at the gallery."", ""predicate"": ""will be"", ""predicate_sg_pl"": ""is"", ""predicate_sg_pl_number"": ""singular"", ""preposition"": ""of""}"
qian2023,,8,ssp,qian2023//8/ssp,,the photo of the mountain are displayed in an exhibition at the gallery .,The photo of the mountain are displayed in an exhibition at the gallery.,,65,,0,agreement,qian2023//8/psp;qian2023//8/sss,2,,,,"{""N1"": ""photo"", ""N1_number"": ""singular"", ""N2"": ""mountain"", ""N2_number"": ""singular"", ""context"": ""The %% {preposition} the %% {predicate} displayed in an exhibition at the gallery."", ""predicate"": ""will be"", ""predicate_sg_pl"": ""are"", ""predicate_sg_pl_number"": ""plural"", ""preposition"": ""of""}"
qian2023,,8,sps,qian2023//8/sps,,the photo of the mountains is displayed in an exhibition at the gallery .,The photo of the mountains is displayed in an exhibition at the gallery.,,66,,1,agreement,qian2023//8/sps,1,,,,"{""N1"": ""photo"", ""N1_number"": ""singular"", ""N2"": ""mountains"", ""N2_number"": ""plural"", ""context"": ""The %% {preposition} the %% {predicate} displayed in an exhibition at the gallery."", ""predicate"": ""will be"", ""predicate_sg_pl"": ""is"", ""predicate_sg_pl_number"": ""singular"", ""preposition"": ""of""}"
qian2023,,8,spp,qian2023//8/spp,,the photo of the mountains are displayed in an exhibition at the gallery .,The photo of the mountains are displayed in an exhibition at the gallery.,,67,,0,agreement,qian2023//8/ppp;qian2023//8/sps,2,,,,"{""N1"": ""photo"", ""N1_number"": ""singular"", ""N2"": ""mountains"", ""N2_number"": ""plural"", ""context"": ""The %% {preposition} the %% {predicate} displayed in an exhibition at the gallery."", ""predicate"": ""will be"", ""predicate_sg_pl"": ""are"", ""predicate_sg_pl_number"": ""plural"", ""preposition"": ""of""}"
qian2023,,8,pss,qian2023//8/pss,,the photos of the mountain is displayed in an exhibition at the gallery .,The photos of the mountain is displayed in an exhibition at the gallery.,,68,,0,agreement,qian2023//8/psp;qian2023//8/sss,2,,,,"{""N1"": ""photos"", ""N1_number"": ""plural"", ""N2"": ""mountain"", ""N2_number"": ""singular"", ""context"": ""The %% {preposition} the %% {predicate} displayed in an exhibition at the gallery."", ""predicate"": ""will be"", ""predicate_sg_pl"": ""is"", ""predicate_sg_pl_number"": ""singular"", ""preposition"": ""of""}"
qian2023,,8,psp,qian2023//8/psp,,the photos of the mountain are displayed in an exhibition at the gallery .,The photos of the mountain are displayed in an exhibition at the gallery.,,69,,1,agreement,qian2023//8/psp,1,,,,"{""N1"": ""photos"", ""N1_number"": ""plural"", ""N2"": ""mountain"", ""N2_number"": ""singular"", ""context"": ""The %% {preposition} the %% {predicate} displayed in an exhibition at the gallery."", ""predicate"": ""will be"", ""predicate_sg_pl"": ""are"", ""predicate_sg_pl_number"": ""plural"", ""preposition"": ""of""}"
qian2023,,8,pps,qian2023//8/pps,,the photos of the mountains is displayed in an exhibition at the gallery .,The photos of the mountains is displayed in an exhibition at the gallery.,,70,,0,agreement,qian2023//8/ppp;qian2023//8/sps,2,,,,"{""N1"": ""photos"", ""N1_number"": ""plural"", ""N2"": ""mountains"", ""N2_number"": ""plural"", ""context"": ""The %% {preposition} the %% {predicate} displayed in an exhibition at the gallery."", ""predicate"": ""will be"", ""predicate_sg_pl"": ""is"", ""predicate_sg_pl_number"": ""singular"", ""preposition"": ""of""}"
qian2023,,8,ppp,qian2023//8/ppp,,the photos of the mountains are displayed in an exhibition at the gallery .,The photos of the mountains are displayed in an exhibition at the gallery.,,71,,1,agreement,qian2023//8/ppp,1,,,,"{""N1"": ""photos"", ""N1_number"": ""plural"", ""N2"": ""mountains"", ""N2_number"": ""plural"", ""context"": ""The %% {preposition} the %% {predicate} displayed in an exhibition at the gallery."", ""predicate"": ""will be"", ""predicate_sg_pl"": ""are"", ""predicate_sg_pl_number"": ""plural"", ""preposition"": ""of""}"
qian2023,,9,sss,qian2023//9/sss,,the editor of the book has been invited to the seminar .,The editor of the book has been invited to the seminar.,,72,,1,agreement,qian2023//9/sss,1,,,,"{""N1"": ""editor"", ""N1_number"": ""singular"", ""N2"": ""book"", ""N2_number"": ""singular"", ""context"": ""The %% {preposition} the %% {predicate} invited to the seminar."", ""predicate"": ""should be"", ""predicate_sg_pl"": ""has been"", ""predicate_sg_pl_number"": ""singular"", ""preposition"": ""of""}"
qian2023,,9,ssp,qian2023//9/ssp,,the editor of the book have been invited to the seminar .,The editor of the book have been invited to the seminar.,,73,,0,agreement,qian2023//9/psp;qian2023//9/sss,2,,,,"{""N1"": ""editor"", ""N1_number"": ""singular"", ""N2"": ""book"", ""N2_number"": ""singular"", ""context"": ""The %% {preposition} the %% {predicate} invited to the seminar."", ""predicate"": ""should be"", ""predicate_sg_pl"": ""have been"", ""predicate_sg_pl_number"": ""plural"", ""preposition"": ""of""}"
qian2023,,9,sps,qian2023//9/sps,,the editor of the books has been invited to the seminar .,The editor of the books has been invited to the seminar.,,74,,1,agreement,qian2023//9/sps,1,,,,"{""N1"": ""editor"", ""N1_number"": ""singular"", ""N2"": ""books"", ""N2_number"": ""plural"", ""context"": ""The %% {preposition} the %% {predicate} invited to the seminar."", ""predicate"": ""should be"", ""predicate_sg_pl"": ""has been"", ""predicate_sg_pl_number"": ""singular"", ""preposition"": ""of""}"
qian2023,,9,spp,qian2023//9/spp,,the editor of the books have been invited to the seminar .,The editor of the books have been invited to the seminar.,,75,,0,agreement,qian2023//9/ppp;qian2023//9/sps,2,,,,"{""N1"": ""editor"", ""N1_number"": ""singular"", ""N2"": ""books"", ""N2_number"": ""plural"", ""context"": ""The %% {preposition} the %% {predicate} invited to the seminar."", ""predicate"": ""should be"", ""predicate_sg_pl"": ""have been"", ""predicate_sg_pl_number"": ""plural"", ""preposition"": ""of""}"
qian2023,,9,pss,qian2023//9/pss,,the editors of the book has been invited to the seminar .,The editors of the book has been invited to the seminar.,,76,,0,agreement,qian2023//9/psp;qian2023//9/sss,2,,,,"{""N1"": ""editors"", ""N1_number"": ""plural"", ""N2"": ""book"", ""N2_number"": ""singular"", ""context"": ""The %% {preposition} the %% {predicate} invited to the seminar."", ""predicate"": ""should be"", ""predicate_sg_pl"": ""has been"", ""predicate_sg_pl_number"": ""singular"", ""preposition"": ""of""}"
qian2023,,9,psp,qian2023//9/psp,,the editors of the book have been invited to the seminar .,The editors of the book have been invited to the seminar.,,77,,1,agreement,qian2023//9/psp,1,,,,"{""N1"": ""editors"", ""N1_number"": ""plural"", ""N2"": ""book"", ""N2_number"": ""singular"", ""context"": ""The %% {preposition} the %% {predicate} invited to the seminar."", ""predicate"": ""should be"", ""predicate_sg_pl"": ""have been"", ""predicate_sg_pl_number"": ""plural"", ""preposition"": ""of""}"
qian2023,,9,pps,qian2023//9/pps,,the editors of the books has been invited to the seminar .,The editors of the books has been invited to the seminar.,,78,,0,agreement,qian2023//9/ppp;qian2023//9/sps,2,,,,"{""N1"": ""editors"", ""N1_number"": ""plural"", ""N2"": ""books"", ""N2_number"": ""plural"", ""context"": ""The %% {preposition} the %% {predicate} invited to the seminar."", ""predicate"": ""should be"", ""predicate_sg_pl"": ""has been"", ""predicate_sg_pl_number"": ""singular"", ""preposition"": ""of""}"
qian2023,,9,ppp,qian2023//9/ppp,,the editors of the books have been invited to the seminar .,The editors of the books have been invited to the seminar.,,79,,1,agreement,qian2023//9/ppp,1,,,,"{""N1"": ""editors"", ""N1_number"": ""plural"", ""N2"": ""books"", ""N2_number"": ""plural"", ""context"": ""The %% {preposition} the %% {predicate} invited to the seminar."", ""predicate"": ""should be"", ""predicate_sg_pl"": ""have been"", ""predicate_sg_pl_number"": ""plural"", ""preposition"": ""of""}"
qian2023,,10,sss,qian2023//10/sss,,the host of the show was nominated for an award .,The host of the show was nominated for an award.,,80,,1,agreement,qian2023//10/sss,1,,,,"{""N1"": ""host"", ""N1_number"": ""singular"", ""N2"": ""show"", ""N2_number"": ""singular"", ""context"": ""The %% {preposition} the %% {predicate} nominated for an award."", ""predicate"": ""will be"", ""predicate_sg_pl"": ""was"", ""predicate_sg_pl_number"": ""singular"", ""preposition"": ""of""}"
qian2023,,10,ssp,qian2023//10/ssp,,the host of the show were nominated for an award .,The host of the show were nominated for an award.,,81,,0,agreement,qian2023//10/psp;qian2023//10/sss,2,,,,"{""N1"": ""host"", ""N1_number"": ""singular"", ""N2"": ""show"", ""N2_number"": ""singular"", ""context"": ""The %% {preposition} the %% {predicate} nominated for an award."", ""predicate"": ""will be"", ""predicate_sg_pl"": ""were"", ""predicate_sg_pl_number"": ""plural"", ""preposition"": ""of""}"
qian2023,,10,sps,qian2023//10/sps,,the host of the shows was nominated for an award .,The host of the shows was nominated for an award.,,82,,1,agreement,qian2023//10/sps,1,,,,"{""N1"": ""host"", ""N1_number"": ""singular"", ""N2"": ""shows"", ""N2_number"": ""plural"", ""context"": ""The %% {preposition} the %% {predicate} nominated for an award."", ""predicate"": ""will be"", ""predicate_sg_pl"": ""was"", ""predicate_sg_pl_number"": ""singular"", ""preposition"": ""of""}"
qian2023,,10,spp,qian2023//10/spp,,the host of the shows were nominated for an award .,The host of the shows were nominated for an award.,,83,,0,agreement,qian2023//10/ppp;qian2023//10/sps,2,,,,"{""N1"": ""host"", ""N1_number"": ""singular"", ""N2"": ""shows"", ""N2_number"": ""plural"", ""context"": ""The %% {preposition} the %% {predicate} nominated for an award."", ""predicate"": ""will be"", ""predicate_sg_pl"": ""were"", ""predicate_sg_pl_number"": ""plural"", ""preposition"": ""of""}"
qian2023,,10,pss,qian2023//10/pss,,the hosts of the show was nominated for an award .,The hosts of the show was nominated for an award.,,84,,0,agreement,qian2023//10/psp;qian2023//10/sss,2,,,,"{""N1"": ""hosts"", ""N1_number"": ""plural"", ""N2"": ""show"", ""N2_number"": ""singular"", ""context"": ""The %% {preposition} the %% {predicate} nominated for an award."", ""predicate"": ""will be"", ""predicate_sg_pl"": ""was"", ""predicate_sg_pl_number"": ""singular"", ""preposition"": ""of""}"
qian2023,,10,psp,qian2023//10/psp,,the hosts of the show were nominated for an award .,The hosts of the show were nominated for an award.,,85,,1,agreement,qian2023//10/psp,1,,,,"{""N1"": ""hosts"", ""N1_number"": ""plural"", ""N2"": ""show"", ""N2_number"": ""singular"", ""context"": ""The %% {preposition} the %% {predicate} nominated for an award."", ""predicate"": ""will be"", ""predicate_sg_pl"": ""were"", ""predicate_sg_pl_number"": ""plural"", ""preposition"": ""of""}"
qian2023,,10,pps,qian2023//10/pps,,the hosts of the shows was nominated for an award .,The hosts of the shows was nominated for an award.,,86,,0,agreement,qian2023//10/ppp;qian2023//10/sps,2,,,,"{""N1"": ""hosts"", ""N1_number"": ""plural"", ""N2"": ""shows"", ""N2_number"": ""plural"", ""context"": ""The %% {preposition} the %% {predicate} nominated for an award."", ""predicate"": ""will be"", ""predicate_sg_pl"": ""was"", ""predicate_sg_pl_number"": ""singular"", ""preposition"": ""of""}"
qian2023,,10,ppp,qian2023//10/ppp,,the hosts of the shows were nominated for an award .,The hosts of the shows were nominated for an award.,,87,,1,agreement,qian2023//10/ppp,1,,,,"{""N1"": ""hosts"", ""N1_number"": ""plural"", ""N2"": ""shows"", ""N2_number"": ""plural"", ""context"": ""The %% {preposition} the %% {predicate} nominated for an award."", ""predicate"": ""will be"", ""predicate_sg_pl"": ""were"", ""predicate_sg_pl_number"": ""plural"", ""preposition"": ""of""}"
qian2023,,11,sss,qian2023//11/sss,,the judge of the competition is the same as last year .,The judge of the competition is the same as last year.,,88,,1,agreement,qian2023//11/sss,1,,,,"{""N1"": ""judge"", ""N1_number"": ""singular"", ""N2"": ""competition"", ""N2_number"": ""singular"", ""context"": ""The %% {preposition} the %% {predicate} the same as last year."", ""predicate"": ""will be"", ""predicate_sg_pl"": ""is"", ""predicate_sg_pl_number"": ""singular"", ""preposition"": ""of""}"
qian2023,,11,ssp,qian2023//11/ssp,,the judge of the competition are the same as last year .,The judge of the competition are the same as last year.,,89,,0,agreement,qian2023//11/psp;qian2023//11/sss,2,,,,"{""N1"": ""judge"", ""N1_number"": ""singular"", ""N2"": ""competition"", ""N2_number"": ""singular"", ""context"": ""The %% {preposition} the %% {predicate} the same as last year."", ""predicate"": ""will be"", ""predicate_sg_pl"": ""are"", ""predicate_sg_pl_number"": ""plural"", ""preposition"": ""of""}"
qian2023,,11,sps,qian2023//11/sps,,the judge of the competitions is the same as last year .,The judge of the competitions is the same as last year.,,90,,1,agreement,qian2023//11/sps,1,,,,"{""N1"": ""judge"", ""N1_number"": ""singular"", ""N2"": ""competitions"", ""N2_number"": ""plural"", ""context"": ""The %% {preposition} the %% {predicate} the same as last year."", ""predicate"": ""will be"", ""predicate_sg_pl"": ""is"", ""predicate_sg_pl_number"": ""singular"", ""preposition"": ""of""}"
qian2023,,11,spp,qian2023//11/spp,,the judge of the competitions are the same as last year .,The judge of the competitions are the same as last year.,,91,,0,agreement,qian2023//11/ppp;qian2023//11/sps,2,,,,"{""N1"": ""judge"", ""N1_number"": ""singular"", ""N2"": ""competitions"", ""N2_number"": ""plural"", ""context"": ""The %% {preposition} the %% {predicate} the same as last year."", ""predicate"": ""will be"", ""predicate_sg_pl"": ""are"", ""predicate_sg_pl_number"": ""plural"", ""preposition"": ""of""}"
qian2023,,11,pss,qian2023//11/pss,,the judges of the competition is the same as last year .,The judges of the competition is the same as last year.,,92,,0,agreement,qian2023//11/psp;qian2023//11/sss,2,,,,"{""N1"": ""judges"", ""N1_number"": ""plural"", ""N2"": ""competition"", ""N2_number"": ""singular"", ""context"": ""The %% {preposition} the %% {predicate} the same as last year."", ""predicate"": ""will be"", ""predicate_sg_pl"": ""is"", ""predicate_sg_pl_number"": ""singular"", ""preposition"": ""of""}"
qian2023,,11,psp,qian2023//11/psp,,the judges of the competition are the same as last year .,The judges of the competition are the same as last year.,,93,,1,agreement,qian2023//11/psp,1,,,,"{""N1"": ""judges"", ""N1_number"": ""plural"", ""N2"": ""competition"", ""N2_number"": ""singular"", ""context"": ""The %% {preposition} the %% {predicate} the same as last year."", ""predicate"": ""will be"", ""predicate_sg_pl"": ""are"", ""predicate_sg_pl_number"": ""plural"", ""preposition"": ""of""}"
qian2023,,11,pps,qian2023//11/pps,,the judges of the competitions is the same as last year .,The judges of the competitions is the same as last year.,,94,,0,agreement,qian2023//11/ppp;qian2023//11/sps,2,,,,"{""N1"": ""judges"", ""N1_number"": ""plural"", ""N2"": ""competitions"", ""N2_number"": ""plural"", ""context"": ""The %% {preposition} the %% {predicate} the same as last year."", ""predicate"": ""will be"", ""predicate_sg_pl"": ""is"", ""predicate_sg_pl_number"": ""singular"", ""preposition"": ""of""}"
qian2023,,11,ppp,qian2023//11/ppp,,the judges of the competitions are the same as last year .,The judges of the competitions are the same as last year.,,95,,1,agreement,qian2023//11/ppp,1,,,,"{""N1"": ""judges"", ""N1_number"": ""plural"", ""N2"": ""competitions"", ""N2_number"": ""plural"", ""context"": ""The %% {preposition} the %% {predicate} the same as last year."", ""predicate"": ""will be"", ""predicate_sg_pl"": ""are"", ""predicate_sg_pl_number"": ""plural"", ""preposition"": ""of""}"
qian2023,,12,sss,qian2023//12/sss,,the friend of the actor has come to see the play .,The friend of the actor has come to see the play.,,96,,1,agreement,qian2023//12/sss,1,,,,"{""N1"": ""friend"", ""N1_number"": ""singular"", ""N2"": ""actor"", ""N2_number"": ""singular"", ""context"": ""The %% {preposition} the %% {predicate} come to see the play."", ""predicate"": ""will"", ""predicate_sg_pl"": ""has"", ""predicate_sg_pl_number"": ""singular"", ""preposition"": ""of""}"
qian2023,,12,ssp,qian2023//12/ssp,,the friend of the actor have come to see the play .,The friend of the actor have come to see the play.,,97,,0,agreement,qian2023//12/psp;qian2023//12/sss,2,,,,"{""N1"": ""friend"", ""N1_number"": ""singular"", ""N2"": ""actor"", ""N2_number"": ""singular"", ""context"": ""The %% {preposition} the %% {predicate} come to see the play."", ""predicate"": ""will"", ""predicate_sg_pl"": ""have"", ""predicate_sg_pl_number"": ""plural"", ""preposition"": ""of""}"
qian2023,,12,sps,qian2023//12/sps,,the friend of the actors has come to see the play .,The friend of the actors has come to see the play.,,98,,1,agreement,qian2023//12/sps,1,,,,"{""N1"": ""friend"", ""N1_number"": ""singular"", ""N2"": ""actors"", ""N2_number"": ""plural"", ""context"": ""The %% {preposition} the %% {predicate} come to see the play."", ""predicate"": ""will"", ""predicate_sg_pl"": ""has"", ""predicate_sg_pl_number"": ""singular"", ""preposition"": ""of""}"
qian2023,,12,spp,qian2023//12/spp,,the friend of the actors have come to see the play .,The friend of the actors have come to see the play.,,99,,0,agreement,qian2023//12/ppp;qian2023//12/sps,2,,,,"{""N1"": ""friend"", ""N1_number"": ""singular"", ""N2"": ""actors"", ""N2_number"": ""plural"", ""context"": ""The %% {preposition} the %% {predicate} come to see the play."", ""predicate"": ""will"", ""predicate_sg_pl"": ""have"", ""predicate_sg_pl_number"": ""plural"", ""preposition"": ""of""}"
qian2023,,12,pss,qian2023//12/pss,,the friends of the actor has come to see the play .,The friends of the actor has come to see the play.,,100,,0,agreement,qian2023//12/psp;qian2023//12/sss,2,,,,"{""N1"": ""friends"", ""N1_number"": ""plural"", ""N2"": ""actor"", ""N2_number"": ""singular"", ""context"": ""The %% {preposition} the %% {predicate} come to see the play."", ""predicate"": ""will"", ""predicate_sg_pl"": ""has"", ""predicate_sg_pl_number"": ""singular"", ""preposition"": ""of""}"
qian2023,,12,psp,qian2023//12/psp,,the friends of the actor have come to see the play .,The friends of the actor have come to see the play.,,101,,1,agreement,qian2023//12/psp,1,,,,"{""N1"": ""friends"", ""N1_number"": ""plural"", ""N2"": ""actor"", ""N2_number"": ""singular"", ""context"": ""The %% {preposition} the %% {predicate} come to see the play."", ""predicate"": ""will"", ""predicate_sg_pl"": ""have"", ""predicate_sg_pl_number"": ""plural"", ""preposition"": ""of""}"
qian2023,,12,pps,qian2023//12/pps,,the friends of the actors has come to see the play .,The friends of the actors has come to see the play.,,102,,0,agreement,qian2023//12/ppp;qian2023//12/sps,2,,,,"{""N1"": ""friends"", ""N1_number"": ""plural"", ""N2"": ""actors"", ""N2_number"": ""plural"", ""context"": ""The %% {preposition} the %% {predicate} come to see the play."", ""predicate"": ""will"", ""predicate_sg_pl"": ""has"", ""predicate_sg_pl_number"": ""singular"", ""preposition"": ""of""}"
qian2023,,12,ppp,qian2023//12/ppp,,the friends of the actors have come to see the play .,The friends of the actors have come to see the play.,,103,,1,agreement,qian2023//12/ppp,1,,,,"{""N1"": ""friends"", ""N1_number"": ""plural"", ""N2"": ""actors"", ""N2_number"": ""plural"", ""context"": ""The %% {preposition} the %% {predicate} come to see the play."", ""predicate"": ""will"", ""predicate_sg_pl"": ""have"", ""predicate_sg_pl_number"": ""plural"", ""preposition"": ""of""}"
qian2023,,13,sss,qian2023//13/sss,,the bone of the dinosaur is on display at the natural history museum .,The bone of the dinosaur is on display at the natural history museum.,,104,,1,agreement,qian2023//13/sss,1,,,,"{""N1"": ""bone"", ""N1_number"": ""singular"", ""N2"": ""dinosaur"", ""N2_number"": ""singular"", ""context"": ""The %% {preposition} the %% {predicate} on display at the Natural History Museum."", ""predicate"": ""will be"", ""predicate_sg_pl"": ""is"", ""predicate_sg_pl_number"": ""singular"", ""preposition"": ""of""}"
qian2023,,13,ssp,qian2023//13/ssp,,the bone of the dinosaur are on display at the natural history museum .,The bone of the dinosaur are on display at the natural history museum.,,105,,0,agreement,qian2023//13/psp;qian2023//13/sss,2,,,,"{""N1"": ""bone"", ""N1_number"": ""singular"", ""N2"": ""dinosaur"", ""N2_number"": ""singular"", ""context"": ""The %% {preposition} the %% {predicate} on display at the Natural History Museum."", ""predicate"": ""will be"", ""predicate_sg_pl"": ""are"", ""predicate_sg_pl_number"": ""plural"", ""preposition"": ""of""}"
qian2023,,13,sps,qian2023//13/sps,,the bone of the dinosaurs is on display at the natural history museum .,The bone of the dinosaurs is on display at the natural history museum.,,106,,1,agreement,qian2023//13/sps,1,,,,"{""N1"": ""bone"", ""N1_number"": ""singular"", ""N2"": ""dinosaurs"", ""N2_number"": ""plural"", ""context"": ""The %% {preposition} the %% {predicate} on display at the Natural History Museum."", ""predicate"": ""will be"", ""predicate_sg_pl"": ""is"", ""predicate_sg_pl_number"": ""singular"", ""preposition"": ""of""}"
qian2023,,13,spp,qian2023//13/spp,,the bone of the dinosaurs are on display at the natural history museum .,The bone of the dinosaurs are on display at the natural history museum.,,107,,0,agreement,qian2023//13/ppp;qian2023//13/sps,2,,,,"{""N1"": ""bone"", ""N1_number"": ""singular"", ""N2"": ""dinosaurs"", ""N2_number"": ""plural"", ""context"": ""The %% {preposition} the %% {predicate} on display at the Natural History Museum."", ""predicate"": ""will be"", ""predicate_sg_pl"": ""are"", ""predicate_sg_pl_number"": ""plural"", ""preposition"": ""of""}"
qian2023,,13,pss,qian2023//13/pss,,the bones of the dinosaur is on display at the natural history museum .,The bones of the dinosaur is on display at the natural history museum.,,108,,0,agreement,qian2023//13/psp;qian2023//13/sss,2,,,,"{""N1"": ""bones"", ""N1_number"": ""plural"", ""N2"": ""dinosaur"", ""N2_number"": ""singular"", ""context"": ""The %% {preposition} the %% {predicate} on display at the Natural History Museum."", ""predicate"": ""will be"", ""predicate_sg_pl"": ""is"", ""predicate_sg_pl_number"": ""singular"", ""preposition"": ""of""}"
qian2023,,13,psp,qian2023//13/psp,,the bones of the dinosaur are on display at the natural history museum .,The bones of the dinosaur are on display at the natural history museum.,,109,,1,agreement,qian2023//13/psp,1,,,,"{""N1"": ""bones"", ""N1_number"": ""plural"", ""N2"": ""dinosaur"", ""N2_number"": ""singular"", ""context"": ""The %% {preposition} the %% {predicate} on display at the Natural History Museum."", ""predicate"": ""will be"", ""predicate_sg_pl"": ""are"", ""predicate_sg_pl_number"": ""plural"", ""preposition"": ""of""}"
qian2023,,13,pps,qian2023//13/pps,,the bones of the dinosaurs is on display at the natural history museum .,The bones of the dinosaurs is on display at the natural history museum.,,110,,0,agreement,qian2023//13/ppp;qian2023//13/sps,2,,,,"{""N1"": ""bones"", ""N1_number"": ""plural"", ""N2"": ""dinosaurs"", ""N2_number"": ""plural"", ""context"": ""The %% {preposition} the %% {predicate} on display at the Natural History Museum."", ""predicate"": ""will be"", ""predicate_sg_pl"": ""is"", ""predicate_sg_pl_number"": ""singular"", ""preposition"": ""of""}"
qian2023,,13,ppp,qian2023//13/ppp,,the bones of the dinosaurs are on display at the natural history museum .,The bones of the dinosaurs are on display at the natural history museum.,,111,,1,agreement,qian2023//13/ppp,1,,,,"{""N1"": ""bones"", ""N1_number"": ""plural"", ""N2"": ""dinosaurs"", ""N2_number"": ""plural"", ""context"": ""The %% {preposition} the %% {predicate} on display at the Natural History Museum."", ""predicate"": ""will be"", ""predicate_sg_pl"": ""are"", ""predicate_sg_pl_number"": ""plural"", ""preposition"": ""of""}"
qian2023,,14,sss,qian2023//14/sss,,the doubt about the product was completely expected .,The doubt about the product was completely expected.,,112,,1,agreement,qian2023//14/sss,1,,,,"{""N1"": ""doubt"", ""N1_number"": ""singular"", ""N2"": ""product"", ""N2_number"": ""singular"", ""context"": ""The %% {preposition} the %% {predicate} completely expected."", ""predicate"": ""would be"", ""predicate_sg_pl"": ""was"", ""predicate_sg_pl_number"": ""singular"", ""preposition"": ""about""}"
qian2023,,14,ssp,qian2023//14/ssp,,the doubt about the product were completely expected .,The doubt about the product were completely expected.,,113,,0,agreement,qian2023//14/psp;qian2023//14/sss,2,,,,"{""N1"": ""doubt"", ""N1_number"": ""singular"", ""N2"": ""product"", ""N2_number"": ""singular"", ""context"": ""The %% {preposition} the %% {predicate} completely expected."", ""predicate"": ""would be"", ""predicate_sg_pl"": ""were"", ""predicate_sg_pl_number"": ""plural"", ""preposition"": ""about""}"
qian2023,,14,sps,qian2023//14/sps,,the doubt about the products was completely expected .,The doubt about the products was completely expected.,,114,,1,agreement,qian2023//14/sps,1,,,,"{""N1"": ""doubt"", ""N1_number"": ""singular"", ""N2"": ""products"", ""N2_number"": ""plural"", ""context"": ""The %% {preposition} the %% {predicate} completely expected."", ""predicate"": ""would be"", ""predicate_sg_pl"": ""was"", ""predicate_sg_pl_number"": ""singular"", ""preposition"": ""about""}"
qian2023,,14,spp,qian2023//14/spp,,the doubt about the products were completely expected .,The doubt about the products were completely expected.,,115,,0,agreement,qian2023//14/ppp;qian2023//14/sps,2,,,,"{""N1"": ""doubt"", ""N1_number"": ""singular"", ""N2"": ""products"", ""N2_number"": ""plural"", ""context"": ""The %% {preposition} the %% {predicate} completely expected."", ""predicate"": ""would be"", ""predicate_sg_pl"": ""were"", ""predicate_sg_pl_number"": ""plural"", ""preposition"": ""about""}"
qian2023,,14,pss,qian2023//14/pss,,the doubts about the product was completely expected .,The doubts about the product was completely expected.,,116,,0,agreement,qian2023//14/psp;qian2023//14/sss,2,,,,"{""N1"": ""doubts"", ""N1_number"": ""plural"", ""N2"": ""product"", ""N2_number"": ""singular"", ""context"": ""The %% {preposition} the %% {predicate} completely expected."", ""predicate"": ""would be"", ""predicate_sg_pl"": ""was"", ""predicate_sg_pl_number"": ""singular"", ""preposition"": ""about""}"
qian2023,,14,psp,qian2023//14/psp,,the doubts about the product were completely expected .,The doubts about the product were completely expected.,,117,,1,agreement,qian2023//14/psp,1,,,,"{""N1"": ""doubts"", ""N1_number"": ""plural"", ""N2"": ""product"", ""N2_number"": ""singular"", ""context"": ""The %% {preposition} the %% {predicate} completely expected."", ""predicate"": ""would be"", ""predicate_sg_pl"": ""were"", ""predicate_sg_pl_number"": ""plural"", ""preposition"": ""about""}"
qian2023,,14,pps,qian2023//14/pps,,the doubts about the products was completely expected .,The doubts about the products was completely expected.,,118,,0,agreement,qian2023//14/ppp;qian2023//14/sps,2,,,,"{""N1"": ""doubts"", ""N1_number"": ""plural"", ""N2"": ""products"", ""N2_number"": ""plural"", ""context"": ""The %% {preposition} the %% {predicate} completely expected."", ""predicate"": ""would be"", ""predicate_sg_pl"": ""was"", ""predicate_sg_pl_number"": ""singular"", ""preposition"": ""about""}"
qian2023,,14,ppp,qian2023//14/ppp,,the doubts about the products were completely expected .,The doubts about the products were completely expected.,,119,,1,agreement,qian2023//14/ppp,1,,,,"{""N1"": ""doubts"", ""N1_number"": ""plural"", ""N2"": ""products"", ""N2_number"": ""plural"", ""context"": ""The %% {preposition} the %% {predicate} completely expected."", ""predicate"": ""would be"", ""predicate_sg_pl"": ""were"", ""predicate_sg_pl_number"": ""plural"", ""preposition"": ""about""}"
qian2023,,15,sss,qian2023//15/sss,,the article about the discovery is very easy to read .,The article about the discovery is very easy to read.,,120,,1,agreement,qian2023//15/sss,1,,,,"{""N1"": ""article"", ""N1_number"": ""singular"", ""N2"": ""discovery"", ""N2_number"": ""singular"", ""context"": ""The %% {preposition} the %% {predicate} very easy to read."", ""predicate"": ""should be"", ""predicate_sg_pl"": ""is"", ""predicate_sg_pl_number"": ""singular"", ""preposition"": ""about""}"
qian2023,,15,ssp,qian2023//15/ssp,,the article about the discovery are very easy to read .,The article about the discovery are very easy to read.,,121,,0,agreement,qian2023//15/psp;qian2023//15/sss,2,,,,"{""N1"": ""article"", ""N1_number"": ""singular"", ""N2"": ""discovery"", ""N2_number"": ""singular"", ""context"": ""The %% {preposition} the %% {predicate} very easy to read."", ""predicate"": ""should be"", ""predicate_sg_pl"": ""are"", ""predicate_sg_pl_number"": ""plural"", ""preposition"": ""about""}"
qian2023,,15,sps,qian2023//15/sps,,the article about the discoveries is very easy to read .,The article about the discoveries is very easy to read.,,122,,1,agreement,qian2023//15/sps,1,,,,"{""N1"": ""article"", ""N1_number"": ""singular"", ""N2"": ""discoveries"", ""N2_number"": ""plural"", ""context"": ""The %% {preposition} the %% {predicate} very easy to read."", ""predicate"": ""should be"", ""predicate_sg_pl"": ""is"", ""predicate_sg_pl_number"": ""singular"", ""preposition"": ""about""}"
qian2023,,15,spp,qian2023//15/spp,,the article about the discoveries are very easy to read .,The article about the discoveries are very easy to read.,,123,,0,agreement,qian2023//15/ppp;qian2023//15/sps,2,,,,"{""N1"": ""article"", ""N1_number"": ""singular"", ""N2"": ""discoveries"", ""N2_number"": ""plural"", ""context"": ""The %% {preposition} the %% {predicate} very easy to read."", ""predicate"": ""should be"", ""predicate_sg_pl"": ""are"", ""predicate_sg_pl_number"": ""plural"", ""preposition"": ""about""}"
qian2023,,15,pss,qian2023//15/pss,,the articles about the discovery is very easy to read .,The articles about the discovery is very easy to read.,,124,,0,agreement,qian2023//15/psp;qian2023//15/sss,2,,,,"{""N1"": ""articles"", ""N1_number"": ""plural"", ""N2"": ""discovery"", ""N2_number"": ""singular"", ""context"": ""The %% {preposition} the %% {predicate} very easy to read."", ""predicate"": ""should be"", ""predicate_sg_pl"": ""is"", ""predicate_sg_pl_number"": ""singular"", ""preposition"": ""about""}"
qian2023,,15,psp,qian2023//15/psp,,the articles about the discovery are very easy to read .,The articles about the discovery are very easy to read.,,125,,1,agreement,qian2023//15/psp,1,,,,"{""N1"": ""articles"", ""N1_number"": ""plural"", ""N2"": ""discovery"", ""N2_number"": ""singular"", ""context"": ""The %% {preposition} the %% {predicate} very easy to read."", ""predicate"": ""should be"", ""predicate_sg_pl"": ""are"", ""predicate_sg_pl_number"": ""plural"", ""preposition"": ""about""}"
qian2023,,15,pps,qian2023//15/pps,,the articles about the discoveries is very easy to read .,The articles about the discoveries is very easy to read.,,126,,0,agreement,qian2023//15/ppp;qian2023//15/sps,2,,,,"{""N1"": ""articles"", ""N1_number"": ""plural"", ""N2"": ""discoveries"", ""N2_number"": ""plural"", ""context"": ""The %% {preposition} the %% {predicate} very easy to read."", ""predicate"": ""should be"", ""predicate_sg_pl"": ""is"", ""predicate_sg_pl_number"": ""singular"", ""preposition"": ""about""}"
qian2023,,15,ppp,qian2023//15/ppp,,the articles about the discoveries are very easy to read .,The articles about the discoveries are very easy to read.,,127,,1,agreement,qian2023//15/ppp,1,,,,"{""N1"": ""articles"", ""N1_number"": ""plural"", ""N2"": ""discoveries"", ""N2_number"": ""plural"", ""context"": ""The %% {preposition} the %% {predicate} very easy to read."", ""predicate"": ""should be"", ""predicate_sg_pl"": ""are"", ""predicate_sg_pl_number"": ""plural"", ""preposition"": ""about""}"
qian2023,,16,sss,qian2023//16/sss,,the story about the scientist has inspired many people .,The story about the scientist has inspired many people.,,128,,1,agreement,qian2023//16/sss,1,,,,"{""N1"": ""story"", ""N1_number"": ""singular"", ""N2"": ""scientist"", ""N2_number"": ""singular"", ""context"": ""The %% {preposition} the %% {predicate} many people."", ""predicate"": ""will inspire"", ""predicate_sg_pl"": ""has inspired"", ""predicate_sg_pl_number"": ""singular"", ""preposition"": ""about""}"
qian2023,,16,ssp,qian2023//16/ssp,,the story about the scientist have inspired many people .,The story about the scientist have inspired many people.,,129,,0,agreement,qian2023//16/psp;qian2023//16/sss,2,,,,"{""N1"": ""story"", ""N1_number"": ""singular"", ""N2"": ""scientist"", ""N2_number"": ""singular"", ""context"": ""The %% {preposition} the %% {predicate} many people."", ""predicate"": ""will inspire"", ""predicate_sg_pl"": ""have inspired"", ""predicate_sg_pl_number"": ""plural"", ""preposition"": ""about""}"
qian2023,,16,sps,qian2023//16/sps,,the story about the scientists has inspired many people .,The story about the scientists has inspired many people.,,130,,1,agreement,qian2023//16/sps,1,,,,"{""N1"": ""story"", ""N1_number"": ""singular"", ""N2"": ""scientists"", ""N2_number"": ""plural"", ""context"": ""The %% {preposition} the %% {predicate} many people."", ""predicate"": ""will inspire"", ""predicate_sg_pl"": ""has inspired"", ""predicate_sg_pl_number"": ""singular"", ""preposition"": ""about""}"
qian2023,,16,spp,qian2023//16/spp,,the story about the scientists have inspired many people .,The story about the scientists have inspired many people.,,131,,0,agreement,qian2023//16/ppp;qian2023//16/sps,2,,,,"{""N1"": ""story"", ""N1_number"": ""singular"", ""N2"": ""scientists"", ""N2_number"": ""plural"", ""context"": ""The %% {preposition} the %% {predicate} many people."", ""predicate"": ""will inspire"", ""predicate_sg_pl"": ""have inspired"", ""predicate_sg_pl_number"": ""plural"", ""preposition"": ""about""}"
qian2023,,16,pss,qian2023//16/pss,,the stories about the scientist has inspired many people .,The stories about the scientist has inspired many people.,,132,,0,agreement,qian2023//16/psp;qian2023//16/sss,2,,,,"{""N1"": ""stories"", ""N1_number"": ""plural"", ""N2"": ""scientist"", ""N2_number"": ""singular"", ""context"": ""The %% {preposition} the %% {predicate} many people."", ""predicate"": ""will inspire"", ""predicate_sg_pl"": ""has inspired"", ""predicate_sg_pl_number"": ""singular"", ""preposition"": ""about""}"
qian2023,,16,psp,qian2023//16/psp,,the stories about the scientist have inspired many people .,The stories about the scientist have inspired many people.,,133,,1,agreement,qian2023//16/psp,1,,,,"{""N1"": ""stories"", ""N1_number"": ""plural"", ""N2"": ""scientist"", ""N2_number"": ""singular"", ""context"": ""The %% {preposition} the %% {predicate} many people."", ""predicate"": ""will inspire"", ""predicate_sg_pl"": ""have inspired"", ""predicate_sg_pl_number"": ""plural"", ""preposition"": ""about""}"
qian2023,,16,pps,qian2023//16/pps,,the stories about the scientists has inspired many people .,The stories about the scientists has inspired many people.,,134,,0,agreement,qian2023//16/ppp;qian2023//16/sps,2,,,,"{""N1"": ""stories"", ""N1_number"": ""plural"", ""N2"": ""scientists"", ""N2_number"": ""plural"", ""context"": ""The %% {preposition} the %% {predicate} many people."", ""predicate"": ""will inspire"", ""predicate_sg_pl"": ""has inspired"", ""predicate_sg_pl_number"": ""singular"", ""preposition"": ""about""}"
qian2023,,16,ppp,qian2023//16/ppp,,the stories about the scientists have inspired many people .,The stories about the scientists have inspired many people.,,135,,1,agreement,qian2023//16/ppp,1,,,,"{""N1"": ""stories"", ""N1_number"": ""plural"", ""N2"": ""scientists"", ""N2_number"": ""plural"", ""context"": ""The %% {preposition} the %% {predicate} many people."", ""predicate"": ""will inspire"", ""predicate_sg_pl"": ""have inspired"", ""predicate_sg_pl_number"": ""plural"", ""preposition"": ""about""}"
qian2023,,17,sss,qian2023//17/sss,,the alarm in the station has been maintained regularly .,The alarm in the station has been maintained regularly.,,136,,1,agreement,qian2023//17/sss,1,,,,"{""N1"": ""alarm"", ""N1_number"": ""singular"", ""N2"": ""station"", ""N2_number"": ""singular"", ""context"": ""The %% {preposition} the %% {predicate} maintained regularly."", ""predicate"": ""should be"", ""predicate_sg_pl"": ""has been"", ""predicate_sg_pl_number"": ""singular"", ""preposition"": ""in""}"
qian2023,,17,ssp,qian2023//17/ssp,,the alarm in the station have been maintained regularly .,The alarm in the station have been maintained regularly.,,137,,0,agreement,qian2023//17/psp;qian2023//17/sss,2,,,,"{""N1"": ""alarm"", ""N1_number"": ""singular"", ""N2"": ""station"", ""N2_number"": ""singular"", ""context"": ""The %% {preposition} the %% {predicate} maintained regularly."", ""predicate"": ""should be"", ""predicate_sg_pl"": ""have been"", ""predicate_sg_pl_number"": ""plural"", ""preposition"": ""in""}"
qian2023,,17,sps,qian2023//17/sps,,the alarm in the stations has been maintained regularly .,The alarm in the stations has been maintained regularly.,,138,,1,agreement,qian2023//17/sps,1,,,,"{""N1"": ""alarm"", ""N1_number"": ""singular"", ""N2"": ""stations"", ""N2_number"": ""plural"", ""context"": ""The %% {preposition} the %% {predicate} maintained regularly."", ""predicate"": ""should be"", ""predicate_sg_pl"": ""has been"", ""predicate_sg_pl_number"": ""singular"", ""preposition"": ""in""}"
qian2023,,17,spp,qian2023//17/spp,,the alarm in the stations have been maintained regularly .,The alarm in the stations have been maintained regularly.,,139,,0,agreement,qian2023//17/ppp;qian2023//17/sps,2,,,,"{""N1"": ""alarm"", ""N1_number"": ""singular"", ""N2"": ""stations"", ""N2_number"": ""plural"", ""context"": ""The %% {preposition} the %% {predicate} maintained regularly."", ""predicate"": ""should be"", ""predicate_sg_pl"": ""have been"", ""predicate_sg_pl_number"": ""plural"", ""preposition"": ""in""}"
qian2023,,17,pss,qian2023//17/pss,,the alarms in the station has been maintained regularly .,The alarms in the station has been maintained regularly.,,140,,0,agreement,qian2023//17/psp;qian2023//17/sss,2,,,,"{""N1"": ""alarms"", ""N1_number"": ""plural"", ""N2"": ""station"", ""N2_number"": ""singular"", ""context"": ""The %% {preposition} the %% {predicate} maintained regularly."", ""predicate"": ""should be"", ""predicate_sg_pl"": ""has been"", ""predicate_sg_pl_number"": ""singular"", ""preposition"": ""in""}"
qian2023,,17,psp,qian2023//17/psp,,the alarms in the station have been maintained regularly .,The alarms in the station have been maintained regularly.,,141,,1,agreement,qian2023//17/psp,1,,,,"{""N1"": ""alarms"", ""N1_number"": ""plural"", ""N2"": ""station"", ""N2_number"": ""singular"", ""context"": ""The %% {preposition} the %% {predicate} maintained regularly."", ""predicate"": ""should be"", ""predicate_sg_pl"": ""have been"", ""predicate_sg_pl_number"": ""plural"", ""preposition"": ""in""}"
qian2023,,17,pps,qian2023//17/pps,,the alarms in the stations has been maintained regularly .,The alarms in the stations has been maintained regularly.,,142,,0,agreement,qian2023//17/ppp;qian2023//17/sps,2,,,,"{""N1"": ""alarms"", ""N1_number"": ""plural"", ""N2"": ""stations"", ""N2_number"": ""plural"", ""context"": ""The %% {preposition} the %% {predicate} maintained regularly."", ""predicate"": ""should be"", ""predicate_sg_pl"": ""has been"", ""predicate_sg_pl_number"": ""singular"", ""preposition"": ""in""}"
qian2023,,17,ppp,qian2023//17/ppp,,the alarms in the stations have been maintained regularly .,The alarms in the stations have been maintained regularly.,,143,,1,agreement,qian2023//17/ppp,1,,,,"{""N1"": ""alarms"", ""N1_number"": ""plural"", ""N2"": ""stations"", ""N2_number"": ""plural"", ""context"": ""The %% {preposition} the %% {predicate} maintained regularly."", ""predicate"": ""should be"", ""predicate_sg_pl"": ""have been"", ""predicate_sg_pl_number"": ""plural"", ""preposition"": ""in""}"
qian2023,,18,sss,qian2023//18/sss,,the musician in the orchestra is organizing a community concert .,The musician in the orchestra is organizing a community concert.,,144,,1,agreement,qian2023//18/sss,1,,,,"{""N1"": ""musician"", ""N1_number"": ""singular"", ""N2"": ""orchestra"", ""N2_number"": ""singular"", ""context"": ""The %% {preposition} the %% {predicate} organizing a community concert."", ""predicate"": ""will be"", ""predicate_sg_pl"": ""is"", ""predicate_sg_pl_number"": ""singular"", ""preposition"": ""in""}"
qian2023,,18,ssp,qian2023//18/ssp,,the musician in the orchestra are organizing a community concert .,The musician in the orchestra are organizing a community concert.,,145,,0,agreement,qian2023//18/psp;qian2023//18/sss,2,,,,"{""N1"": ""musician"", ""N1_number"": ""singular"", ""N2"": ""orchestra"", ""N2_number"": ""singular"", ""context"": ""The %% {preposition} the %% {predicate} organizing a community concert."", ""predicate"": ""will be"", ""predicate_sg_pl"": ""are"", ""predicate_sg_pl_number"": ""plural"", ""preposition"": ""in""}"
qian2023,,18,sps,qian2023//18/sps,,the musician in the orchestras is organizing a community concert .,The musician in the orchestras is organizing a community concert.,,146,,1,agreement,qian2023//18/sps,1,,,,"{""N1"": ""musician"", ""N1_number"": ""singular"", ""N2"": ""orchestras"", ""N2_number"": ""plural"", ""context"": ""The %% {preposition} the %% {predicate} organizing a community concert."", ""predicate"": ""will be"", ""predicate_sg_pl"": ""is"", ""predicate_sg_pl_number"": ""singular"", ""preposition"": ""in""}"
qian2023,,18,spp,qian2023//18/spp,,the musician in the orchestras are organizing a community concert .,The musician in the orchestras are organizing a community concert.,,147,,0,agreement,qian2023//18/ppp;qian2023//18/sps,2,,,,"{""N1"": ""musician"", ""N1_number"": ""singular"", ""N2"": ""orchestras"", ""N2_number"": ""plural"", ""context"": ""The %% {preposition} the %% {predicate} organizing a community concert."", ""predicate"": ""will be"", ""predicate_sg_pl"": ""are"", ""predicate_sg_pl_number"": ""plural"", ""preposition"": ""in""}"
qian2023,,18,pss,qian2023//18/pss,,the musicians in the orchestra is organizing a community concert .,The musicians in the orchestra is organizing a community concert.,,148,,0,agreement,qian2023//18/psp;qian2023//18/sss,2,,,,"{""N1"": ""musicians"", ""N1_number"": ""plural"", ""N2"": ""orchestra"", ""N2_number"": ""singular"", ""context"": ""The %% {preposition} the %% {predicate} organizing a community concert."", ""predicate"": ""will be"", ""predicate_sg_pl"": ""is"", ""predicate_sg_pl_number"": ""singular"", ""preposition"": ""in""}"
qian2023,,18,psp,qian2023//18/psp,,the musicians in the orchestra are organizing a community concert .,The musicians in the orchestra are organizing a community concert.,,149,,1,agreement,qian2023//18/psp,1,,,,"{""N1"": ""musicians"", ""N1_number"": ""plural"", ""N2"": ""orchestra"", ""N2_number"": ""singular"", ""context"": ""The %% {preposition} the %% {predicate} organizing a community concert."", ""predicate"": ""will be"", ""predicate_sg_pl"": ""are"", ""predicate_sg_pl_number"": ""plural"", ""preposition"": ""in""}"
qian2023,,18,pps,qian2023//18/pps,,the musicians in the orchestras is organizing a community concert .,The musicians in the orchestras is organizing a community concert.,,150,,0,agreement,qian2023//18/ppp;qian2023//18/sps,2,,,,"{""N1"": ""musicians"", ""N1_number"": ""plural"", ""N2"": ""orchestras"", ""N2_number"": ""plural"", ""context"": ""The %% {preposition} the %% {predicate} organizing a community concert."", ""predicate"": ""will be"", ""predicate_sg_pl"": ""is"", ""predicate_sg_pl_number"": ""singular"", ""preposition"": ""in""}"
qian2023,,18,ppp,qian2023//18/ppp,,the musicians in the orchestras are organizing a community concert .,The musicians in the orchestras are organizing a community concert.,,151,,1,agreement,qian2023//18/ppp,1,,,,"{""N1"": ""musicians"", ""N1_number"": ""plural"", ""N2"": ""orchestras"", ""N2_number"": ""plural"", ""context"": ""The %% {preposition} the %% {predicate} organizing a community concert."", ""predicate"": ""will be"", ""predicate_sg_pl"": ""are"", ""predicate_sg_pl_number"": ""plural"", ""preposition"": ""in""}"
qian2023,,19,sss,qian2023//19/sss,,the character in the episode was too chaotic .,The character in the episode was too chaotic.,,152,,1,agreement,qian2023//19/sss,1,,,,"{""N1"": ""character"", ""N1_number"": ""singular"", ""N2"": ""episode"", ""N2_number"": ""singular"", ""context"": ""The %% {preposition} the %% {predicate} too chaotic."", ""predicate"": ""might be"", ""predicate_sg_pl"": ""was"", ""predicate_sg_pl_number"": ""singular"", ""preposition"": ""in""}"
qian2023,,19,ssp,qian2023//19/ssp,,the character in the episode were too chaotic .,The character in the episode were too chaotic.,,153,,0,agreement,qian2023//19/psp;qian2023//19/sss,2,,,,"{""N1"": ""character"", ""N1_number"": ""singular"", ""N2"": ""episode"", ""N2_number"": ""singular"", ""context"": ""The %% {preposition} the %% {predicate} too chaotic."", ""predicate"": ""might be"", ""predicate_sg_pl"": ""were"", ""predicate_sg_pl_number"": ""plural"", ""preposition"": ""in""}"
qian2023,,19,sps,qian2023//19/sps,,the character in the episodes was too chaotic .,The character in the episodes was too chaotic.,,154,,1,agreement,qian2023//19/sps,1,,,,"{""N1"": ""character"", ""N1_number"": ""singular"", ""N2"": ""episodes"", ""N2_number"": ""plural"", ""context"": ""The %% {preposition} the %% {predicate} too chaotic."", ""predicate"": ""might be"", ""predicate_sg_pl"": ""was"", ""predicate_sg_pl_number"": ""singular"", ""preposition"": ""in""}"
qian2023,,19,spp,qian2023//19/spp,,the character in the episodes were too chaotic .,The character in the episodes were too chaotic.,,155,,0,agreement,qian2023//19/ppp;qian2023//19/sps,2,,,,"{""N1"": ""character"", ""N1_number"": ""singular"", ""N2"": ""episodes"", ""N2_number"": ""plural"", ""context"": ""The %% {preposition} the %% {predicate} too chaotic."", ""predicate"": ""might be"", ""predicate_sg_pl"": ""were"", ""predicate_sg_pl_number"": ""plural"", ""preposition"": ""in""}"
qian2023,,19,pss,qian2023//19/pss,,the characters in the episode was too chaotic .,The characters in the episode was too chaotic.,,156,,0,agreement,qian2023//19/psp;qian2023//19/sss,2,,,,"{""N1"": ""characters"", ""N1_number"": ""plural"", ""N2"": ""episode"", ""N2_number"": ""singular"", ""context"": ""The %% {preposition} the %% {predicate} too chaotic."", ""predicate"": ""might be"", ""predicate_sg_pl"": ""was"", ""predicate_sg_pl_number"": ""singular"", ""preposition"": ""in""}"
qian2023,,19,psp,qian2023//19/psp,,the characters in the episode were too chaotic .,The characters in the episode were too chaotic.,,157,,1,agreement,qian2023//19/psp,1,,,,"{""N1"": ""characters"", ""N1_number"": ""plural"", ""N2"": ""episode"", ""N2_number"": ""singular"", ""context"": ""The %% {preposition} the %% {predicate} too chaotic."", ""predicate"": ""might be"", ""predicate_sg_pl"": ""were"", ""predicate_sg_pl_number"": ""plural"", ""preposition"": ""in""}"
qian2023,,19,pps,qian2023//19/pps,,the characters in the episodes was too chaotic .,The characters in the episodes was too chaotic.,,158,,0,agreement,qian2023//19/ppp;qian2023//19/sps,2,,,,"{""N1"": ""characters"", ""N1_number"": ""plural"", ""N2"": ""episodes"", ""N2_number"": ""plural"", ""context"": ""The %% {preposition} the %% {predicate} too chaotic."", ""predicate"": ""might be"", ""predicate_sg_pl"": ""was"", ""predicate_sg_pl_number"": ""singular"", ""preposition"": ""in""}"
qian2023,,19,ppp,qian2023//19/ppp,,the characters in the episodes were too chaotic .,The characters in the episodes were too chaotic.,,159,,1,agreement,qian2023//19/ppp,1,,,,"{""N1"": ""characters"", ""N1_number"": ""plural"", ""N2"": ""episodes"", ""N2_number"": ""plural"", ""context"": ""The %% {preposition} the %% {predicate} too chaotic."", ""predicate"": ""might be"", ""predicate_sg_pl"": ""were"", ""predicate_sg_pl_number"": ""plural"", ""preposition"": ""in""}"
qian2023,,20,sss,qian2023//20/sss,,the picture in the album reminds them of the days they spent together .,The picture in the album reminds them of the days they spent together.,,160,,1,agreement,qian2023//20/sss,1,,,,"{""N1"": ""picture"", ""N1_number"": ""singular"", ""N2"": ""album"", ""N2_number"": ""singular"", ""context"": ""The %% {preposition} the %% {predicate} them of the days they spent together."", ""predicate"": ""will remind"", ""predicate_sg_pl"": ""reminds"", ""predicate_sg_pl_number"": ""singular"", ""preposition"": ""in""}"
qian2023,,20,ssp,qian2023//20/ssp,,the picture in the album remind them of the days they spent together .,The picture in the album remind them of the days they spent together.,,161,,0,agreement,qian2023//20/psp;qian2023//20/sss,2,,,,"{""N1"": ""picture"", ""N1_number"": ""singular"", ""N2"": ""album"", ""N2_number"": ""singular"", ""context"": ""The %% {preposition} the %% {predicate} them of the days they spent together."", ""predicate"": ""will remind"", ""predicate_sg_pl"": ""remind"", ""predicate_sg_pl_number"": ""plural"", ""preposition"": ""in""}"
qian2023,,20,sps,qian2023//20/sps,,the picture in the albums reminds them of the days they spent together .,The picture in the albums reminds them of the days they spent together.,,162,,1,agreement,qian2023//20/sps,1,,,,"{""N1"": ""picture"", ""N1_number"": ""singular"", ""N2"": ""albums"", ""N2_number"": ""plural"", ""context"": ""The %% {preposition} the %% {predicate} them of the days they spent together."", ""predicate"": ""will remind"", ""predicate_sg_pl"": ""reminds"", ""predicate_sg_pl_number"": ""singular"", ""preposition"": ""in""}"
qian2023,,20,spp,qian2023//20/spp,,the picture in the albums remind them of the days they spent together .,The picture in the albums remind them of the days they spent together.,,163,,0,agreement,qian2023//20/ppp;qian2023//20/sps,2,,,,"{""N1"": ""picture"", ""N1_number"": ""singular"", ""N2"": ""albums"", ""N2_number"": ""plural"", ""context"": ""The %% {preposition} the %% {predicate} them of the days they spent together."", ""predicate"": ""will remind"", ""predicate_sg_pl"": ""remind"", ""predicate_sg_pl_number"": ""plural"", ""preposition"": ""in""}"
qian2023,,20,pss,qian2023//20/pss,,the pictures in the album reminds them of the days they spent together .,The pictures in the album reminds them of the days they spent together.,,164,,0,agreement,qian2023//20/psp;qian2023//20/sss,2,,,,"{""N1"": ""pictures"", ""N1_number"": ""plural"", ""N2"": ""album"", ""N2_number"": ""singular"", ""context"": ""The %% {preposition} the %% {predicate} them of the days they spent together."", ""predicate"": ""will remind"", ""predicate_sg_pl"": ""reminds"", ""predicate_sg_pl_number"": ""singular"", ""preposition"": ""in""}"
qian2023,,20,psp,qian2023//20/psp,,the pictures in the album remind them of the days they spent together .,The pictures in the album remind them of the days they spent together.,,165,,1,agreement,qian2023//20/psp,1,,,,"{""N1"": ""pictures"", ""N1_number"": ""plural"", ""N2"": ""album"", ""N2_number"": ""singular"", ""context"": ""The %% {preposition} the %% {predicate} them of the days they spent together."", ""predicate"": ""will remind"", ""predicate_sg_pl"": ""remind"", ""predicate_sg_pl_number"": ""plural"", ""preposition"": ""in""}"
qian2023,,20,pps,qian2023//20/pps,,the pictures in the albums reminds them of the days they spent together .,The pictures in the albums reminds them of the days they spent together.,,166,,0,agreement,qian2023//20/ppp;qian2023//20/sps,2,,,,"{""N1"": ""pictures"", ""N1_number"": ""plural"", ""N2"": ""albums"", ""N2_number"": ""plural"", ""context"": ""The %% {preposition} the %% {predicate} them of the days they spent together."", ""predicate"": ""will remind"", ""predicate_sg_pl"": ""reminds"", ""predicate_sg_pl_number"": ""singular"", ""preposition"": ""in""}"
qian2023,,20,ppp,qian2023//20/ppp,,the pictures in the albums remind them of the days they spent together .,The pictures in the albums remind them of the days they spent together.,,167,,1,agreement,qian2023//20/ppp,1,,,,"{""N1"": ""pictures"", ""N1_number"": ""plural"", ""N2"": ""albums"", ""N2_number"": ""plural"", ""context"": ""The %% {preposition} the %% {predicate} them of the days they spent together."", ""predicate"": ""will remind"", ""predicate_sg_pl"": ""remind"", ""predicate_sg_pl_number"": ""plural"", ""preposition"": ""in""}"
qian2023,,21,sss,qian2023//21/sss,,the player in the game has won several championships .,The player in the game has won several championships.,,168,,1,agreement,qian2023//21/sss,1,,,,"{""N1"": ""player"", ""N1_number"": ""singular"", ""N2"": ""game"", ""N2_number"": ""singular"", ""context"": ""The %% {preposition} the %% {predicate} won several championships."", ""predicate"": ""might have"", ""predicate_sg_pl"": ""has"", ""predicate_sg_pl_number"": ""singular"", ""preposition"": ""in""}"
qian2023,,21,ssp,qian2023//21/ssp,,the player in the game have won several championships .,The player in the game have won several championships.,,169,,0,agreement,qian2023//21/psp;qian2023//21/sss,2,,,,"{""N1"": ""player"", ""N1_number"": ""singular"", ""N2"": ""game"", ""N2_number"": ""singular"", ""context"": ""The %% {preposition} the %% {predicate} won several championships."", ""predicate"": ""might have"", ""predicate_sg_pl"": ""have"", ""predicate_sg_pl_number"": ""plural"", ""preposition"": ""in""}"
qian2023,,21,sps,qian2023//21/sps,,the player in the games has won several championships .,The player in the games has won several championships.,,170,,1,agreement,qian2023//21/sps,1,,,,"{""N1"": ""player"", ""N1_number"": ""singular"", ""N2"": ""games"", ""N2_number"": ""plural"", ""context"": ""The %% {preposition} the %% {predicate} won several championships."", ""predicate"": ""might have"", ""predicate_sg_pl"": ""has"", ""predicate_sg_pl_number"": ""singular"", ""preposition"": ""in""}"
qian2023,,21,spp,qian2023//21/spp,,the player in the games have won several championships .,The player in the games have won several championships.,,171,,0,agreement,qian2023//21/ppp;qian2023//21/sps,2,,,,"{""N1"": ""player"", ""N1_number"": ""singular"", ""N2"": ""games"", ""N2_number"": ""plural"", ""context"": ""The %% {preposition} the %% {predicate} won several championships."", ""predicate"": ""might have"", ""predicate_sg_pl"": ""have"", ""predicate_sg_pl_number"": ""plural"", ""preposition"": ""in""}"
qian2023,,21,pss,qian2023//21/pss,,the players in the game has won several championships .,The players in the game has won several championships.,,172,,0,agreement,qian2023//21/psp;qian2023//21/sss,2,,,,"{""N1"": ""players"", ""N1_number"": ""plural"", ""N2"": ""game"", ""N2_number"": ""singular"", ""context"": ""The %% {preposition} the %% {predicate} won several championships."", ""predicate"": ""might have"", ""predicate_sg_pl"": ""has"", ""predicate_sg_pl_number"": ""singular"", ""preposition"": ""in""}"
qian2023,,21,psp,qian2023//21/psp,,the players in the game have won several championships .,The players in the game have won several championships.,,173,,1,agreement,qian2023//21/psp,1,,,,"{""N1"": ""players"", ""N1_number"": ""plural"", ""N2"": ""game"", ""N2_number"": ""singular"", ""context"": ""The %% {preposition} the %% {predicate} won several championships."", ""predicate"": ""might have"", ""predicate_sg_pl"": ""have"", ""predicate_sg_pl_number"": ""plural"", ""preposition"": ""in""}"
qian2023,,21,pps,qian2023//21/pps,,the players in the games has won several championships .,The players in the games has won several championships.,,174,,0,agreement,qian2023//21/ppp;qian2023//21/sps,2,,,,"{""N1"": ""players"", ""N1_number"": ""plural"", ""N2"": ""games"", ""N2_number"": ""plural"", ""context"": ""The %% {preposition} the %% {predicate} won several championships."", ""predicate"": ""might have"", ""predicate_sg_pl"": ""has"", ""predicate_sg_pl_number"": ""singular"", ""preposition"": ""in""}"
qian2023,,21,ppp,qian2023//21/ppp,,the players in the games have won several championships .,The players in the games have won several championships.,,175,,1,agreement,qian2023//21/ppp,1,,,,"{""N1"": ""players"", ""N1_number"": ""plural"", ""N2"": ""games"", ""N2_number"": ""plural"", ""context"": ""The %% {preposition} the %% {predicate} won several championships."", ""predicate"": ""might have"", ""predicate_sg_pl"": ""have"", ""predicate_sg_pl_number"": ""plural"", ""preposition"": ""in""}"
qian2023,,22,sss,qian2023//22/sss,,the bee in the flower is collecting pollen .,The bee in the flower is collecting pollen.,,176,,1,agreement,qian2023//22/sss,1,,,,"{""N1"": ""bee"", ""N1_number"": ""singular"", ""N2"": ""flower"", ""N2_number"": ""singular"", ""context"": ""The %% {preposition} the %% {predicate} collecting pollen."", ""predicate"": ""may be"", ""predicate_sg_pl"": ""is"", ""predicate_sg_pl_number"": ""singular"", ""preposition"": ""in""}"
qian2023,,22,ssp,qian2023//22/ssp,,the bee in the flower are collecting pollen .,The bee in the flower are collecting pollen.,,177,,0,agreement,qian2023//22/psp;qian2023//22/sss,2,,,,"{""N1"": ""bee"", ""N1_number"": ""singular"", ""N2"": ""flower"", ""N2_number"": ""singular"", ""context"": ""The %% {preposition} the %% {predicate} collecting pollen."", ""predicate"": ""may be"", ""predicate_sg_pl"": ""are"", ""predicate_sg_pl_number"": ""plural"", ""preposition"": ""in""}"
qian2023,,22,sps,qian2023//22/sps,,the bee in the flowers is collecting pollen .,The bee in the flowers is collecting pollen.,,178,,1,agreement,qian2023//22/sps,1,,,,"{""N1"": ""bee"", ""N1_number"": ""singular"", ""N2"": ""flowers"", ""N2_number"": ""plural"", ""context"": ""The %% {preposition} the %% {predicate} collecting pollen."", ""predicate"": ""may be"", ""predicate_sg_pl"": ""is"", ""predicate_sg_pl_number"": ""singular"", ""preposition"": ""in""}"
qian2023,,22,spp,qian2023//22/spp,,the bee in the flowers are collecting pollen .,The bee in the flowers are collecting pollen.,,179,,0,agreement,qian2023//22/ppp;qian2023//22/sps,2,,,,"{""N1"": ""bee"", ""N1_number"": ""singular"", ""N2"": ""flowers"", ""N2_number"": ""plural"", ""context"": ""The %% {preposition} the %% {predicate} collecting pollen."", ""predicate"": ""may be"", ""predicate_sg_pl"": ""are"", ""predicate_sg_pl_number"": ""plural"", ""preposition"": ""in""}"
qian2023,,22,pss,qian2023//22/pss,,the bees in the flower is collecting pollen .,The bees in the flower is collecting pollen.,,180,,0,agreement,qian2023//22/psp;qian2023//22/sss,2,,,,"{""N1"": ""bees"", ""N1_number"": ""plural"", ""N2"": ""flower"", ""N2_number"": ""singular"", ""context"": ""The %% {preposition} the %% {predicate} collecting pollen."", ""predicate"": ""may be"", ""predicate_sg_pl"": ""is"", ""predicate_sg_pl_number"": ""singular"", ""preposition"": ""in""}"
qian2023,,22,psp,qian2023//22/psp,,the bees in the flower are collecting pollen .,The bees in the flower are collecting pollen.,,181,,1,agreement,qian2023//22/psp,1,,,,"{""N1"": ""bees"", ""N1_number"": ""plural"", ""N2"": ""flower"", ""N2_number"": ""singular"", ""context"": ""The %% {preposition} the %% {predicate} collecting pollen."", ""predicate"": ""may be"", ""predicate_sg_pl"": ""are"", ""predicate_sg_pl_number"": ""plural"", ""preposition"": ""in""}"
qian2023,,22,pps,qian2023//22/pps,,the bees in the flowers is collecting pollen .,The bees in the flowers is collecting pollen.,,182,,0,agreement,qian2023//22/ppp;qian2023//22/sps,2,,,,"{""N1"": ""bees"", ""N1_number"": ""plural"", ""N2"": ""flowers"", ""N2_number"": ""plural"", ""context"": ""The %% {preposition} the %% {predicate} collecting pollen."", ""predicate"": ""may be"", ""predicate_sg_pl"": ""is"", ""predicate_sg_pl_number"": ""singular"", ""preposition"": ""in""}"
qian2023,,22,ppp,qian2023//22/ppp,,the bees in the flowers are collecting pollen .,The bees in the flowers are collecting pollen.,,183,,1,agreement,qian2023//22/ppp,1,,,,"{""N1"": ""bees"", ""N1_number"": ""plural"", ""N2"": ""flowers"", ""N2_number"": ""plural"", ""context"": ""The %% {preposition} the %% {predicate} collecting pollen."", ""predicate"": ""may be"", ""predicate_sg_pl"": ""are"", ""predicate_sg_pl_number"": ""plural"", ""preposition"": ""in""}"
qian2023,,23,sss,qian2023//23/sss,,the rug under the chair is handmade from wool and silk .,The rug under the chair is handmade from wool and silk.,,184,,1,agreement,qian2023//23/sss,1,,,,"{""N1"": ""rug"", ""N1_number"": ""singular"", ""N2"": ""chair"", ""N2_number"": ""singular"", ""context"": ""The %% {preposition} the %% {predicate} handmade from wool and silk."", ""predicate"": ""might be"", ""predicate_sg_pl"": ""is"", ""predicate_sg_pl_number"": ""singular"", ""preposition"": ""under""}"
qian2023,,23,ssp,qian2023//23/ssp,,the rug under the chair are handmade from wool and silk .,The rug under the chair are handmade from wool and silk.,,185,,0,agreement,qian2023//23/psp;qian2023//23/sss,2,,,,"{""N1"": ""rug"", ""N1_number"": ""singular"", ""N2"": ""chair"", ""N2_number"": ""singular"", ""context"": ""The %% {preposition} the %% {predicate} handmade from wool and silk."", ""predicate"": ""might be"", ""predicate_sg_pl"": ""are"", ""predicate_sg_pl_number"": ""plural"", ""preposition"": ""under""}"
qian2023,,23,sps,qian2023//23/sps,,the rug under the chairs is handmade from wool and silk .,The rug under the chairs is handmade from wool and silk.,,186,,1,agreement,qian2023//23/sps,1,,,,"{""N1"": ""rug"", ""N1_number"": ""singular"", ""N2"": ""chairs"", ""N2_number"": ""plural"", ""context"": ""The %% {preposition} the %% {predicate} handmade from wool and silk."", ""predicate"": ""might be"", ""predicate_sg_pl"": ""is"", ""predicate_sg_pl_number"": ""singular"", ""preposition"": ""under""}"
qian2023,,23,spp,qian2023//23/spp,,the rug under the chairs are handmade from wool and silk .,The rug under the chairs are handmade from wool and silk.,,187,,0,agreement,qian2023//23/ppp;qian2023//23/sps,2,,,,"{""N1"": ""rug"", ""N1_number"": ""singular"", ""N2"": ""chairs"", ""N2_number"": ""plural"", ""context"": ""The %% {preposition} the %% {predicate} handmade from wool and silk."", ""predicate"": ""might be"", ""predicate_sg_pl"": ""are"", ""predicate_sg_pl_number"": ""plural"", ""preposition"": ""under""}"
qian2023,,23,pss,qian2023//23/pss,,the rugs under the chair is handmade from wool and silk .,The rugs under the chair is handmade from wool and silk.,,188,,0,agreement,qian2023//23/psp;qian2023//23/sss,2,,,,"{""N1"": ""rugs"", ""N1_number"": ""plural"", ""N2"": ""chair"", ""N2_number"": ""singular"", ""context"": ""The %% {preposition} the %% {predicate} handmade from wool and silk."", ""predicate"": ""might be"", ""predicate_sg_pl"": ""is"", ""predicate_sg_pl_number"": ""singular"", ""preposition"": ""under""}"
qian2023,,23,psp,qian2023//23/psp,,the rugs under the chair are handmade from wool and silk .,The rugs under the chair are handmade from wool and silk.,,189,,1,agreement,qian2023//23/psp,1,,,,"{""N1"": ""rugs"", ""N1_number"": ""plural"", ""N2"": ""chair"", ""N2_number"": ""singular"", ""context"": ""The %% {preposition} the %% {predicate} handmade from wool and silk."", ""predicate"": ""might be"", ""predicate_sg_pl"": ""are"", ""predicate_sg_pl_number"": ""plural"", ""preposition"": ""under""}"
qian2023,,23,pps,qian2023//23/pps,,the rugs under the chairs is handmade from wool and silk .,The rugs under the chairs is handmade from wool and silk.,,190,,0,agreement,qian2023//23/ppp;qian2023//23/sps,2,,,,"{""N1"": ""rugs"", ""N1_number"": ""plural"", ""N2"": ""chairs"", ""N2_number"": ""plural"", ""context"": ""The %% {preposition} the %% {predicate} handmade from wool and silk."", ""predicate"": ""might be"", ""predicate_sg_pl"": ""is"", ""predicate_sg_pl_number"": ""singular"", ""preposition"": ""under""}"
qian2023,,23,ppp,qian2023//23/ppp,,the rugs under the chairs are handmade from wool and silk .,The rugs under the chairs are handmade from wool and silk.,,191,,1,agreement,qian2023//23/ppp,1,,,,"{""N1"": ""rugs"", ""N1_number"": ""plural"", ""N2"": ""chairs"", ""N2_number"": ""plural"", ""context"": ""The %% {preposition} the %% {predicate} handmade from wool and silk."", ""predicate"": ""might be"", ""predicate_sg_pl"": ""are"", ""predicate_sg_pl_number"": ""plural"", ""preposition"": ""under""}"
qian2023,,24,sss,qian2023//24/sss,,the bench under the tree is cleaned everyday .,The bench under the tree is cleaned everyday.,,192,,1,agreement,qian2023//24/sss,1,,,,"{""N1"": ""bench"", ""N1_number"": ""singular"", ""N2"": ""tree"", ""N2_number"": ""singular"", ""context"": ""The %% {preposition} the %% {predicate} cleaned everyday."", ""predicate"": ""should be"", ""predicate_sg_pl"": ""is"", ""predicate_sg_pl_number"": ""singular"", ""preposition"": ""under""}"
qian2023,,24,ssp,qian2023//24/ssp,,the bench under the tree are cleaned everyday .,The bench under the tree are cleaned everyday.,,193,,0,agreement,qian2023//24/psp;qian2023//24/sss,2,,,,"{""N1"": ""bench"", ""N1_number"": ""singular"", ""N2"": ""tree"", ""N2_number"": ""singular"", ""context"": ""The %% {preposition} the %% {predicate} cleaned everyday."", ""predicate"": ""should be"", ""predicate_sg_pl"": ""are"", ""predicate_sg_pl_number"": ""plural"", ""preposition"": ""under""}"
qian2023,,24,sps,qian2023//24/sps,,the bench under the trees is cleaned everyday .,The bench under the trees is cleaned everyday.,,194,,1,agreement,qian2023//24/sps,1,,,,"{""N1"": ""bench"", ""N1_number"": ""singular"", ""N2"": ""trees"", ""N2_number"": ""plural"", ""context"": ""The %% {preposition} the %% {predicate} cleaned everyday."", ""predicate"": ""should be"", ""predicate_sg_pl"": ""is"", ""predicate_sg_pl_number"": ""singular"", ""preposition"": ""under""}"
qian2023,,24,spp,qian2023//24/spp,,the bench under the trees are cleaned everyday .,The bench under the trees are cleaned everyday.,,195,,0,agreement,qian2023//24/ppp;qian2023//24/sps,2,,,,"{""N1"": ""bench"", ""N1_number"": ""singular"", ""N2"": ""trees"", ""N2_number"": ""plural"", ""context"": ""The %% {preposition} the %% {predicate} cleaned everyday."", ""predicate"": ""should be"", ""predicate_sg_pl"": ""are"", ""predicate_sg_pl_number"": ""plural"", ""preposition"": ""under""}"
qian2023,,24,pss,qian2023//24/pss,,the benches under the tree is cleaned everyday .,The benches under the tree is cleaned everyday.,,196,,0,agreement,qian2023//24/psp;qian2023//24/sss,2,,,,"{""N1"": ""benches"", ""N1_number"": ""plural"", ""N2"": ""tree"", ""N2_number"": ""singular"", ""context"": ""The %% {preposition} the %% {predicate} cleaned everyday."", ""predicate"": ""should be"", ""predicate_sg_pl"": ""is"", ""predicate_sg_pl_number"": ""singular"", ""preposition"": ""under""}"
qian2023,,24,psp,qian2023//24/psp,,the benches under the tree are cleaned everyday .,The benches under the tree are cleaned everyday.,,197,,1,agreement,qian2023//24/psp,1,,,,"{""N1"": ""benches"", ""N1_number"": ""plural"", ""N2"": ""tree"", ""N2_number"": ""singular"", ""context"": ""The %% {preposition} the %% {predicate} cleaned everyday."", ""predicate"": ""should be"", ""predicate_sg_pl"": ""are"", ""predicate_sg_pl_number"": ""plural"", ""preposition"": ""under""}"
qian2023,,24,pps,qian2023//24/pps,,the benches under the trees is cleaned everyday .,The benches under the trees is cleaned everyday.,,198,,0,agreement,qian2023//24/ppp;qian2023//24/sps,2,,,,"{""N1"": ""benches"", ""N1_number"": ""plural"", ""N2"": ""trees"", ""N2_number"": ""plural"", ""context"": ""The %% {preposition} the %% {predicate} cleaned everyday."", ""predicate"": ""should be"", ""predicate_sg_pl"": ""is"", ""predicate_sg_pl_number"": ""singular"", ""preposition"": ""under""}"
qian2023,,24,ppp,qian2023//24/ppp,,the benches under the trees are cleaned everyday .,The benches under the trees are cleaned everyday.,,199,,1,agreement,qian2023//24/ppp,1,,,,"{""N1"": ""benches"", ""N1_number"": ""plural"", ""N2"": ""trees"", ""N2_number"": ""plural"", ""context"": ""The %% {preposition} the %% {predicate} cleaned everyday."", ""predicate"": ""should be"", ""predicate_sg_pl"": ""are"", ""predicate_sg_pl_number"": ""plural"", ""preposition"": ""under""}"
qian2023,,25,sss,qian2023//25/sss,,the tunnel under the lake has cost a lot of money beyond enigeering challenges .,The tunnel under the lake has cost a lot of money beyond enigeering challenges.,,200,,1,agreement,qian2023//25/sss,1,,,,"{""N1"": ""tunnel"", ""N1_number"": ""singular"", ""N2"": ""lake"", ""N2_number"": ""singular"", ""context"": ""The %% {preposition} the %% {predicate} a lot of money beyond enigeering challenges."", ""predicate"": ""will cost"", ""predicate_sg_pl"": ""has cost"", ""predicate_sg_pl_number"": ""singular"", ""preposition"": ""under""}"
qian2023,,25,ssp,qian2023//25/ssp,,the tunnel under the lake have cost a lot of money beyond enigeering challenges .,The tunnel under the lake have cost a lot of money beyond enigeering challenges.,,201,,0,agreement,qian2023//25/psp;qian2023//25/sss,2,,,,"{""N1"": ""tunnel"", ""N1_number"": ""singular"", ""N2"": ""lake"", ""N2_number"": ""singular"", ""context"": ""The %% {preposition} the %% {predicate} a lot of money beyond enigeering challenges."", ""predicate"": ""will cost"", ""predicate_sg_pl"": ""have cost"", ""predicate_sg_pl_number"": ""plural"", ""preposition"": ""under""}"
qian2023,,25,sps,qian2023//25/sps,,the tunnel under the lakes has cost a lot of money beyond enigeering challenges .,The tunnel under the lakes has cost a lot of money beyond enigeering challenges.,,202,,1,agreement,qian2023//25/sps,1,,,,"{""N1"": ""tunnel"", ""N1_number"": ""singular"", ""N2"": ""lakes"", ""N2_number"": ""plural"", ""context"": ""The %% {preposition} the %% {predicate} a lot of money beyond enigeering challenges."", ""predicate"": ""will cost"", ""predicate_sg_pl"": ""has cost"", ""predicate_sg_pl_number"": ""singular"", ""preposition"": ""under""}"
qian2023,,25,spp,qian2023//25/spp,,the tunnel under the lakes have cost a lot of money beyond enigeering challenges .,The tunnel under the lakes have cost a lot of money beyond enigeering challenges.,,203,,0,agreement,qian2023//25/ppp;qian2023//25/sps,2,,,,"{""N1"": ""tunnel"", ""N1_number"": ""singular"", ""N2"": ""lakes"", ""N2_number"": ""plural"", ""context"": ""The %% {preposition} the %% {predicate} a lot of money beyond enigeering challenges."", ""predicate"": ""will cost"", ""predicate_sg_pl"": ""have cost"", ""predicate_sg_pl_number"": ""plural"", ""preposition"": ""under""}"
qian2023,,25,pss,qian2023//25/pss,,the tunnels under the lake has cost a lot of money beyond enigeering challenges .,The tunnels under the lake has cost a lot of money beyond enigeering challenges.,,204,,0,agreement,qian2023//25/psp;qian2023//25/sss,2,,,,"{""N1"": ""tunnels"", ""N1_number"": ""plural"", ""N2"": ""lake"", ""N2_number"": ""singular"", ""context"": ""The %% {preposition} the %% {predicate} a lot of money beyond enigeering challenges."", ""predicate"": ""will cost"", ""predicate_sg_pl"": ""has cost"", ""predicate_sg_pl_number"": ""singular"", ""preposition"": ""under""}"
qian2023,,25,psp,qian2023//25/psp,,the tunnels under the lake have cost a lot of money beyond enigeering challenges .,The tunnels under the lake have cost a lot of money beyond enigeering challenges.,,205,,1,agreement,qian2023//25/psp,1,,,,"{""N1"": ""tunnels"", ""N1_number"": ""plural"", ""N2"": ""lake"", ""N2_number"": ""singular"", ""context"": ""The %% {preposition} the %% {predicate} a lot of money beyond enigeering challenges."", ""predicate"": ""will cost"", ""predicate_sg_pl"": ""have cost"", ""predicate_sg_pl_number"": ""plural"", ""preposition"": ""under""}"
qian2023,,25,pps,qian2023//25/pps,,the tunnels under the lakes has cost a lot of money beyond enigeering challenges .,The tunnels under the lakes has cost a lot of money beyond enigeering challenges.,,206,,0,agreement,qian2023//25/ppp;qian2023//25/sps,2,,,,"{""N1"": ""tunnels"", ""N1_number"": ""plural"", ""N2"": ""lakes"", ""N2_number"": ""plural"", ""context"": ""The %% {preposition} the %% {predicate} a lot of money beyond enigeering challenges."", ""predicate"": ""will cost"", ""predicate_sg_pl"": ""has cost"", ""predicate_sg_pl_number"": ""singular"", ""preposition"": ""under""}"
qian2023,,25,ppp,qian2023//25/ppp,,the tunnels under the lakes have cost a lot of money beyond enigeering challenges .,The tunnels under the lakes have cost a lot of money beyond enigeering challenges.,,207,,1,agreement,qian2023//25/ppp,1,,,,"{""N1"": ""tunnels"", ""N1_number"": ""plural"", ""N2"": ""lakes"", ""N2_number"": ""plural"", ""context"": ""The %% {preposition} the %% {predicate} a lot of money beyond enigeering challenges."", ""predicate"": ""will cost"", ""predicate_sg_pl"": ""have cost"", ""predicate_sg_pl_number"": ""plural"", ""preposition"": ""under""}"
qian2023,,26,sss,qian2023//26/sss,,the cafe near the shop has got popular around the neighbourhood .,The cafe near the shop has got popular around the neighbourhood.,,208,,1,agreement,qian2023//26/sss,1,,,,"{""N1"": ""cafe"", ""N1_number"": ""singular"", ""N2"": ""shop"", ""N2_number"": ""singular"", ""context"": ""The %% {preposition} the %% {predicate} popular around the neighbourhood."", ""predicate"": ""got"", ""predicate_sg_pl"": ""has got"", ""predicate_sg_pl_number"": ""singular"", ""preposition"": ""near""}"
qian2023,,26,ssp,qian2023//26/ssp,,the cafe near the shop have got popular around the neighbourhood .,The cafe near the shop have got popular around the neighbourhood.,,209,,0,agreement,qian2023//26/psp;qian2023//26/sss,2,,,,"{""N1"": ""cafe"", ""N1_number"": ""singular"", ""N2"": ""shop"", ""N2_number"": ""singular"", ""context"": ""The %% {preposition} the %% {predicate} popular around the neighbourhood."", ""predicate"": ""got"", ""predicate_sg_pl"": ""have got"", ""predicate_sg_pl_number"": ""plural"", ""preposition"": ""near""}"
qian2023,,26,sps,qian2023//26/sps,,the cafe near the shops has got popular around the neighbourhood .,The cafe near the shops has got popular around the neighbourhood.,,210,,1,agreement,qian2023//26/sps,1,,,,"{""N1"": ""cafe"", ""N1_number"": ""singular"", ""N2"": ""shops"", ""N2_number"": ""plural"", ""context"": ""The %% {preposition} the %% {predicate} popular around the neighbourhood."", ""predicate"": ""got"", ""predicate_sg_pl"": ""has got"", ""predicate_sg_pl_number"": ""singular"", ""preposition"": ""near""}"
qian2023,,26,spp,qian2023//26/spp,,the cafe near the shops have got popular around the neighbourhood .,The cafe near the shops have got popular around the neighbourhood.,,211,,0,agreement,qian2023//26/ppp;qian2023//26/sps,2,,,,"{""N1"": ""cafe"", ""N1_number"": ""singular"", ""N2"": ""shops"", ""N2_number"": ""plural"", ""context"": ""The %% {preposition} the %% {predicate} popular around the neighbourhood."", ""predicate"": ""got"", ""predicate_sg_pl"": ""have got"", ""predicate_sg_pl_number"": ""plural"", ""preposition"": ""near""}"
qian2023,,26,pss,qian2023//26/pss,,the cafes near the shop has got popular around the neighbourhood .,The cafes near the shop has got popular around the neighbourhood.,,212,,0,agreement,qian2023//26/psp;qian2023//26/sss,2,,,,"{""N1"": ""cafes"", ""N1_number"": ""plural"", ""N2"": ""shop"", ""N2_number"": ""singular"", ""context"": ""The %% {preposition} the %% {predicate} popular around the neighbourhood."", ""predicate"": ""got"", ""predicate_sg_pl"": ""has got"", ""predicate_sg_pl_number"": ""singular"", ""preposition"": ""near""}"
qian2023,,26,psp,qian2023//26/psp,,the cafes near the shop have got popular around the neighbourhood .,The cafes near the shop have got popular around the neighbourhood.,,213,,1,agreement,qian2023//26/psp,1,,,,"{""N1"": ""cafes"", ""N1_number"": ""plural"", ""N2"": ""shop"", ""N2_number"": ""singular"", ""context"": ""The %% {preposition} the %% {predicate} popular around the neighbourhood."", ""predicate"": ""got"", ""predicate_sg_pl"": ""have got"", ""predicate_sg_pl_number"": ""plural"", ""preposition"": ""near""}"
qian2023,,26,pps,qian2023//26/pps,,the cafes near the shops has got popular around the neighbourhood .,The cafes near the shops has got popular around the neighbourhood.,,214,,0,agreement,qian2023//26/ppp;qian2023//26/sps,2,,,,"{""N1"": ""cafes"", ""N1_number"": ""plural"", ""N2"": ""shops"", ""N2_number"": ""plural"", ""context"": ""The %% {preposition} the %% {predicate} popular around the neighbourhood."", ""predicate"": ""got"", ""predicate_sg_pl"": ""has got"", ""predicate_sg_pl_number"": ""singular"", ""preposition"": ""near""}"
qian2023,,26,ppp,qian2023//26/ppp,,the cafes near the shops have got popular around the neighbourhood .,The cafes near the shops have got popular around the neighbourhood.,,215,,1,agreement,qian2023//26/ppp,1,,,,"{""N1"": ""cafes"", ""N1_number"": ""plural"", ""N2"": ""shops"", ""N2_number"": ""plural"", ""context"": ""The %% {preposition} the %% {predicate} popular around the neighbourhood."", ""predicate"": ""got"", ""predicate_sg_pl"": ""have got"", ""predicate_sg_pl_number"": ""plural"", ""preposition"": ""near""}"
qian2023,,27,sss,qian2023//27/sss,,the key to the office is on the table .,The key to the office is on the table.,,216,,1,agreement,qian2023//27/sss,1,,,,"{""N1"": ""key"", ""N1_number"": ""singular"", ""N2"": ""office"", ""N2_number"": ""singular"", ""context"": ""The %% {preposition} the %% {predicate} on the table."", ""predicate"": ""should be"", ""predicate_sg_pl"": ""is"", ""predicate_sg_pl_number"": ""singular"", ""preposition"": ""to""}"
qian2023,,27,ssp,qian2023//27/ssp,,the key to the office are on the table .,The key to the office are on the table.,,217,,0,agreement,qian2023//27/psp;qian2023//27/sss,2,,,,"{""N1"": ""key"", ""N1_number"": ""singular"", ""N2"": ""office"", ""N2_number"": ""singular"", ""context"": ""The %% {preposition} the %% {predicate} on the table."", ""predicate"": ""should be"", ""predicate_sg_pl"": ""are"", ""predicate_sg_pl_number"": ""plural"", ""preposition"": ""to""}"
qian2023,,27,sps,qian2023//27/sps,,the key to the offices is on the table .,The key to the offices is on the table.,,218,,1,agreement,qian2023//27/sps,1,,,,"{""N1"": ""key"", ""N1_number"": ""singular"", ""N2"": ""offices"", ""N2_number"": ""plural"", ""context"": ""The %% {preposition} the %% {predicate} on the table."", ""predicate"": ""should be"", ""predicate_sg_pl"": ""is"", ""predicate_sg_pl_number"": ""singular"", ""preposition"": ""to""}"
qian2023,,27,spp,qian2023//27/spp,,the key to the offices are on the table .,The key to the offices are on the table.,,219,,0,agreement,qian2023//27/ppp;qian2023//27/sps,2,,,,"{""N1"": ""key"", ""N1_number"": ""singular"", ""N2"": ""offices"", ""N2_number"": ""plural"", ""context"": ""The %% {preposition} the %% {predicate} on the table."", ""predicate"": ""should be"", ""predicate_sg_pl"": ""are"", ""predicate_sg_pl_number"": ""plural"", ""preposition"": ""to""}"
qian2023,,27,pss,qian2023//27/pss,,the keys to the office is on the table .,The keys to the office is on the table.,,220,,0,agreement,qian2023//27/psp;qian2023//27/sss,2,,,,"{""N1"": ""keys"", ""N1_number"": ""plural"", ""N2"": ""office"", ""N2_number"": ""singular"", ""context"": ""The %% {preposition} the %% {predicate} on the table."", ""predicate"": ""should be"", ""predicate_sg_pl"": ""is"", ""predicate_sg_pl_number"": ""singular"", ""preposition"": ""to""}"
qian2023,,27,psp,qian2023//27/psp,,the keys to the office are on the table .,The keys to the office are on the table.,,221,,1,agreement,qian2023//27/psp,1,,,,"{""N1"": ""keys"", ""N1_number"": ""plural"", ""N2"": ""office"", ""N2_number"": ""singular"", ""context"": ""The %% {preposition} the %% {predicate} on the table."", ""predicate"": ""should be"", ""predicate_sg_pl"": ""are"", ""predicate_sg_pl_number"": ""plural"", ""preposition"": ""to""}"
qian2023,,27,pps,qian2023//27/pps,,the keys to the offices is on the table .,The keys to the offices is on the table.,,222,,0,agreement,qian2023//27/ppp;qian2023//27/sps,2,,,,"{""N1"": ""keys"", ""N1_number"": ""plural"", ""N2"": ""offices"", ""N2_number"": ""plural"", ""context"": ""The %% {preposition} the %% {predicate} on the table."", ""predicate"": ""should be"", ""predicate_sg_pl"": ""is"", ""predicate_sg_pl_number"": ""singular"", ""preposition"": ""to""}"
qian2023,,27,ppp,qian2023//27/ppp,,the keys to the offices are on the table .,The keys to the offices are on the table.,,223,,1,agreement,qian2023//27/ppp,1,,,,"{""N1"": ""keys"", ""N1_number"": ""plural"", ""N2"": ""offices"", ""N2_number"": ""plural"", ""context"": ""The %% {preposition} the %% {predicate} on the table."", ""predicate"": ""should be"", ""predicate_sg_pl"": ""are"", ""predicate_sg_pl_number"": ""plural"", ""preposition"": ""to""}"
qian2023,,28,sss,qian2023//28/sss,,the door to the room looks very festive with the decorations .,The door to the room looks very festive with the decorations.,,224,,1,agreement,qian2023//28/sss,1,,,,"{""N1"": ""door"", ""N1_number"": ""singular"", ""N2"": ""room"", ""N2_number"": ""singular"", ""context"": ""The %% {preposition} the %% {predicate} very festive with the decorations."", ""predicate"": ""will look"", ""predicate_sg_pl"": ""looks"", ""predicate_sg_pl_number"": ""singular"", ""preposition"": ""to""}"
qian2023,,28,ssp,qian2023//28/ssp,,the door to the room look very festive with the decorations .,The door to the room look very festive with the decorations.,,225,,0,agreement,qian2023//28/psp;qian2023//28/sss,2,,,,"{""N1"": ""door"", ""N1_number"": ""singular"", ""N2"": ""room"", ""N2_number"": ""singular"", ""context"": ""The %% {preposition} the %% {predicate} very festive with the decorations."", ""predicate"": ""will look"", ""predicate_sg_pl"": ""look"", ""predicate_sg_pl_number"": ""plural"", ""preposition"": ""to""}"
qian2023,,28,sps,qian2023//28/sps,,the door to the rooms looks very festive with the decorations .,The door to the rooms looks very festive with the decorations.,,226,,1,agreement,qian2023//28/sps,1,,,,"{""N1"": ""door"", ""N1_number"": ""singular"", ""N2"": ""rooms"", ""N2_number"": ""plural"", ""context"": ""The %% {preposition} the %% {predicate} very festive with the decorations."", ""predicate"": ""will look"", ""predicate_sg_pl"": ""looks"", ""predicate_sg_pl_number"": ""singular"", ""preposition"": ""to""}"
qian2023,,28,spp,qian2023//28/spp,,the door to the rooms look very festive with the decorations .,The door to the rooms look very festive with the decorations.,,227,,0,agreement,qian2023//28/ppp;qian2023//28/sps,2,,,,"{""N1"": ""door"", ""N1_number"": ""singular"", ""N2"": ""rooms"", ""N2_number"": ""plural"", ""context"": ""The %% {preposition} the %% {predicate} very festive with the decorations."", ""predicate"": ""will look"", ""predicate_sg_pl"": ""look"", ""predicate_sg_pl_number"": ""plural"", ""preposition"": ""to""}"
qian2023,,28,pss,qian2023//28/pss,,the doors to the room looks very festive with the decorations .,The doors to the room looks very festive with the decorations.,,228,,0,agreement,qian2023//28/psp;qian2023//28/sss,2,,,,"{""N1"": ""doors"", ""N1_number"": ""plural"", ""N2"": ""room"", ""N2_number"": ""singular"", ""context"": ""The %% {preposition} the %% {predicate} very festive with the decorations."", ""predicate"": ""will look"", ""predicate_sg_pl"": ""looks"", ""predicate_sg_pl_number"": ""singular"", ""preposition"": ""to""}"
qian2023,,28,psp,qian2023//28/psp,,the doors to the room look very festive with the decorations .,The doors to the room look very festive with the decorations.,,229,,1,agreement,qian2023//28/psp,1,,,,"{""N1"": ""doors"", ""N1_number"": ""plural"", ""N2"": ""room"", ""N2_number"": ""singular"", ""context"": ""The %% {preposition} the %% {predicate} very festive with the decorations."", ""predicate"": ""will look"", ""predicate_sg_pl"": ""look"", ""predicate_sg_pl_number"": ""plural"", ""preposition"": ""to""}"
qian2023,,28,pps,qian2023//28/pps,,the doors to the rooms looks very festive with the decorations .,The doors to the rooms looks very festive with the decorations.,,230,,0,agreement,qian2023//28/ppp;qian2023//28/sps,2,,,,"{""N1"": ""doors"", ""N1_number"": ""plural"", ""N2"": ""rooms"", ""N2_number"": ""plural"", ""context"": ""The %% {preposition} the %% {predicate} very festive with the decorations."", ""predicate"": ""will look"", ""predicate_sg_pl"": ""looks"", ""predicate_sg_pl_number"": ""singular"", ""preposition"": ""to""}"
qian2023,,28,ppp,qian2023//28/ppp,,the doors to the rooms look very festive with the decorations .,The doors to the rooms look very festive with the decorations.,,231,,1,agreement,qian2023//28/ppp,1,,,,"{""N1"": ""doors"", ""N1_number"": ""plural"", ""N2"": ""rooms"", ""N2_number"": ""plural"", ""context"": ""The %% {preposition} the %% {predicate} very festive with the decorations."", ""predicate"": ""will look"", ""predicate_sg_pl"": ""look"", ""predicate_sg_pl_number"": ""plural"", ""preposition"": ""to""}"
qian2023,,29,sss,qian2023//29/sss,,the tour to the island was suspended temporarily .,The tour to the island was suspended temporarily.,,232,,1,agreement,qian2023//29/sss,1,,,,"{""N1"": ""tour"", ""N1_number"": ""singular"", ""N2"": ""island"", ""N2_number"": ""singular"", ""context"": ""The %% {preposition} the %% {predicate} suspended temporarily."", ""predicate"": ""will be"", ""predicate_sg_pl"": ""was"", ""predicate_sg_pl_number"": ""singular"", ""preposition"": ""to""}"
qian2023,,29,ssp,qian2023//29/ssp,,the tour to the island were suspended temporarily .,The tour to the island were suspended temporarily.,,233,,0,agreement,qian2023//29/psp;qian2023//29/sss,2,,,,"{""N1"": ""tour"", ""N1_number"": ""singular"", ""N2"": ""island"", ""N2_number"": ""singular"", ""context"": ""The %% {preposition} the %% {predicate} suspended temporarily."", ""predicate"": ""will be"", ""predicate_sg_pl"": ""were"", ""predicate_sg_pl_number"": ""plural"", ""preposition"": ""to""}"
qian2023,,29,sps,qian2023//29/sps,,the tour to the islands was suspended temporarily .,The tour to the islands was suspended temporarily.,,234,,1,agreement,qian2023//29/sps,1,,,,"{""N1"": ""tour"", ""N1_number"": ""singular"", ""N2"": ""islands"", ""N2_number"": ""plural"", ""context"": ""The %% {preposition} the %% {predicate} suspended temporarily."", ""predicate"": ""will be"", ""predicate_sg_pl"": ""was"", ""predicate_sg_pl_number"": ""singular"", ""preposition"": ""to""}"
qian2023,,29,spp,qian2023//29/spp,,the tour to the islands were suspended temporarily .,The tour to the islands were suspended temporarily.,,235,,0,agreement,qian2023//29/ppp;qian2023//29/sps,2,,,,"{""N1"": ""tour"", ""N1_number"": ""singular"", ""N2"": ""islands"", ""N2_number"": ""plural"", ""context"": ""The %% {preposition} the %% {predicate} suspended temporarily."", ""predicate"": ""will be"", ""predicate_sg_pl"": ""were"", ""predicate_sg_pl_number"": ""plural"", ""preposition"": ""to""}"
qian2023,,29,pss,qian2023//29/pss,,the tours to the island was suspended temporarily .,The tours to the island was suspended temporarily.,,236,,0,agreement,qian2023//29/psp;qian2023//29/sss,2,,,,"{""N1"": ""tours"", ""N1_number"": ""plural"", ""N2"": ""island"", ""N2_number"": ""singular"", ""context"": ""The %% {preposition} the %% {predicate} suspended temporarily."", ""predicate"": ""will be"", ""predicate_sg_pl"": ""was"", ""predicate_sg_pl_number"": ""singular"", ""preposition"": ""to""}"
qian2023,,29,psp,qian2023//29/psp,,the tours to the island were suspended temporarily .,The tours to the island were suspended temporarily.,,237,,1,agreement,qian2023//29/psp,1,,,,"{""N1"": ""tours"", ""N1_number"": ""plural"", ""N2"": ""island"", ""N2_number"": ""singular"", ""context"": ""The %% {preposition} the %% {predicate} suspended temporarily."", ""predicate"": ""will be"", ""predicate_sg_pl"": ""were"", ""predicate_sg_pl_number"": ""plural"", ""preposition"": ""to""}"
qian2023,,29,pps,qian2023//29/pps,,the tours to the islands was suspended temporarily .,The tours to the islands was suspended temporarily.,,238,,0,agreement,qian2023//29/ppp;qian2023//29/sps,2,,,,"{""N1"": ""tours"", ""N1_number"": ""plural"", ""N2"": ""islands"", ""N2_number"": ""plural"", ""context"": ""The %% {preposition} the %% {predicate} suspended temporarily."", ""predicate"": ""will be"", ""predicate_sg_pl"": ""was"", ""predicate_sg_pl_number"": ""singular"", ""preposition"": ""to""}"
qian2023,,29,ppp,qian2023//29/ppp,,the tours to the islands were suspended temporarily .,The tours to the islands were suspended temporarily.,,239,,1,agreement,qian2023//29/ppp,1,,,,"{""N1"": ""tours"", ""N1_number"": ""plural"", ""N2"": ""islands"", ""N2_number"": ""plural"", ""context"": ""The %% {preposition} the %% {predicate} suspended temporarily."", ""predicate"": ""will be"", ""predicate_sg_pl"": ""were"", ""predicate_sg_pl_number"": ""plural"", ""preposition"": ""to""}"
qian2023,,30,sss,qian2023//30/sss,,the visit to the garden has sparked her interest in botany .,The visit to the garden has sparked her interest in botany.,,240,,1,agreement,qian2023//30/sss,1,,,,"{""N1"": ""visit"", ""N1_number"": ""singular"", ""N2"": ""garden"", ""N2_number"": ""singular"", ""context"": ""The %% {preposition} the %% {predicate} sparked her interest in botany."", ""predicate"": ""might have"", ""predicate_sg_pl"": ""has"", ""predicate_sg_pl_number"": ""singular"", ""preposition"": ""to""}"
qian2023,,30,ssp,qian2023//30/ssp,,the visit to the garden have sparked her interest in botany .,The visit to the garden have sparked her interest in botany.,,241,,0,agreement,qian2023//30/psp;qian2023//30/sss,2,,,,"{""N1"": ""visit"", ""N1_number"": ""singular"", ""N2"": ""garden"", ""N2_number"": ""singular"", ""context"": ""The %% {preposition} the %% {predicate} sparked her interest in botany."", ""predicate"": ""might have"", ""predicate_sg_pl"": ""have"", ""predicate_sg_pl_number"": ""plural"", ""preposition"": ""to""}"
qian2023,,30,sps,qian2023//30/sps,,the visit to the gardens has sparked her interest in botany .,The visit to the gardens has sparked her interest in botany.,,242,,1,agreement,qian2023//30/sps,1,,,,"{""N1"": ""visit"", ""N1_number"": ""singular"", ""N2"": ""gardens"", ""N2_number"": ""plural"", ""context"": ""The %% {preposition} the %% {predicate} sparked her interest in botany."", ""predicate"": ""might have"", ""predicate_sg_pl"": ""has"", ""predicate_sg_pl_number"": ""singular"", ""preposition"": ""to""}"
qian2023,,30,spp,qian2023//30/spp,,the visit to the gardens have sparked her interest in botany .,The visit to the gardens have sparked her interest in botany.,,243,,0,agreement,qian2023//30/ppp;qian2023//30/sps,2,,,,"{""N1"": ""visit"", ""N1_number"": ""singular"", ""N2"": ""gardens"", ""N2_number"": ""plural"", ""context"": ""The %% {preposition} the %% {predicate} sparked her interest in botany."", ""predicate"": ""might have"", ""predicate_sg_pl"": ""have"", ""predicate_sg_pl_number"": ""plural"", ""preposition"": ""to""}"
qian2023,,30,pss,qian2023//30/pss,,the visits to the garden has sparked her interest in botany .,The visits to the garden has sparked her interest in botany.,,244,,0,agreement,qian2023//30/psp;qian2023//30/sss,2,,,,"{""N1"": ""visits"", ""N1_number"": ""plural"", ""N2"": ""garden"", ""N2_number"": ""singular"", ""context"": ""The %% {preposition} the %% {predicate} sparked her interest in botany."", ""predicate"": ""might have"", ""predicate_sg_pl"": ""has"", ""predicate_sg_pl_number"": ""singular"", ""preposition"": ""to""}"
qian2023,,30,psp,qian2023//30/psp,,the visits to the garden have sparked her interest in botany .,The visits to the garden have sparked her interest in botany.,,245,,1,agreement,qian2023//30/psp,1,,,,"{""N1"": ""visits"", ""N1_number"": ""plural"", ""N2"": ""garden"", ""N2_number"": ""singular"", ""context"": ""The %% {preposition} the %% {predicate} sparked her interest in botany."", ""predicate"": ""might have"", ""predicate_sg_pl"": ""have"", ""predicate_sg_pl_number"": ""plural"", ""preposition"": ""to""}"
qian2023,,30,pps,qian2023//30/pps,,the visits to the gardens has sparked her interest in botany .,The visits to the gardens has sparked her interest in botany.,,246,,0,agreement,qian2023//30/ppp;qian2023//30/sps,2,,,,"{""N1"": ""visits"", ""N1_number"": ""plural"", ""N2"": ""gardens"", ""N2_number"": ""plural"", ""context"": ""The %% {preposition} the %% {predicate} sparked her interest in botany."", ""predicate"": ""might have"", ""predicate_sg_pl"": ""has"", ""predicate_sg_pl_number"": ""singular"", ""preposition"": ""to""}"
qian2023,,30,ppp,qian2023//30/ppp,,the visits to the gardens have sparked her interest in botany .,The visits to the gardens have sparked her interest in botany.,,247,,1,agreement,qian2023//30/ppp,1,,,,"{""N1"": ""visits"", ""N1_number"": ""plural"", ""N2"": ""gardens"", ""N2_number"": ""plural"", ""context"": ""The %% {preposition} the %% {predicate} sparked her interest in botany."", ""predicate"": ""might have"", ""predicate_sg_pl"": ""have"", ""predicate_sg_pl_number"": ""plural"", ""preposition"": ""to""}"
qian2023,,31,sss,qian2023//31/sss,,the letter to the editor is published online .,The letter to the editor is published online.,,248,,1,agreement,qian2023//31/sss,1,,,,"{""N1"": ""letter"", ""N1_number"": ""singular"", ""N2"": ""editor"", ""N2_number"": ""singular"", ""context"": ""The %% {preposition} the %% {predicate} published online."", ""predicate"": ""might be"", ""predicate_sg_pl"": ""is"", ""predicate_sg_pl_number"": ""singular"", ""preposition"": ""to""}"
qian2023,,31,ssp,qian2023//31/ssp,,the letter to the editor are published online .,The letter to the editor are published online.,,249,,0,agreement,qian2023//31/psp;qian2023//31/sss,2,,,,"{""N1"": ""letter"", ""N1_number"": ""singular"", ""N2"": ""editor"", ""N2_number"": ""singular"", ""context"": ""The %% {preposition} the %% {predicate} published online."", ""predicate"": ""might be"", ""predicate_sg_pl"": ""are"", ""predicate_sg_pl_number"": ""plural"", ""preposition"": ""to""}"
qian2023,,31,sps,qian2023//31/sps,,the letter to the editors is published online .,The letter to the editors is published online.,,250,,1,agreement,qian2023//31/sps,1,,,,"{""N1"": ""letter"", ""N1_number"": ""singular"", ""N2"": ""editors"", ""N2_number"": ""plural"", ""context"": ""The %% {preposition} the %% {predicate} published online."", ""predicate"": ""might be"", ""predicate_sg_pl"": ""is"", ""predicate_sg_pl_number"": ""singular"", ""preposition"": ""to""}"
qian2023,,31,spp,qian2023//31/spp,,the letter to the editors are published online .,The letter to the editors are published online.,,251,,0,agreement,qian2023//31/ppp;qian2023//31/sps,2,,,,"{""N1"": ""letter"", ""N1_number"": ""singular"", ""N2"": ""editors"", ""N2_number"": ""plural"", ""context"": ""The %% {preposition} the %% {predicate} published online."", ""predicate"": ""might be"", ""predicate_sg_pl"": ""are"", ""predicate_sg_pl_number"": ""plural"", ""preposition"": ""to""}"
qian2023,,31,pss,qian2023//31/pss,,the letters to the editor is published online .,The letters to the editor is published online.,,252,,0,agreement,qian2023//31/psp;qian2023//31/sss,2,,,,"{""N1"": ""letters"", ""N1_number"": ""plural"", ""N2"": ""editor"", ""N2_number"": ""singular"", ""context"": ""The %% {preposition} the %% {predicate} published online."", ""predicate"": ""might be"", ""predicate_sg_pl"": ""is"", ""predicate_sg_pl_number"": ""singular"", ""preposition"": ""to""}"
qian2023,,31,psp,qian2023//31/psp,,the letters to the editor are published online .,The letters to the editor are published online.,,253,,1,agreement,qian2023//31/psp,1,,,,"{""N1"": ""letters"", ""N1_number"": ""plural"", ""N2"": ""editor"", ""N2_number"": ""singular"", ""context"": ""The %% {preposition} the %% {predicate} published online."", ""predicate"": ""might be"", ""predicate_sg_pl"": ""are"", ""predicate_sg_pl_number"": ""plural"", ""preposition"": ""to""}"
qian2023,,31,pps,qian2023//31/pps,,the letters to the editors is published online .,The letters to the editors is published online.,,254,,0,agreement,qian2023//31/ppp;qian2023//31/sps,2,,,,"{""N1"": ""letters"", ""N1_number"": ""plural"", ""N2"": ""editors"", ""N2_number"": ""plural"", ""context"": ""The %% {preposition} the %% {predicate} published online."", ""predicate"": ""might be"", ""predicate_sg_pl"": ""is"", ""predicate_sg_pl_number"": ""singular"", ""preposition"": ""to""}"
qian2023,,31,ppp,qian2023//31/ppp,,the letters to the editors are published online .,The letters to the editors are published online.,,255,,1,agreement,qian2023//31/ppp,1,,,,"{""N1"": ""letters"", ""N1_number"": ""plural"", ""N2"": ""editors"", ""N2_number"": ""plural"", ""context"": ""The %% {preposition} the %% {predicate} published online."", ""predicate"": ""might be"", ""predicate_sg_pl"": ""are"", ""predicate_sg_pl_number"": ""plural"", ""preposition"": ""to""}"
qian2023,,32,sss,qian2023//32/sss,,the applicant to the school has received emails about financial assistance .,The applicant to the school has received emails about financial assistance.,,256,,1,agreement,qian2023//32/sss,1,,,,"{""N1"": ""applicant"", ""N1_number"": ""singular"", ""N2"": ""school"", ""N2_number"": ""singular"", ""context"": ""The %% {preposition} the %% {predicate} emails about financial assistance."", ""predicate"": ""will receive"", ""predicate_sg_pl"": ""has received"", ""predicate_sg_pl_number"": ""singular"", ""preposition"": ""to""}"
qian2023,,32,ssp,qian2023//32/ssp,,the applicant to the school have received emails about financial assistance .,The applicant to the school have received emails about financial assistance.,,257,,0,agreement,qian2023//32/psp;qian2023//32/sss,2,,,,"{""N1"": ""applicant"", ""N1_number"": ""singular"", ""N2"": ""school"", ""N2_number"": ""singular"", ""context"": ""The %% {preposition} the %% {predicate} emails about financial assistance."", ""predicate"": ""will receive"", ""predicate_sg_pl"": ""have received"", ""predicate_sg_pl_number"": ""plural"", ""preposition"": ""to""}"
qian2023,,32,sps,qian2023//32/sps,,the applicant to the schools has received emails about financial assistance .,The applicant to the schools has received emails about financial assistance.,,258,,1,agreement,qian2023//32/sps,1,,,,"{""N1"": ""applicant"", ""N1_number"": ""singular"", ""N2"": ""schools"", ""N2_number"": ""plural"", ""context"": ""The %% {preposition} the %% {predicate} emails about financial assistance."", ""predicate"": ""will receive"", ""predicate_sg_pl"": ""has received"", ""predicate_sg_pl_number"": ""singular"", ""preposition"": ""to""}"
qian2023,,32,spp,qian2023//32/spp,,the applicant to the schools have received emails about financial assistance .,The applicant to the schools have received emails about financial assistance.,,259,,0,agreement,qian2023//32/ppp;qian2023//32/sps,2,,,,"{""N1"": ""applicant"", ""N1_number"": ""singular"", ""N2"": ""schools"", ""N2_number"": ""plural"", ""context"": ""The %% {preposition} the %% {predicate} emails about financial assistance."", ""predicate"": ""will receive"", ""predicate_sg_pl"": ""have received"", ""predicate_sg_pl_number"": ""plural"", ""preposition"": ""to""}"
qian2023,,32,pss,qian2023//32/pss,,the applicants to the school has received emails about financial assistance .,The applicants to the school has received emails about financial assistance.,,260,,0,agreement,qian2023//32/psp;qian2023//32/sss,2,,,,"{""N1"": ""applicants"", ""N1_number"": ""plural"", ""N2"": ""school"", ""N2_number"": ""singular"", ""context"": ""The %% {preposition} the %% {predicate} emails about financial assistance."", ""predicate"": ""will receive"", ""predicate_sg_pl"": ""has received"", ""predicate_sg_pl_number"": ""singular"", ""preposition"": ""to""}"
qian2023,,32,psp,qian2023//32/psp,,the applicants to the school have received emails about financial assistance .,The applicants to the school have received emails about financial assistance.,,261,,1,agreement,qian2023//32/psp,1,,,,"{""N1"": ""applicants"", ""N1_number"": ""plural"", ""N2"": ""school"", ""N2_number"": ""singular"", ""context"": ""The %% {preposition} the %% {predicate} emails about financial assistance."", ""predicate"": ""will receive"", ""predicate_sg_pl"": ""have received"", ""predicate_sg_pl_number"": ""plural"", ""preposition"": ""to""}"
qian2023,,32,pps,qian2023//32/pps,,the applicants to the schools has received emails about financial assistance .,The applicants to the schools has received emails about financial assistance.,,262,,0,agreement,qian2023//32/ppp;qian2023//32/sps,2,,,,"{""N1"": ""applicants"", ""N1_number"": ""plural"", ""N2"": ""schools"", ""N2_number"": ""plural"", ""context"": ""The %% {preposition} the %% {predicate} emails about financial assistance."", ""predicate"": ""will receive"", ""predicate_sg_pl"": ""has received"", ""predicate_sg_pl_number"": ""singular"", ""preposition"": ""to""}"
qian2023,,32,ppp,qian2023//32/ppp,,the applicants to the schools have received emails about financial assistance .,The applicants to the schools have received emails about financial assistance.,,263,,1,agreement,qian2023//32/ppp,1,,,,"{""N1"": ""applicants"", ""N1_number"": ""plural"", ""N2"": ""schools"", ""N2_number"": ""plural"", ""context"": ""The %% {preposition} the %% {predicate} emails about financial assistance."", ""predicate"": ""will receive"", ""predicate_sg_pl"": ""have received"", ""predicate_sg_pl_number"": ""plural"", ""preposition"": ""to""}"
qian2023,,33,sss,qian2023//33/sss,,the railway to the village has promoted economic growth .,The railway to the village has promoted economic growth.,,264,,1,agreement,qian2023//33/sss,1,,,,"{""N1"": ""railway"", ""N1_number"": ""singular"", ""N2"": ""village"", ""N2_number"": ""singular"", ""context"": ""The %% {preposition} the %% {predicate} economic growth."", ""predicate"": ""will promote"", ""predicate_sg_pl"": ""has promoted"", ""predicate_sg_pl_number"": ""singular"", ""preposition"": ""to""}"
qian2023,,33,ssp,qian2023//33/ssp,,the railway to the village have promoted economic growth .,The railway to the village have promoted economic growth.,,265,,0,agreement,qian2023//33/psp;qian2023//33/sss,2,,,,"{""N1"": ""railway"", ""N1_number"": ""singular"", ""N2"": ""village"", ""N2_number"": ""singular"", ""context"": ""The %% {preposition} the %% {predicate} economic growth."", ""predicate"": ""will promote"", ""predicate_sg_pl"": ""have promoted"", ""predicate_sg_pl_number"": ""plural"", ""preposition"": ""to""}"
qian2023,,33,sps,qian2023//33/sps,,the railway to the villages has promoted economic growth .,The railway to the villages has promoted economic growth.,,266,,1,agreement,qian2023//33/sps,1,,,,"{""N1"": ""railway"", ""N1_number"": ""singular"", ""N2"": ""villages"", ""N2_number"": ""plural"", ""context"": ""The %% {preposition} the %% {predicate} economic growth."", ""predicate"": ""will promote"", ""predicate_sg_pl"": ""has promoted"", ""predicate_sg_pl_number"": ""singular"", ""preposition"": ""to""}"
qian2023,,33,spp,qian2023//33/spp,,the railway to the villages have promoted economic growth .,The railway to the villages have promoted economic growth.,,267,,0,agreement,qian2023//33/ppp;qian2023//33/sps,2,,,,"{""N1"": ""railway"", ""N1_number"": ""singular"", ""N2"": ""villages"", ""N2_number"": ""plural"", ""context"": ""The %% {preposition} the %% {predicate} economic growth."", ""predicate"": ""will promote"", ""predicate_sg_pl"": ""have promoted"", ""predicate_sg_pl_number"": ""plural"", ""preposition"": ""to""}"
qian2023,,33,pss,qian2023//33/pss,,the railways to the village has promoted economic growth .,The railways to the village has promoted economic growth.,,268,,0,agreement,qian2023//33/psp;qian2023//33/sss,2,,,,"{""N1"": ""railways"", ""N1_number"": ""plural"", ""N2"": ""village"", ""N2_number"": ""singular"", ""context"": ""The %% {preposition} the %% {predicate} economic growth."", ""predicate"": ""will promote"", ""predicate_sg_pl"": ""has promoted"", ""predicate_sg_pl_number"": ""singular"", ""preposition"": ""to""}"
qian2023,,33,psp,qian2023//33/psp,,the railways to the village have promoted economic growth .,The railways to the village have promoted economic growth.,,269,,1,agreement,qian2023//33/psp,1,,,,"{""N1"": ""railways"", ""N1_number"": ""plural"", ""N2"": ""village"", ""N2_number"": ""singular"", ""context"": ""The %% {preposition} the %% {predicate} economic growth."", ""predicate"": ""will promote"", ""predicate_sg_pl"": ""have promoted"", ""predicate_sg_pl_number"": ""plural"", ""preposition"": ""to""}"
qian2023,,33,pps,qian2023//33/pps,,the railways to the villages has promoted economic growth .,The railways to the villages has promoted economic growth.,,270,,0,agreement,qian2023//33/ppp;qian2023//33/sps,2,,,,"{""N1"": ""railways"", ""N1_number"": ""plural"", ""N2"": ""villages"", ""N2_number"": ""plural"", ""context"": ""The %% {preposition} the %% {predicate} economic growth."", ""predicate"": ""will promote"", ""predicate_sg_pl"": ""has promoted"", ""predicate_sg_pl_number"": ""singular"", ""preposition"": ""to""}"
qian2023,,33,ppp,qian2023//33/ppp,,the railways to the villages have promoted economic growth .,The railways to the villages have promoted economic growth.,,271,,1,agreement,qian2023//33/ppp,1,,,,"{""N1"": ""railways"", ""N1_number"": ""plural"", ""N2"": ""villages"", ""N2_number"": ""plural"", ""context"": ""The %% {preposition} the %% {predicate} economic growth."", ""predicate"": ""will promote"", ""predicate_sg_pl"": ""have promoted"", ""predicate_sg_pl_number"": ""plural"", ""preposition"": ""to""}"
qian2023,,34,sss,qian2023//34/sss,,the trail to the pond is highly recommended for beginner cyclists .,The trail to the pond is highly recommended for beginner cyclists.,,272,,1,agreement,qian2023//34/sss,1,,,,"{""N1"": ""trail"", ""N1_number"": ""singular"", ""N2"": ""pond"", ""N2_number"": ""singular"", ""context"": ""The %% {preposition} the %% {predicate} highly recommended for beginner cyclists."", ""predicate"": ""should be"", ""predicate_sg_pl"": ""is"", ""predicate_sg_pl_number"": ""singular"", ""preposition"": ""to""}"
qian2023,,34,ssp,qian2023//34/ssp,,the trail to the pond are highly recommended for beginner cyclists .,The trail to the pond are highly recommended for beginner cyclists.,,273,,0,agreement,qian2023//34/psp;qian2023//34/sss,2,,,,"{""N1"": ""trail"", ""N1_number"": ""singular"", ""N2"": ""pond"", ""N2_number"": ""singular"", ""context"": ""The %% {preposition} the %% {predicate} highly recommended for beginner cyclists."", ""predicate"": ""should be"", ""predicate_sg_pl"": ""are"", ""predicate_sg_pl_number"": ""plural"", ""preposition"": ""to""}"
qian2023,,34,sps,qian2023//34/sps,,the trail to the ponds is highly recommended for beginner cyclists .,The trail to the ponds is highly recommended for beginner cyclists.,,274,,1,agreement,qian2023//34/sps,1,,,,"{""N1"": ""trail"", ""N1_number"": ""singular"", ""N2"": ""ponds"", ""N2_number"": ""plural"", ""context"": ""The %% {preposition} the %% {predicate} highly recommended for beginner cyclists."", ""predicate"": ""should be"", ""predicate_sg_pl"": ""is"", ""predicate_sg_pl_number"": ""singular"", ""preposition"": ""to""}"
qian2023,,34,spp,qian2023//34/spp,,the trail to the ponds are highly recommended for beginner cyclists .,The trail to the ponds are highly recommended for beginner cyclists.,,275,,0,agreement,qian2023//34/ppp;qian2023//34/sps,2,,,,"{""N1"": ""trail"", ""N1_number"": ""singular"", ""N2"": ""ponds"", ""N2_number"": ""plural"", ""context"": ""The %% {preposition} the %% {predicate} highly recommended for beginner cyclists."", ""predicate"": ""should be"", ""predicate_sg_pl"": ""are"", ""predicate_sg_pl_number"": ""plural"", ""preposition"": ""to""}"
qian2023,,34,pss,qian2023//34/pss,,the trails to the pond is highly recommended for beginner cyclists .,The trails to the pond is highly recommended for beginner cyclists.,,276,,0,agreement,qian2023//34/psp;qian2023//34/sss,2,,,,"{""N1"": ""trails"", ""N1_number"": ""plural"", ""N2"": ""pond"", ""N2_number"": ""singular"", ""context"": ""The %% {preposition} the %% {predicate} highly recommended for beginner cyclists."", ""predicate"": ""should be"", ""predicate_sg_pl"": ""is"", ""predicate_sg_pl_number"": ""singular"", ""preposition"": ""to""}"
qian2023,,34,psp,qian2023//34/psp,,the trails to the pond are highly recommended for beginner cyclists .,The trails to the pond are highly recommended for beginner cyclists.,,277,,1,agreement,qian2023//34/psp,1,,,,"{""N1"": ""trails"", ""N1_number"": ""plural"", ""N2"": ""pond"", ""N2_number"": ""singular"", ""context"": ""The %% {preposition} the %% {predicate} highly recommended for beginner cyclists."", ""predicate"": ""should be"", ""predicate_sg_pl"": ""are"", ""predicate_sg_pl_number"": ""plural"", ""preposition"": ""to""}"
qian2023,,34,pps,qian2023//34/pps,,the trails to the ponds is highly recommended for beginner cyclists .,The trails to the ponds is highly recommended for beginner cyclists.,,278,,0,agreement,qian2023//34/ppp;qian2023//34/sps,2,,,,"{""N1"": ""trails"", ""N1_number"": ""plural"", ""N2"": ""ponds"", ""N2_number"": ""plural"", ""context"": ""The %% {preposition} the %% {predicate} highly recommended for beginner cyclists."", ""predicate"": ""should be"", ""predicate_sg_pl"": ""is"", ""predicate_sg_pl_number"": ""singular"", ""preposition"": ""to""}"
qian2023,,34,ppp,qian2023//34/ppp,,the trails to the ponds are highly recommended for beginner cyclists .,The trails to the ponds are highly recommended for beginner cyclists.,,279,,1,agreement,qian2023//34/ppp,1,,,,"{""N1"": ""trails"", ""N1_number"": ""plural"", ""N2"": ""ponds"", ""N2_number"": ""plural"", ""context"": ""The %% {preposition} the %% {predicate} highly recommended for beginner cyclists."", ""predicate"": ""should be"", ""predicate_sg_pl"": ""are"", ""predicate_sg_pl_number"": ""plural"", ""preposition"": ""to""}"
qian2023,,35,sss,qian2023//35/sss,,the gift for the kid is hidden under the bed .,The gift for the kid is hidden under the bed.,,280,,1,agreement,qian2023//35/sss,1,,,,"{""N1"": ""gift"", ""N1_number"": ""singular"", ""N2"": ""kid"", ""N2_number"": ""singular"", ""context"": ""The %% {preposition} the %% {predicate} hidden under the bed."", ""predicate"": ""will be"", ""predicate_sg_pl"": ""is"", ""predicate_sg_pl_number"": ""singular"", ""preposition"": ""for""}"
qian2023,,35,ssp,qian2023//35/ssp,,the gift for the kid are hidden under the bed .,The gift for the kid are hidden under the bed.,,281,,0,agreement,qian2023//35/psp;qian2023//35/sss,2,,,,"{""N1"": ""gift"", ""N1_number"": ""singular"", ""N2"": ""kid"", ""N2_number"": ""singular"", ""context"": ""The %% {preposition} the %% {predicate} hidden under the bed."", ""predicate"": ""will be"", ""predicate_sg_pl"": ""are"", ""predicate_sg_pl_number"": ""plural"", ""preposition"": ""for""}"
qian2023,,35,sps,qian2023//35/sps,,the gift for the kids is hidden under the bed .,The gift for the kids is hidden under the bed.,,282,,1,agreement,qian2023//35/sps,1,,,,"{""N1"": ""gift"", ""N1_number"": ""singular"", ""N2"": ""kids"", ""N2_number"": ""plural"", ""context"": ""The %% {preposition} the %% {predicate} hidden under the bed."", ""predicate"": ""will be"", ""predicate_sg_pl"": ""is"", ""predicate_sg_pl_number"": ""singular"", ""preposition"": ""for""}"
qian2023,,35,spp,qian2023//35/spp,,the gift for the kids are hidden under the bed .,The gift for the kids are hidden under the bed.,,283,,0,agreement,qian2023//35/ppp;qian2023//35/sps,2,,,,"{""N1"": ""gift"", ""N1_number"": ""singular"", ""N2"": ""kids"", ""N2_number"": ""plural"", ""context"": ""The %% {preposition} the %% {predicate} hidden under the bed."", ""predicate"": ""will be"", ""predicate_sg_pl"": ""are"", ""predicate_sg_pl_number"": ""plural"", ""preposition"": ""for""}"
qian2023,,35,pss,qian2023//35/pss,,the gifts for the kid is hidden under the bed .,The gifts for the kid is hidden under the bed.,,284,,0,agreement,qian2023//35/psp;qian2023//35/sss,2,,,,"{""N1"": ""gifts"", ""N1_number"": ""plural"", ""N2"": ""kid"", ""N2_number"": ""singular"", ""context"": ""The %% {preposition} the %% {predicate} hidden under the bed."", ""predicate"": ""will be"", ""predicate_sg_pl"": ""is"", ""predicate_sg_pl_number"": ""singular"", ""preposition"": ""for""}"
qian2023,,35,psp,qian2023//35/psp,,the gifts for the kid are hidden under the bed .,The gifts for the kid are hidden under the bed.,,285,,1,agreement,qian2023//35/psp,1,,,,"{""N1"": ""gifts"", ""N1_number"": ""plural"", ""N2"": ""kid"", ""N2_number"": ""singular"", ""context"": ""The %% {preposition} the %% {predicate} hidden under the bed."", ""predicate"": ""will be"", ""predicate_sg_pl"": ""are"", ""predicate_sg_pl_number"": ""plural"", ""preposition"": ""for""}"
qian2023,,35,pps,qian2023//35/pps,,the gifts for the kids is hidden under the bed .,The gifts for the kids is hidden under the bed.,,286,,0,agreement,qian2023//35/ppp;qian2023//35/sps,2,,,,"{""N1"": ""gifts"", ""N1_number"": ""plural"", ""N2"": ""kids"", ""N2_number"": ""plural"", ""context"": ""The %% {preposition} the %% {predicate} hidden under the bed."", ""predicate"": ""will be"", ""predicate_sg_pl"": ""is"", ""predicate_sg_pl_number"": ""singular"", ""preposition"": ""for""}"
qian2023,,35,ppp,qian2023//35/ppp,,the gifts for the kids are hidden under the bed .,The gifts for the kids are hidden under the bed.,,287,,1,agreement,qian2023//35/ppp,1,,,,"{""N1"": ""gifts"", ""N1_number"": ""plural"", ""N2"": ""kids"", ""N2_number"": ""plural"", ""context"": ""The %% {preposition} the %% {predicate} hidden under the bed."", ""predicate"": ""will be"", ""predicate_sg_pl"": ""are"", ""predicate_sg_pl_number"": ""plural"", ""preposition"": ""for""}"
qian2023,,36,sss,qian2023//36/sss,,the cake for the family was prepared by a local bakery .,The cake for the family was prepared by a local bakery.,,288,,1,agreement,qian2023//36/sss,1,,,,"{""N1"": ""cake"", ""N1_number"": ""singular"", ""N2"": ""family"", ""N2_number"": ""singular"", ""context"": ""The %% {preposition} the %% {predicate} prepared by a local bakery."", ""predicate"": ""will be"", ""predicate_sg_pl"": ""was"", ""predicate_sg_pl_number"": ""singular"", ""preposition"": ""for""}"
qian2023,,36,ssp,qian2023//36/ssp,,the cake for the family were prepared by a local bakery .,The cake for the family were prepared by a local bakery.,,289,,0,agreement,qian2023//36/psp;qian2023//36/sss,2,,,,"{""N1"": ""cake"", ""N1_number"": ""singular"", ""N2"": ""family"", ""N2_number"": ""singular"", ""context"": ""The %% {preposition} the %% {predicate} prepared by a local bakery."", ""predicate"": ""will be"", ""predicate_sg_pl"": ""were"", ""predicate_sg_pl_number"": ""plural"", ""preposition"": ""for""}"
qian2023,,36,sps,qian2023//36/sps,,the cake for the families was prepared by a local bakery .,The cake for the families was prepared by a local bakery.,,290,,1,agreement,qian2023//36/sps,1,,,,"{""N1"": ""cake"", ""N1_number"": ""singular"", ""N2"": ""families"", ""N2_number"": ""plural"", ""context"": ""The %% {preposition} the %% {predicate} prepared by a local bakery."", ""predicate"": ""will be"", ""predicate_sg_pl"": ""was"", ""predicate_sg_pl_number"": ""singular"", ""preposition"": ""for""}"
qian2023,,36,spp,qian2023//36/spp,,the cake for the families were prepared by a local bakery .,The cake for the families were prepared by a local bakery.,,291,,0,agreement,qian2023//36/ppp;qian2023//36/sps,2,,,,"{""N1"": ""cake"", ""N1_number"": ""singular"", ""N2"": ""families"", ""N2_number"": ""plural"", ""context"": ""The %% {preposition} the %% {predicate} prepared by a local bakery."", ""predicate"": ""will be"", ""predicate_sg_pl"": ""were"", ""predicate_sg_pl_number"": ""plural"", ""preposition"": ""for""}"
qian2023,,36,pss,qian2023//36/pss,,the cakes for the family was prepared by a local bakery .,The cakes for the family was prepared by a local bakery.,,292,,0,agreement,qian2023//36/psp;qian2023//36/sss,2,,,,"{""N1"": ""cakes"", ""N1_number"": ""plural"", ""N2"": ""family"", ""N2_number"": ""singular"", ""context"": ""The %% {preposition} the %% {predicate} prepared by a local bakery."", ""predicate"": ""will be"", ""predicate_sg_pl"": ""was"", ""predicate_sg_pl_number"": ""singular"", ""preposition"": ""for""}"
qian2023,,36,psp,qian2023//36/psp,,the cakes for the family were prepared by a local bakery .,The cakes for the family were prepared by a local bakery.,,293,,1,agreement,qian2023//36/psp,1,,,,"{""N1"": ""cakes"", ""N1_number"": ""plural"", ""N2"": ""family"", ""N2_number"": ""singular"", ""context"": ""The %% {preposition} the %% {predicate} prepared by a local bakery."", ""predicate"": ""will be"", ""predicate_sg_pl"": ""were"", ""predicate_sg_pl_number"": ""plural"", ""preposition"": ""for""}"
qian2023,,36,pps,qian2023//36/pps,,the cakes for the families was prepared by a local bakery .,The cakes for the families was prepared by a local bakery.,,294,,0,agreement,qian2023//36/ppp;qian2023//36/sps,2,,,,"{""N1"": ""cakes"", ""N1_number"": ""plural"", ""N2"": ""families"", ""N2_number"": ""plural"", ""context"": ""The %% {preposition} the %% {predicate} prepared by a local bakery."", ""predicate"": ""will be"", ""predicate_sg_pl"": ""was"", ""predicate_sg_pl_number"": ""singular"", ""preposition"": ""for""}"
qian2023,,36,ppp,qian2023//36/ppp,,the cakes for the families were prepared by a local bakery .,The cakes for the families were prepared by a local bakery.,,295,,1,agreement,qian2023//36/ppp,1,,,,"{""N1"": ""cakes"", ""N1_number"": ""plural"", ""N2"": ""families"", ""N2_number"": ""plural"", ""context"": ""The %% {preposition} the %% {predicate} prepared by a local bakery."", ""predicate"": ""will be"", ""predicate_sg_pl"": ""were"", ""predicate_sg_pl_number"": ""plural"", ""preposition"": ""for""}"
qian2023,,37,sss,qian2023//37/sss,,the ticket for the game was ordered online .,The ticket for the game was ordered online.,,296,,1,agreement,qian2023//37/sss,1,,,,"{""N1"": ""ticket"", ""N1_number"": ""singular"", ""N2"": ""game"", ""N2_number"": ""singular"", ""context"": ""The %% {preposition} the %% {predicate} ordered online."", ""predicate"": ""must be"", ""predicate_sg_pl"": ""was"", ""predicate_sg_pl_number"": ""singular"", ""preposition"": ""for""}"
qian2023,,37,ssp,qian2023//37/ssp,,the ticket for the game were ordered online .,The ticket for the game were ordered online.,,297,,0,agreement,qian2023//37/psp;qian2023//37/sss,2,,,,"{""N1"": ""ticket"", ""N1_number"": ""singular"", ""N2"": ""game"", ""N2_number"": ""singular"", ""context"": ""The %% {preposition} the %% {predicate} ordered online."", ""predicate"": ""must be"", ""predicate_sg_pl"": ""were"", ""predicate_sg_pl_number"": ""plural"", ""preposition"": ""for""}"
qian2023,,37,sps,qian2023//37/sps,,the ticket for the games was ordered online .,The ticket for the games was ordered online.,,298,,1,agreement,qian2023//37/sps,1,,,,"{""N1"": ""ticket"", ""N1_number"": ""singular"", ""N2"": ""games"", ""N2_number"": ""plural"", ""context"": ""The %% {preposition} the %% {predicate} ordered online."", ""predicate"": ""must be"", ""predicate_sg_pl"": ""was"", ""predicate_sg_pl_number"": ""singular"", ""preposition"": ""for""}"
qian2023,,37,spp,qian2023//37/spp,,the ticket for the games were ordered online .,The ticket for the games were ordered online.,,299,,0,agreement,qian2023//37/ppp;qian2023//37/sps,2,,,,"{""N1"": ""ticket"", ""N1_number"": ""singular"", ""N2"": ""games"", ""N2_number"": ""plural"", ""context"": ""The %% {preposition} the %% {predicate} ordered online."", ""predicate"": ""must be"", ""predicate_sg_pl"": ""were"", ""predicate_sg_pl_number"": ""plural"", ""preposition"": ""for""}"
qian2023,,37,pss,qian2023//37/pss,,the tickets for the game was ordered online .,The tickets for the game was ordered online.,,300,,0,agreement,qian2023//37/psp;qian2023//37/sss,2,,,,"{""N1"": ""tickets"", ""N1_number"": ""plural"", ""N2"": ""game"", ""N2_number"": ""singular"", ""context"": ""The %% {preposition} the %% {predicate} ordered online."", ""predicate"": ""must be"", ""predicate_sg_pl"": ""was"", ""predicate_sg_pl_number"": ""singular"", ""preposition"": ""for""}"
qian2023,,37,psp,qian2023//37/psp,,the tickets for the game were ordered online .,The tickets for the game were ordered online.,,301,,1,agreement,qian2023//37/psp,1,,,,"{""N1"": ""tickets"", ""N1_number"": ""plural"", ""N2"": ""game"", ""N2_number"": ""singular"", ""context"": ""The %% {preposition} the %% {predicate} ordered online."", ""predicate"": ""must be"", ""predicate_sg_pl"": ""were"", ""predicate_sg_pl_number"": ""plural"", ""preposition"": ""for""}"
qian2023,,37,pps,qian2023//37/pps,,the tickets for the games was ordered online .,The tickets for the games was ordered online.,,302,,0,agreement,qian2023//37/ppp;qian2023//37/sps,2,,,,"{""N1"": ""tickets"", ""N1_number"": ""plural"", ""N2"": ""games"", ""N2_number"": ""plural"", ""context"": ""The %% {preposition} the %% {predicate} ordered online."", ""predicate"": ""must be"", ""predicate_sg_pl"": ""was"", ""predicate_sg_pl_number"": ""singular"", ""preposition"": ""for""}"
qian2023,,37,ppp,qian2023//37/ppp,,the tickets for the games were ordered online .,The tickets for the games were ordered online.,,303,,1,agreement,qian2023//37/ppp,1,,,,"{""N1"": ""tickets"", ""N1_number"": ""plural"", ""N2"": ""games"", ""N2_number"": ""plural"", ""context"": ""The %% {preposition} the %% {predicate} ordered online."", ""predicate"": ""must be"", ""predicate_sg_pl"": ""were"", ""predicate_sg_pl_number"": ""plural"", ""preposition"": ""for""}"
qian2023,,38,sss,qian2023//38/sss,,the exam for the student was challenging but interesting .,The exam for the student was challenging but interesting.,,304,,1,agreement,qian2023//38/sss,1,,,,"{""N1"": ""exam"", ""N1_number"": ""singular"", ""N2"": ""student"", ""N2_number"": ""singular"", ""context"": ""The %% {preposition} the %% {predicate} challenging but interesting."", ""predicate"": ""should be"", ""predicate_sg_pl"": ""was"", ""predicate_sg_pl_number"": ""singular"", ""preposition"": ""for""}"
qian2023,,38,ssp,qian2023//38/ssp,,the exam for the student were challenging but interesting .,The exam for the student were challenging but interesting.,,305,,0,agreement,qian2023//38/psp;qian2023//38/sss,2,,,,"{""N1"": ""exam"", ""N1_number"": ""singular"", ""N2"": ""student"", ""N2_number"": ""singular"", ""context"": ""The %% {preposition} the %% {predicate} challenging but interesting."", ""predicate"": ""should be"", ""predicate_sg_pl"": ""were"", ""predicate_sg_pl_number"": ""plural"", ""preposition"": ""for""}"
qian2023,,38,sps,qian2023//38/sps,,the exam for the students was challenging but interesting .,The exam for the students was challenging but interesting.,,306,,1,agreement,qian2023//38/sps,1,,,,"{""N1"": ""exam"", ""N1_number"": ""singular"", ""N2"": ""students"", ""N2_number"": ""plural"", ""context"": ""The %% {preposition} the %% {predicate} challenging but interesting."", ""predicate"": ""should be"", ""predicate_sg_pl"": ""was"", ""predicate_sg_pl_number"": ""singular"", ""preposition"": ""for""}"
qian2023,,38,spp,qian2023//38/spp,,the exam for the students were challenging but interesting .,The exam for the students were challenging but interesting.,,307,,0,agreement,qian2023//38/ppp;qian2023//38/sps,2,,,,"{""N1"": ""exam"", ""N1_number"": ""singular"", ""N2"": ""students"", ""N2_number"": ""plural"", ""context"": ""The %% {preposition} the %% {predicate} challenging but interesting."", ""predicate"": ""should be"", ""predicate_sg_pl"": ""were"", ""predicate_sg_pl_number"": ""plural"", ""preposition"": ""for""}"
qian2023,,38,pss,qian2023//38/pss,,the exams for the student was challenging but interesting .,The exams for the student was challenging but interesting.,,308,,0,agreement,qian2023//38/psp;qian2023//38/sss,2,,,,"{""N1"": ""exams"", ""N1_number"": ""plural"", ""N2"": ""student"", ""N2_number"": ""singular"", ""context"": ""The %% {preposition} the %% {predicate} challenging but interesting."", ""predicate"": ""should be"", ""predicate_sg_pl"": ""was"", ""predicate_sg_pl_number"": ""singular"", ""preposition"": ""for""}"
qian2023,,38,psp,qian2023//38/psp,,the exams for the student were challenging but interesting .,The exams for the student were challenging but interesting.,,309,,1,agreement,qian2023//38/psp,1,,,,"{""N1"": ""exams"", ""N1_number"": ""plural"", ""N2"": ""student"", ""N2_number"": ""singular"", ""context"": ""The %% {preposition} the %% {predicate} challenging but interesting."", ""predicate"": ""should be"", ""predicate_sg_pl"": ""were"", ""predicate_sg_pl_number"": ""plural"", ""preposition"": ""for""}"
qian2023,,38,pps,qian2023//38/pps,,the exams for the students was challenging but interesting .,The exams for the students was challenging but interesting.,,310,,0,agreement,qian2023//38/ppp;qian2023//38/sps,2,,,,"{""N1"": ""exams"", ""N1_number"": ""plural"", ""N2"": ""students"", ""N2_number"": ""plural"", ""context"": ""The %% {preposition} the %% {predicate} challenging but interesting."", ""predicate"": ""should be"", ""predicate_sg_pl"": ""was"", ""predicate_sg_pl_number"": ""singular"", ""preposition"": ""for""}"
qian2023,,38,ppp,qian2023//38/ppp,,the exams for the students were challenging but interesting .,The exams for the students were challenging but interesting.,,311,,1,agreement,qian2023//38/ppp,1,,,,"{""N1"": ""exams"", ""N1_number"": ""plural"", ""N2"": ""students"", ""N2_number"": ""plural"", ""context"": ""The %% {preposition} the %% {predicate} challenging but interesting."", ""predicate"": ""should be"", ""predicate_sg_pl"": ""were"", ""predicate_sg_pl_number"": ""plural"", ""preposition"": ""for""}"
qian2023,,39,sss,qian2023//39/sss,,the prize for the winner is a big surprise .,The prize for the winner is a big surprise.,,312,,1,agreement,qian2023//39/sss,1,,,,"{""N1"": ""prize"", ""N1_number"": ""singular"", ""N2"": ""winner"", ""N2_number"": ""singular"", ""context"": ""The %% {preposition} the %% {predicate} a big surprise."", ""predicate"": ""will be"", ""predicate_sg_pl"": ""is"", ""predicate_sg_pl_number"": ""singular"", ""preposition"": ""for""}"
qian2023,,39,ssp,qian2023//39/ssp,,the prize for the winner are a big surprise .,The prize for the winner are a big surprise.,,313,,0,agreement,qian2023//39/psp;qian2023//39/sss,2,,,,"{""N1"": ""prize"", ""N1_number"": ""singular"", ""N2"": ""winner"", ""N2_number"": ""singular"", ""context"": ""The %% {preposition} the %% {predicate} a big surprise."", ""predicate"": ""will be"", ""predicate_sg_pl"": ""are"", ""predicate_sg_pl_number"": ""plural"", ""preposition"": ""for""}"
qian2023,,39,sps,qian2023//39/sps,,the prize for the winners is a big surprise .,The prize for the winners is a big surprise.,,314,,1,agreement,qian2023//39/sps,1,,,,"{""N1"": ""prize"", ""N1_number"": ""singular"", ""N2"": ""winners"", ""N2_number"": ""plural"", ""context"": ""The %% {preposition} the %% {predicate} a big surprise."", ""predicate"": ""will be"", ""predicate_sg_pl"": ""is"", ""predicate_sg_pl_number"": ""singular"", ""preposition"": ""for""}"
qian2023,,39,spp,qian2023//39/spp,,the prize for the winners are a big surprise .,The prize for the winners are a big surprise.,,315,,0,agreement,qian2023//39/ppp;qian2023//39/sps,2,,,,"{""N1"": ""prize"", ""N1_number"": ""singular"", ""N2"": ""winners"", ""N2_number"": ""plural"", ""context"": ""The %% {preposition} the %% {predicate} a big surprise."", ""predicate"": ""will be"", ""predicate_sg_pl"": ""are"", ""predicate_sg_pl_number"": ""plural"", ""preposition"": ""for""}"
qian2023,,39,pss,qian2023//39/pss,,the prizes for the winner is a big surprise .,The prizes for the winner is a big surprise.,,316,,0,agreement,qian2023//39/psp;qian2023//39/sss,2,,,,"{""N1"": ""prizes"", ""N1_number"": ""plural"", ""N2"": ""winner"", ""N2_number"": ""singular"", ""context"": ""The %% {preposition} the %% {predicate} a big surprise."", ""predicate"": ""will be"", ""predicate_sg_pl"": ""is"", ""predicate_sg_pl_number"": ""singular"", ""preposition"": ""for""}"
qian2023,,39,psp,qian2023//39/psp,,the prizes for the winner are a big surprise .,The prizes for the winner are a big surprise.,,317,,1,agreement,qian2023//39/psp,1,,,,"{""N1"": ""prizes"", ""N1_number"": ""plural"", ""N2"": ""winner"", ""N2_number"": ""singular"", ""context"": ""The %% {preposition} the %% {predicate} a big surprise."", ""predicate"": ""will be"", ""predicate_sg_pl"": ""are"", ""predicate_sg_pl_number"": ""plural"", ""preposition"": ""for""}"
qian2023,,39,pps,qian2023//39/pps,,the prizes for the winners is a big surprise .,The prizes for the winners is a big surprise.,,318,,0,agreement,qian2023//39/ppp;qian2023//39/sps,2,,,,"{""N1"": ""prizes"", ""N1_number"": ""plural"", ""N2"": ""winners"", ""N2_number"": ""plural"", ""context"": ""The %% {preposition} the %% {predicate} a big surprise."", ""predicate"": ""will be"", ""predicate_sg_pl"": ""is"", ""predicate_sg_pl_number"": ""singular"", ""preposition"": ""for""}"
qian2023,,39,ppp,qian2023//39/ppp,,the prizes for the winners are a big surprise .,The prizes for the winners are a big surprise.,,319,,1,agreement,qian2023//39/ppp,1,,,,"{""N1"": ""prizes"", ""N1_number"": ""plural"", ""N2"": ""winners"", ""N2_number"": ""plural"", ""context"": ""The %% {preposition} the %% {predicate} a big surprise."", ""predicate"": ""will be"", ""predicate_sg_pl"": ""are"", ""predicate_sg_pl_number"": ""plural"", ""preposition"": ""for""}"
qian2023,,40,sss,qian2023//40/sss,,the plan for the event was discussed at a group meeting .,The plan for the event was discussed at a group meeting.,,320,,1,agreement,qian2023//40/sss,1,,,,"{""N1"": ""plan"", ""N1_number"": ""singular"", ""N2"": ""event"", ""N2_number"": ""singular"", ""context"": ""The %% {preposition} the %% {predicate} discussed at a group meeting."", ""predicate"": ""will be"", ""predicate_sg_pl"": ""was"", ""predicate_sg_pl_number"": ""singular"", ""preposition"": ""for""}"
qian2023,,40,ssp,qian2023//40/ssp,,the plan for the event were discussed at a group meeting .,The plan for the event were discussed at a group meeting.,,321,,0,agreement,qian2023//40/psp;qian2023//40/sss,2,,,,"{""N1"": ""plan"", ""N1_number"": ""singular"", ""N2"": ""event"", ""N2_number"": ""singular"", ""context"": ""The %% {preposition} the %% {predicate} discussed at a group meeting."", ""predicate"": ""will be"", ""predicate_sg_pl"": ""were"", ""predicate_sg_pl_number"": ""plural"", ""preposition"": ""for""}"
qian2023,,40,sps,qian2023//40/sps,,the plan for the events was discussed at a group meeting .,The plan for the events was discussed at a group meeting.,,322,,1,agreement,qian2023//40/sps,1,,,,"{""N1"": ""plan"", ""N1_number"": ""singular"", ""N2"": ""events"", ""N2_number"": ""plural"", ""context"": ""The %% {preposition} the %% {predicate} discussed at a group meeting."", ""predicate"": ""will be"", ""predicate_sg_pl"": ""was"", ""predicate_sg_pl_number"": ""singular"", ""preposition"": ""for""}"
qian2023,,40,spp,qian2023//40/spp,,the plan for the events were discussed at a group meeting .,The plan for the events were discussed at a group meeting.,,323,,0,agreement,qian2023//40/ppp;qian2023//40/sps,2,,,,"{""N1"": ""plan"", ""N1_number"": ""singular"", ""N2"": ""events"", ""N2_number"": ""plural"", ""context"": ""The %% {preposition} the %% {predicate} discussed at a group meeting."", ""predicate"": ""will be"", ""predicate_sg_pl"": ""were"", ""predicate_sg_pl_number"": ""plural"", ""preposition"": ""for""}"
qian2023,,40,pss,qian2023//40/pss,,the plans for the event was discussed at a group meeting .,The plans for the event was discussed at a group meeting.,,324,,0,agreement,qian2023//40/psp;qian2023//40/sss,2,,,,"{""N1"": ""plans"", ""N1_number"": ""plural"", ""N2"": ""event"", ""N2_number"": ""singular"", ""context"": ""The %% {preposition} the %% {predicate} discussed at a group meeting."", ""predicate"": ""will be"", ""predicate_sg_pl"": ""was"", ""predicate_sg_pl_number"": ""singular"", ""preposition"": ""for""}"
qian2023,,40,psp,qian2023//40/psp,,the plans for the event were discussed at a group meeting .,The plans for the event were discussed at a group meeting.,,325,,1,agreement,qian2023//40/psp,1,,,,"{""N1"": ""plans"", ""N1_number"": ""plural"", ""N2"": ""event"", ""N2_number"": ""singular"", ""context"": ""The %% {preposition} the %% {predicate} discussed at a group meeting."", ""predicate"": ""will be"", ""predicate_sg_pl"": ""were"", ""predicate_sg_pl_number"": ""plural"", ""preposition"": ""for""}"
qian2023,,40,pps,qian2023//40/pps,,the plans for the events was discussed at a group meeting .,The plans for the events was discussed at a group meeting.,,326,,0,agreement,qian2023//40/ppp;qian2023//40/sps,2,,,,"{""N1"": ""plans"", ""N1_number"": ""plural"", ""N2"": ""events"", ""N2_number"": ""plural"", ""context"": ""The %% {preposition} the %% {predicate} discussed at a group meeting."", ""predicate"": ""will be"", ""predicate_sg_pl"": ""was"", ""predicate_sg_pl_number"": ""singular"", ""preposition"": ""for""}"
qian2023,,40,ppp,qian2023//40/ppp,,the plans for the events were discussed at a group meeting .,The plans for the events were discussed at a group meeting.,,327,,1,agreement,qian2023//40/ppp,1,,,,"{""N1"": ""plans"", ""N1_number"": ""plural"", ""N2"": ""events"", ""N2_number"": ""plural"", ""context"": ""The %% {preposition} the %% {predicate} discussed at a group meeting."", ""predicate"": ""will be"", ""predicate_sg_pl"": ""were"", ""predicate_sg_pl_number"": ""plural"", ""preposition"": ""for""}"
qian2023,,41,sss,qian2023//41/sss,,the wine on the table is from napa valley .,The wine on the table is from napa valley.,,328,,1,agreement,qian2023//41/sss,1,,,,"{""N1"": ""wine"", ""N1_number"": ""singular"", ""N2"": ""table"", ""N2_number"": ""singular"", ""context"": ""The %% {preposition} the %% {predicate} from Napa Valley."", ""predicate"": ""might be"", ""predicate_sg_pl"": ""is"", ""predicate_sg_pl_number"": ""singular"", ""preposition"": ""on""}"
qian2023,,41,ssp,qian2023//41/ssp,,the wine on the table are from napa valley .,The wine on the table are from napa valley.,,329,,0,agreement,qian2023//41/psp;qian2023//41/sss,2,,,,"{""N1"": ""wine"", ""N1_number"": ""singular"", ""N2"": ""table"", ""N2_number"": ""singular"", ""context"": ""The %% {preposition} the %% {predicate} from Napa Valley."", ""predicate"": ""might be"", ""predicate_sg_pl"": ""are"", ""predicate_sg_pl_number"": ""plural"", ""preposition"": ""on""}"
qian2023,,41,sps,qian2023//41/sps,,the wine on the tables is from napa valley .,The wine on the tables is from napa valley.,,330,,1,agreement,qian2023//41/sps,1,,,,"{""N1"": ""wine"", ""N1_number"": ""singular"", ""N2"": ""tables"", ""N2_number"": ""plural"", ""context"": ""The %% {preposition} the %% {predicate} from Napa Valley."", ""predicate"": ""might be"", ""predicate_sg_pl"": ""is"", ""predicate_sg_pl_number"": ""singular"", ""preposition"": ""on""}"
qian2023,,41,spp,qian2023//41/spp,,the wine on the tables are from napa valley .,The wine on the tables are from napa valley.,,331,,0,agreement,qian2023//41/ppp;qian2023//41/sps,2,,,,"{""N1"": ""wine"", ""N1_number"": ""singular"", ""N2"": ""tables"", ""N2_number"": ""plural"", ""context"": ""The %% {preposition} the %% {predicate} from Napa Valley."", ""predicate"": ""might be"", ""predicate_sg_pl"": ""are"", ""predicate_sg_pl_number"": ""plural"", ""preposition"": ""on""}"
qian2023,,41,pss,qian2023//41/pss,,the wines on the table is from napa valley .,The wines on the table is from napa valley.,,332,,0,agreement,qian2023//41/psp;qian2023//41/sss,2,,,,"{""N1"": ""wines"", ""N1_number"": ""plural"", ""N2"": ""table"", ""N2_number"": ""singular"", ""context"": ""The %% {preposition} the %% {predicate} from Napa Valley."", ""predicate"": ""might be"", ""predicate_sg_pl"": ""is"", ""predicate_sg_pl_number"": ""singular"", ""preposition"": ""on""}"
qian2023,,41,psp,qian2023//41/psp,,the wines on the table are from napa valley .,The wines on the table are from napa valley.,,333,,1,agreement,qian2023//41/psp,1,,,,"{""N1"": ""wines"", ""N1_number"": ""plural"", ""N2"": ""table"", ""N2_number"": ""singular"", ""context"": ""The %% {preposition} the %% {predicate} from Napa Valley."", ""predicate"": ""might be"", ""predicate_sg_pl"": ""are"", ""predicate_sg_pl_number"": ""plural"", ""preposition"": ""on""}"
qian2023,,41,pps,qian2023//41/pps,,the wines on the tables is from napa valley .,The wines on the tables is from napa valley.,,334,,0,agreement,qian2023//41/ppp;qian2023//41/sps,2,,,,"{""N1"": ""wines"", ""N1_number"": ""plural"", ""N2"": ""tables"", ""N2_number"": ""plural"", ""context"": ""The %% {preposition} the %% {predicate} from Napa Valley."", ""predicate"": ""might be"", ""predicate_sg_pl"": ""is"", ""predicate_sg_pl_number"": ""singular"", ""preposition"": ""on""}"
qian2023,,41,ppp,qian2023//41/ppp,,the wines on the tables are from napa valley .,The wines on the tables are from napa valley.,,335,,1,agreement,qian2023//41/ppp,1,,,,"{""N1"": ""wines"", ""N1_number"": ""plural"", ""N2"": ""tables"", ""N2_number"": ""plural"", ""context"": ""The %% {preposition} the %% {predicate} from Napa Valley."", ""predicate"": ""might be"", ""predicate_sg_pl"": ""are"", ""predicate_sg_pl_number"": ""plural"", ""preposition"": ""on""}"
qian2023,,42,sss,qian2023//42/sss,,the magazine on the shelf was moved to a different place .,The magazine on the shelf was moved to a different place.,,336,,1,agreement,qian2023//42/sss,1,,,,"{""N1"": ""magazine"", ""N1_number"": ""singular"", ""N2"": ""shelf"", ""N2_number"": ""singular"", ""context"": ""The %% {preposition} the %% {predicate} moved to a different place."", ""predicate"": ""will be"", ""predicate_sg_pl"": ""was"", ""predicate_sg_pl_number"": ""singular"", ""preposition"": ""on""}"
qian2023,,42,ssp,qian2023//42/ssp,,the magazine on the shelf were moved to a different place .,The magazine on the shelf were moved to a different place.,,337,,0,agreement,qian2023//42/psp;qian2023//42/sss,2,,,,"{""N1"": ""magazine"", ""N1_number"": ""singular"", ""N2"": ""shelf"", ""N2_number"": ""singular"", ""context"": ""The %% {preposition} the %% {predicate} moved to a different place."", ""predicate"": ""will be"", ""predicate_sg_pl"": ""were"", ""predicate_sg_pl_number"": ""plural"", ""preposition"": ""on""}"
qian2023,,42,sps,qian2023//42/sps,,the magazine on the shelves was moved to a different place .,The magazine on the shelves was moved to a different place.,,338,,1,agreement,qian2023//42/sps,1,,,,"{""N1"": ""magazine"", ""N1_number"": ""singular"", ""N2"": ""shelves"", ""N2_number"": ""plural"", ""context"": ""The %% {preposition} the %% {predicate} moved to a different place."", ""predicate"": ""will be"", ""predicate_sg_pl"": ""was"", ""predicate_sg_pl_number"": ""singular"", ""preposition"": ""on""}"
qian2023,,42,spp,qian2023//42/spp,,the magazine on the shelves were moved to a different place .,The magazine on the shelves were moved to a different place.,,339,,0,agreement,qian2023//42/ppp;qian2023//42/sps,2,,,,"{""N1"": ""magazine"", ""N1_number"": ""singular"", ""N2"": ""shelves"", ""N2_number"": ""plural"", ""context"": ""The %% {preposition} the %% {predicate} moved to a different place."", ""predicate"": ""will be"", ""predicate_sg_pl"": ""were"", ""predicate_sg_pl_number"": ""plural"", ""preposition"": ""on""}"
qian2023,,42,pss,qian2023//42/pss,,the magazines on the shelf was moved to a different place .,The magazines on the shelf was moved to a different place.,,340,,0,agreement,qian2023//42/psp;qian2023//42/sss,2,,,,"{""N1"": ""magazines"", ""N1_number"": ""plural"", ""N2"": ""shelf"", ""N2_number"": ""singular"", ""context"": ""The %% {preposition} the %% {predicate} moved to a different place."", ""predicate"": ""will be"", ""predicate_sg_pl"": ""was"", ""predicate_sg_pl_number"": ""singular"", ""preposition"": ""on""}"
qian2023,,42,psp,qian2023//42/psp,,the magazines on the shelf were moved to a different place .,The magazines on the shelf were moved to a different place.,,341,,1,agreement,qian2023//42/psp,1,,,,"{""N1"": ""magazines"", ""N1_number"": ""plural"", ""N2"": ""shelf"", ""N2_number"": ""singular"", ""context"": ""The %% {preposition} the %% {predicate} moved to a different place."", ""predicate"": ""will be"", ""predicate_sg_pl"": ""were"", ""predicate_sg_pl_number"": ""plural"", ""preposition"": ""on""}"
qian2023,,42,pps,qian2023//42/pps,,the magazines on the shelves was moved to a different place .,The magazines on the shelves was moved to a different place.,,342,,0,agreement,qian2023//42/ppp;qian2023//42/sps,2,,,,"{""N1"": ""magazines"", ""N1_number"": ""plural"", ""N2"": ""shelves"", ""N2_number"": ""plural"", ""context"": ""The %% {preposition} the %% {predicate} moved to a different place."", ""predicate"": ""will be"", ""predicate_sg_pl"": ""was"", ""predicate_sg_pl_number"": ""singular"", ""preposition"": ""on""}"
qian2023,,42,ppp,qian2023//42/ppp,,the magazines on the shelves were moved to a different place .,The magazines on the shelves were moved to a different place.,,343,,1,agreement,qian2023//42/ppp,1,,,,"{""N1"": ""magazines"", ""N1_number"": ""plural"", ""N2"": ""shelves"", ""N2_number"": ""plural"", ""context"": ""The %% {preposition} the %% {predicate} moved to a different place."", ""predicate"": ""will be"", ""predicate_sg_pl"": ""were"", ""predicate_sg_pl_number"": ""plural"", ""preposition"": ""on""}"
qian2023,,43,sss,qian2023//43/sss,,the pebble on the beach is up to 200 million years old .,The pebble on the beach is up to 200 million years old.,,344,,1,agreement,qian2023//43/sss,1,,,,"{""N1"": ""pebble"", ""N1_number"": ""singular"", ""N2"": ""beach"", ""N2_number"": ""singular"", ""context"": ""The %% {preposition} the %% {predicate} up to 200 million years old."", ""predicate"": ""could be"", ""predicate_sg_pl"": ""is"", ""predicate_sg_pl_number"": ""singular"", ""preposition"": ""on""}"
qian2023,,43,ssp,qian2023//43/ssp,,the pebble on the beach are up to 200 million years old .,The pebble on the beach are up to 200 million years old.,,345,,0,agreement,qian2023//43/psp;qian2023//43/sss,2,,,,"{""N1"": ""pebble"", ""N1_number"": ""singular"", ""N2"": ""beach"", ""N2_number"": ""singular"", ""context"": ""The %% {preposition} the %% {predicate} up to 200 million years old."", ""predicate"": ""could be"", ""predicate_sg_pl"": ""are"", ""predicate_sg_pl_number"": ""plural"", ""preposition"": ""on""}"
qian2023,,43,sps,qian2023//43/sps,,the pebble on the beaches is up to 200 million years old .,The pebble on the beaches is up to 200 million years old.,,346,,1,agreement,qian2023//43/sps,1,,,,"{""N1"": ""pebble"", ""N1_number"": ""singular"", ""N2"": ""beaches"", ""N2_number"": ""plural"", ""context"": ""The %% {preposition} the %% {predicate} up to 200 million years old."", ""predicate"": ""could be"", ""predicate_sg_pl"": ""is"", ""predicate_sg_pl_number"": ""singular"", ""preposition"": ""on""}"
qian2023,,43,spp,qian2023//43/spp,,the pebble on the beaches are up to 200 million years old .,The pebble on the beaches are up to 200 million years old.,,347,,0,agreement,qian2023//43/ppp;qian2023//43/sps,2,,,,"{""N1"": ""pebble"", ""N1_number"": ""singular"", ""N2"": ""beaches"", ""N2_number"": ""plural"", ""context"": ""The %% {preposition} the %% {predicate} up to 200 million years old."", ""predicate"": ""could be"", ""predicate_sg_pl"": ""are"", ""predicate_sg_pl_number"": ""plural"", ""preposition"": ""on""}"
qian2023,,43,pss,qian2023//43/pss,,the pebbles on the beach is up to 200 million years old .,The pebbles on the beach is up to 200 million years old.,,348,,0,agreement,qian2023//43/psp;qian2023//43/sss,2,,,,"{""N1"": ""pebbles"", ""N1_number"": ""plural"", ""N2"": ""beach"", ""N2_number"": ""singular"", ""context"": ""The %% {preposition} the %% {predicate} up to 200 million years old."", ""predicate"": ""could be"", ""predicate_sg_pl"": ""is"", ""predicate_sg_pl_number"": ""singular"", ""preposition"": ""on""}"
qian2023,,43,psp,qian2023//43/psp,,the pebbles on the beach are up to 200 million years old .,The pebbles on the beach are up to 200 million years old.,,349,,1,agreement,qian2023//43/psp,1,,,,"{""N1"": ""pebbles"", ""N1_number"": ""plural"", ""N2"": ""beach"", ""N2_number"": ""singular"", ""context"": ""The %% {preposition} the %% {predicate} up to 200 million years old."", ""predicate"": ""could be"", ""predicate_sg_pl"": ""are"", ""predicate_sg_pl_number"": ""plural"", ""preposition"": ""on""}"
qian2023,,43,pps,qian2023//43/pps,,the pebbles on the beaches is up to 200 million years old .,The pebbles on the beaches is up to 200 million years old.,,350,,0,agreement,qian2023//43/ppp;qian2023//43/sps,2,,,,"{""N1"": ""pebbles"", ""N1_number"": ""plural"", ""N2"": ""beaches"", ""N2_number"": ""plural"", ""context"": ""The %% {preposition} the %% {predicate} up to 200 million years old."", ""predicate"": ""could be"", ""predicate_sg_pl"": ""is"", ""predicate_sg_pl_number"": ""singular"", ""preposition"": ""on""}"
qian2023,,43,ppp,qian2023//43/ppp,,the pebbles on the beaches are up to 200 million years old .,The pebbles on the beaches are up to 200 million years old.,,351,,1,agreement,qian2023//43/ppp,1,,,,"{""N1"": ""pebbles"", ""N1_number"": ""plural"", ""N2"": ""beaches"", ""N2_number"": ""plural"", ""context"": ""The %% {preposition} the %% {predicate} up to 200 million years old."", ""predicate"": ""could be"", ""predicate_sg_pl"": ""are"", ""predicate_sg_pl_number"": ""plural"", ""preposition"": ""on""}"
qian2023,,44,sss,qian2023//44/sss,,the label on the box is positioned properly before shipping .,The label on the box is positioned properly before shipping.,,352,,1,agreement,qian2023//44/sss,1,,,,"{""N1"": ""label"", ""N1_number"": ""singular"", ""N2"": ""box"", ""N2_number"": ""singular"", ""context"": ""The %% {preposition} the %% {predicate} positioned properly before shipping."", ""predicate"": ""should be"", ""predicate_sg_pl"": ""is"", ""predicate_sg_pl_number"": ""singular"", ""preposition"": ""on""}"
qian2023,,44,ssp,qian2023//44/ssp,,the label on the box are positioned properly before shipping .,The label on the box are positioned properly before shipping.,,353,,0,agreement,qian2023//44/psp;qian2023//44/sss,2,,,,"{""N1"": ""label"", ""N1_number"": ""singular"", ""N2"": ""box"", ""N2_number"": ""singular"", ""context"": ""The %% {preposition} the %% {predicate} positioned properly before shipping."", ""predicate"": ""should be"", ""predicate_sg_pl"": ""are"", ""predicate_sg_pl_number"": ""plural"", ""preposition"": ""on""}"
qian2023,,44,sps,qian2023//44/sps,,the label on the boxes is positioned properly before shipping .,The label on the boxes is positioned properly before shipping.,,354,,1,agreement,qian2023//44/sps,1,,,,"{""N1"": ""label"", ""N1_number"": ""singular"", ""N2"": ""boxes"", ""N2_number"": ""plural"", ""context"": ""The %% {preposition} the %% {predicate} positioned properly before shipping."", ""predicate"": ""should be"", ""predicate_sg_pl"": ""is"", ""predicate_sg_pl_number"": ""singular"", ""preposition"": ""on""}"
qian2023,,44,spp,qian2023//44/spp,,the label on the boxes are positioned properly before shipping .,The label on the boxes are positioned properly before shipping.,,355,,0,agreement,qian2023//44/ppp;qian2023//44/sps,2,,,,"{""N1"": ""label"", ""N1_number"": ""singular"", ""N2"": ""boxes"", ""N2_number"": ""plural"", ""context"": ""The %% {preposition} the %% {predicate} positioned properly before shipping."", ""predicate"": ""should be"", ""predicate_sg_pl"": ""are"", ""predicate_sg_pl_number"": ""plural"", ""preposition"": ""on""}"
qian2023,,44,pss,qian2023//44/pss,,the labels on the box is positioned properly before shipping .,The labels on the box is positioned properly before shipping.,,356,,0,agreement,qian2023//44/psp;qian2023//44/sss,2,,,,"{""N1"": ""labels"", ""N1_number"": ""plural"", ""N2"": ""box"", ""N2_number"": ""singular"", ""context"": ""The %% {preposition} the %% {predicate} positioned properly before shipping."", ""predicate"": ""should be"", ""predicate_sg_pl"": ""is"", ""predicate_sg_pl_number"": ""singular"", ""preposition"": ""on""}"
qian2023,,44,psp,qian2023//44/psp,,the labels on the box are positioned properly before shipping .,The labels on the box are positioned properly before shipping.,,357,,1,agreement,qian2023//44/psp,1,,,,"{""N1"": ""labels"", ""N1_number"": ""plural"", ""N2"": ""box"", ""N2_number"": ""singular"", ""context"": ""The %% {preposition} the %% {predicate} positioned properly before shipping."", ""predicate"": ""should be"", ""predicate_sg_pl"": ""are"", ""predicate_sg_pl_number"": ""plural"", ""preposition"": ""on""}"
qian2023,,44,pps,qian2023//44/pps,,the labels on the boxes is positioned properly before shipping .,The labels on the boxes is positioned properly before shipping.,,358,,0,agreement,qian2023//44/ppp;qian2023//44/sps,2,,,,"{""N1"": ""labels"", ""N1_number"": ""plural"", ""N2"": ""boxes"", ""N2_number"": ""plural"", ""context"": ""The %% {preposition} the %% {predicate} positioned properly before shipping."", ""predicate"": ""should be"", ""predicate_sg_pl"": ""is"", ""predicate_sg_pl_number"": ""singular"", ""preposition"": ""on""}"
qian2023,,44,ppp,qian2023//44/ppp,,the labels on the boxes are positioned properly before shipping .,The labels on the boxes are positioned properly before shipping.,,359,,1,agreement,qian2023//44/ppp,1,,,,"{""N1"": ""labels"", ""N1_number"": ""plural"", ""N2"": ""boxes"", ""N2_number"": ""plural"", ""context"": ""The %% {preposition} the %% {predicate} positioned properly before shipping."", ""predicate"": ""should be"", ""predicate_sg_pl"": ""are"", ""predicate_sg_pl_number"": ""plural"", ""preposition"": ""on""}"
qian2023,,45,sss,qian2023//45/sss,,the painting on the wall was taken down during the renovation .,The painting on the wall was taken down during the renovation.,,360,,1,agreement,qian2023//45/sss,1,,,,"{""N1"": ""painting"", ""N1_number"": ""singular"", ""N2"": ""wall"", ""N2_number"": ""singular"", ""context"": ""The %% {preposition} the %% {predicate} taken down during the renovation."", ""predicate"": ""will be"", ""predicate_sg_pl"": ""was"", ""predicate_sg_pl_number"": ""singular"", ""preposition"": ""on""}"
qian2023,,45,ssp,qian2023//45/ssp,,the painting on the wall were taken down during the renovation .,The painting on the wall were taken down during the renovation.,,361,,0,agreement,qian2023//45/psp;qian2023//45/sss,2,,,,"{""N1"": ""painting"", ""N1_number"": ""singular"", ""N2"": ""wall"", ""N2_number"": ""singular"", ""context"": ""The %% {preposition} the %% {predicate} taken down during the renovation."", ""predicate"": ""will be"", ""predicate_sg_pl"": ""were"", ""predicate_sg_pl_number"": ""plural"", ""preposition"": ""on""}"
qian2023,,45,sps,qian2023//45/sps,,the painting on the walls was taken down during the renovation .,The painting on the walls was taken down during the renovation.,,362,,1,agreement,qian2023//45/sps,1,,,,"{""N1"": ""painting"", ""N1_number"": ""singular"", ""N2"": ""walls"", ""N2_number"": ""plural"", ""context"": ""The %% {preposition} the %% {predicate} taken down during the renovation."", ""predicate"": ""will be"", ""predicate_sg_pl"": ""was"", ""predicate_sg_pl_number"": ""singular"", ""preposition"": ""on""}"
qian2023,,45,spp,qian2023//45/spp,,the painting on the walls were taken down during the renovation .,The painting on the walls were taken down during the renovation.,,363,,0,agreement,qian2023//45/ppp;qian2023//45/sps,2,,,,"{""N1"": ""painting"", ""N1_number"": ""singular"", ""N2"": ""walls"", ""N2_number"": ""plural"", ""context"": ""The %% {preposition} the %% {predicate} taken down during the renovation."", ""predicate"": ""will be"", ""predicate_sg_pl"": ""were"", ""predicate_sg_pl_number"": ""plural"", ""preposition"": ""on""}"
qian2023,,45,pss,qian2023//45/pss,,the paintings on the wall was taken down during the renovation .,The paintings on the wall was taken down during the renovation.,,364,,0,agreement,qian2023//45/psp;qian2023//45/sss,2,,,,"{""N1"": ""paintings"", ""N1_number"": ""plural"", ""N2"": ""wall"", ""N2_number"": ""singular"", ""context"": ""The %% {preposition} the %% {predicate} taken down during the renovation."", ""predicate"": ""will be"", ""predicate_sg_pl"": ""was"", ""predicate_sg_pl_number"": ""singular"", ""preposition"": ""on""}"
qian2023,,45,psp,qian2023//45/psp,,the paintings on the wall were taken down during the renovation .,The paintings on the wall were taken down during the renovation.,,365,,1,agreement,qian2023//45/psp,1,,,,"{""N1"": ""paintings"", ""N1_number"": ""plural"", ""N2"": ""wall"", ""N2_number"": ""singular"", ""context"": ""The %% {preposition} the %% {predicate} taken down during the renovation."", ""predicate"": ""will be"", ""predicate_sg_pl"": ""were"", ""predicate_sg_pl_number"": ""plural"", ""preposition"": ""on""}"
qian2023,,45,pps,qian2023//45/pps,,the paintings on the walls was taken down during the renovation .,The paintings on the walls was taken down during the renovation.,,366,,0,agreement,qian2023//45/ppp;qian2023//45/sps,2,,,,"{""N1"": ""paintings"", ""N1_number"": ""plural"", ""N2"": ""walls"", ""N2_number"": ""plural"", ""context"": ""The %% {preposition} the %% {predicate} taken down during the renovation."", ""predicate"": ""will be"", ""predicate_sg_pl"": ""was"", ""predicate_sg_pl_number"": ""singular"", ""preposition"": ""on""}"
qian2023,,45,ppp,qian2023//45/ppp,,the paintings on the walls were taken down during the renovation .,The paintings on the walls were taken down during the renovation.,,367,,1,agreement,qian2023//45/ppp,1,,,,"{""N1"": ""paintings"", ""N1_number"": ""plural"", ""N2"": ""walls"", ""N2_number"": ""plural"", ""context"": ""The %% {preposition} the %% {predicate} taken down during the renovation."", ""predicate"": ""will be"", ""predicate_sg_pl"": ""were"", ""predicate_sg_pl_number"": ""plural"", ""preposition"": ""on""}"
qian2023,,46,sss,qian2023//46/sss,,the slogan on the poster is printed in larger font .,The slogan on the poster is printed in larger font.,,368,,1,agreement,qian2023//46/sss,1,,,,"{""N1"": ""slogan"", ""N1_number"": ""singular"", ""N2"": ""poster"", ""N2_number"": ""singular"", ""context"": ""The %% {preposition} the %% {predicate} printed in larger font."", ""predicate"": ""should be"", ""predicate_sg_pl"": ""is"", ""predicate_sg_pl_number"": ""singular"", ""preposition"": ""on""}"
qian2023,,46,ssp,qian2023//46/ssp,,the slogan on the poster are printed in larger font .,The slogan on the poster are printed in larger font.,,369,,0,agreement,qian2023//46/psp;qian2023//46/sss,2,,,,"{""N1"": ""slogan"", ""N1_number"": ""singular"", ""N2"": ""poster"", ""N2_number"": ""singular"", ""context"": ""The %% {preposition} the %% {predicate} printed in larger font."", ""predicate"": ""should be"", ""predicate_sg_pl"": ""are"", ""predicate_sg_pl_number"": ""plural"", ""preposition"": ""on""}"
qian2023,,46,sps,qian2023//46/sps,,the slogan on the posters is printed in larger font .,The slogan on the posters is printed in larger font.,,370,,1,agreement,qian2023//46/sps,1,,,,"{""N1"": ""slogan"", ""N1_number"": ""singular"", ""N2"": ""posters"", ""N2_number"": ""plural"", ""context"": ""The %% {preposition} the %% {predicate} printed in larger font."", ""predicate"": ""should be"", ""predicate_sg_pl"": ""is"", ""predicate_sg_pl_number"": ""singular"", ""preposition"": ""on""}"
qian2023,,46,spp,qian2023//46/spp,,the slogan on the posters are printed in larger font .,The slogan on the posters are printed in larger font.,,371,,0,agreement,qian2023//46/ppp;qian2023//46/sps,2,,,,"{""N1"": ""slogan"", ""N1_number"": ""singular"", ""N2"": ""posters"", ""N2_number"": ""plural"", ""context"": ""The %% {preposition} the %% {predicate} printed in larger font."", ""predicate"": ""should be"", ""predicate_sg_pl"": ""are"", ""predicate_sg_pl_number"": ""plural"", ""preposition"": ""on""}"
qian2023,,46,pss,qian2023//46/pss,,the slogans on the poster is printed in larger font .,The slogans on the poster is printed in larger font.,,372,,0,agreement,qian2023//46/psp;qian2023//46/sss,2,,,,"{""N1"": ""slogans"", ""N1_number"": ""plural"", ""N2"": ""poster"", ""N2_number"": ""singular"", ""context"": ""The %% {preposition} the %% {predicate} printed in larger font."", ""predicate"": ""should be"", ""predicate_sg_pl"": ""is"", ""predicate_sg_pl_number"": ""singular"", ""preposition"": ""on""}"
qian2023,,46,psp,qian2023//46/psp,,the slogans on the poster are printed in larger font .,The slogans on the poster are printed in larger font.,,373,,1,agreement,qian2023//46/psp,1,,,,"{""N1"": ""slogans"", ""N1_number"": ""plural"", ""N2"": ""poster"", ""N2_number"": ""singular"", ""context"": ""The %% {preposition} the %% {predicate} printed in larger font."", ""predicate"": ""should be"", ""predicate_sg_pl"": ""are"", ""predicate_sg_pl_number"": ""plural"", ""preposition"": ""on""}"
qian2023,,46,pps,qian2023//46/pps,,the slogans on the posters is printed in larger font .,The slogans on the posters is printed in larger font.,,374,,0,agreement,qian2023//46/ppp;qian2023//46/sps,2,,,,"{""N1"": ""slogans"", ""N1_number"": ""plural"", ""N2"": ""posters"", ""N2_number"": ""plural"", ""context"": ""The %% {preposition} the %% {predicate} printed in larger font."", ""predicate"": ""should be"", ""predicate_sg_pl"": ""is"", ""predicate_sg_pl_number"": ""singular"", ""preposition"": ""on""}"
qian2023,,46,ppp,qian2023//46/ppp,,the slogans on the posters are printed in larger font .,The slogans on the posters are printed in larger font.,,375,,1,agreement,qian2023//46/ppp,1,,,,"{""N1"": ""slogans"", ""N1_number"": ""plural"", ""N2"": ""posters"", ""N2_number"": ""plural"", ""context"": ""The %% {preposition} the %% {predicate} printed in larger font."", ""predicate"": ""should be"", ""predicate_sg_pl"": ""are"", ""predicate_sg_pl_number"": ""plural"", ""preposition"": ""on""}"
qian2023,,47,sss,qian2023//47/sss,,the debate with the lawyer is broadcast live on the radio .,The debate with the lawyer is broadcast live on the radio.,,376,,1,agreement,qian2023//47/sss,1,,,,"{""N1"": ""debate"", ""N1_number"": ""singular"", ""N2"": ""lawyer"", ""N2_number"": ""singular"", ""context"": ""The %% {preposition} the %% {predicate} broadcast live on the radio."", ""predicate"": ""will be"", ""predicate_sg_pl"": ""is"", ""predicate_sg_pl_number"": ""singular"", ""preposition"": ""with""}"
qian2023,,47,ssp,qian2023//47/ssp,,the debate with the lawyer are broadcast live on the radio .,The debate with the lawyer are broadcast live on the radio.,,377,,0,agreement,qian2023//47/psp;qian2023//47/sss,2,,,,"{""N1"": ""debate"", ""N1_number"": ""singular"", ""N2"": ""lawyer"", ""N2_number"": ""singular"", ""context"": ""The %% {preposition} the %% {predicate} broadcast live on the radio."", ""predicate"": ""will be"", ""predicate_sg_pl"": ""are"", ""predicate_sg_pl_number"": ""plural"", ""preposition"": ""with""}"
qian2023,,47,sps,qian2023//47/sps,,the debate with the lawyers is broadcast live on the radio .,The debate with the lawyers is broadcast live on the radio.,,378,,1,agreement,qian2023//47/sps,1,,,,"{""N1"": ""debate"", ""N1_number"": ""singular"", ""N2"": ""lawyers"", ""N2_number"": ""plural"", ""context"": ""The %% {preposition} the %% {predicate} broadcast live on the radio."", ""predicate"": ""will be"", ""predicate_sg_pl"": ""is"", ""predicate_sg_pl_number"": ""singular"", ""preposition"": ""with""}"
qian2023,,47,spp,qian2023//47/spp,,the debate with the lawyers are broadcast live on the radio .,The debate with the lawyers are broadcast live on the radio.,,379,,0,agreement,qian2023//47/ppp;qian2023//47/sps,2,,,,"{""N1"": ""debate"", ""N1_number"": ""singular"", ""N2"": ""lawyers"", ""N2_number"": ""plural"", ""context"": ""The %% {preposition} the %% {predicate} broadcast live on the radio."", ""predicate"": ""will be"", ""predicate_sg_pl"": ""are"", ""predicate_sg_pl_number"": ""plural"", ""preposition"": ""with""}"
qian2023,,47,pss,qian2023//47/pss,,the debates with the lawyer is broadcast live on the radio .,The debates with the lawyer is broadcast live on the radio.,,380,,0,agreement,qian2023//47/psp;qian2023//47/sss,2,,,,"{""N1"": ""debates"", ""N1_number"": ""plural"", ""N2"": ""lawyer"", ""N2_number"": ""singular"", ""context"": ""The %% {preposition} the %% {predicate} broadcast live on the radio."", ""predicate"": ""will be"", ""predicate_sg_pl"": ""is"", ""predicate_sg_pl_number"": ""singular"", ""preposition"": ""with""}"
qian2023,,47,psp,qian2023//47/psp,,the debates with the lawyer are broadcast live on the radio .,The debates with the lawyer are broadcast live on the radio.,,381,,1,agreement,qian2023//47/psp,1,,,,"{""N1"": ""debates"", ""N1_number"": ""plural"", ""N2"": ""lawyer"", ""N2_number"": ""singular"", ""context"": ""The %% {preposition} the %% {predicate} broadcast live on the radio."", ""predicate"": ""will be"", ""predicate_sg_pl"": ""are"", ""predicate_sg_pl_number"": ""plural"", ""preposition"": ""with""}"
qian2023,,47,pps,qian2023//47/pps,,the debates with the lawyers is broadcast live on the radio .,The debates with the lawyers is broadcast live on the radio.,,382,,0,agreement,qian2023//47/ppp;qian2023//47/sps,2,,,,"{""N1"": ""debates"", ""N1_number"": ""plural"", ""N2"": ""lawyers"", ""N2_number"": ""plural"", ""context"": ""The %% {preposition} the %% {predicate} broadcast live on the radio."", ""predicate"": ""will be"", ""predicate_sg_pl"": ""is"", ""predicate_sg_pl_number"": ""singular"", ""preposition"": ""with""}"
qian2023,,47,ppp,qian2023//47/ppp,,the debates with the lawyers are broadcast live on the radio .,The debates with the lawyers are broadcast live on the radio.,,383,,1,agreement,qian2023//47/ppp,1,,,,"{""N1"": ""debates"", ""N1_number"": ""plural"", ""N2"": ""lawyers"", ""N2_number"": ""plural"", ""context"": ""The %% {preposition} the %% {predicate} broadcast live on the radio."", ""predicate"": ""will be"", ""predicate_sg_pl"": ""are"", ""predicate_sg_pl_number"": ""plural"", ""preposition"": ""with""}"
qian2023,,48,sss,qian2023//48/sss,,the contract with the company has been examined carefully by a legal consultant .,The contract with the company has been examined carefully by a legal consultant.,,384,,1,agreement,qian2023//48/sss,1,,,,"{""N1"": ""contract"", ""N1_number"": ""singular"", ""N2"": ""company"", ""N2_number"": ""singular"", ""context"": ""The %% {preposition} the %% {predicate} examined carefully by a legal consultant."", ""predicate"": ""must be"", ""predicate_sg_pl"": ""has been"", ""predicate_sg_pl_number"": ""singular"", ""preposition"": ""with""}"
qian2023,,48,ssp,qian2023//48/ssp,,the contract with the company have been examined carefully by a legal consultant .,The contract with the company have been examined carefully by a legal consultant.,,385,,0,agreement,qian2023//48/psp;qian2023//48/sss,2,,,,"{""N1"": ""contract"", ""N1_number"": ""singular"", ""N2"": ""company"", ""N2_number"": ""singular"", ""context"": ""The %% {preposition} the %% {predicate} examined carefully by a legal consultant."", ""predicate"": ""must be"", ""predicate_sg_pl"": ""have been"", ""predicate_sg_pl_number"": ""plural"", ""preposition"": ""with""}"
qian2023,,48,sps,qian2023//48/sps,,the contract with the companies has been examined carefully by a legal consultant .,The contract with the companies has been examined carefully by a legal consultant.,,386,,1,agreement,qian2023//48/sps,1,,,,"{""N1"": ""contract"", ""N1_number"": ""singular"", ""N2"": ""companies"", ""N2_number"": ""plural"", ""context"": ""The %% {preposition} the %% {predicate} examined carefully by a legal consultant."", ""predicate"": ""must be"", ""predicate_sg_pl"": ""has been"", ""predicate_sg_pl_number"": ""singular"", ""preposition"": ""with""}"
qian2023,,48,spp,qian2023//48/spp,,the contract with the companies have been examined carefully by a legal consultant .,The contract with the companies have been examined carefully by a legal consultant.,,387,,0,agreement,qian2023//48/ppp;qian2023//48/sps,2,,,,"{""N1"": ""contract"", ""N1_number"": ""singular"", ""N2"": ""companies"", ""N2_number"": ""plural"", ""context"": ""The %% {preposition} the %% {predicate} examined carefully by a legal consultant."", ""predicate"": ""must be"", ""predicate_sg_pl"": ""have been"", ""predicate_sg_pl_number"": ""plural"", ""preposition"": ""with""}"
qian2023,,48,pss,qian2023//48/pss,,the contracts with the company has been examined carefully by a legal consultant .,The contracts with the company has been examined carefully by a legal consultant.,,388,,0,agreement,qian2023//48/psp;qian2023//48/sss,2,,,,"{""N1"": ""contracts"", ""N1_number"": ""plural"", ""N2"": ""company"", ""N2_number"": ""singular"", ""context"": ""The %% {preposition} the %% {predicate} examined carefully by a legal consultant."", ""predicate"": ""must be"", ""predicate_sg_pl"": ""has been"", ""predicate_sg_pl_number"": ""singular"", ""preposition"": ""with""}"
qian2023,,48,psp,qian2023//48/psp,,the contracts with the company have been examined carefully by a legal consultant .,The contracts with the company have been examined carefully by a legal consultant.,,389,,1,agreement,qian2023//48/psp,1,,,,"{""N1"": ""contracts"", ""N1_number"": ""plural"", ""N2"": ""company"", ""N2_number"": ""singular"", ""context"": ""The %% {preposition} the %% {predicate} examined carefully by a legal consultant."", ""predicate"": ""must be"", ""predicate_sg_pl"": ""have been"", ""predicate_sg_pl_number"": ""plural"", ""preposition"": ""with""}"
qian2023,,48,pps,qian2023//48/pps,,the contracts with the companies has been examined carefully by a legal consultant .,The contracts with the companies has been examined carefully by a legal consultant.,,390,,0,agreement,qian2023//48/ppp;qian2023//48/sps,2,,,,"{""N1"": ""contracts"", ""N1_number"": ""plural"", ""N2"": ""companies"", ""N2_number"": ""plural"", ""context"": ""The %% {preposition} the %% {predicate} examined carefully by a legal consultant."", ""predicate"": ""must be"", ""predicate_sg_pl"": ""has been"", ""predicate_sg_pl_number"": ""singular"", ""preposition"": ""with""}"
qian2023,,48,ppp,qian2023//48/ppp,,the contracts with the companies have been examined carefully by a legal consultant .,The contracts with the companies have been examined carefully by a legal consultant.,,391,,1,agreement,qian2023//48/ppp,1,,,,"{""N1"": ""contracts"", ""N1_number"": ""plural"", ""N2"": ""companies"", ""N2_number"": ""plural"", ""context"": ""The %% {preposition} the %% {predicate} examined carefully by a legal consultant."", ""predicate"": ""must be"", ""predicate_sg_pl"": ""have been"", ""predicate_sg_pl_number"": ""plural"", ""preposition"": ""with""}"
qian2023,,49,sss,qian2023//49/sss,,the project with the team has been very successful .,The project with the team has been very successful.,,392,,1,agreement,qian2023//49/sss,1,,,,"{""N1"": ""project"", ""N1_number"": ""singular"", ""N2"": ""team"", ""N2_number"": ""singular"", ""context"": ""The %% {preposition} the %% {predicate} very successful."", ""predicate"": ""will be"", ""predicate_sg_pl"": ""has been"", ""predicate_sg_pl_number"": ""singular"", ""preposition"": ""with""}"
qian2023,,49,ssp,qian2023//49/ssp,,the project with the team have been very successful .,The project with the team have been very successful.,,393,,0,agreement,qian2023//49/psp;qian2023//49/sss,2,,,,"{""N1"": ""project"", ""N1_number"": ""singular"", ""N2"": ""team"", ""N2_number"": ""singular"", ""context"": ""The %% {preposition} the %% {predicate} very successful."", ""predicate"": ""will be"", ""predicate_sg_pl"": ""have been"", ""predicate_sg_pl_number"": ""plural"", ""preposition"": ""with""}"
qian2023,,49,sps,qian2023//49/sps,,the project with the teams has been very successful .,The project with the teams has been very successful.,,394,,1,agreement,qian2023//49/sps,1,,,,"{""N1"": ""project"", ""N1_number"": ""singular"", ""N2"": ""teams"", ""N2_number"": ""plural"", ""context"": ""The %% {preposition} the %% {predicate} very successful."", ""predicate"": ""will be"", ""predicate_sg_pl"": ""has been"", ""predicate_sg_pl_number"": ""singular"", ""preposition"": ""with""}"
qian2023,,49,spp,qian2023//49/spp,,the project with the teams have been very successful .,The project with the teams have been very successful.,,395,,0,agreement,qian2023//49/ppp;qian2023//49/sps,2,,,,"{""N1"": ""project"", ""N1_number"": ""singular"", ""N2"": ""teams"", ""N2_number"": ""plural"", ""context"": ""The %% {preposition} the %% {predicate} very successful."", ""predicate"": ""will be"", ""predicate_sg_pl"": ""have been"", ""predicate_sg_pl_number"": ""plural"", ""preposition"": ""with""}"
qian2023,,49,pss,qian2023//49/pss,,the projects with the team has been very successful .,The projects with the team has been very successful.,,396,,0,agreement,qian2023//49/psp;qian2023//49/sss,2,,,,"{""N1"": ""projects"", ""N1_number"": ""plural"", ""N2"": ""team"", ""N2_number"": ""singular"", ""context"": ""The %% {preposition} the %% {predicate} very successful."", ""predicate"": ""will be"", ""predicate_sg_pl"": ""has been"", ""predicate_sg_pl_number"": ""singular"", ""preposition"": ""with""}"
qian2023,,49,psp,qian2023//49/psp,,the projects with the team have been very successful .,The projects with the team have been very successful.,,397,,1,agreement,qian2023//49/psp,1,,,,"{""N1"": ""projects"", ""N1_number"": ""plural"", ""N2"": ""team"", ""N2_number"": ""singular"", ""context"": ""The %% {preposition} the %% {predicate} very successful."", ""predicate"": ""will be"", ""predicate_sg_pl"": ""have been"", ""predicate_sg_pl_number"": ""plural"", ""preposition"": ""with""}"
qian2023,,49,pps,qian2023//49/pps,,the projects with the teams has been very successful .,The projects with the teams has been very successful.,,398,,0,agreement,qian2023//49/ppp;qian2023//49/sps,2,,,,"{""N1"": ""projects"", ""N1_number"": ""plural"", ""N2"": ""teams"", ""N2_number"": ""plural"", ""context"": ""The %% {preposition} the %% {predicate} very successful."", ""predicate"": ""will be"", ""predicate_sg_pl"": ""has been"", ""predicate_sg_pl_number"": ""singular"", ""preposition"": ""with""}"
qian2023,,49,ppp,qian2023//49/ppp,,the projects with the teams have been very successful .,The projects with the teams have been very successful.,,399,,1,agreement,qian2023//49/ppp,1,,,,"{""N1"": ""projects"", ""N1_number"": ""plural"", ""N2"": ""teams"", ""N2_number"": ""plural"", ""context"": ""The %% {preposition} the %% {predicate} very successful."", ""predicate"": ""will be"", ""predicate_sg_pl"": ""have been"", ""predicate_sg_pl_number"": ""plural"", ""preposition"": ""with""}"
qian2023,,50,sss,qian2023//50/sss,,the rehearsal with the band is rescheduled .,The rehearsal with the band is rescheduled.,,400,,1,agreement,qian2023//50/sss,1,,,,"{""N1"": ""rehearsal"", ""N1_number"": ""singular"", ""N2"": ""band"", ""N2_number"": ""singular"", ""context"": ""The %% {preposition} the %% {predicate} rescheduled."", ""predicate"": ""will be"", ""predicate_sg_pl"": ""is"", ""predicate_sg_pl_number"": ""singular"", ""preposition"": ""with""}"
qian2023,,50,ssp,qian2023//50/ssp,,the rehearsal with the band are rescheduled .,The rehearsal with the band are rescheduled.,,401,,0,agreement,qian2023//50/psp;qian2023//50/sss,2,,,,"{""N1"": ""rehearsal"", ""N1_number"": ""singular"", ""N2"": ""band"", ""N2_number"": ""singular"", ""context"": ""The %% {preposition} the %% {predicate} rescheduled."", ""predicate"": ""will be"", ""predicate_sg_pl"": ""are"", ""predicate_sg_pl_number"": ""plural"", ""preposition"": ""with""}"
qian2023,,50,sps,qian2023//50/sps,,the rehearsal with the bands is rescheduled .,The rehearsal with the bands is rescheduled.,,402,,1,agreement,qian2023//50/sps,1,,,,"{""N1"": ""rehearsal"", ""N1_number"": ""singular"", ""N2"": ""bands"", ""N2_number"": ""plural"", ""context"": ""The %% {preposition} the %% {predicate} rescheduled."", ""predicate"": ""will be"", ""predicate_sg_pl"": ""is"", ""predicate_sg_pl_number"": ""singular"", ""preposition"": ""with""}"
qian2023,,50,spp,qian2023//50/spp,,the rehearsal with the bands are rescheduled .,The rehearsal with the bands are rescheduled.,,403,,0,agreement,qian2023//50/ppp;qian2023//50/sps,2,,,,"{""N1"": ""rehearsal"", ""N1_number"": ""singular"", ""N2"": ""bands"", ""N2_number"": ""plural"", ""context"": ""The %% {preposition} the %% {predicate} rescheduled."", ""predicate"": ""will be"", ""predicate_sg_pl"": ""are"", ""predicate_sg_pl_number"": ""plural"", ""preposition"": ""with""}"
qian2023,,50,pss,qian2023//50/pss,,the rehearsals with the band is rescheduled .,The rehearsals with the band is rescheduled.,,404,,0,agreement,qian2023//50/psp;qian2023//50/sss,2,,,,"{""N1"": ""rehearsals"", ""N1_number"": ""plural"", ""N2"": ""band"", ""N2_number"": ""singular"", ""context"": ""The %% {preposition} the %% {predicate} rescheduled."", ""predicate"": ""will be"", ""predicate_sg_pl"": ""is"", ""predicate_sg_pl_number"": ""singular"", ""preposition"": ""with""}"
qian2023,,50,psp,qian2023//50/psp,,the rehearsals with the band are rescheduled .,The rehearsals with the band are rescheduled.,,405,,1,agreement,qian2023//50/psp,1,,,,"{""N1"": ""rehearsals"", ""N1_number"": ""plural"", ""N2"": ""band"", ""N2_number"": ""singular"", ""context"": ""The %% {preposition} the %% {predicate} rescheduled."", ""predicate"": ""will be"", ""predicate_sg_pl"": ""are"", ""predicate_sg_pl_number"": ""plural"", ""preposition"": ""with""}"
qian2023,,50,pps,qian2023//50/pps,,the rehearsals with the bands is rescheduled .,The rehearsals with the bands is rescheduled.,,406,,0,agreement,qian2023//50/ppp;qian2023//50/sps,2,,,,"{""N1"": ""rehearsals"", ""N1_number"": ""plural"", ""N2"": ""bands"", ""N2_number"": ""plural"", ""context"": ""The %% {preposition} the %% {predicate} rescheduled."", ""predicate"": ""will be"", ""predicate_sg_pl"": ""is"", ""predicate_sg_pl_number"": ""singular"", ""preposition"": ""with""}"
qian2023,,50,ppp,qian2023//50/ppp,,the rehearsals with the bands are rescheduled .,The rehearsals with the bands are rescheduled.,,407,,1,agreement,qian2023//50/ppp,1,,,,"{""N1"": ""rehearsals"", ""N1_number"": ""plural"", ""N2"": ""bands"", ""N2_number"": ""plural"", ""context"": ""The %% {preposition} the %% {predicate} rescheduled."", ""predicate"": ""will be"", ""predicate_sg_pl"": ""are"", ""predicate_sg_pl_number"": ""plural"", ""preposition"": ""with""}"
qian2023,,51,sss,qian2023//51/sss,,the lawsuit against the company was resolved in court .,The lawsuit against the company was resolved in court.,,408,,1,agreement,qian2023//51/sss,1,,,,"{""N1"": ""lawsuit"", ""N1_number"": ""singular"", ""N2"": ""company"", ""N2_number"": ""singular"", ""context"": ""The %% {preposition} the %% {predicate} resolved in court."", ""predicate"": ""will be"", ""predicate_sg_pl"": ""was"", ""predicate_sg_pl_number"": ""singular"", ""preposition"": ""against""}"
qian2023,,51,ssp,qian2023//51/ssp,,the lawsuit against the company were resolved in court .,The lawsuit against the company were resolved in court.,,409,,0,agreement,qian2023//51/psp;qian2023//51/sss,2,,,,"{""N1"": ""lawsuit"", ""N1_number"": ""singular"", ""N2"": ""company"", ""N2_number"": ""singular"", ""context"": ""The %% {preposition} the %% {predicate} resolved in court."", ""predicate"": ""will be"", ""predicate_sg_pl"": ""were"", ""predicate_sg_pl_number"": ""plural"", ""preposition"": ""against""}"
qian2023,,51,sps,qian2023//51/sps,,the lawsuit against the companies was resolved in court .,The lawsuit against the companies was resolved in court.,,410,,1,agreement,qian2023//51/sps,1,,,,"{""N1"": ""lawsuit"", ""N1_number"": ""singular"", ""N2"": ""companies"", ""N2_number"": ""plural"", ""context"": ""The %% {preposition} the %% {predicate} resolved in court."", ""predicate"": ""will be"", ""predicate_sg_pl"": ""was"", ""predicate_sg_pl_number"": ""singular"", ""preposition"": ""against""}"
qian2023,,51,spp,qian2023//51/spp,,the lawsuit against the companies were resolved in court .,The lawsuit against the companies were resolved in court.,,411,,0,agreement,qian2023//51/ppp;qian2023//51/sps,2,,,,"{""N1"": ""lawsuit"", ""N1_number"": ""singular"", ""N2"": ""companies"", ""N2_number"": ""plural"", ""context"": ""The %% {preposition} the %% {predicate} resolved in court."", ""predicate"": ""will be"", ""predicate_sg_pl"": ""were"", ""predicate_sg_pl_number"": ""plural"", ""preposition"": ""against""}"
qian2023,,51,pss,qian2023//51/pss,,the lawsuits against the company was resolved in court .,The lawsuits against the company was resolved in court.,,412,,0,agreement,qian2023//51/psp;qian2023//51/sss,2,,,,"{""N1"": ""lawsuits"", ""N1_number"": ""plural"", ""N2"": ""company"", ""N2_number"": ""singular"", ""context"": ""The %% {preposition} the %% {predicate} resolved in court."", ""predicate"": ""will be"", ""predicate_sg_pl"": ""was"", ""predicate_sg_pl_number"": ""singular"", ""preposition"": ""against""}"
qian2023,,51,psp,qian2023//51/psp,,the lawsuits against the company were resolved in court .,The lawsuits against the company were resolved in court.,,413,,1,agreement,qian2023//51/psp,1,,,,"{""N1"": ""lawsuits"", ""N1_number"": ""plural"", ""N2"": ""company"", ""N2_number"": ""singular"", ""context"": ""The %% {preposition} the %% {predicate} resolved in court."", ""predicate"": ""will be"", ""predicate_sg_pl"": ""were"", ""predicate_sg_pl_number"": ""plural"", ""preposition"": ""against""}"
qian2023,,51,pps,qian2023//51/pps,,the lawsuits against the companies was resolved in court .,The lawsuits against the companies was resolved in court.,,414,,0,agreement,qian2023//51/ppp;qian2023//51/sps,2,,,,"{""N1"": ""lawsuits"", ""N1_number"": ""plural"", ""N2"": ""companies"", ""N2_number"": ""plural"", ""context"": ""The %% {preposition} the %% {predicate} resolved in court."", ""predicate"": ""will be"", ""predicate_sg_pl"": ""was"", ""predicate_sg_pl_number"": ""singular"", ""preposition"": ""against""}"
qian2023,,51,ppp,qian2023//51/ppp,,the lawsuits against the companies were resolved in court .,The lawsuits against the companies were resolved in court.,,415,,1,agreement,qian2023//51/ppp,1,,,,"{""N1"": ""lawsuits"", ""N1_number"": ""plural"", ""N2"": ""companies"", ""N2_number"": ""plural"", ""context"": ""The %% {preposition} the %% {predicate} resolved in court."", ""predicate"": ""will be"", ""predicate_sg_pl"": ""were"", ""predicate_sg_pl_number"": ""plural"", ""preposition"": ""against""}"
qian2023,,52,sss,qian2023//52/sss,,the vote against the measure is indicative of the ongoing miscommunication .,The vote against the measure is indicative of the ongoing miscommunication.,,416,,1,agreement,qian2023//52/sss,1,,,,"{""N1"": ""vote"", ""N1_number"": ""singular"", ""N2"": ""measure"", ""N2_number"": ""singular"", ""context"": ""The %% {preposition} the %% {predicate} indicative of the ongoing miscommunication."", ""predicate"": ""could be"", ""predicate_sg_pl"": ""is"", ""predicate_sg_pl_number"": ""singular"", ""preposition"": ""against""}"
qian2023,,52,ssp,qian2023//52/ssp,,the vote against the measure are indicative of the ongoing miscommunication .,The vote against the measure are indicative of the ongoing miscommunication.,,417,,0,agreement,qian2023//52/psp;qian2023//52/sss,2,,,,"{""N1"": ""vote"", ""N1_number"": ""singular"", ""N2"": ""measure"", ""N2_number"": ""singular"", ""context"": ""The %% {preposition} the %% {predicate} indicative of the ongoing miscommunication."", ""predicate"": ""could be"", ""predicate_sg_pl"": ""are"", ""predicate_sg_pl_number"": ""plural"", ""preposition"": ""against""}"
qian2023,,52,sps,qian2023//52/sps,,the vote against the measures is indicative of the ongoing miscommunication .,The vote against the measures is indicative of the ongoing miscommunication.,,418,,1,agreement,qian2023//52/sps,1,,,,"{""N1"": ""vote"", ""N1_number"": ""singular"", ""N2"": ""measures"", ""N2_number"": ""plural"", ""context"": ""The %% {preposition} the %% {predicate} indicative of the ongoing miscommunication."", ""predicate"": ""could be"", ""predicate_sg_pl"": ""is"", ""predicate_sg_pl_number"": ""singular"", ""preposition"": ""against""}"
qian2023,,52,spp,qian2023//52/spp,,the vote against the measures are indicative of the ongoing miscommunication .,The vote against the measures are indicative of the ongoing miscommunication.,,419,,0,agreement,qian2023//52/ppp;qian2023//52/sps,2,,,,"{""N1"": ""vote"", ""N1_number"": ""singular"", ""N2"": ""measures"", ""N2_number"": ""plural"", ""context"": ""The %% {preposition} the %% {predicate} indicative of the ongoing miscommunication."", ""predicate"": ""could be"", ""predicate_sg_pl"": ""are"", ""predicate_sg_pl_number"": ""plural"", ""preposition"": ""against""}"
qian2023,,52,pss,qian2023//52/pss,,the votes against the measure is indicative of the ongoing miscommunication .,The votes against the measure is indicative of the ongoing miscommunication.,,420,,0,agreement,qian2023//52/psp;qian2023//52/sss,2,,,,"{""N1"": ""votes"", ""N1_number"": ""plural"", ""N2"": ""measure"", ""N2_number"": ""singular"", ""context"": ""The %% {preposition} the %% {predicate} indicative of the ongoing miscommunication."", ""predicate"": ""could be"", ""predicate_sg_pl"": ""is"", ""predicate_sg_pl_number"": ""singular"", ""preposition"": ""against""}"
qian2023,,52,psp,qian2023//52/psp,,the votes against the measure are indicative of the ongoing miscommunication .,The votes against the measure are indicative of the ongoing miscommunication.,,421,,1,agreement,qian2023//52/psp,1,,,,"{""N1"": ""votes"", ""N1_number"": ""plural"", ""N2"": ""measure"", ""N2_number"": ""singular"", ""context"": ""The %% {preposition} the %% {predicate} indicative of the ongoing miscommunication."", ""predicate"": ""could be"", ""predicate_sg_pl"": ""are"", ""predicate_sg_pl_number"": ""plural"", ""preposition"": ""against""}"
qian2023,,52,pps,qian2023//52/pps,,the votes against the measures is indicative of the ongoing miscommunication .,The votes against the measures is indicative of the ongoing miscommunication.,,422,,0,agreement,qian2023//52/ppp;qian2023//52/sps,2,,,,"{""N1"": ""votes"", ""N1_number"": ""plural"", ""N2"": ""measures"", ""N2_number"": ""plural"", ""context"": ""The %% {preposition} the %% {predicate} indicative of the ongoing miscommunication."", ""predicate"": ""could be"", ""predicate_sg_pl"": ""is"", ""predicate_sg_pl_number"": ""singular"", ""preposition"": ""against""}"
qian2023,,52,ppp,qian2023//52/ppp,,the votes against the measures are indicative of the ongoing miscommunication .,The votes against the measures are indicative of the ongoing miscommunication.,,423,,1,agreement,qian2023//52/ppp,1,,,,"{""N1"": ""votes"", ""N1_number"": ""plural"", ""N2"": ""measures"", ""N2_number"": ""plural"", ""context"": ""The %% {preposition} the %% {predicate} indicative of the ongoing miscommunication."", ""predicate"": ""could be"", ""predicate_sg_pl"": ""are"", ""predicate_sg_pl_number"": ""plural"", ""preposition"": ""against""}"
qian2023,,53,sss,qian2023//53/sss,,the complaint from the customer was filed in time .,The complaint from the customer was filed in time.,,424,,1,agreement,qian2023//53/sss,1,,,,"{""N1"": ""complaint"", ""N1_number"": ""singular"", ""N2"": ""customer"", ""N2_number"": ""singular"", ""context"": ""The %% {preposition} the %% {predicate} filed in time."", ""predicate"": ""must be"", ""predicate_sg_pl"": ""was"", ""predicate_sg_pl_number"": ""singular"", ""preposition"": ""from""}"
qian2023,,53,ssp,qian2023//53/ssp,,the complaint from the customer were filed in time .,The complaint from the customer were filed in time.,,425,,0,agreement,qian2023//53/psp;qian2023//53/sss,2,,,,"{""N1"": ""complaint"", ""N1_number"": ""singular"", ""N2"": ""customer"", ""N2_number"": ""singular"", ""context"": ""The %% {preposition} the %% {predicate} filed in time."", ""predicate"": ""must be"", ""predicate_sg_pl"": ""were"", ""predicate_sg_pl_number"": ""plural"", ""preposition"": ""from""}"
qian2023,,53,sps,qian2023//53/sps,,the complaint from the customers was filed in time .,The complaint from the customers was filed in time.,,426,,1,agreement,qian2023//53/sps,1,,,,"{""N1"": ""complaint"", ""N1_number"": ""singular"", ""N2"": ""customers"", ""N2_number"": ""plural"", ""context"": ""The %% {preposition} the %% {predicate} filed in time."", ""predicate"": ""must be"", ""predicate_sg_pl"": ""was"", ""predicate_sg_pl_number"": ""singular"", ""preposition"": ""from""}"
qian2023,,53,spp,qian2023//53/spp,,the complaint from the customers were filed in time .,The complaint from the customers were filed in time.,,427,,0,agreement,qian2023//53/ppp;qian2023//53/sps,2,,,,"{""N1"": ""complaint"", ""N1_number"": ""singular"", ""N2"": ""customers"", ""N2_number"": ""plural"", ""context"": ""The %% {preposition} the %% {predicate} filed in time."", ""predicate"": ""must be"", ""predicate_sg_pl"": ""were"", ""predicate_sg_pl_number"": ""plural"", ""preposition"": ""from""}"
qian2023,,53,pss,qian2023//53/pss,,the complaints from the customer was filed in time .,The complaints from the customer was filed in time.,,428,,0,agreement,qian2023//53/psp;qian2023//53/sss,2,,,,"{""N1"": ""complaints"", ""N1_number"": ""plural"", ""N2"": ""customer"", ""N2_number"": ""singular"", ""context"": ""The %% {preposition} the %% {predicate} filed in time."", ""predicate"": ""must be"", ""predicate_sg_pl"": ""was"", ""predicate_sg_pl_number"": ""singular"", ""preposition"": ""from""}"
qian2023,,53,psp,qian2023//53/psp,,the complaints from the customer were filed in time .,The complaints from the customer were filed in time.,,429,,1,agreement,qian2023//53/psp,1,,,,"{""N1"": ""complaints"", ""N1_number"": ""plural"", ""N2"": ""customer"", ""N2_number"": ""singular"", ""context"": ""The %% {preposition} the %% {predicate} filed in time."", ""predicate"": ""must be"", ""predicate_sg_pl"": ""were"", ""predicate_sg_pl_number"": ""plural"", ""preposition"": ""from""}"
qian2023,,53,pps,qian2023//53/pps,,the complaints from the customers was filed in time .,The complaints from the customers was filed in time.,,430,,0,agreement,qian2023//53/ppp;qian2023//53/sps,2,,,,"{""N1"": ""complaints"", ""N1_number"": ""plural"", ""N2"": ""customers"", ""N2_number"": ""plural"", ""context"": ""The %% {preposition} the %% {predicate} filed in time."", ""predicate"": ""must be"", ""predicate_sg_pl"": ""was"", ""predicate_sg_pl_number"": ""singular"", ""preposition"": ""from""}"
qian2023,,53,ppp,qian2023//53/ppp,,the complaints from the customers were filed in time .,The complaints from the customers were filed in time.,,431,,1,agreement,qian2023//53/ppp,1,,,,"{""N1"": ""complaints"", ""N1_number"": ""plural"", ""N2"": ""customers"", ""N2_number"": ""plural"", ""context"": ""The %% {preposition} the %% {predicate} filed in time."", ""predicate"": ""must be"", ""predicate_sg_pl"": ""were"", ""predicate_sg_pl_number"": ""plural"", ""preposition"": ""from""}"
qian2023,,54,sss,qian2023//54/sss,,the question from the interviewer is too difficult .,The question from the interviewer is too difficult.,,432,,1,agreement,qian2023//54/sss,1,,,,"{""N1"": ""question"", ""N1_number"": ""singular"", ""N2"": ""interviewer"", ""N2_number"": ""singular"", ""context"": ""The %% {preposition} the %% {predicate} too difficult."", ""predicate"": ""might be"", ""predicate_sg_pl"": ""is"", ""predicate_sg_pl_number"": ""singular"", ""preposition"": ""from""}"
qian2023,,54,ssp,qian2023//54/ssp,,the question from the interviewer are too difficult .,The question from the interviewer are too difficult.,,433,,0,agreement,qian2023//54/psp;qian2023//54/sss,2,,,,"{""N1"": ""question"", ""N1_number"": ""singular"", ""N2"": ""interviewer"", ""N2_number"": ""singular"", ""context"": ""The %% {preposition} the %% {predicate} too difficult."", ""predicate"": ""might be"", ""predicate_sg_pl"": ""are"", ""predicate_sg_pl_number"": ""plural"", ""preposition"": ""from""}"
qian2023,,54,sps,qian2023//54/sps,,the question from the interviewers is too difficult .,The question from the interviewers is too difficult.,,434,,1,agreement,qian2023//54/sps,1,,,,"{""N1"": ""question"", ""N1_number"": ""singular"", ""N2"": ""interviewers"", ""N2_number"": ""plural"", ""context"": ""The %% {preposition} the %% {predicate} too difficult."", ""predicate"": ""might be"", ""predicate_sg_pl"": ""is"", ""predicate_sg_pl_number"": ""singular"", ""preposition"": ""from""}"
qian2023,,54,spp,qian2023//54/spp,,the question from the interviewers are too difficult .,The question from the interviewers are too difficult.,,435,,0,agreement,qian2023//54/ppp;qian2023//54/sps,2,,,,"{""N1"": ""question"", ""N1_number"": ""singular"", ""N2"": ""interviewers"", ""N2_number"": ""plural"", ""context"": ""The %% {preposition} the %% {predicate} too difficult."", ""predicate"": ""might be"", ""predicate_sg_pl"": ""are"", ""predicate_sg_pl_number"": ""plural"", ""preposition"": ""from""}"
qian2023,,54,pss,qian2023//54/pss,,the questions from the interviewer is too difficult .,The questions from the interviewer is too difficult.,,436,,0,agreement,qian2023//54/psp;qian2023//54/sss,2,,,,"{""N1"": ""questions"", ""N1_number"": ""plural"", ""N2"": ""interviewer"", ""N2_number"": ""singular"", ""context"": ""The %% {preposition} the %% {predicate} too difficult."", ""predicate"": ""might be"", ""predicate_sg_pl"": ""is"", ""predicate_sg_pl_number"": ""singular"", ""preposition"": ""from""}"
qian2023,,54,psp,qian2023//54/psp,,the questions from the interviewer are too difficult .,The questions from the interviewer are too difficult.,,437,,1,agreement,qian2023//54/psp,1,,,,"{""N1"": ""questions"", ""N1_number"": ""plural"", ""N2"": ""interviewer"", ""N2_number"": ""singular"", ""context"": ""The %% {preposition} the %% {predicate} too difficult."", ""predicate"": ""might be"", ""predicate_sg_pl"": ""are"", ""predicate_sg_pl_number"": ""plural"", ""preposition"": ""from""}"
qian2023,,54,pps,qian2023//54/pps,,the questions from the interviewers is too difficult .,The questions from the interviewers is too difficult.,,438,,0,agreement,qian2023//54/ppp;qian2023//54/sps,2,,,,"{""N1"": ""questions"", ""N1_number"": ""plural"", ""N2"": ""interviewers"", ""N2_number"": ""plural"", ""context"": ""The %% {preposition} the %% {predicate} too difficult."", ""predicate"": ""might be"", ""predicate_sg_pl"": ""is"", ""predicate_sg_pl_number"": ""singular"", ""preposition"": ""from""}"
qian2023,,54,ppp,qian2023//54/ppp,,the questions from the interviewers are too difficult .,The questions from the interviewers are too difficult.,,439,,1,agreement,qian2023//54/ppp,1,,,,"{""N1"": ""questions"", ""N1_number"": ""plural"", ""N2"": ""interviewers"", ""N2_number"": ""plural"", ""context"": ""The %% {preposition} the %% {predicate} too difficult."", ""predicate"": ""might be"", ""predicate_sg_pl"": ""are"", ""predicate_sg_pl_number"": ""plural"", ""preposition"": ""from""}"
qian2023,,55,sss,qian2023//55/sss,,the waiter at the restaurant has cleaned the room .,The waiter at the restaurant has cleaned the room.,,440,,1,agreement,qian2023//55/sss,1,,,,"{""N1"": ""waiter"", ""N1_number"": ""singular"", ""N2"": ""restaurant"", ""N2_number"": ""singular"", ""context"": ""The %% {preposition} the %% {predicate} the room."", ""predicate"": ""will clean"", ""predicate_sg_pl"": ""has cleaned"", ""predicate_sg_pl_number"": ""singular"", ""preposition"": ""at""}"
qian2023,,55,ssp,qian2023//55/ssp,,the waiter at the restaurant have cleaned the room .,The waiter at the restaurant have cleaned the room.,,441,,0,agreement,qian2023//55/psp;qian2023//55/sss,2,,,,"{""N1"": ""waiter"", ""N1_number"": ""singular"", ""N2"": ""restaurant"", ""N2_number"": ""singular"", ""context"": ""The %% {preposition} the %% {predicate} the room."", ""predicate"": ""will clean"", ""predicate_sg_pl"": ""have cleaned"", ""predicate_sg_pl_number"": ""plural"", ""preposition"": ""at""}"
qian2023,,55,sps,qian2023//55/sps,,the waiter at the restaurant has cleaned the room .,The waiter at the restaurant has cleaned the room.,,440,,1,agreement,qian2023//55/sps,1,,,,"{""N1"": ""waiter"", ""N1_number"": ""singular"", ""N2"": ""restaurant"", ""N2_number"": ""plural"", ""context"": ""The %% {preposition} the %% {predicate} the room."", ""predicate"": ""will clean"", ""predicate_sg_pl"": ""has cleaned"", ""predicate_sg_pl_number"": ""singular"", ""preposition"": ""at""}"
qian2023,,55,spp,qian2023//55/spp,,the waiter at the restaurant have cleaned the room .,The waiter at the restaurant have cleaned the room.,,441,,0,agreement,qian2023//55/ppp;qian2023//55/sps,2,,,,"{""N1"": ""waiter"", ""N1_number"": ""singular"", ""N2"": ""restaurant"", ""N2_number"": ""plural"", ""context"": ""The %% {preposition} the %% {predicate} the room."", ""predicate"": ""will clean"", ""predicate_sg_pl"": ""have cleaned"", ""predicate_sg_pl_number"": ""plural"", ""preposition"": ""at""}"
qian2023,,55,pss,qian2023//55/pss,,the waiters at the restaurant has cleaned the room .,The waiters at the restaurant has cleaned the room.,,442,,0,agreement,qian2023//55/psp;qian2023//55/sss,2,,,,"{""N1"": ""waiters"", ""N1_number"": ""plural"", ""N2"": ""restaurant"", ""N2_number"": ""singular"", ""context"": ""The %% {preposition} the %% {predicate} the room."", ""predicate"": ""will clean"", ""predicate_sg_pl"": ""has cleaned"", ""predicate_sg_pl_number"": ""singular"", ""preposition"": ""at""}"
qian2023,,55,psp,qian2023//55/psp,,the waiters at the restaurant have cleaned the room .,The waiters at the restaurant have cleaned the room.,,443,,1,agreement,qian2023//55/psp,1,,,,"{""N1"": ""waiters"", ""N1_number"": ""plural"", ""N2"": ""restaurant"", ""N2_number"": ""singular"", ""context"": ""The %% {preposition} the %% {predicate} the room."", ""predicate"": ""will clean"", ""predicate_sg_pl"": ""have cleaned"", ""predicate_sg_pl_number"": ""plural"", ""preposition"": ""at""}"
qian2023,,55,pps,qian2023//55/pps,,the waiters at the restaurant has cleaned the room .,The waiters at the restaurant has cleaned the room.,,442,,0,agreement,qian2023//55/ppp;qian2023//55/sps,2,,,,"{""N1"": ""waiters"", ""N1_number"": ""plural"", ""N2"": ""restaurant"", ""N2_number"": ""plural"", ""context"": ""The %% {preposition} the %% {predicate} the room."", ""predicate"": ""will clean"", ""predicate_sg_pl"": ""has cleaned"", ""predicate_sg_pl_number"": ""singular"", ""preposition"": ""at""}"
qian2023,,55,ppp,qian2023//55/ppp,,the waiters at the restaurant have cleaned the room .,The waiters at the restaurant have cleaned the room.,,443,,1,agreement,qian2023//55/ppp,1,,,,"{""N1"": ""waiters"", ""N1_number"": ""plural"", ""N2"": ""restaurant"", ""N2_number"": ""plural"", ""context"": ""The %% {preposition} the %% {predicate} the room."", ""predicate"": ""will clean"", ""predicate_sg_pl"": ""have cleaned"", ""predicate_sg_pl_number"": ""plural"", ""preposition"": ""at""}"
qian2023,,56,sss,qian2023//56/sss,,the bike at the station is broken .,The bike at the station is broken.,,444,,1,agreement,qian2023//56/sss,1,,,,"{""N1"": ""bike"", ""N1_number"": ""singular"", ""N2"": ""station"", ""N2_number"": ""singular"", ""context"": ""The %% {preposition} the %% {predicate} broken."", ""predicate"": ""might be"", ""predicate_sg_pl"": ""is"", ""predicate_sg_pl_number"": ""singular"", ""preposition"": ""at""}"
qian2023,,56,ssp,qian2023//56/ssp,,the bike at the station are broken .,The bike at the station are broken.,,445,,0,agreement,qian2023//56/psp;qian2023//56/sss,2,,,,"{""N1"": ""bike"", ""N1_number"": ""singular"", ""N2"": ""station"", ""N2_number"": ""singular"", ""context"": ""The %% {preposition} the %% {predicate} broken."", ""predicate"": ""might be"", ""predicate_sg_pl"": ""are"", ""predicate_sg_pl_number"": ""plural"", ""preposition"": ""at""}"
qian2023,,56,sps,qian2023//56/sps,,the bike at the stations is broken .,The bike at the stations is broken.,,446,,1,agreement,qian2023//56/sps,1,,,,"{""N1"": ""bike"", ""N1_number"": ""singular"", ""N2"": ""stations"", ""N2_number"": ""plural"", ""context"": ""The %% {preposition} the %% {predicate} broken."", ""predicate"": ""might be"", ""predicate_sg_pl"": ""is"", ""predicate_sg_pl_number"": ""singular"", ""preposition"": ""at""}"
qian2023,,56,spp,qian2023//56/spp,,the bike at the stations are broken .,The bike at the stations are broken.,,447,,0,agreement,qian2023//56/ppp;qian2023//56/sps,2,,,,"{""N1"": ""bike"", ""N1_number"": ""singular"", ""N2"": ""stations"", ""N2_number"": ""plural"", ""context"": ""The %% {preposition} the %% {predicate} broken."", ""predicate"": ""might be"", ""predicate_sg_pl"": ""are"", ""predicate_sg_pl_number"": ""plural"", ""preposition"": ""at""}"
qian2023,,56,pss,qian2023//56/pss,,the bikes at the station is broken .,The bikes at the station is broken.,,448,,0,agreement,qian2023//56/psp;qian2023//56/sss,2,,,,"{""N1"": ""bikes"", ""N1_number"": ""plural"", ""N2"": ""station"", ""N2_number"": ""singular"", ""context"": ""The %% {preposition} the %% {predicate} broken."", ""predicate"": ""might be"", ""predicate_sg_pl"": ""is"", ""predicate_sg_pl_number"": ""singular"", ""preposition"": ""at""}"
qian2023,,56,psp,qian2023//56/psp,,the bikes at the station are broken .,The bikes at the station are broken.,,449,,1,agreement,qian2023//56/psp,1,,,,"{""N1"": ""bikes"", ""N1_number"": ""plural"", ""N2"": ""station"", ""N2_number"": ""singular"", ""context"": ""The %% {preposition} the %% {predicate} broken."", ""predicate"": ""might be"", ""predicate_sg_pl"": ""are"", ""predicate_sg_pl_number"": ""plural"", ""preposition"": ""at""}"
qian2023,,56,pps,qian2023//56/pps,,the bikes at the stations is broken .,The bikes at the stations is broken.,,450,,0,agreement,qian2023//56/ppp;qian2023//56/sps,2,,,,"{""N1"": ""bikes"", ""N1_number"": ""plural"", ""N2"": ""stations"", ""N2_number"": ""plural"", ""context"": ""The %% {preposition} the %% {predicate} broken."", ""predicate"": ""might be"", ""predicate_sg_pl"": ""is"", ""predicate_sg_pl_number"": ""singular"", ""preposition"": ""at""}"
qian2023,,56,ppp,qian2023//56/ppp,,the bikes at the stations are broken .,The bikes at the stations are broken.,,451,,1,agreement,qian2023//56/ppp,1,,,,"{""N1"": ""bikes"", ""N1_number"": ""plural"", ""N2"": ""stations"", ""N2_number"": ""plural"", ""context"": ""The %% {preposition} the %% {predicate} broken."", ""predicate"": ""might be"", ""predicate_sg_pl"": ""are"", ""predicate_sg_pl_number"": ""plural"", ""preposition"": ""at""}"
qian2023,,57,sss,qian2023//57/sss,,the rice in the bowl is undercooked .,The rice in the bowl is undercooked.,,452,,1,agreement,qian2023//57/sss,1,,,,"{""N1"": ""rice"", ""N1_number"": ""singular"", ""N2"": ""bowl"", ""N2_number"": ""singular"", ""context"": ""The %% {preposition} the %% {predicate} undercooked."", ""predicate"": ""might be"", ""predicate_sg_pl"": ""is"", ""predicate_sg_pl_number"": ""singular"", ""preposition"": ""in""}"
qian2023,,57,ssp,qian2023//57/ssp,,the rice in the bowl are undercooked .,The rice in the bowl are undercooked.,,453,,0,agreement,qian2023//57/psp;qian2023//57/sss,2,,,,"{""N1"": ""rice"", ""N1_number"": ""singular"", ""N2"": ""bowl"", ""N2_number"": ""singular"", ""context"": ""The %% {preposition} the %% {predicate} undercooked."", ""predicate"": ""might be"", ""predicate_sg_pl"": ""are"", ""predicate_sg_pl_number"": ""plural"", ""preposition"": ""in""}"
qian2023,,57,sps,qian2023//57/sps,,the rice in the bowl is undercooked .,The rice in the bowl is undercooked.,,452,,1,agreement,qian2023//57/sps,1,,,,"{""N1"": ""rice"", ""N1_number"": ""singular"", ""N2"": ""bowl"", ""N2_number"": ""plural"", ""context"": ""The %% {preposition} the %% {predicate} undercooked."", ""predicate"": ""might be"", ""predicate_sg_pl"": ""is"", ""predicate_sg_pl_number"": ""singular"", ""preposition"": ""in""}"
qian2023,,57,spp,qian2023//57/spp,,the rice in the bowl are undercooked .,The rice in the bowl are undercooked.,,453,,0,agreement,qian2023//57/ppp;qian2023//57/sps,2,,,,"{""N1"": ""rice"", ""N1_number"": ""singular"", ""N2"": ""bowl"", ""N2_number"": ""plural"", ""context"": ""The %% {preposition} the %% {predicate} undercooked."", ""predicate"": ""might be"", ""predicate_sg_pl"": ""are"", ""predicate_sg_pl_number"": ""plural"", ""preposition"": ""in""}"
qian2023,,57,pss,qian2023//57/pss,,the rices in the bowl is undercooked .,The rices in the bowl is undercooked.,,454,,0,agreement,qian2023//57/psp;qian2023//57/sss,2,,,,"{""N1"": ""rices"", ""N1_number"": ""plural"", ""N2"": ""bowl"", ""N2_number"": ""singular"", ""context"": ""The %% {preposition} the %% {predicate} undercooked."", ""predicate"": ""might be"", ""predicate_sg_pl"": ""is"", ""predicate_sg_pl_number"": ""singular"", ""preposition"": ""in""}"
qian2023,,57,psp,qian2023//57/psp,,the rices in the bowl are undercooked .,The rices in the bowl are undercooked.,,455,,1,agreement,qian2023//57/psp,1,,,,"{""N1"": ""rices"", ""N1_number"": ""plural"", ""N2"": ""bowl"", ""N2_number"": ""singular"", ""context"": ""The %% {preposition} the %% {predicate} undercooked."", ""predicate"": ""might be"", ""predicate_sg_pl"": ""are"", ""predicate_sg_pl_number"": ""plural"", ""preposition"": ""in""}"
qian2023,,57,pps,qian2023//57/pps,,the rices in the bowl is undercooked .,The rices in the bowl is undercooked.,,454,,0,agreement,qian2023//57/ppp;qian2023//57/sps,2,,,,"{""N1"": ""rices"", ""N1_number"": ""plural"", ""N2"": ""bowl"", ""N2_number"": ""plural"", ""context"": ""The %% {preposition} the %% {predicate} undercooked."", ""predicate"": ""might be"", ""predicate_sg_pl"": ""is"", ""predicate_sg_pl_number"": ""singular"", ""preposition"": ""in""}"
qian2023,,57,ppp,qian2023//57/ppp,,the rices in the bowl are undercooked .,The rices in the bowl are undercooked.,,455,,1,agreement,qian2023//57/ppp,1,,,,"{""N1"": ""rices"", ""N1_number"": ""plural"", ""N2"": ""bowl"", ""N2_number"": ""plural"", ""context"": ""The %% {preposition} the %% {predicate} undercooked."", ""predicate"": ""might be"", ""predicate_sg_pl"": ""are"", ""predicate_sg_pl_number"": ""plural"", ""preposition"": ""in""}"
qian2023,,58,sss,qian2023//58/sss,,the water in the bottle is too cold .,The water in the bottle is too cold.,,456,,1,agreement,qian2023//58/sss,1,,,,"{""N1"": ""water"", ""N1_number"": ""singular"", ""N2"": ""bottle"", ""N2_number"": ""singular"", ""context"": ""The %% {preposition} the %% {predicate} too cold."", ""predicate"": ""might be"", ""predicate_sg_pl"": ""is"", ""predicate_sg_pl_number"": ""singular"", ""preposition"": ""in""}"
qian2023,,58,ssp,qian2023//58/ssp,,the water in the bottle are too cold .,The water in the bottle are too cold.,,457,,0,agreement,qian2023//58/psp;qian2023//58/sss,2,,,,"{""N1"": ""water"", ""N1_number"": ""singular"", ""N2"": ""bottle"", ""N2_number"": ""singular"", ""context"": ""The %% {preposition} the %% {predicate} too cold."", ""predicate"": ""might be"", ""predicate_sg_pl"": ""are"", ""predicate_sg_pl_number"": ""plural"", ""preposition"": ""in""}"
qian2023,,58,sps,qian2023//58/sps,,the water in the bottles is too cold .,The water in the bottles is too cold.,,458,,1,agreement,qian2023//58/sps,1,,,,"{""N1"": ""water"", ""N1_number"": ""singular"", ""N2"": ""bottles"", ""N2_number"": ""plural"", ""context"": ""The %% {preposition} the %% {predicate} too cold."", ""predicate"": ""might be"", ""predicate_sg_pl"": ""is"", ""predicate_sg_pl_number"": ""singular"", ""preposition"": ""in""}"
qian2023,,58,spp,qian2023//58/spp,,the water in the bottles are too cold .,The water in the bottles are too cold.,,459,,0,agreement,qian2023//58/ppp;qian2023//58/sps,2,,,,"{""N1"": ""water"", ""N1_number"": ""singular"", ""N2"": ""bottles"", ""N2_number"": ""plural"", ""context"": ""The %% {preposition} the %% {predicate} too cold."", ""predicate"": ""might be"", ""predicate_sg_pl"": ""are"", ""predicate_sg_pl_number"": ""plural"", ""preposition"": ""in""}"
qian2023,,58,pss,qian2023//58/pss,,the waters in the bottle is too cold .,The waters in the bottle is too cold.,,460,,0,agreement,qian2023//58/psp;qian2023//58/sss,2,,,,"{""N1"": ""waters"", ""N1_number"": ""plural"", ""N2"": ""bottle"", ""N2_number"": ""singular"", ""context"": ""The %% {preposition} the %% {predicate} too cold."", ""predicate"": ""might be"", ""predicate_sg_pl"": ""is"", ""predicate_sg_pl_number"": ""singular"", ""preposition"": ""in""}"
qian2023,,58,psp,qian2023//58/psp,,the waters in the bottle are too cold .,The waters in the bottle are too cold.,,461,,1,agreement,qian2023//58/psp,1,,,,"{""N1"": ""waters"", ""N1_number"": ""plural"", ""N2"": ""bottle"", ""N2_number"": ""singular"", ""context"": ""The %% {preposition} the %% {predicate} too cold."", ""predicate"": ""might be"", ""predicate_sg_pl"": ""are"", ""predicate_sg_pl_number"": ""plural"", ""preposition"": ""in""}"
qian2023,,58,pps,qian2023//58/pps,,the waters in the bottles is too cold .,The waters in the bottles is too cold.,,462,,0,agreement,qian2023//58/ppp;qian2023//58/sps,2,,,,"{""N1"": ""waters"", ""N1_number"": ""plural"", ""N2"": ""bottles"", ""N2_number"": ""plural"", ""context"": ""The %% {preposition} the %% {predicate} too cold."", ""predicate"": ""might be"", ""predicate_sg_pl"": ""is"", ""predicate_sg_pl_number"": ""singular"", ""preposition"": ""in""}"
qian2023,,58,ppp,qian2023//58/ppp,,the waters in the bottles are too cold .,The waters in the bottles are too cold.,,463,,1,agreement,qian2023//58/ppp,1,,,,"{""N1"": ""waters"", ""N1_number"": ""plural"", ""N2"": ""bottles"", ""N2_number"": ""plural"", ""context"": ""The %% {preposition} the %% {predicate} too cold."", ""predicate"": ""might be"", ""predicate_sg_pl"": ""are"", ""predicate_sg_pl_number"": ""plural"", ""preposition"": ""in""}"
qian2023,,59,sss,qian2023//59/sss,,the meeting between the senator is held in the conference room .,The meeting between the senator is held in the conference room.,,464,,1,agreement,qian2023//59/sss,1,,,,"{""N1"": ""meeting"", ""N1_number"": ""singular"", ""N2"": ""senator"", ""N2_number"": ""singular"", ""context"": ""The %% {preposition} the %% {predicate} held in the conference room."", ""predicate"": ""will be"", ""predicate_sg_pl"": ""is"", ""predicate_sg_pl_number"": ""singular"", ""preposition"": ""between""}"
qian2023,,59,ssp,qian2023//59/ssp,,the meeting between the senator are held in the conference room .,The meeting between the senator are held in the conference room.,,465,,0,agreement,qian2023//59/psp;qian2023//59/sss,2,,,,"{""N1"": ""meeting"", ""N1_number"": ""singular"", ""N2"": ""senator"", ""N2_number"": ""singular"", ""context"": ""The %% {preposition} the %% {predicate} held in the conference room."", ""predicate"": ""will be"", ""predicate_sg_pl"": ""are"", ""predicate_sg_pl_number"": ""plural"", ""preposition"": ""between""}"
qian2023,,59,sps,qian2023//59/sps,,the meeting between the senators is held in the conference room .,The meeting between the senators is held in the conference room.,,466,,1,agreement,qian2023//59/sps,1,,,,"{""N1"": ""meeting"", ""N1_number"": ""singular"", ""N2"": ""senators"", ""N2_number"": ""plural"", ""context"": ""The %% {preposition} the %% {predicate} held in the conference room."", ""predicate"": ""will be"", ""predicate_sg_pl"": ""is"", ""predicate_sg_pl_number"": ""singular"", ""preposition"": ""between""}"
qian2023,,59,spp,qian2023//59/spp,,the meeting between the senators are held in the conference room .,The meeting between the senators are held in the conference room.,,467,,0,agreement,qian2023//59/ppp;qian2023//59/sps,2,,,,"{""N1"": ""meeting"", ""N1_number"": ""singular"", ""N2"": ""senators"", ""N2_number"": ""plural"", ""context"": ""The %% {preposition} the %% {predicate} held in the conference room."", ""predicate"": ""will be"", ""predicate_sg_pl"": ""are"", ""predicate_sg_pl_number"": ""plural"", ""preposition"": ""between""}"
qian2023,,59,pss,qian2023//59/pss,,the meetings between the senator is held in the conference room .,The meetings between the senator is held in the conference room.,,468,,0,agreement,qian2023//59/psp;qian2023//59/sss,2,,,,"{""N1"": ""meetings"", ""N1_number"": ""plural"", ""N2"": ""senator"", ""N2_number"": ""singular"", ""context"": ""The %% {preposition} the %% {predicate} held in the conference room."", ""predicate"": ""will be"", ""predicate_sg_pl"": ""is"", ""predicate_sg_pl_number"": ""singular"", ""preposition"": ""between""}"
qian2023,,59,psp,qian2023//59/psp,,the meetings between the senator are held in the conference room .,The meetings between the senator are held in the conference room.,,469,,1,agreement,qian2023//59/psp,1,,,,"{""N1"": ""meetings"", ""N1_number"": ""plural"", ""N2"": ""senator"", ""N2_number"": ""singular"", ""context"": ""The %% {preposition} the %% {predicate} held in the conference room."", ""predicate"": ""will be"", ""predicate_sg_pl"": ""are"", ""predicate_sg_pl_number"": ""plural"", ""preposition"": ""between""}"
qian2023,,59,pps,qian2023//59/pps,,the meetings between the senators is held in the conference room .,The meetings between the senators is held in the conference room.,,470,,0,agreement,qian2023//59/ppp;qian2023//59/sps,2,,,,"{""N1"": ""meetings"", ""N1_number"": ""plural"", ""N2"": ""senators"", ""N2_number"": ""plural"", ""context"": ""The %% {preposition} the %% {predicate} held in the conference room."", ""predicate"": ""will be"", ""predicate_sg_pl"": ""is"", ""predicate_sg_pl_number"": ""singular"", ""preposition"": ""between""}"
qian2023,,59,ppp,qian2023//59/ppp,,the meetings between the senators are held in the conference room .,The meetings between the senators are held in the conference room.,,471,,1,agreement,qian2023//59/ppp,1,,,,"{""N1"": ""meetings"", ""N1_number"": ""plural"", ""N2"": ""senators"", ""N2_number"": ""plural"", ""context"": ""The %% {preposition} the %% {predicate} held in the conference room."", ""predicate"": ""will be"", ""predicate_sg_pl"": ""are"", ""predicate_sg_pl_number"": ""plural"", ""preposition"": ""between""}"
