dataset,subset,item_id,condition,stim_uid,sentence_orig,sentence_norm,model_input,context,sentence_id,plausibility,is_grammatical,contrast,intended_uid,intended_text,edit_type,edit_ops,edit_from,edit_to,critical_word_idx,comprehension_q,correct_answer,meta
ryskin2021,,1,Control,ryskin2021//1/Control,,someone who has fought in a war is a veteran .,Someone who has fought in a war is a veteran.,,0,plausible,,word_form,ryskin2021//1/Control,Someone who has fought in a war is a veteran.,none,,,,,,,{}
ryskin2021,,1,SemCrit,ryskin2021//1/SemCrit,,someone who has fought in a war is a veterinarian .,Someone who has fought in a war is a veterinarian.,,1,implausible,,word_form,ryskin2021//1/Control,Someone who has fought in a war is a veteran.,sub,sub,veterinarian.,veteran.,9,,,{}
ryskin2021,,1,Sem,ryskin2021//1/Sem,,someone who has fought in a war is a rhinestone .,Someone who has fought in a war is a rhinestone.,,2,implausible,,word_form,ryskin2021//1/Control,Someone who has fought in a war is a veteran.,sub,sub,rhinestone.,veteran.,9,,,{}
ryskin2021,,1,Synt,ryskin2021//1/Synt,,someone who has fought in a war is a veterans .,Someone who has fought in a war is a veterans.,,3,implausible,,word_form,ryskin2021//1/Control,Someone who has fought in a war is a veteran.,sub,sub,veterans.,veteran.,9,,,{}
ryskin2021,,2,Control,ryskin2021//2/Control,,the woman brought her sick pet dog to a veterinarian .,The woman brought her sick pet dog to a veterinarian.,,4,plausible,,word_form,ryskin2021//2/Control,The woman brought her sick pet dog to a veterinarian.,none,,,,,,,{}
ryskin2021,,2,SemCrit,ryskin2021//2/SemCrit,,the woman brought her sick pet dog to a veteran .,The woman brought her sick pet dog to a veteran.,,5,implausible,,word_form,ryskin2021//2/Control,The woman brought her sick pet dog to a veterinarian.,sub,sub,veteran.,veterinarian.,9,,,{}
ryskin2021,,2,Sem,ryskin2021//2/Sem,,the woman brought her sick pet dog to a carton .,The woman brought her sick pet dog to a carton.,,6,implausible,,word_form,ryskin2021//2/Control,The woman brought her sick pet dog to a veterinarian.,sub,sub,carton.,veterinarian.,9,,,{}
ryskin2021,,2,Synt,ryskin2021//2/Synt,,the woman brought her sick pet dog to a veterinarians .,The woman brought her sick pet dog to a veterinarians.,,7,implausible,,word_form,ryskin2021//2/Control,The woman brought her sick pet dog to a veterinarian.,sub,sub,veterinarians.,veterinarian.,9,,,{}
ryskin2021,,3,Control,ryskin2021//3/Control,,the vintage wedding dress was big and required an alteration .,The vintage wedding dress was big and required an alteration.,,8,plausible,,word_form,ryskin2021//3/Control,The vintage wedding dress was big and required an alteration.,none,,,,,,,{}
ryskin2021,,3,SemCrit,ryskin2021//3/SemCrit,,the vintage wedding dress was big and required an altercation .,The vintage wedding dress was big and required an altercation.,,9,implausible,,word_form,ryskin2021//3/Control,The vintage wedding dress was big and required an alteration.,sub,sub,altercation.,alteration.,9,,,{}
ryskin2021,,3,Sem,ryskin2021//3/Sem,,the vintage wedding dress was big and required an inferno .,The vintage wedding dress was big and required an inferno.,,10,implausible,,word_form,ryskin2021//3/Control,The vintage wedding dress was big and required an alteration.,sub,sub,inferno.,alteration.,9,,,{}
ryskin2021,,3,Synt,ryskin2021//3/Synt,,the vintage wedding dress was big and required an alterations .,The vintage wedding dress was big and required an alterations.,,11,implausible,,word_form,ryskin2021//3/Control,The vintage wedding dress was big and required an alteration.,sub,sub,alterations.,alteration.,9,,,{}
ryskin2021,,4,Control,ryskin2021//4/Control,,mediators prevented the dispute from escalating into a violent altercation .,Mediators prevented the dispute from escalating into a violent altercation.,,12,plausible,,word_form,ryskin2021//4/Control,Mediators prevented the dispute from escalating into a violent altercation.,none,,,,,,,{}
ryskin2021,,4,SemCrit,ryskin2021//4/SemCrit,,mediators prevented the dispute from escalating into a violent alteration .,Mediators prevented the dispute from escalating into a violent alteration.,,13,implausible,,word_form,ryskin2021//4/Control,Mediators prevented the dispute from escalating into a violent altercation.,sub,sub,alteration.,altercation.,9,,,{}
ryskin2021,,4,Sem,ryskin2021//4/Sem,,mediators prevented the dispute from escalating into a violent muskrat .,Mediators prevented the dispute from escalating into a violent muskrat.,,14,implausible,,word_form,ryskin2021//4/Control,Mediators prevented the dispute from escalating into a violent altercation.,sub,sub,muskrat.,altercation.,9,,,{}
ryskin2021,,4,Synt,ryskin2021//4/Synt,,mediators prevented the dispute from escalating into a violent altercations .,Mediators prevented the dispute from escalating into a violent altercations.,,15,implausible,,word_form,ryskin2021//4/Control,Mediators prevented the dispute from escalating into a violent altercation.,sub,sub,altercations.,altercation.,9,,,{}
ryskin2021,,5,Control,ryskin2021//5/Control,,the storyteller could turn any incident into an amusing anecdote .,The storyteller could turn any incident into an amusing anecdote.,,16,plausible,,word_form,ryskin2021//5/Control,The storyteller could turn any incident into an amusing anecdote.,none,,,,,,,{}
ryskin2021,,5,SemCrit,ryskin2021//5/SemCrit,,the storyteller could turn any incident into an amusing antidote .,The storyteller could turn any incident into an amusing antidote.,,17,implausible,,word_form,ryskin2021//5/Control,The storyteller could turn any incident into an amusing anecdote.,sub,sub,antidote.,anecdote.,9,,,{}
ryskin2021,,5,Sem,ryskin2021//5/Sem,,the storyteller could turn any incident into an amusing hearse .,The storyteller could turn any incident into an amusing hearse.,,18,implausible,,word_form,ryskin2021//5/Control,The storyteller could turn any incident into an amusing anecdote.,sub,sub,hearse.,anecdote.,9,,,{}
ryskin2021,,5,Synt,ryskin2021//5/Synt,,the storyteller could turn any incident into an amusing anecdotes .,The storyteller could turn any incident into an amusing anecdotes.,,19,implausible,,word_form,ryskin2021//5/Control,The storyteller could turn any incident into an amusing anecdote.,sub,sub,anecdotes.,anecdote.,9,,,{}
ryskin2021,,6,Control,ryskin2021//6/Control,,she saved him from the poison by administering an antidote .,She saved him from the poison by administering an antidote.,,20,plausible,,word_form,ryskin2021//6/Control,She saved him from the poison by administering an antidote.,none,,,,,,,{}
ryskin2021,,6,SemCrit,ryskin2021//6/SemCrit,,she saved him from the poison by administering an anecdote .,She saved him from the poison by administering an anecdote.,,21,implausible,,word_form,ryskin2021//6/Control,She saved him from the poison by administering an antidote.,sub,sub,anecdote.,antidote.,9,,,{}
ryskin2021,,6,Sem,ryskin2021//6/Sem,,she saved him from the poison by administering a matinee .,She saved him from the poison by administering a matinee.,,22,implausible,,word_form,ryskin2021//6/Control,She saved him from the poison by administering an antidote.,sub,sub,a matinee.,an antidote.,8,,,{}
ryskin2021,,6,Synt,ryskin2021//6/Synt,,she saved him from the poison by administering an antidotes .,She saved him from the poison by administering an antidotes.,,23,implausible,,word_form,ryskin2021//6/Control,She saved him from the poison by administering an antidote.,sub,sub,antidotes.,antidote.,9,,,{}
ryskin2021,,7,Control,ryskin2021//7/Control,,clownfish have evolved invulnerability to the poison tentacles of anemones .,Clownfish have evolved invulnerability to the poison tentacles of anemones.,,24,plausible,,word_form,ryskin2021//7/Control,Clownfish have evolved invulnerability to the poison tentacles of anemones.,none,,,,,,,{}
ryskin2021,,7,SemCrit,ryskin2021//7/SemCrit,,clownfish have evolved invulnerability to the poison tentacles of amenities .,Clownfish have evolved invulnerability to the poison tentacles of amenities.,,25,implausible,,word_form,ryskin2021//7/Control,Clownfish have evolved invulnerability to the poison tentacles of anemones.,sub,sub,amenities.,anemones.,9,,,{}
ryskin2021,,7,Sem,ryskin2021//7/Sem,,clownfish have evolved invulnerability to the poison tentacles of ornaments .,Clownfish have evolved invulnerability to the poison tentacles of ornaments.,,26,implausible,,word_form,ryskin2021//7/Control,Clownfish have evolved invulnerability to the poison tentacles of anemones.,sub,sub,ornaments.,anemones.,9,,,{}
ryskin2021,,7,Synt,ryskin2021//7/Synt,,clownfish have evolved invulnerability to the poison tentacles of anemone .,Clownfish have evolved invulnerability to the poison tentacles of anemone.,,27,implausible,,word_form,ryskin2021//7/Control,Clownfish have evolved invulnerability to the poison tentacles of anemones.,sub,sub,anemone.,anemones.,9,,,{}
ryskin2021,,8,Control,ryskin2021//8/Control,,the upscale apartment was complete with all these modern amenities .,The upscale apartment was complete with all these modern amenities.,,28,plausible,,word_form,ryskin2021//8/Control,The upscale apartment was complete with all these modern amenities.,none,,,,,,,{}
ryskin2021,,8,SemCrit,ryskin2021//8/SemCrit,,the upscale apartment was complete with all these modern anemones .,The upscale apartment was complete with all these modern anemones.,,29,implausible,,word_form,ryskin2021//8/Control,The upscale apartment was complete with all these modern amenities.,sub,sub,anemones.,amenities.,9,,,{}
ryskin2021,,8,Sem,ryskin2021//8/Sem,,the upscale apartment was complete with all these modern lymph .,The upscale apartment was complete with all these modern lymph.,,30,implausible,,word_form,ryskin2021//8/Control,The upscale apartment was complete with all these modern amenities.,sub,sub,lymph.,amenities.,9,,,{}
ryskin2021,,8,Synt,ryskin2021//8/Synt,,the upscale apartment was complete with all these modern amenity .,The upscale apartment was complete with all these modern amenity.,,31,implausible,,word_form,ryskin2021//8/Control,The upscale apartment was complete with all these modern amenities.,sub,sub,amenity.,amenities.,9,,,{}
ryskin2021,,9,Control,ryskin2021//9/Control,,the flooded river fertilized the fields with a rich sediment .,The flooded river fertilized the fields with a rich sediment.,,32,plausible,,word_form,ryskin2021//9/Control,The flooded river fertilized the fields with a rich sediment.,none,,,,,,,{}
ryskin2021,,9,SemCrit,ryskin2021//9/SemCrit,,the flooded river fertilized the fields with a rich sentiment .,The flooded river fertilized the fields with a rich sentiment.,,33,implausible,,word_form,ryskin2021//9/Control,The flooded river fertilized the fields with a rich sediment.,sub,sub,sentiment.,sediment.,9,,,{}
ryskin2021,,9,Sem,ryskin2021//9/Sem,,the flooded river fertilized the fields with a rich juggler .,The flooded river fertilized the fields with a rich juggler.,,34,implausible,,word_form,ryskin2021//9/Control,The flooded river fertilized the fields with a rich sediment.,sub,sub,juggler.,sediment.,9,,,{}
ryskin2021,,9,Synt,ryskin2021//9/Synt,,the flooded river fertilized the fields with a rich sediments .,The flooded river fertilized the fields with a rich sediments.,,35,implausible,,word_form,ryskin2021//9/Control,The flooded river fertilized the fields with a rich sediment.,sub,sub,sediments.,sediment.,9,,,{}
ryskin2021,,10,Control,ryskin2021//10/Control,,political corruption and economic hardship fueled a growing anti-government sentiment .,Political corruption and economic hardship fueled a growing anti-government sentiment.,,36,plausible,,word_form,ryskin2021//10/Control,Political corruption and economic hardship fueled a growing anti-government sentiment.,none,,,,,,,{}
ryskin2021,,10,SemCrit,ryskin2021//10/SemCrit,,political corruption and economic hardship fueled a growing anti-government sediment .,Political corruption and economic hardship fueled a growing anti-government sediment.,,37,implausible,,word_form,ryskin2021//10/Control,Political corruption and economic hardship fueled a growing anti-government sentiment.,sub,sub,sediment.,sentiment.,9,,,{}
ryskin2021,,10,Sem,ryskin2021//10/Sem,,political corruption and economic hardship fueled a growing anti-government dalmatian .,Political corruption and economic hardship fueled a growing anti-government dalmatian.,,38,implausible,,word_form,ryskin2021//10/Control,Political corruption and economic hardship fueled a growing anti-government sentiment.,sub,sub,dalmatian.,sentiment.,9,,,{}
ryskin2021,,10,Synt,ryskin2021//10/Synt,,political corruption and economic hardship fueled a growing anti-government sentiments .,Political corruption and economic hardship fueled a growing anti-government sentiments.,,39,implausible,,word_form,ryskin2021//10/Control,Political corruption and economic hardship fueled a growing anti-government sentiment.,sub,sub,sentiments.,sentiment.,9,,,{}
ryskin2021,,11,Control,ryskin2021//11/Control,,up on the tree branch perched a bright red cardinal .,Up on the tree branch perched a bright red cardinal.,,40,plausible,,word_form,ryskin2021//11/Control,Up on the tree branch perched a bright red cardinal.,none,,,,,,,{}
ryskin2021,,11,SemCrit,ryskin2021//11/SemCrit,,up on the tree branch perched a bright red carnival .,Up on the tree branch perched a bright red carnival.,,41,implausible,,word_form,ryskin2021//11/Control,Up on the tree branch perched a bright red cardinal.,sub,sub,carnival.,cardinal.,9,,,{}
ryskin2021,,11,Sem,ryskin2021//11/Sem,,up on the tree branch perched a bright red masquerade .,Up on the tree branch perched a bright red masquerade.,,42,implausible,,word_form,ryskin2021//11/Control,Up on the tree branch perched a bright red cardinal.,sub,sub,masquerade.,cardinal.,9,,,{}
ryskin2021,,11,Synt,ryskin2021//11/Synt,,up on the tree branch perched a bright red cardinals .,Up on the tree branch perched a bright red cardinals.,,43,implausible,,word_form,ryskin2021//11/Control,Up on the tree branch perched a bright red cardinal.,sub,sub,cardinals.,cardinal.,9,,,{}
ryskin2021,,12,Control,ryskin2021//12/Control,,there is a beanbag toss game booth at this carnival .,There is a beanbag toss game booth at this carnival.,,44,plausible,,word_form,ryskin2021//12/Control,There is a beanbag toss game booth at this carnival.,none,,,,,,,{}
ryskin2021,,12,SemCrit,ryskin2021//12/SemCrit,,there is a beanbag toss game booth at this cardinal .,There is a beanbag toss game booth at this cardinal.,,45,implausible,,word_form,ryskin2021//12/Control,There is a beanbag toss game booth at this carnival.,sub,sub,cardinal.,carnival.,9,,,{}
ryskin2021,,12,Sem,ryskin2021//12/Sem,,there is a beanbag toss game booth at this destruction .,There is a beanbag toss game booth at this destruction.,,46,implausible,,word_form,ryskin2021//12/Control,There is a beanbag toss game booth at this carnival.,sub,sub,destruction.,carnival.,9,,,{}
ryskin2021,,12,Synt,ryskin2021//12/Synt,,there is a beanbag toss game booth at this carnivals .,There is a beanbag toss game booth at this carnivals.,,47,implausible,,word_form,ryskin2021//12/Control,There is a beanbag toss game booth at this carnival.,sub,sub,carnivals.,carnival.,9,,,{}
ryskin2021,,13,Control,ryskin2021//13/Control,,the reagents reacted faster in the presence of a catalyst .,The reagents reacted faster in the presence of a catalyst.,,48,plausible,,word_form,ryskin2021//13/Control,The reagents reacted faster in the presence of a catalyst.,none,,,,,,,{}
ryskin2021,,13,SemCrit,ryskin2021//13/SemCrit,,the reagents reacted faster in the presence of a callus .,The reagents reacted faster in the presence of a callus.,,49,implausible,,word_form,ryskin2021//13/Control,The reagents reacted faster in the presence of a catalyst.,sub,sub,callus.,catalyst.,9,,,{}
ryskin2021,,13,Sem,ryskin2021//13/Sem,,the reagents reacted faster in the presence of an anecdote .,The reagents reacted faster in the presence of an anecdote.,,50,implausible,,word_form,ryskin2021//13/Control,The reagents reacted faster in the presence of a catalyst.,sub,sub,an anecdote.,a catalyst.,8,,,{}
ryskin2021,,13,Synt,ryskin2021//13/Synt,,the reagents reacted faster in the presence of a catalysts .,The reagents reacted faster in the presence of a catalysts.,,51,implausible,,word_form,ryskin2021//13/Control,The reagents reacted faster in the presence of a catalyst.,sub,sub,catalysts.,catalyst.,9,,,{}
ryskin2021,,15,Control,ryskin2021//15/Control,,pikemen can be an effective defense against a charging cavalry .,Pikemen can be an effective defense against a charging cavalry.,,52,plausible,,word_form,ryskin2021//15/Control,Pikemen can be an effective defense against a charging cavalry.,none,,,,,,,{}
ryskin2021,,15,SemCrit,ryskin2021//15/SemCrit,,pikemen can be an effective defense against a charging cavity .,Pikemen can be an effective defense against a charging cavity.,,53,implausible,,word_form,ryskin2021//15/Control,Pikemen can be an effective defense against a charging cavalry.,sub,sub,cavity.,cavalry.,9,,,{}
ryskin2021,,15,Sem,ryskin2021//15/Sem,,pikemen can be an effective defense against a charging stipulation .,Pikemen can be an effective defense against a charging stipulation.,,54,implausible,,word_form,ryskin2021//15/Control,Pikemen can be an effective defense against a charging cavalry.,sub,sub,stipulation.,cavalry.,9,,,{}
ryskin2021,,15,Synt,ryskin2021//15/Synt,,pikemen can be an effective defense against a charging cavalries .,Pikemen can be an effective defense against a charging cavalries.,,55,implausible,,word_form,ryskin2021//15/Control,Pikemen can be an effective defense against a charging cavalry.,sub,sub,cavalries.,cavalry.,9,,,{}
ryskin2021,,16,Control,ryskin2021//16/Control,,the dentist congratulated me on not having a single cavity .,The dentist congratulated me on not having a single cavity.,,56,plausible,,word_form,ryskin2021//16/Control,The dentist congratulated me on not having a single cavity.,none,,,,,,,{}
ryskin2021,,16,SemCrit,ryskin2021//16/SemCrit,,the dentist congratulated me on not having a single cavalry .,The dentist congratulated me on not having a single cavalry.,,57,implausible,,word_form,ryskin2021//16/Control,The dentist congratulated me on not having a single cavity.,sub,sub,cavalry.,cavity.,9,,,{}
ryskin2021,,16,Sem,ryskin2021//16/Sem,,the dentist congratulated me on not having a single petal .,The dentist congratulated me on not having a single petal.,,58,implausible,,word_form,ryskin2021//16/Control,The dentist congratulated me on not having a single cavity.,sub,sub,petal.,cavity.,9,,,{}
ryskin2021,,16,Synt,ryskin2021//16/Synt,,the dentist congratulated me on not having a single cavities .,The dentist congratulated me on not having a single cavities.,,59,implausible,,word_form,ryskin2021//16/Control,The dentist congratulated me on not having a single cavity.,sub,sub,cavities.,cavity.,9,,,{}
ryskin2021,,17,Control,ryskin2021//17/Control,,after my root canal the dentist prescribed a pain medication .,After my root canal the dentist prescribed a pain medication.,,60,plausible,,word_form,ryskin2021//17/Control,After my root canal the dentist prescribed a pain medication.,none,,,,,,,{}
ryskin2021,,17,SemCrit,ryskin2021//17/SemCrit,,after my root canal the dentist prescribed a pain meditation .,After my root canal the dentist prescribed a pain meditation.,,61,implausible,,word_form,ryskin2021//17/Control,After my root canal the dentist prescribed a pain medication.,sub,sub,meditation.,medication.,9,,,{}
ryskin2021,,17,Sem,ryskin2021//17/Sem,,after my root canal the dentist prescribed a pain balcony .,After my root canal the dentist prescribed a pain balcony.,,62,implausible,,word_form,ryskin2021//17/Control,After my root canal the dentist prescribed a pain medication.,sub,sub,balcony.,medication.,9,,,{}
ryskin2021,,17,Synt,ryskin2021//17/Synt,,after my root canal the dentist prescribed a pain medications .,After my root canal the dentist prescribed a pain medications.,,63,implausible,,word_form,ryskin2021//17/Control,After my root canal the dentist prescribed a pain medication.,sub,sub,medications.,medication.,9,,,{}
ryskin2021,,18,Control,ryskin2021//18/Control,,the monk sat quietly and fell into a deep meditation .,The monk sat quietly and fell into a deep meditation.,,64,plausible,,word_form,ryskin2021//18/Control,The monk sat quietly and fell into a deep meditation.,none,,,,,,,{}
ryskin2021,,18,SemCrit,ryskin2021//18/SemCrit,,the monk sat quietly and fell into a deep medication .,The monk sat quietly and fell into a deep medication.,,65,implausible,,word_form,ryskin2021//18/Control,The monk sat quietly and fell into a deep meditation.,sub,sub,medication.,meditation.,9,,,{}
ryskin2021,,18,Sem,ryskin2021//18/Sem,,the monk sat quietly and fell into a deep arsenal .,The monk sat quietly and fell into a deep arsenal.,,66,implausible,,word_form,ryskin2021//18/Control,The monk sat quietly and fell into a deep meditation.,sub,sub,arsenal.,meditation.,9,,,{}
ryskin2021,,18,Synt,ryskin2021//18/Synt,,the monk sat quietly and fell into a deep meditations .,The monk sat quietly and fell into a deep meditations.,,67,implausible,,word_form,ryskin2021//18/Control,The monk sat quietly and fell into a deep meditation.,sub,sub,meditations.,meditation.,9,,,{}
ryskin2021,,19,Control,ryskin2021//19/Control,,her grandmother's pennies inspired her to start a coin collection .,Her grandmother's pennies inspired her to start a coin collection.,,68,plausible,,word_form,ryskin2021//19/Control,Her grandmother's pennies inspired her to start a coin collection.,none,,,,,,,{}
ryskin2021,,19,SemCrit,ryskin2021//19/SemCrit,,her grandmother's pennies inspired her to start a coin correction .,Her grandmother's pennies inspired her to start a coin correction.,,69,implausible,,word_form,ryskin2021//19/Control,Her grandmother's pennies inspired her to start a coin collection.,sub,sub,correction.,collection.,9,,,{}
ryskin2021,,19,Sem,ryskin2021//19/Sem,,her grandmother's pennies inspired her to start a coin parasol .,Her grandmother's pennies inspired her to start a coin parasol.,,70,implausible,,word_form,ryskin2021//19/Control,Her grandmother's pennies inspired her to start a coin collection.,sub,sub,parasol.,collection.,9,,,{}
ryskin2021,,19,Synt,ryskin2021//19/Synt,,her grandmother's pennies inspired her to start a coin collections .,Her grandmother's pennies inspired her to start a coin collections.,,71,implausible,,word_form,ryskin2021//19/Control,Her grandmother's pennies inspired her to start a coin collection.,sub,sub,collections.,collection.,9,,,{}
ryskin2021,,20,Control,ryskin2021//20/Control,,the teacher interrupted his sentence to make a grammatical correction .,The teacher interrupted his sentence to make a grammatical correction.,,72,plausible,,word_form,ryskin2021//20/Control,The teacher interrupted his sentence to make a grammatical correction.,none,,,,,,,{}
ryskin2021,,20,SemCrit,ryskin2021//20/SemCrit,,the teacher interrupted his sentence to make a grammatical collection .,The teacher interrupted his sentence to make a grammatical collection.,,73,implausible,,word_form,ryskin2021//20/Control,The teacher interrupted his sentence to make a grammatical correction.,sub,sub,collection.,correction.,9,,,{}
ryskin2021,,20,Sem,ryskin2021//20/Sem,,the teacher interrupted his sentence to make a grammatical mercenary .,The teacher interrupted his sentence to make a grammatical mercenary.,,74,implausible,,word_form,ryskin2021//20/Control,The teacher interrupted his sentence to make a grammatical correction.,sub,sub,mercenary.,correction.,9,,,{}
ryskin2021,,20,Synt,ryskin2021//20/Synt,,the teacher interrupted his sentence to make a grammatical corrections .,The teacher interrupted his sentence to make a grammatical corrections.,,75,implausible,,word_form,ryskin2021//20/Control,The teacher interrupted his sentence to make a grammatical correction.,sub,sub,corrections.,correction.,9,,,{}
ryskin2021,,21,Control,ryskin2021//21/Control,,an intense tension headache can be mistaken for a migraine .,An intense tension headache can be mistaken for a migraine.,,76,plausible,,word_form,ryskin2021//21/Control,An intense tension headache can be mistaken for a migraine.,none,,,,,,,{}
ryskin2021,,21,SemCrit,ryskin2021//21/SemCrit,,an intense tension headache can be mistaken for a migrant .,An intense tension headache can be mistaken for a migrant.,,77,implausible,,word_form,ryskin2021//21/Control,An intense tension headache can be mistaken for a migraine.,sub,sub,migrant.,migraine.,9,,,{}
ryskin2021,,21,Sem,ryskin2021//21/Sem,,an intense tension headache can be mistaken for an empire .,An intense tension headache can be mistaken for an empire.,,78,implausible,,word_form,ryskin2021//21/Control,An intense tension headache can be mistaken for a migraine.,sub,sub,an empire.,a migraine.,8,,,{}
ryskin2021,,21,Synt,ryskin2021//21/Synt,,an intense tension headache can be mistaken for a migraines .,An intense tension headache can be mistaken for a migraines.,,79,implausible,,word_form,ryskin2021//21/Control,An intense tension headache can be mistaken for a migraine.,sub,sub,migraines.,migraine.,9,,,{}
ryskin2021,,22,Control,ryskin2021//22/Control,,harvesting crops is often the job of a seasonal migrant .,Harvesting crops is often the job of a seasonal migrant.,,80,plausible,,word_form,ryskin2021//22/Control,Harvesting crops is often the job of a seasonal migrant.,none,,,,,,,{}
ryskin2021,,22,SemCrit,ryskin2021//22/SemCrit,,harvesting crops is often the job of a seasonal migraine .,Harvesting crops is often the job of a seasonal migraine.,,81,implausible,,word_form,ryskin2021//22/Control,Harvesting crops is often the job of a seasonal migrant.,sub,sub,migraine.,migrant.,9,,,{}
ryskin2021,,22,Sem,ryskin2021//22/Sem,,harvesting crops is often the job of a seasonal massage .,Harvesting crops is often the job of a seasonal massage.,,82,implausible,,word_form,ryskin2021//22/Control,Harvesting crops is often the job of a seasonal migrant.,sub,sub,massage.,migrant.,9,,,{}
ryskin2021,,22,Synt,ryskin2021//22/Synt,,harvesting crops is often the job of a seasonal migrants .,Harvesting crops is often the job of a seasonal migrants.,,83,implausible,,word_form,ryskin2021//22/Control,Harvesting crops is often the job of a seasonal migrant.,sub,sub,migrants.,migrant.,9,,,{}
ryskin2021,,24,Control,ryskin2021//24/Control,,the child wore a glittery crown with a pink rhinestone .,The child wore a glittery crown with a pink rhinestone.,,84,plausible,,word_form,ryskin2021//24/Control,The child wore a glittery crown with a pink rhinestone.,none,,,,,,,{}
ryskin2021,,24,SemCrit,ryskin2021//24/SemCrit,,the child wore a glittery crown with a pink rhino .,The child wore a glittery crown with a pink rhino.,,85,implausible,,word_form,ryskin2021//24/Control,The child wore a glittery crown with a pink rhinestone.,sub,sub,rhino.,rhinestone.,9,,,{}
ryskin2021,,24,Sem,ryskin2021//24/Sem,,the child wore a glittery crown with a pink captain .,The child wore a glittery crown with a pink captain.,,86,implausible,,word_form,ryskin2021//24/Control,The child wore a glittery crown with a pink rhinestone.,sub,sub,captain.,rhinestone.,9,,,{}
ryskin2021,,24,Synt,ryskin2021//24/Synt,,the child wore a glittery crown with a pink rhinestones .,The child wore a glittery crown with a pink rhinestones.,,87,implausible,,word_form,ryskin2021//24/Control,The child wore a glittery crown with a pink rhinestone.,sub,sub,rhinestones.,rhinestone.,9,,,{}
ryskin2021,,25,Control,ryskin2021//25/Control,,the cause of death must be determined by a coroner .,The cause of death must be determined by a coroner.,,88,plausible,,word_form,ryskin2021//25/Control,The cause of death must be determined by a coroner.,none,,,,,,,{}
ryskin2021,,25,SemCrit,ryskin2021//25/SemCrit,,the cause of death must be determined by a corridor .,The cause of death must be determined by a corridor.,,89,implausible,,word_form,ryskin2021//25/Control,The cause of death must be determined by a coroner.,sub,sub,corridor.,coroner.,9,,,{}
ryskin2021,,25,Sem,ryskin2021//25/Sem,,the cause of death must be determined by a dynasty .,The cause of death must be determined by a dynasty.,,90,implausible,,word_form,ryskin2021//25/Control,The cause of death must be determined by a coroner.,sub,sub,dynasty.,coroner.,9,,,{}
ryskin2021,,25,Synt,ryskin2021//25/Synt,,the cause of death must be determined by a coroners .,The cause of death must be determined by a coroners.,,91,implausible,,word_form,ryskin2021//25/Control,The cause of death must be determined by a coroner.,sub,sub,coroners.,coroner.,9,,,{}
ryskin2021,,26,Control,ryskin2021//26/Control,,his office is down at the end of this corridor .,His office is down at the end of this corridor.,,92,plausible,,word_form,ryskin2021//26/Control,His office is down at the end of this corridor.,none,,,,,,,{}
ryskin2021,,26,SemCrit,ryskin2021//26/SemCrit,,his office is down at the end of this coroner .,His office is down at the end of this coroner.,,93,implausible,,word_form,ryskin2021//26/Control,His office is down at the end of this corridor.,sub,sub,coroner.,corridor.,9,,,{}
ryskin2021,,26,Sem,ryskin2021//26/Sem,,his office is down at the end of this arsenic .,His office is down at the end of this arsenic.,,94,implausible,,word_form,ryskin2021//26/Control,His office is down at the end of this corridor.,sub,sub,arsenic.,corridor.,9,,,{}
ryskin2021,,26,Synt,ryskin2021//26/Synt,,his office is down at the end of this corridors .,His office is down at the end of this corridors.,,95,implausible,,word_form,ryskin2021//26/Control,His office is down at the end of this corridor.,sub,sub,corridors.,corridor.,9,,,{}
ryskin2021,,27,Control,ryskin2021//27/Control,,statisticians emphasize that causation is not implied by a correlation .,Statisticians emphasize that causation is not implied by a correlation.,,96,plausible,,word_form,ryskin2021//27/Control,Statisticians emphasize that causation is not implied by a correlation.,none,,,,,,,{}
ryskin2021,,27,SemCrit,ryskin2021//27/SemCrit,,statisticians emphasize that causation is not implied by a coronation .,Statisticians emphasize that causation is not implied by a coronation.,,97,implausible,,word_form,ryskin2021//27/Control,Statisticians emphasize that causation is not implied by a correlation.,sub,sub,coronation.,correlation.,9,,,{}
ryskin2021,,27,Sem,ryskin2021//27/Sem,,statisticians emphasize that causation is not implied by a hypotenuse .,Statisticians emphasize that causation is not implied by a hypotenuse.,,98,implausible,,word_form,ryskin2021//27/Control,Statisticians emphasize that causation is not implied by a correlation.,sub,sub,hypotenuse.,correlation.,9,,,{}
ryskin2021,,27,Synt,ryskin2021//27/Synt,,statisticians emphasize that causation is not implied by a correlations .,Statisticians emphasize that causation is not implied by a correlations.,,99,implausible,,word_form,ryskin2021//27/Control,Statisticians emphasize that causation is not implied by a correlation.,sub,sub,correlations.,correlation.,9,,,{}
ryskin2021,,28,Control,ryskin2021//28/Control,,the king knelt to be crowned at an official coronation .,The king knelt to be crowned at an official coronation.,,100,plausible,,word_form,ryskin2021//28/Control,The king knelt to be crowned at an official coronation.,none,,,,,,,{}
ryskin2021,,28,SemCrit,ryskin2021//28/SemCrit,,the king knelt to be crowned at an official correlation .,The king knelt to be crowned at an official correlation.,,101,implausible,,word_form,ryskin2021//28/Control,The king knelt to be crowned at an official coronation.,sub,sub,correlation.,coronation.,9,,,{}
ryskin2021,,28,Sem,ryskin2021//28/Sem,,the king knelt to be crowned at an official parasite .,The king knelt to be crowned at an official parasite.,,102,implausible,,word_form,ryskin2021//28/Control,The king knelt to be crowned at an official coronation.,sub,sub,parasite.,coronation.,9,,,{}
ryskin2021,,28,Synt,ryskin2021//28/Synt,,the king knelt to be crowned at an official coronations .,The king knelt to be crowned at an official coronations.,,103,implausible,,word_form,ryskin2021//28/Control,The king knelt to be crowned at an official coronation.,sub,sub,coronations.,coronation.,9,,,{}
ryskin2021,,29,Control,ryskin2021//29/Control,,the moth attracted a mate by releasing a potent pheromone .,The moth attracted a mate by releasing a potent pheromone.,,104,plausible,,word_form,ryskin2021//29/Control,The moth attracted a mate by releasing a potent pheromone.,none,,,,,,,{}
ryskin2021,,29,SemCrit,ryskin2021//29/SemCrit,,the moth attracted a mate by releasing a potent pharaoh .,The moth attracted a mate by releasing a potent pharaoh.,,105,implausible,,word_form,ryskin2021//29/Control,The moth attracted a mate by releasing a potent pheromone.,sub,sub,pharaoh.,pheromone.,9,,,{}
ryskin2021,,29,Sem,ryskin2021//29/Sem,,the moth attracted a mate by releasing a potent admonition .,The moth attracted a mate by releasing a potent admonition.,,106,implausible,,word_form,ryskin2021//29/Control,The moth attracted a mate by releasing a potent pheromone.,sub,sub,admonition.,pheromone.,9,,,{}
ryskin2021,,29,Synt,ryskin2021//29/Synt,,the moth attracted a mate by releasing a potent pheromones .,The moth attracted a mate by releasing a potent pheromones.,,107,implausible,,word_form,ryskin2021//29/Control,The moth attracted a mate by releasing a potent pheromone.,sub,sub,pheromones.,pheromone.,9,,,{}
ryskin2021,,30,Control,ryskin2021//30/Control,,the archeologists found the mummy of a young egyptian pharaoh .,The archeologists found the mummy of a young egyptian pharaoh.,,108,plausible,,word_form,ryskin2021//30/Control,The archeologists found the mummy of a young egyptian pharaoh.,none,,,,,,,{}
ryskin2021,,30,SemCrit,ryskin2021//30/SemCrit,,the archeologists found the mummy of a young egyptian pheromone .,The archeologists found the mummy of a young egyptian pheromone.,,109,implausible,,word_form,ryskin2021//30/Control,The archeologists found the mummy of a young egyptian pharaoh.,sub,sub,pheromone.,pharaoh.,9,,,{}
ryskin2021,,30,Sem,ryskin2021//30/Sem,,the archeologists found the mummy of a young egyptian hearth .,The archeologists found the mummy of a young egyptian hearth.,,110,implausible,,word_form,ryskin2021//30/Control,The archeologists found the mummy of a young egyptian pharaoh.,sub,sub,hearth.,pharaoh.,9,,,{}
ryskin2021,,30,Synt,ryskin2021//30/Synt,,the archeologists found the mummy of a young egyptian pharoahs .,The archeologists found the mummy of a young egyptian pharoahs.,,111,implausible,,word_form,ryskin2021//30/Control,The archeologists found the mummy of a young egyptian pharaoh.,sub,sub,pharoahs.,pharaoh.,9,,,{}
ryskin2021,,31,Control,ryskin2021//31/Control,,the student went to medical school to become a physician .,The student went to medical school to become a physician.,,112,plausible,,word_form,ryskin2021//31/Control,The student went to medical school to become a physician.,none,,,,,,,{}
ryskin2021,,31,SemCrit,ryskin2021//31/SemCrit,,the student went to medical school to become a physicist .,The student went to medical school to become a physicist.,,113,implausible,,word_form,ryskin2021//31/Control,The student went to medical school to become a physician.,sub,sub,physicist.,physician.,9,,,{}
ryskin2021,,31,Sem,ryskin2021//31/Sem,,the student went to medical school to become a cardinal .,The student went to medical school to become a cardinal.,,114,implausible,,word_form,ryskin2021//31/Control,The student went to medical school to become a physician.,sub,sub,cardinal.,physician.,9,,,{}
ryskin2021,,31,Synt,ryskin2021//31/Synt,,the student went to medical school to become a physicians .,The student went to medical school to become a physicians.,,115,implausible,,word_form,ryskin2021//31/Control,The student went to medical school to become a physician.,sub,sub,physicians.,physician.,9,,,{}
ryskin2021,,32,Control,ryskin2021//32/Control,,a new gravitational theory was proposed by an eminent physicist .,A new gravitational theory was proposed by an eminent physicist.,,116,plausible,,word_form,ryskin2021//32/Control,A new gravitational theory was proposed by an eminent physicist.,none,,,,,,,{}
ryskin2021,,32,SemCrit,ryskin2021//32/SemCrit,,a new gravitational theory was proposed by an eminent physician .,A new gravitational theory was proposed by an eminent physician.,,117,implausible,,word_form,ryskin2021//32/Control,A new gravitational theory was proposed by an eminent physicist.,sub,sub,physician.,physicist.,9,,,{}
ryskin2021,,32,Sem,ryskin2021//32/Sem,,a new gravitational theory was proposed by an eminent campaign .,A new gravitational theory was proposed by an eminent campaign.,,118,implausible,,word_form,ryskin2021//32/Control,A new gravitational theory was proposed by an eminent physicist.,sub,sub,campaign.,physicist.,9,,,{}
ryskin2021,,32,Synt,ryskin2021//32/Synt,,a new gravitational theory was proposed by an eminent physicists .,A new gravitational theory was proposed by an eminent physicists.,,119,implausible,,word_form,ryskin2021//32/Control,A new gravitational theory was proposed by an eminent physicist.,sub,sub,physicists.,physicist.,9,,,{}
ryskin2021,,33,Control,ryskin2021//33/Control,,blinking causes a momentary pupil contraction followed by a dilation .,Blinking causes a momentary pupil contraction followed by a dilation.,,120,plausible,,word_form,ryskin2021//33/Control,Blinking causes a momentary pupil contraction followed by a dilation.,none,,,,,,,{}
ryskin2021,,33,SemCrit,ryskin2021//33/SemCrit,,blinking causes a momentary pupil contraction followed by a dilution .,Blinking causes a momentary pupil contraction followed by a dilution.,,121,implausible,,word_form,ryskin2021//33/Control,Blinking causes a momentary pupil contraction followed by a dilation.,sub,sub,dilution.,dilation.,9,,,{}
ryskin2021,,33,Sem,ryskin2021//33/Sem,,blinking causes a momentary pupil contraction followed by a mutiny .,Blinking causes a momentary pupil contraction followed by a mutiny.,,122,implausible,,word_form,ryskin2021//33/Control,Blinking causes a momentary pupil contraction followed by a dilation.,sub,sub,mutiny.,dilation.,9,,,{}
ryskin2021,,33,Synt,ryskin2021//33/Synt,,blinking causes a momentary pupil contraction followed by a dilations .,Blinking causes a momentary pupil contraction followed by a dilations.,,123,implausible,,word_form,ryskin2021//33/Control,Blinking causes a momentary pupil contraction followed by a dilation.,sub,sub,dilations.,dilation.,9,,,{}
ryskin2021,,34,Control,ryskin2021//34/Control,,the bleach is too concentrated and requires a 1-in-5 dilution .,The bleach is too concentrated and requires a 1-in-5 dilution.,,124,plausible,,word_form,ryskin2021//34/Control,The bleach is too concentrated and requires a 1-in-5 dilution.,none,,,,,,,{}
ryskin2021,,34,SemCrit,ryskin2021//34/SemCrit,,the bleach is too concentrated and requires a 1-in-5 dilation .,The bleach is too concentrated and requires a 1-in-5 dilation.,,125,implausible,,word_form,ryskin2021//34/Control,The bleach is too concentrated and requires a 1-in-5 dilution.,sub,sub,dilation.,dilution.,9,,,{}
ryskin2021,,34,Sem,ryskin2021//34/Sem,,the bleach is too concentrated and requires a 1-in-5 shudder .,The bleach is too concentrated and requires a 1-in-5 shudder.,,126,implausible,,word_form,ryskin2021//34/Control,The bleach is too concentrated and requires a 1-in-5 dilution.,sub,sub,shudder.,dilution.,9,,,{}
ryskin2021,,34,Synt,ryskin2021//34/Synt,,the bleach is too concentrated and requires a 1-in-5 dilutions .,The bleach is too concentrated and requires a 1-in-5 dilutions.,,127,implausible,,word_form,ryskin2021//34/Control,The bleach is too concentrated and requires a 1-in-5 dilution.,sub,sub,dilutions.,dilution.,9,,,{}
ryskin2021,,36,Control,ryskin2021//36/Control,,the vicious cyclone tragically caused many deaths and much destruction .,The vicious cyclone tragically caused many deaths and much destruction.,,128,plausible,,word_form,ryskin2021//36/Control,The vicious cyclone tragically caused many deaths and much destruction.,none,,,,,,,{}
ryskin2021,,36,SemCrit,ryskin2021//36/SemCrit,,the vicious cyclone tragically caused many deaths and much distraction .,The vicious cyclone tragically caused many deaths and much distraction.,,129,implausible,,word_form,ryskin2021//36/Control,The vicious cyclone tragically caused many deaths and much destruction.,sub,sub,distraction.,destruction.,9,,,{}
ryskin2021,,36,Sem,ryskin2021//36/Sem,,the vicious cyclone tragically caused many deaths and much aluminum .,The vicious cyclone tragically caused many deaths and much aluminum.,,130,implausible,,word_form,ryskin2021//36/Control,The vicious cyclone tragically caused many deaths and much destruction.,sub,sub,aluminum.,destruction.,9,,,{}
ryskin2021,,36,Synt,ryskin2021//36/Synt,,the vicious cyclone tragically caused many deaths and much destructions .,The vicious cyclone tragically caused many deaths and much destructions.,,131,implausible,,word_form,ryskin2021//36/Control,The vicious cyclone tragically caused many deaths and much destruction.,sub,sub,destructions.,destruction.,9,,,{}
ryskin2021,,38,Control,ryskin2021//38/Control,,one window on the dilapidated house was missing a shutter .,One window on the dilapidated house was missing a shutter.,,132,plausible,,word_form,ryskin2021//38/Control,One window on the dilapidated house was missing a shutter.,none,,,,,,,{}
ryskin2021,,38,SemCrit,ryskin2021//38/SemCrit,,one window on the dilapidated house was missing a shudder .,One window on the dilapidated house was missing a shudder.,,133,implausible,,word_form,ryskin2021//38/Control,One window on the dilapidated house was missing a shutter.,sub,sub,shudder.,shutter.,9,,,{}
ryskin2021,,38,Sem,ryskin2021//38/Sem,,one window on the dilapidated house was missing a migrant .,One window on the dilapidated house was missing a migrant.,,134,implausible,,word_form,ryskin2021//38/Control,One window on the dilapidated house was missing a shutter.,sub,sub,migrant.,shutter.,9,,,{}
ryskin2021,,38,Synt,ryskin2021//38/Synt,,one window on the dilapidated house was missing a shutters .,One window on the dilapidated house was missing a shutters.,,135,implausible,,word_form,ryskin2021//38/Control,One window on the dilapidated house was missing a shutter.,sub,sub,shutters.,shutter.,9,,,{}
ryskin2021,,39,Control,ryskin2021//39/Control,,rupert murdoch is the owner of a vast media empire .,Rupert murdoch is the owner of a vast media empire.,,136,plausible,,word_form,ryskin2021//39/Control,Rupert murdoch is the owner of a vast media empire.,none,,,,,,,{}
ryskin2021,,39,SemCrit,ryskin2021//39/SemCrit,,rupert murdoch is the owner of a vast media umpire .,Rupert murdoch is the owner of a vast media umpire.,,137,implausible,,word_form,ryskin2021//39/Control,Rupert murdoch is the owner of a vast media empire.,sub,sub,umpire.,empire.,9,,,{}
ryskin2021,,39,Sem,ryskin2021//39/Sem,,rupert murdoch is the owner of a vast media meditation .,Rupert murdoch is the owner of a vast media meditation.,,138,implausible,,word_form,ryskin2021//39/Control,Rupert murdoch is the owner of a vast media empire.,sub,sub,meditation.,empire.,9,,,{}
ryskin2021,,39,Synt,ryskin2021//39/Synt,,rupert murdoch is the owner of a vast media empires .,Rupert murdoch is the owner of a vast media empires.,,139,implausible,,word_form,ryskin2021//39/Control,Rupert murdoch is the owner of a vast media empire.,sub,sub,empires.,empire.,9,,,{}
ryskin2021,,40,Control,ryskin2021//40/Control,,the baseball player felt cheated and swore at an umpire .,The baseball player felt cheated and swore at an umpire.,,140,plausible,,word_form,ryskin2021//40/Control,The baseball player felt cheated and swore at an umpire.,none,,,,,,,{}
ryskin2021,,40,SemCrit,ryskin2021//40/SemCrit,,the baseball player felt cheated and swore at an empire .,The baseball player felt cheated and swore at an empire.,,141,implausible,,word_form,ryskin2021//40/Control,The baseball player felt cheated and swore at an umpire.,sub,sub,empire.,umpire.,9,,,{}
ryskin2021,,40,Sem,ryskin2021//40/Sem,,the baseball player felt cheated and swore at a coronation .,The baseball player felt cheated and swore at a coronation.,,142,implausible,,word_form,ryskin2021//40/Control,The baseball player felt cheated and swore at an umpire.,sub,sub,a coronation.,an umpire.,8,,,{}
ryskin2021,,40,Synt,ryskin2021//40/Synt,,the baseball player felt cheated and swore at an umpires .,The baseball player felt cheated and swore at an umpires.,,143,implausible,,word_form,ryskin2021//40/Control,The baseball player felt cheated and swore at an umpire.,sub,sub,umpires.,umpire.,9,,,{}
ryskin2021,,41,Control,ryskin2021//41/Control,,the caribbean cruise package includes this kayaking and snorkeling excursion .,The caribbean cruise package includes this kayaking and snorkeling excursion.,,144,plausible,,word_form,ryskin2021//41/Control,The caribbean cruise package includes this kayaking and snorkeling excursion.,none,,,,,,,{}
ryskin2021,,41,SemCrit,ryskin2021//41/SemCrit,,the caribbean cruise package includes this kayaking and snorkeling exertion .,The caribbean cruise package includes this kayaking and snorkeling exertion.,,145,implausible,,word_form,ryskin2021//41/Control,The caribbean cruise package includes this kayaking and snorkeling excursion.,sub,sub,exertion.,excursion.,9,,,{}
ryskin2021,,41,Sem,ryskin2021//41/Sem,,the caribbean cruise package includes this kayaking and snorkeling irritation .,The caribbean cruise package includes this kayaking and snorkeling irritation.,,146,implausible,,word_form,ryskin2021//41/Control,The caribbean cruise package includes this kayaking and snorkeling excursion.,sub,sub,irritation.,excursion.,9,,,{}
ryskin2021,,41,Synt,ryskin2021//41/Synt,,the caribbean cruise package includes this kayaking and snorkeling excursions .,The caribbean cruise package includes this kayaking and snorkeling excursions.,,147,implausible,,word_form,ryskin2021//41/Control,The caribbean cruise package includes this kayaking and snorkeling excursion.,sub,sub,excursions.,excursion.,9,,,{}
ryskin2021,,42,Control,ryskin2021//42/Control,,he had sprinted and was still sweating from this exertion .,He had sprinted and was still sweating from this exertion.,,148,plausible,,word_form,ryskin2021//42/Control,He had sprinted and was still sweating from this exertion.,none,,,,,,,{}
ryskin2021,,42,SemCrit,ryskin2021//42/SemCrit,,he had sprinted and was still sweating from this excursion .,He had sprinted and was still sweating from this excursion.,,149,implausible,,word_form,ryskin2021//42/Control,He had sprinted and was still sweating from this exertion.,sub,sub,excursion.,exertion.,9,,,{}
ryskin2021,,42,Sem,ryskin2021//42/Sem,,he had sprinted and was still sweating from this cardinal .,He had sprinted and was still sweating from this cardinal.,,150,implausible,,word_form,ryskin2021//42/Control,He had sprinted and was still sweating from this exertion.,sub,sub,cardinal.,exertion.,9,,,{}
ryskin2021,,42,Synt,ryskin2021//42/Synt,,he had sprinted and was still sweating from this exertions .,He had sprinted and was still sweating from this exertions.,,151,implausible,,word_form,ryskin2021//42/Control,He had sprinted and was still sweating from this exertion.,sub,sub,exertions.,exertion.,9,,,{}
ryskin2021,,43,Control,ryskin2021//43/Control,,the study of sounds in language is known as phonology .,The study of sounds in language is known as phonology.,,152,plausible,,word_form,ryskin2021//43/Control,The study of sounds in language is known as phonology.,none,,,,,,,{}
ryskin2021,,43,SemCrit,ryskin2021//43/SemCrit,,the study of sounds in language is known as phrenology .,The study of sounds in language is known as phrenology.,,153,implausible,,word_form,ryskin2021//43/Control,The study of sounds in language is known as phonology.,sub,sub,phrenology.,phonology.,9,,,{}
ryskin2021,,43,Sem,ryskin2021//43/Sem,,the study of sounds in language is known as leisure .,The study of sounds in language is known as leisure.,,154,implausible,,word_form,ryskin2021//43/Control,The study of sounds in language is known as phonology.,sub,sub,leisure.,phonology.,9,,,{}
ryskin2021,,43,Synt,ryskin2021//43/Synt,,the study of sounds in language is known as phonologies .,The study of sounds in language is known as phonologies.,,155,implausible,,word_form,ryskin2021//43/Control,The study of sounds in language is known as phonology.,sub,sub,phonologies.,phonology.,9,,,{}
ryskin2021,,44,Control,ryskin2021//44/Control,,the pseudoscience of inferring personality from skull measurements is phrenology .,The pseudoscience of inferring personality from skull measurements is phrenology.,,156,plausible,,word_form,ryskin2021//44/Control,The pseudoscience of inferring personality from skull measurements is phrenology.,none,,,,,,,{}
ryskin2021,,44,SemCrit,ryskin2021//44/SemCrit,,the pseudoscience of inferring personality from skull measurements is phonology .,The pseudoscience of inferring personality from skull measurements is phonology.,,157,implausible,,word_form,ryskin2021//44/Control,The pseudoscience of inferring personality from skull measurements is phrenology.,sub,sub,phonology.,phrenology.,9,,,{}
ryskin2021,,44,Sem,ryskin2021//44/Sem,,the pseudoscience of inferring personality from skull measurements is saffron .,The pseudoscience of inferring personality from skull measurements is saffron.,,158,implausible,,word_form,ryskin2021//44/Control,The pseudoscience of inferring personality from skull measurements is phrenology.,sub,sub,saffron.,phrenology.,9,,,{}
ryskin2021,,44,Synt,ryskin2021//44/Synt,,the pseudoscience of inferring personality from skull measurements is phrenologies .,The pseudoscience of inferring personality from skull measurements is phrenologies.,,159,implausible,,word_form,ryskin2021//44/Control,The pseudoscience of inferring personality from skull measurements is phrenology.,sub,sub,phrenologies.,phrenology.,9,,,{}
ryskin2021,,45,Control,ryskin2021//45/Control,,the casket was carried to the cemetery in a hearse .,The casket was carried to the cemetery in a hearse.,,160,plausible,,word_form,ryskin2021//45/Control,The casket was carried to the cemetery in a hearse.,none,,,,,,,{}
ryskin2021,,45,SemCrit,ryskin2021//45/SemCrit,,the casket was carried to the cemetery in a hearth .,The casket was carried to the cemetery in a hearth.,,161,implausible,,word_form,ryskin2021//45/Control,The casket was carried to the cemetery in a hearse.,sub,sub,hearth.,hearse.,9,,,{}
ryskin2021,,45,Sem,ryskin2021//45/Sem,,the casket was carried to the cemetery in a dilution .,The casket was carried to the cemetery in a dilution.,,162,implausible,,word_form,ryskin2021//45/Control,The casket was carried to the cemetery in a hearse.,sub,sub,dilution.,hearse.,9,,,{}
ryskin2021,,45,Synt,ryskin2021//45/Synt,,the casket was carried to the cemetery in a hearses .,The casket was carried to the cemetery in a hearses.,,163,implausible,,word_form,ryskin2021//45/Control,The casket was carried to the cemetery in a hearse.,sub,sub,hearses.,hearse.,9,,,{}
ryskin2021,,47,Control,ryskin2021//47/Control,,the heat felt even worse because of all this humidity .,The heat felt even worse because of all this humidity.,,164,plausible,,word_form,ryskin2021//47/Control,The heat felt even worse because of all this humidity.,none,,,,,,,{}
ryskin2021,,47,SemCrit,ryskin2021//47/SemCrit,,the heat felt even worse because of all this humility .,The heat felt even worse because of all this humility.,,165,implausible,,word_form,ryskin2021//47/Control,The heat felt even worse because of all this humidity.,sub,sub,humility.,humidity.,9,,,{}
ryskin2021,,47,Sem,ryskin2021//47/Sem,,the heat felt even worse because of all this catalyst .,The heat felt even worse because of all this catalyst.,,166,implausible,,word_form,ryskin2021//47/Control,The heat felt even worse because of all this humidity.,sub,sub,catalyst.,humidity.,9,,,{}
ryskin2021,,47,Synt,ryskin2021//47/Synt,,the heat felt even worse because of all this humidities .,The heat felt even worse because of all this humidities.,,167,implausible,,word_form,ryskin2021//47/Control,The heat felt even worse because of all this humidity.,sub,sub,humidities.,humidity.,9,,,{}
ryskin2021,,48,Control,ryskin2021//48/Control,,the sermon denounced pride and extolled the virtue of humility .,The sermon denounced pride and extolled the virtue of humility.,,168,plausible,,word_form,ryskin2021//48/Control,The sermon denounced pride and extolled the virtue of humility.,none,,,,,,,{}
ryskin2021,,48,SemCrit,ryskin2021//48/SemCrit,,the sermon denounced pride and extolled the virtue of humidity .,The sermon denounced pride and extolled the virtue of humidity.,,169,implausible,,word_form,ryskin2021//48/Control,The sermon denounced pride and extolled the virtue of humility.,sub,sub,humidity.,humility.,9,,,{}
ryskin2021,,48,Sem,ryskin2021//48/Sem,,the sermon denounced pride and extolled the virtue of alumni .,The sermon denounced pride and extolled the virtue of alumni.,,170,implausible,,word_form,ryskin2021//48/Control,The sermon denounced pride and extolled the virtue of humility.,sub,sub,alumni.,humility.,9,,,{}
ryskin2021,,48,Synt,ryskin2021//48/Synt,,the sermon denounced pride and extolled the virtue of humilities .,The sermon denounced pride and extolled the virtue of humilities.,,171,implausible,,word_form,ryskin2021//48/Control,The sermon denounced pride and extolled the virtue of humility.,sub,sub,humilities.,humility.,9,,,{}
ryskin2021,,49,Control,ryskin2021//49/Control,,the scientist designed an experiment to test a controversial hypothesis .,The scientist designed an experiment to test a controversial hypothesis.,,172,plausible,,word_form,ryskin2021//49/Control,The scientist designed an experiment to test a controversial hypothesis.,none,,,,,,,{}
ryskin2021,,49,SemCrit,ryskin2021//49/SemCrit,,the scientist designed an experiment to test a controversial hypotenuse .,The scientist designed an experiment to test a controversial hypotenuse.,,173,implausible,,word_form,ryskin2021//49/Control,The scientist designed an experiment to test a controversial hypothesis.,sub,sub,hypotenuse.,hypothesis.,9,,,{}
ryskin2021,,49,Sem,ryskin2021//49/Sem,,the scientist designed an experiment to test a controversial gazette .,The scientist designed an experiment to test a controversial gazette.,,174,implausible,,word_form,ryskin2021//49/Control,The scientist designed an experiment to test a controversial hypothesis.,sub,sub,gazette.,hypothesis.,9,,,{}
ryskin2021,,49,Synt,ryskin2021//49/Synt,,the scientist designed an experiment to test a controversial hypotheses .,The scientist designed an experiment to test a controversial hypotheses.,,175,implausible,,word_form,ryskin2021//49/Control,The scientist designed an experiment to test a controversial hypothesis.,sub,sub,hypotheses.,hypothesis.,9,,,{}
ryskin2021,,50,Control,ryskin2021//50/Control,,use pythagoras' theorem to find the length of a hypotenuse .,Use pythagoras' theorem to find the length of a hypotenuse.,,176,plausible,,word_form,ryskin2021//50/Control,Use pythagoras' theorem to find the length of a hypotenuse.,none,,,,,,,{}
ryskin2021,,50,SemCrit,ryskin2021//50/SemCrit,,use pythagoras' theorem to find the length of a hypothesis .,Use pythagoras' theorem to find the length of a hypothesis.,,177,implausible,,word_form,ryskin2021//50/Control,Use pythagoras' theorem to find the length of a hypotenuse.,sub,sub,hypothesis.,hypotenuse.,9,,,{}
ryskin2021,,50,Sem,ryskin2021//50/Sem,,use pythagoras' theorem to find the length of a cavalry .,Use pythagoras' theorem to find the length of a cavalry.,,178,implausible,,word_form,ryskin2021//50/Control,Use pythagoras' theorem to find the length of a hypotenuse.,sub,sub,cavalry.,hypotenuse.,9,,,{}
ryskin2021,,50,Synt,ryskin2021//50/Synt,,use pythagoras' theorem to find the length of a hypotenuses .,Use pythagoras' theorem to find the length of a hypotenuses.,,179,implausible,,word_form,ryskin2021//50/Control,Use pythagoras' theorem to find the length of a hypotenuse.,sub,sub,hypotenuses.,hypotenuse.,9,,,{}
ryskin2021,,51,Control,ryskin2021//51/Control,,the preacher believed drunkenness was the cause of much immorality .,The preacher believed drunkenness was the cause of much immorality.,,180,plausible,,word_form,ryskin2021//51/Control,The preacher believed drunkenness was the cause of much immorality.,none,,,,,,,{}
ryskin2021,,51,SemCrit,ryskin2021//51/SemCrit,,the preacher believed drunkenness was the cause of much immortality .,The preacher believed drunkenness was the cause of much immortality.,,181,implausible,,word_form,ryskin2021//51/Control,The preacher believed drunkenness was the cause of much immorality.,sub,sub,immortality.,immorality.,9,,,{}
ryskin2021,,51,Sem,ryskin2021//51/Sem,,the preacher believed drunkenness was the cause of much irrigation .,The preacher believed drunkenness was the cause of much irrigation.,,182,implausible,,word_form,ryskin2021//51/Control,The preacher believed drunkenness was the cause of much immorality.,sub,sub,irrigation.,immorality.,9,,,{}
ryskin2021,,51,Synt,ryskin2021//51/Synt,,the preacher believed drunkenness was the cause of much immoralities .,The preacher believed drunkenness was the cause of much immoralities.,,183,implausible,,word_form,ryskin2021//51/Control,The preacher believed drunkenness was the cause of much immorality.,sub,sub,immoralities.,immorality.,9,,,{}
ryskin2021,,52,Control,ryskin2021//52/Control,,the artist achieved eternal fame despite not seeking this immortality .,The artist achieved eternal fame despite not seeking this immortality.,,184,plausible,,word_form,ryskin2021//52/Control,The artist achieved eternal fame despite not seeking this immortality.,none,,,,,,,{}
ryskin2021,,52,SemCrit,ryskin2021//52/SemCrit,,the artist achieved eternal fame despite not seeking this immorality .,The artist achieved eternal fame despite not seeking this immorality.,,185,implausible,,word_form,ryskin2021//52/Control,The artist achieved eternal fame despite not seeking this immortality.,sub,sub,immorality.,immortality.,9,,,{}
ryskin2021,,52,Sem,ryskin2021//52/Sem,,the artist achieved eternal fame despite not seeking this dilation .,The artist achieved eternal fame despite not seeking this dilation.,,186,implausible,,word_form,ryskin2021//52/Control,The artist achieved eternal fame despite not seeking this immortality.,sub,sub,dilation.,immortality.,9,,,{}
ryskin2021,,52,Synt,ryskin2021//52/Synt,,the artist achieved eternal fame despite not seeking this immortalities .,The artist achieved eternal fame despite not seeking this immortalities.,,187,implausible,,word_form,ryskin2021//52/Control,The artist achieved eternal fame despite not seeking this immortality.,sub,sub,immortalities.,immortality.,9,,,{}
ryskin2021,,56,Control,ryskin2021//56/Control,,medics cleaned and bandaged the wound to prevent an infection .,Medics cleaned and bandaged the wound to prevent an infection.,,188,plausible,,word_form,ryskin2021//56/Control,Medics cleaned and bandaged the wound to prevent an infection.,none,,,,,,,{}
ryskin2021,,56,SemCrit,ryskin2021//56/SemCrit,,medics cleaned and bandaged the wound to prevent an inflection .,Medics cleaned and bandaged the wound to prevent an inflection.,,189,implausible,,word_form,ryskin2021//56/Control,Medics cleaned and bandaged the wound to prevent an infection.,sub,sub,inflection.,infection.,9,,,{}
ryskin2021,,56,Sem,ryskin2021//56/Sem,,medics cleaned and bandaged the wound to prevent a sapphire .,Medics cleaned and bandaged the wound to prevent a sapphire.,,190,implausible,,word_form,ryskin2021//56/Control,Medics cleaned and bandaged the wound to prevent an infection.,sub,sub,a sapphire.,an infection.,8,,,{}
ryskin2021,,56,Synt,ryskin2021//56/Synt,,medics cleaned and bandaged the wound to prevent an infections .,Medics cleaned and bandaged the wound to prevent an infections.,,191,implausible,,word_form,ryskin2021//56/Control,Medics cleaned and bandaged the wound to prevent an infection.,sub,sub,infections.,infection.,9,,,{}
ryskin2021,,59,Control,ryskin2021//59/Control,,this docile herbivorous aquatic mammal is known as a manatee .,This docile herbivorous aquatic mammal is known as a manatee.,,192,plausible,,word_form,ryskin2021//59/Control,This docile herbivorous aquatic mammal is known as a manatee.,none,,,,,,,{}
ryskin2021,,59,SemCrit,ryskin2021//59/SemCrit,,this docile herbivorous aquatic mammal is known as a matinee .,This docile herbivorous aquatic mammal is known as a matinee.,,193,implausible,,word_form,ryskin2021//59/Control,This docile herbivorous aquatic mammal is known as a manatee.,sub,sub,matinee.,manatee.,9,,,{}
ryskin2021,,59,Sem,ryskin2021//59/Sem,,this docile herbivorous aquatic mammal is known as a stimulation .,This docile herbivorous aquatic mammal is known as a stimulation.,,194,implausible,,word_form,ryskin2021//59/Control,This docile herbivorous aquatic mammal is known as a manatee.,sub,sub,stimulation.,manatee.,9,,,{}
ryskin2021,,59,Synt,ryskin2021//59/Synt,,this docile herbivorous aquatic mammal is known as a manatees .,This docile herbivorous aquatic mammal is known as a manatees.,,195,implausible,,word_form,ryskin2021//59/Control,This docile herbivorous aquatic mammal is known as a manatee.,sub,sub,manatees.,manatee.,9,,,{}
ryskin2021,,60,Control,ryskin2021//60/Control,,the afternoon showing cost less because it was a matinee .,The afternoon showing cost less because it was a matinee.,,196,plausible,,word_form,ryskin2021//60/Control,The afternoon showing cost less because it was a matinee.,none,,,,,,,{}
ryskin2021,,60,SemCrit,ryskin2021//60/SemCrit,,the afternoon showing cost less because it was a manatee .,The afternoon showing cost less because it was a manatee.,,197,implausible,,word_form,ryskin2021//60/Control,The afternoon showing cost less because it was a matinee.,sub,sub,manatee.,matinee.,9,,,{}
ryskin2021,,60,Sem,ryskin2021//60/Sem,,the afternoon showing cost less because it was a sentiment .,The afternoon showing cost less because it was a sentiment.,,198,implausible,,word_form,ryskin2021//60/Control,The afternoon showing cost less because it was a matinee.,sub,sub,sentiment.,matinee.,9,,,{}
ryskin2021,,60,Synt,ryskin2021//60/Synt,,the afternoon showing cost less because it was a matinees .,The afternoon showing cost less because it was a matinees.,,199,implausible,,word_form,ryskin2021//60/Control,The afternoon showing cost less because it was a matinee.,sub,sub,matinees.,matinee.,9,,,{}
ryskin2021,,61,Control,ryskin2021//61/Control,,apply this eyeliner and brush your lashes with this mascara .,Apply this eyeliner and brush your lashes with this mascara.,,200,plausible,,word_form,ryskin2021//61/Control,Apply this eyeliner and brush your lashes with this mascara.,none,,,,,,,{}
ryskin2021,,61,SemCrit,ryskin2021//61/SemCrit,,apply this eyeliner and brush your lashes with this masquerade .,Apply this eyeliner and brush your lashes with this masquerade.,,201,implausible,,word_form,ryskin2021//61/Control,Apply this eyeliner and brush your lashes with this mascara.,sub,sub,masquerade.,mascara.,9,,,{}
ryskin2021,,61,Sem,ryskin2021//61/Sem,,apply this eyeliner and brush your lashes with this audition .,Apply this eyeliner and brush your lashes with this audition.,,202,implausible,,word_form,ryskin2021//61/Control,Apply this eyeliner and brush your lashes with this mascara.,sub,sub,audition.,mascara.,9,,,{}
ryskin2021,,61,Synt,ryskin2021//61/Synt,,apply this eyeliner and brush your lashes with this mascaras .,Apply this eyeliner and brush your lashes with this mascaras.,,203,implausible,,word_form,ryskin2021//61/Control,Apply this eyeliner and brush your lashes with this mascara.,sub,sub,mascaras.,mascara.,9,,,{}
ryskin2021,,62,Control,ryskin2021//62/Control,,she danced with an elegant masked gentleman at that masquerade .,She danced with an elegant masked gentleman at that masquerade.,,204,plausible,,word_form,ryskin2021//62/Control,She danced with an elegant masked gentleman at that masquerade.,none,,,,,,,{}
ryskin2021,,62,SemCrit,ryskin2021//62/SemCrit,,she danced with an elegant masked gentleman at that mascara .,She danced with an elegant masked gentleman at that mascara.,,205,implausible,,word_form,ryskin2021//62/Control,She danced with an elegant masked gentleman at that masquerade.,sub,sub,mascara.,masquerade.,9,,,{}
ryskin2021,,62,Sem,ryskin2021//62/Sem,,she danced with an elegant masked gentleman at that mortar .,She danced with an elegant masked gentleman at that mortar.,,206,implausible,,word_form,ryskin2021//62/Control,She danced with an elegant masked gentleman at that masquerade.,sub,sub,mortar.,masquerade.,9,,,{}
ryskin2021,,62,Synt,ryskin2021//62/Synt,,she danced with an elegant masked gentleman at that masquerades .,She danced with an elegant masked gentleman at that masquerades.,,207,implausible,,word_form,ryskin2021//62/Control,She danced with an elegant masked gentleman at that masquerade.,sub,sub,masquerades.,masquerade.,9,,,{}
ryskin2021,,63,Control,ryskin2021//63/Control,,feudal lords lived off the labor of an oppressed peasantry .,Feudal lords lived off the labor of an oppressed peasantry.,,208,plausible,,word_form,ryskin2021//63/Control,Feudal lords lived off the labor of an oppressed peasantry.,none,,,,,,,{}
ryskin2021,,63,SemCrit,ryskin2021//63/SemCrit,,feudal lords lived off the labor of an oppressed pleasantry .,Feudal lords lived off the labor of an oppressed pleasantry.,,209,implausible,,word_form,ryskin2021//63/Control,Feudal lords lived off the labor of an oppressed peasantry.,sub,sub,pleasantry.,peasantry.,9,,,{}
ryskin2021,,63,Sem,ryskin2021//63/Sem,,feudal lords lived off the labor of an oppressed travesty .,Feudal lords lived off the labor of an oppressed travesty.,,210,implausible,,word_form,ryskin2021//63/Control,Feudal lords lived off the labor of an oppressed peasantry.,sub,sub,travesty.,peasantry.,9,,,{}
ryskin2021,,63,Synt,ryskin2021//63/Synt,,feudal lords lived off the labor of an oppressed peasantries .,Feudal lords lived off the labor of an oppressed peasantries.,,211,implausible,,word_form,ryskin2021//63/Control,Feudal lords lived off the labor of an oppressed peasantry.,sub,sub,peasantries.,peasantry.,9,,,{}
ryskin2021,,64,Control,ryskin2021//64/Control,,the hostess greeted her guests with a light social pleasantry .,The hostess greeted her guests with a light social pleasantry.,,212,plausible,,word_form,ryskin2021//64/Control,The hostess greeted her guests with a light social pleasantry.,none,,,,,,,{}
ryskin2021,,64,SemCrit,ryskin2021//64/SemCrit,,the hostess greeted her guests with a light social peasantry .,The hostess greeted her guests with a light social peasantry.,,213,implausible,,word_form,ryskin2021//64/Control,The hostess greeted her guests with a light social pleasantry.,sub,sub,peasantry.,pleasantry.,9,,,{}
ryskin2021,,64,Sem,ryskin2021//64/Sem,,the hostess greeted her guests with a light social escalator .,The hostess greeted her guests with a light social escalator.,,214,implausible,,word_form,ryskin2021//64/Control,The hostess greeted her guests with a light social pleasantry.,sub,sub,escalator.,pleasantry.,9,,,{}
ryskin2021,,64,Synt,ryskin2021//64/Synt,,the hostess greeted her guests with a light social pleasantries .,The hostess greeted her guests with a light social pleasantries.,,215,implausible,,word_form,ryskin2021//64/Control,The hostess greeted her guests with a light social pleasantry.,sub,sub,pleasantries.,pleasantry.,9,,,{}
ryskin2021,,65,Control,ryskin2021//65/Control,,senator mccarthy accused the screenwriter of being a communist sympathizer .,Senator mccarthy accused the screenwriter of being a communist sympathizer.,,216,plausible,,word_form,ryskin2021//65/Control,Senator mccarthy accused the screenwriter of being a communist sympathizer.,none,,,,,,,{}
ryskin2021,,65,SemCrit,ryskin2021//65/SemCrit,,senator mccarthy accused the screenwriter of being a communist synthesizer .,Senator mccarthy accused the screenwriter of being a communist synthesizer.,,217,implausible,,word_form,ryskin2021//65/Control,Senator mccarthy accused the screenwriter of being a communist sympathizer.,sub,sub,synthesizer.,sympathizer.,9,,,{}
ryskin2021,,65,Sem,ryskin2021//65/Sem,,senator mccarthy accused the screenwriter of being a communist fallacy .,Senator mccarthy accused the screenwriter of being a communist fallacy.,,218,implausible,,word_form,ryskin2021//65/Control,Senator mccarthy accused the screenwriter of being a communist sympathizer.,sub,sub,fallacy.,sympathizer.,9,,,{}
ryskin2021,,65,Synt,ryskin2021//65/Synt,,senator mccarthy accused the screenwriter of being a communist sympathizers .,Senator mccarthy accused the screenwriter of being a communist sympathizers.,,219,implausible,,word_form,ryskin2021//65/Control,Senator mccarthy accused the screenwriter of being a communist sympathizer.,sub,sub,sympathizers.,sympathizer.,9,,,{}
ryskin2021,,66,Control,ryskin2021//66/Control,,the computer could read text aloud using a speech synthesizer .,The computer could read text aloud using a speech synthesizer.,,220,plausible,,word_form,ryskin2021//66/Control,The computer could read text aloud using a speech synthesizer.,none,,,,,,,{}
ryskin2021,,66,SemCrit,ryskin2021//66/SemCrit,,the computer could read text aloud using a speech sympathizer .,The computer could read text aloud using a speech sympathizer.,,221,implausible,,word_form,ryskin2021//66/Control,The computer could read text aloud using a speech synthesizer.,sub,sub,sympathizer.,synthesizer.,9,,,{}
ryskin2021,,66,Sem,ryskin2021//66/Sem,,the computer could read text aloud using a speech baloney .,The computer could read text aloud using a speech baloney.,,222,implausible,,word_form,ryskin2021//66/Control,The computer could read text aloud using a speech synthesizer.,sub,sub,baloney.,synthesizer.,9,,,{}
ryskin2021,,66,Synt,ryskin2021//66/Synt,,the computer could read text aloud using a speech synthesizers .,The computer could read text aloud using a speech synthesizers.,,223,implausible,,word_form,ryskin2021//66/Control,The computer could read text aloud using a speech synthesizer.,sub,sub,synthesizers.,synthesizer.,9,,,{}
ryskin2021,,67,Control,ryskin2021//67/Control,,the castle wall was adorned with a beautiful woven tapestry .,The castle wall was adorned with a beautiful woven tapestry.,,224,plausible,,word_form,ryskin2021//67/Control,The castle wall was adorned with a beautiful woven tapestry.,none,,,,,,,{}
ryskin2021,,67,SemCrit,ryskin2021//67/SemCrit,,the castle wall was adorned with a beautiful woven travesty .,The castle wall was adorned with a beautiful woven travesty.,,225,implausible,,word_form,ryskin2021//67/Control,The castle wall was adorned with a beautiful woven tapestry.,sub,sub,travesty.,tapestry.,9,,,{}
ryskin2021,,67,Sem,ryskin2021//67/Sem,,the castle wall was adorned with a beautiful woven abbreviation .,The castle wall was adorned with a beautiful woven abbreviation.,,226,implausible,,word_form,ryskin2021//67/Control,The castle wall was adorned with a beautiful woven tapestry.,sub,sub,abbreviation.,tapestry.,9,,,{}
ryskin2021,,67,Synt,ryskin2021//67/Synt,,the castle wall was adorned with a beautiful woven tapestries .,The castle wall was adorned with a beautiful woven tapestries.,,227,implausible,,word_form,ryskin2021//67/Control,The castle wall was adorned with a beautiful woven tapestry.,sub,sub,tapestries.,tapestry.,9,,,{}
ryskin2021,,68,Control,ryskin2021//68/Control,,he denounced the novel's film adaptation as a complete travesty .,He denounced the novel's film adaptation as a complete travesty.,,228,plausible,,word_form,ryskin2021//68/Control,He denounced the novel's film adaptation as a complete travesty.,none,,,,,,,{}
ryskin2021,,68,SemCrit,ryskin2021//68/SemCrit,,he denounced the novel's film adaptation as a complete tapestry .,He denounced the novel's film adaptation as a complete tapestry.,,229,implausible,,word_form,ryskin2021//68/Control,He denounced the novel's film adaptation as a complete travesty.,sub,sub,tapestry.,travesty.,9,,,{}
ryskin2021,,68,Sem,ryskin2021//68/Sem,,he denounced the novel's film adaptation as a complete diploma .,He denounced the novel's film adaptation as a complete diploma.,,230,implausible,,word_form,ryskin2021//68/Control,He denounced the novel's film adaptation as a complete travesty.,sub,sub,diploma.,travesty.,9,,,{}
ryskin2021,,68,Synt,ryskin2021//68/Synt,,he denounced the novel's film adaptation as a complete travesties .,He denounced the novel's film adaptation as a complete travesties.,,231,implausible,,word_form,ryskin2021//68/Control,He denounced the novel's film adaptation as a complete travesty.,sub,sub,travesties.,travesty.,9,,,{}
ryskin2021,,69,Control,ryskin2021//69/Control,,the ring held small diamonds set around this blue sapphire .,The ring held small diamonds set around this blue sapphire.,,232,plausible,,word_form,ryskin2021//69/Control,The ring held small diamonds set around this blue sapphire.,none,,,,,,,{}
ryskin2021,,69,SemCrit,ryskin2021//69/SemCrit,,the ring held small diamonds set around this blue saffron .,The ring held small diamonds set around this blue saffron.,,233,implausible,,word_form,ryskin2021//69/Control,The ring held small diamonds set around this blue sapphire.,sub,sub,saffron.,sapphire.,9,,,{}
ryskin2021,,69,Sem,ryskin2021//69/Sem,,the ring held small diamonds set around this blue medication .,The ring held small diamonds set around this blue medication.,,234,implausible,,word_form,ryskin2021//69/Control,The ring held small diamonds set around this blue sapphire.,sub,sub,medication.,sapphire.,9,,,{}
ryskin2021,,69,Synt,ryskin2021//69/Synt,,the ring held small diamonds set around this blue sapphires .,The ring held small diamonds set around this blue sapphires.,,235,implausible,,word_form,ryskin2021//69/Control,The ring held small diamonds set around this blue sapphire.,sub,sub,sapphires.,sapphire.,9,,,{}
ryskin2021,,70,Control,ryskin2021//70/Control,,the rice was spiced with a pinch of that saffron .,The rice was spiced with a pinch of that saffron.,,236,plausible,,word_form,ryskin2021//70/Control,The rice was spiced with a pinch of that saffron.,none,,,,,,,{}
ryskin2021,,70,SemCrit,ryskin2021//70/SemCrit,,the rice was spiced with a pinch of that sapphire .,The rice was spiced with a pinch of that sapphire.,,237,implausible,,word_form,ryskin2021//70/Control,The rice was spiced with a pinch of that saffron.,sub,sub,sapphire.,saffron.,9,,,{}
ryskin2021,,70,Sem,ryskin2021//70/Sem,,the rice was spiced with a pinch of that message .,The rice was spiced with a pinch of that message.,,238,implausible,,word_form,ryskin2021//70/Control,The rice was spiced with a pinch of that saffron.,sub,sub,message.,saffron.,9,,,{}
ryskin2021,,70,Synt,ryskin2021//70/Synt,,the rice was spiced with a pinch of that saffrons .,The rice was spiced with a pinch of that saffrons.,,239,implausible,,word_form,ryskin2021//70/Control,The rice was spiced with a pinch of that saffron.,sub,sub,saffrons.,saffron.,9,,,{}
ryskin2021,,72,Control,ryskin2021//72/Control,,the soaring eagle circled and glided upwards on a thermal .,The soaring eagle circled and glided upwards on a thermal.,,240,plausible,,word_form,ryskin2021//72/Control,The soaring eagle circled and glided upwards on a thermal.,none,,,,,,,{}
ryskin2021,,72,SemCrit,ryskin2021//72/SemCrit,,the soaring eagle circled and glided upwards on a thermos .,The soaring eagle circled and glided upwards on a thermos.,,241,implausible,,word_form,ryskin2021//72/Control,The soaring eagle circled and glided upwards on a thermal.,sub,sub,thermos.,thermal.,9,,,{}
ryskin2021,,72,Sem,ryskin2021//72/Sem,,the soaring eagle circled and glided upwards on a physician .,The soaring eagle circled and glided upwards on a physician.,,242,implausible,,word_form,ryskin2021//72/Control,The soaring eagle circled and glided upwards on a thermal.,sub,sub,physician.,thermal.,9,,,{}
ryskin2021,,72,Synt,ryskin2021//72/Synt,,the soaring eagle circled and glided upwards on a thermals .,The soaring eagle circled and glided upwards on a thermals.,,243,implausible,,word_form,ryskin2021//72/Control,The soaring eagle circled and glided upwards on a thermal.,sub,sub,thermals.,thermal.,9,,,{}
ryskin2021,,73,Control,ryskin2021//73/Control,,the student had his editorial published in a local gazette .,The student had his editorial published in a local gazette.,,244,plausible,,word_form,ryskin2021//73/Control,The student had his editorial published in a local gazette.,none,,,,,,,{}
ryskin2021,,73,SemCrit,ryskin2021//73/SemCrit,,the student had his editorial published in a local gazelle .,The student had his editorial published in a local gazelle.,,245,implausible,,word_form,ryskin2021//73/Control,The student had his editorial published in a local gazette.,sub,sub,gazelle.,gazette.,9,,,{}
ryskin2021,,73,Sem,ryskin2021//73/Sem,,the student had his editorial published in a local pleasantry .,The student had his editorial published in a local pleasantry.,,246,implausible,,word_form,ryskin2021//73/Control,The student had his editorial published in a local gazette.,sub,sub,pleasantry.,gazette.,9,,,{}
ryskin2021,,73,Synt,ryskin2021//73/Synt,,the student had his editorial published in a local gazettes .,The student had his editorial published in a local gazettes.,,247,implausible,,word_form,ryskin2021//73/Control,The student had his editorial published in a local gazette.,sub,sub,gazettes.,gazette.,9,,,{}
ryskin2021,,74,Control,ryskin2021//74/Control,,the powerful cheetah sprinted in pursuit of a baby gazelle .,The powerful cheetah sprinted in pursuit of a baby gazelle.,,248,plausible,,word_form,ryskin2021//74/Control,The powerful cheetah sprinted in pursuit of a baby gazelle.,none,,,,,,,{}
ryskin2021,,74,SemCrit,ryskin2021//74/SemCrit,,the powerful cheetah sprinted in pursuit of a baby gazette .,The powerful cheetah sprinted in pursuit of a baby gazette.,,249,implausible,,word_form,ryskin2021//74/Control,The powerful cheetah sprinted in pursuit of a baby gazelle.,sub,sub,gazette.,gazelle.,9,,,{}
ryskin2021,,74,Sem,ryskin2021//74/Sem,,the powerful cheetah sprinted in pursuit of a baby addition .,The powerful cheetah sprinted in pursuit of a baby addition.,,250,implausible,,word_form,ryskin2021//74/Control,The powerful cheetah sprinted in pursuit of a baby gazelle.,sub,sub,addition.,gazelle.,9,,,{}
ryskin2021,,74,Synt,ryskin2021//74/Synt,,the powerful cheetah sprinted in pursuit of a baby gazelles .,The powerful cheetah sprinted in pursuit of a baby gazelles.,,251,implausible,,word_form,ryskin2021//74/Control,The powerful cheetah sprinted in pursuit of a baby gazelle.,sub,sub,gazelles.,gazelle.,9,,,{}
ryskin2021,,75,Control,ryskin2021//75/Control,,you cannot buy cuban cigars because there is an embargo .,You cannot buy cuban cigars because there is an embargo.,,252,plausible,,word_form,ryskin2021//75/Control,You cannot buy cuban cigars because there is an embargo.,none,,,,,,,{}
ryskin2021,,75,SemCrit,ryskin2021//75/SemCrit,,you cannot buy cuban cigars because there is an embryo .,You cannot buy cuban cigars because there is an embryo.,,253,implausible,,word_form,ryskin2021//75/Control,You cannot buy cuban cigars because there is an embargo.,sub,sub,embryo.,embargo.,9,,,{}
ryskin2021,,75,Sem,ryskin2021//75/Sem,,you cannot buy cuban cigars because there is a correction .,You cannot buy cuban cigars because there is a correction.,,254,implausible,,word_form,ryskin2021//75/Control,You cannot buy cuban cigars because there is an embargo.,sub,sub,a correction.,an embargo.,8,,,{}
ryskin2021,,75,Synt,ryskin2021//75/Synt,,you cannot buy cuban cigars because there is an embargos .,You cannot buy cuban cigars because there is an embargos.,,255,implausible,,word_form,ryskin2021//75/Control,You cannot buy cuban cigars because there is an embargo.,sub,sub,embargos.,embargo.,9,,,{}
ryskin2021,,76,Control,ryskin2021//76/Control,,some controversial stem cell research requires a fertilized human embryo .,Some controversial stem cell research requires a fertilized human embryo.,,256,plausible,,word_form,ryskin2021//76/Control,Some controversial stem cell research requires a fertilized human embryo.,none,,,,,,,{}
ryskin2021,,76,SemCrit,ryskin2021//76/SemCrit,,some controversial stem cell research requires a fertilized human embargo .,Some controversial stem cell research requires a fertilized human embargo.,,257,implausible,,word_form,ryskin2021//76/Control,Some controversial stem cell research requires a fertilized human embryo.,sub,sub,embargo.,embryo.,9,,,{}
ryskin2021,,76,Sem,ryskin2021//76/Sem,,some controversial stem cell research requires a fertilized human migraine .,Some controversial stem cell research requires a fertilized human migraine.,,258,implausible,,word_form,ryskin2021//76/Control,Some controversial stem cell research requires a fertilized human embryo.,sub,sub,migraine.,embryo.,9,,,{}
ryskin2021,,76,Synt,ryskin2021//76/Synt,,some controversial stem cell research requires a fertilized human embryos .,Some controversial stem cell research requires a fertilized human embryos.,,259,implausible,,word_form,ryskin2021//76/Control,Some controversial stem cell research requires a fertilized human embryo.,sub,sub,embryos.,embryo.,9,,,{}
ryskin2021,,78,Control,ryskin2021//78/Control,,agriculture in this desert would be impossible without this irrigation .,Agriculture in this desert would be impossible without this irrigation.,,260,plausible,,word_form,ryskin2021//78/Control,Agriculture in this desert would be impossible without this irrigation.,none,,,,,,,{}
ryskin2021,,78,SemCrit,ryskin2021//78/SemCrit,,agriculture in this desert would be impossible without this irritation .,Agriculture in this desert would be impossible without this irritation.,,261,implausible,,word_form,ryskin2021//78/Control,Agriculture in this desert would be impossible without this irrigation.,sub,sub,irritation.,irrigation.,9,,,{}
ryskin2021,,78,Sem,ryskin2021//78/Sem,,agriculture in this desert would be impossible without this caption .,Agriculture in this desert would be impossible without this caption.,,262,implausible,,word_form,ryskin2021//78/Control,Agriculture in this desert would be impossible without this irrigation.,sub,sub,caption.,irrigation.,9,,,{}
ryskin2021,,78,Synt,ryskin2021//78/Synt,,agriculture in this desert would be impossible without this irrigations .,Agriculture in this desert would be impossible without this irrigations.,,263,implausible,,word_form,ryskin2021//78/Control,Agriculture in this desert would be impossible without this irrigation.,sub,sub,irrigations.,irrigation.,9,,,{}
ryskin2021,,79,Control,ryskin2021//79/Control,,the poor stayed poor because of this limited upward mobility .,The poor stayed poor because of this limited upward mobility.,,264,plausible,,word_form,ryskin2021//79/Control,The poor stayed poor because of this limited upward mobility.,none,,,,,,,{}
ryskin2021,,79,SemCrit,ryskin2021//79/SemCrit,,the poor stayed poor because of this limited upward nobility .,The poor stayed poor because of this limited upward nobility.,,265,implausible,,word_form,ryskin2021//79/Control,The poor stayed poor because of this limited upward mobility.,sub,sub,nobility.,mobility.,9,,,{}
ryskin2021,,79,Sem,ryskin2021//79/Sem,,the poor stayed poor because of this limited upward spinster .,The poor stayed poor because of this limited upward spinster.,,266,implausible,,word_form,ryskin2021//79/Control,The poor stayed poor because of this limited upward mobility.,sub,sub,spinster.,mobility.,9,,,{}
ryskin2021,,79,Synt,ryskin2021//79/Synt,,the poor stayed poor because of this limited upward mobilities .,The poor stayed poor because of this limited upward mobilities.,,267,implausible,,word_form,ryskin2021//79/Control,The poor stayed poor because of this limited upward mobility.,sub,sub,mobilities.,mobility.,9,,,{}
ryskin2021,,80,Control,ryskin2021//80/Control,,champagne was once reserved exclusively for the royalty and nobility .,Champagne was once reserved exclusively for the royalty and nobility.,,268,plausible,,word_form,ryskin2021//80/Control,Champagne was once reserved exclusively for the royalty and nobility.,none,,,,,,,{}
ryskin2021,,80,SemCrit,ryskin2021//80/SemCrit,,champagne was once reserved exclusively for the royalty and mobility .,Champagne was once reserved exclusively for the royalty and mobility.,,269,implausible,,word_form,ryskin2021//80/Control,Champagne was once reserved exclusively for the royalty and nobility.,sub,sub,mobility.,nobility.,9,,,{}
ryskin2021,,80,Sem,ryskin2021//80/Sem,,champagne was once reserved exclusively for the royalty and pheromone .,Champagne was once reserved exclusively for the royalty and pheromone.,,270,implausible,,word_form,ryskin2021//80/Control,Champagne was once reserved exclusively for the royalty and nobility.,sub,sub,pheromone.,nobility.,9,,,{}
ryskin2021,,80,Synt,ryskin2021//80/Synt,,champagne was once reserved exclusively for the royalty and nobilities .,Champagne was once reserved exclusively for the royalty and nobilities.,,271,implausible,,word_form,ryskin2021//80/Control,Champagne was once reserved exclusively for the royalty and nobility.,sub,sub,nobilities.,nobility.,9,,,{}
ryskin2021,,81,Control,ryskin2021//81/Control,,the lecherous satyr chased after a beautiful lithe wood nymph .,The lecherous satyr chased after a beautiful lithe wood nymph.,,272,plausible,,word_form,ryskin2021//81/Control,The lecherous satyr chased after a beautiful lithe wood nymph.,none,,,,,,,{}
ryskin2021,,81,SemCrit,ryskin2021//81/SemCrit,,the lecherous satyr chased after a beautiful lithe wood lymph .,The lecherous satyr chased after a beautiful lithe wood lymph.,,273,implausible,,word_form,ryskin2021//81/Control,The lecherous satyr chased after a beautiful lithe wood nymph.,sub,sub,lymph.,nymph.,9,,,{}
ryskin2021,,81,Sem,ryskin2021//81/Sem,,the lecherous satyr chased after a beautiful lithe wood destiny .,The lecherous satyr chased after a beautiful lithe wood destiny.,,274,implausible,,word_form,ryskin2021//81/Control,The lecherous satyr chased after a beautiful lithe wood nymph.,sub,sub,destiny.,nymph.,9,,,{}
ryskin2021,,81,Synt,ryskin2021//81/Synt,,the lecherous satyr chased after a beautiful lithe wood nymphs .,The lecherous satyr chased after a beautiful lithe wood nymphs.,,275,implausible,,word_form,ryskin2021//81/Control,The lecherous satyr chased after a beautiful lithe wood nymph.,sub,sub,nymphs.,nymph.,9,,,{}
ryskin2021,,82,Control,ryskin2021//82/Control,,two important fluids in the body are blood and lymph .,Two important fluids in the body are blood and lymph.,,276,plausible,,word_form,ryskin2021//82/Control,Two important fluids in the body are blood and lymph.,none,,,,,,,{}
ryskin2021,,82,SemCrit,ryskin2021//82/SemCrit,,two important fluids in the body are blood and nymph .,Two important fluids in the body are blood and nymph.,,277,implausible,,word_form,ryskin2021//82/Control,Two important fluids in the body are blood and lymph.,sub,sub,nymph.,lymph.,9,,,{}
ryskin2021,,82,Sem,ryskin2021//82/Sem,,two important fluids in the body are blood and campaign .,Two important fluids in the body are blood and campaign.,,278,implausible,,word_form,ryskin2021//82/Control,Two important fluids in the body are blood and lymph.,sub,sub,campaign.,lymph.,9,,,{}
ryskin2021,,82,Synt,ryskin2021//82/Synt,,two important fluids in the body are blood and lymphs .,Two important fluids in the body are blood and lymphs.,,279,implausible,,word_form,ryskin2021//82/Control,Two important fluids in the body are blood and lymph.,sub,sub,lymphs.,lymph.,9,,,{}
ryskin2021,,86,Control,ryskin2021//86/Control,,the child made a caterpillar from an old egg carton .,The child made a caterpillar from an old egg carton.,,280,plausible,,word_form,ryskin2021//86/Control,The child made a caterpillar from an old egg carton.,none,,,,,,,{}
ryskin2021,,86,SemCrit,ryskin2021//86/SemCrit,,the child made a caterpillar from an old egg cartoon .,The child made a caterpillar from an old egg cartoon.,,281,implausible,,word_form,ryskin2021//86/Control,The child made a caterpillar from an old egg carton.,sub,sub,cartoon.,carton.,9,,,{}
ryskin2021,,86,Sem,ryskin2021//86/Sem,,the child made a caterpillar from an old egg campaign .,The child made a caterpillar from an old egg campaign.,,282,implausible,,word_form,ryskin2021//86/Control,The child made a caterpillar from an old egg carton.,sub,sub,campaign.,carton.,9,,,{}
ryskin2021,,86,Synt,ryskin2021//86/Synt,,the child made a caterpillar from an old egg cartons .,The child made a caterpillar from an old egg cartons.,,283,implausible,,word_form,ryskin2021//86/Control,The child made a caterpillar from an old egg carton.,sub,sub,cartons.,carton.,9,,,{}
ryskin2021,,87,Control,ryskin2021//87/Control,,handling the rough wooden plank gave the woman a splinter .,Handling the rough wooden plank gave the woman a splinter.,,284,plausible,,word_form,ryskin2021//87/Control,Handling the rough wooden plank gave the woman a splinter.,none,,,,,,,{}
ryskin2021,,87,SemCrit,ryskin2021//87/SemCrit,,handling the rough wooden plank gave the woman a spinster .,Handling the rough wooden plank gave the woman a spinster.,,285,implausible,,word_form,ryskin2021//87/Control,Handling the rough wooden plank gave the woman a splinter.,sub,sub,spinster.,splinter.,9,,,{}
ryskin2021,,87,Sem,ryskin2021//87/Sem,,handling the rough wooden plank gave the woman a nobility .,Handling the rough wooden plank gave the woman a nobility.,,286,implausible,,word_form,ryskin2021//87/Control,Handling the rough wooden plank gave the woman a splinter.,sub,sub,nobility.,splinter.,9,,,{}
ryskin2021,,87,Synt,ryskin2021//87/Synt,,handling the rough wooden plank gave the woman a splinters .,Handling the rough wooden plank gave the woman a splinters.,,287,implausible,,word_form,ryskin2021//87/Control,Handling the rough wooden plank gave the woman a splinter.,sub,sub,splinters.,splinter.,9,,,{}
ryskin2021,,88,Control,ryskin2021//88/Control,,cats were the only company for this lonely old spinster .,Cats were the only company for this lonely old spinster.,,288,plausible,,word_form,ryskin2021//88/Control,Cats were the only company for this lonely old spinster.,none,,,,,,,{}
ryskin2021,,88,SemCrit,ryskin2021//88/SemCrit,,cats were the only company for this lonely old splinter .,Cats were the only company for this lonely old splinter.,,289,implausible,,word_form,ryskin2021//88/Control,Cats were the only company for this lonely old spinster.,sub,sub,splinter.,spinster.,9,,,{}
ryskin2021,,88,Sem,ryskin2021//88/Sem,,cats were the only company for this lonely old radium .,Cats were the only company for this lonely old radium.,,290,implausible,,word_form,ryskin2021//88/Control,Cats were the only company for this lonely old spinster.,sub,sub,radium.,spinster.,9,,,{}
ryskin2021,,88,Synt,ryskin2021//88/Synt,,cats were the only company for this lonely old spinsters .,Cats were the only company for this lonely old spinsters.,,291,implausible,,word_form,ryskin2021//88/Control,Cats were the only company for this lonely old spinster.,sub,sub,spinsters.,spinster.,9,,,{}
ryskin2021,,90,Control,ryskin2021//90/Control,,he had a short attention span and needed constant stimulation .,He had a short attention span and needed constant stimulation.,,292,plausible,,word_form,ryskin2021//90/Control,He had a short attention span and needed constant stimulation.,none,,,,,,,{}
ryskin2021,,90,SemCrit,ryskin2021//90/SemCrit,,he had a short attention span and needed constant stipulation .,He had a short attention span and needed constant stipulation.,,293,implausible,,word_form,ryskin2021//90/Control,He had a short attention span and needed constant stimulation.,sub,sub,stipulation.,stimulation.,9,,,{}
ryskin2021,,90,Sem,ryskin2021//90/Sem,,he had a short attention span and needed constant sediment .,He had a short attention span and needed constant sediment.,,294,implausible,,word_form,ryskin2021//90/Control,He had a short attention span and needed constant stimulation.,sub,sub,sediment.,stimulation.,9,,,{}
ryskin2021,,90,Synt,ryskin2021//90/Synt,,he had a short attention span and needed constant stimulations .,He had a short attention span and needed constant stimulations.,,295,implausible,,word_form,ryskin2021//90/Control,He had a short attention span and needed constant stimulation.,sub,sub,stimulations.,stimulation.,9,,,{}
ryskin2021,,91,Control,ryskin2021//91/Control,,she was vaccinated so her body would developed an immunity .,She was vaccinated so her body would developed an immunity.,,296,plausible,,word_form,ryskin2021//91/Control,She was vaccinated so her body would developed an immunity.,none,,,,,,,{}
ryskin2021,,91,SemCrit,ryskin2021//91/SemCrit,,she was vaccinated so her body would developed a mutiny .,She was vaccinated so her body would developed a mutiny.,,297,implausible,,word_form,ryskin2021//91/Control,She was vaccinated so her body would developed an immunity.,sub,sub,a mutiny.,an immunity.,8,,,{}
ryskin2021,,91,Sem,ryskin2021//91/Sem,,she was vaccinated so her body would developed a cartoon .,She was vaccinated so her body would developed a cartoon.,,298,implausible,,word_form,ryskin2021//91/Control,She was vaccinated so her body would developed an immunity.,sub,sub,a cartoon.,an immunity.,8,,,{}
ryskin2021,,91,Synt,ryskin2021//91/Synt,,she was vaccinated so her body would developed an immunities .,She was vaccinated so her body would developed an immunities.,,299,implausible,,word_form,ryskin2021//91/Control,She was vaccinated so her body would developed an immunity.,sub,sub,immunities.,immunity.,9,,,{}
ryskin2021,,93,Control,ryskin2021//93/Control,,the mason built his own house of brick and mortar .,The mason built his own house of brick and mortar.,,300,plausible,,word_form,ryskin2021//93/Control,The mason built his own house of brick and mortar.,none,,,,,,,{}
ryskin2021,,93,SemCrit,ryskin2021//93/SemCrit,,the mason built his own house of brick and mortal .,The mason built his own house of brick and mortal.,,301,implausible,,word_form,ryskin2021//93/Control,The mason built his own house of brick and mortar.,sub,sub,mortal.,mortar.,9,,,{}
ryskin2021,,93,Sem,ryskin2021//93/Sem,,the mason built his own house of brick and humidity .,The mason built his own house of brick and humidity.,,302,implausible,,word_form,ryskin2021//93/Control,The mason built his own house of brick and mortar.,sub,sub,humidity.,mortar.,9,,,{}
ryskin2021,,93,Synt,ryskin2021//93/Synt,,the mason built his own house of brick and mortars .,The mason built his own house of brick and mortars.,,303,implausible,,word_form,ryskin2021//93/Control,The mason built his own house of brick and mortar.,sub,sub,mortars.,mortar.,9,,,{}
ryskin2021,,94,Control,ryskin2021//94/Control,,the goddess refused to be bested by a mere mortal .,The goddess refused to be bested by a mere mortal.,,304,plausible,,word_form,ryskin2021//94/Control,The goddess refused to be bested by a mere mortal.,none,,,,,,,{}
ryskin2021,,94,SemCrit,ryskin2021//94/SemCrit,,the goddess refused to be bested by a mere mortar .,The goddess refused to be bested by a mere mortar.,,305,implausible,,word_form,ryskin2021//94/Control,The goddess refused to be bested by a mere mortal.,sub,sub,mortar.,mortal.,9,,,{}
ryskin2021,,94,Sem,ryskin2021//94/Sem,,the goddess refused to be bested by a mere expectation .,The goddess refused to be bested by a mere expectation.,,306,implausible,,word_form,ryskin2021//94/Control,The goddess refused to be bested by a mere mortal.,sub,sub,expectation.,mortal.,9,,,{}
ryskin2021,,94,Synt,ryskin2021//94/Synt,,the goddess refused to be bested by a mere mortals .,The goddess refused to be bested by a mere mortals.,,307,implausible,,word_form,ryskin2021//94/Control,The goddess refused to be bested by a mere mortal.,sub,sub,mortals.,mortal.,9,,,{}
ryskin2021,,96,Control,ryskin2021//96/Control,,the thesaurus shows that a synonym for drunkenness is inebriation .,The thesaurus shows that a synonym for drunkenness is inebriation.,,308,plausible,,word_form,ryskin2021//96/Control,The thesaurus shows that a synonym for drunkenness is inebriation.,none,,,,,,,{}
ryskin2021,,96,SemCrit,ryskin2021//96/SemCrit,,the thesaurus shows that a synonym for drunkenness is abbreviation .,The thesaurus shows that a synonym for drunkenness is abbreviation.,,309,implausible,,word_form,ryskin2021//96/Control,The thesaurus shows that a synonym for drunkenness is inebriation.,sub,sub,abbreviation.,inebriation.,9,,,{}
ryskin2021,,96,Sem,ryskin2021//96/Sem,,the thesaurus shows that a synonym for drunkenness is splinter .,The thesaurus shows that a synonym for drunkenness is splinter.,,310,implausible,,word_form,ryskin2021//96/Control,The thesaurus shows that a synonym for drunkenness is inebriation.,sub,sub,splinter.,inebriation.,9,,,{}
ryskin2021,,96,Synt,ryskin2021//96/Synt,,the thesaurus shows that a synonym for drunkenness is inebriations .,The thesaurus shows that a synonym for drunkenness is inebriations.,,311,implausible,,word_form,ryskin2021//96/Control,The thesaurus shows that a synonym for drunkenness is inebriation.,sub,sub,inebriations.,inebriation.,9,,,{}
ryskin2021,,97,Control,ryskin2021//97/Control,,a lolcat is cat photograph with a humorous ungrammatical caption .,A lolcat is cat photograph with a humorous ungrammatical caption.,,312,plausible,,word_form,ryskin2021//97/Control,A lolcat is cat photograph with a humorous ungrammatical caption.,none,,,,,,,{}
ryskin2021,,97,SemCrit,ryskin2021//97/SemCrit,,a lolcat is cat photograph with a humorous ungrammatical captain .,A lolcat is cat photograph with a humorous ungrammatical captain.,,313,implausible,,word_form,ryskin2021//97/Control,A lolcat is cat photograph with a humorous ungrammatical caption.,sub,sub,captain.,caption.,9,,,{}
ryskin2021,,97,Sem,ryskin2021//97/Sem,,a lolcat is cat photograph with a humorous ungrammatical radius .,A lolcat is cat photograph with a humorous ungrammatical radius.,,314,implausible,,word_form,ryskin2021//97/Control,A lolcat is cat photograph with a humorous ungrammatical caption.,sub,sub,radius.,caption.,9,,,{}
ryskin2021,,97,Synt,ryskin2021//97/Synt,,a lolcat is cat photograph with a humorous ungrammatical captions .,A lolcat is cat photograph with a humorous ungrammatical captions.,,315,implausible,,word_form,ryskin2021//97/Control,A lolcat is cat photograph with a humorous ungrammatical caption.,sub,sub,captions.,caption.,9,,,{}
ryskin2021,,98,Control,ryskin2021//98/Control,,the sailors feared the harsh discipline of this ship captain .,The sailors feared the harsh discipline of this ship captain.,,316,plausible,,word_form,ryskin2021//98/Control,The sailors feared the harsh discipline of this ship captain.,none,,,,,,,{}
ryskin2021,,98,SemCrit,ryskin2021//98/SemCrit,,the sailors feared the harsh discipline of this ship caption .,The sailors feared the harsh discipline of this ship caption.,,317,implausible,,word_form,ryskin2021//98/Control,The sailors feared the harsh discipline of this ship captain.,sub,sub,caption.,captain.,9,,,{}
ryskin2021,,98,Sem,ryskin2021//98/Sem,,the sailors feared the harsh discipline of this ship phrenology .,The sailors feared the harsh discipline of this ship phrenology.,,318,implausible,,word_form,ryskin2021//98/Control,The sailors feared the harsh discipline of this ship captain.,sub,sub,phrenology.,captain.,9,,,{}
ryskin2021,,98,Synt,ryskin2021//98/Synt,,the sailors feared the harsh discipline of this ship captains .,The sailors feared the harsh discipline of this ship captains.,,319,implausible,,word_form,ryskin2021//98/Control,The sailors feared the harsh discipline of this ship captain.,sub,sub,captains.,captain.,9,,,{}
ryskin2021,,99,Control,ryskin2021//99/Control,,the teacher taught that subtraction was the opposite of addition .,The teacher taught that subtraction was the opposite of addition.,,320,plausible,,word_form,ryskin2021//99/Control,The teacher taught that subtraction was the opposite of addition.,none,,,,,,,{}
ryskin2021,,99,SemCrit,ryskin2021//99/SemCrit,,the teacher taught that subtraction was the opposite of audition .,The teacher taught that subtraction was the opposite of audition.,,321,implausible,,word_form,ryskin2021//99/Control,The teacher taught that subtraction was the opposite of addition.,sub,sub,audition.,addition.,9,,,{}
ryskin2021,,99,Sem,ryskin2021//99/Sem,,the teacher taught that subtraction was the opposite of humility .,The teacher taught that subtraction was the opposite of humility.,,322,implausible,,word_form,ryskin2021//99/Control,The teacher taught that subtraction was the opposite of addition.,sub,sub,humility.,addition.,9,,,{}
ryskin2021,,99,Synt,ryskin2021//99/Synt,,the teacher taught that subtraction was the opposite of additions .,The teacher taught that subtraction was the opposite of additions.,,323,implausible,,word_form,ryskin2021//99/Control,The teacher taught that subtraction was the opposite of addition.,sub,sub,additions.,addition.,9,,,{}
ryskin2021,,100,Control,ryskin2021//100/Control,,the flute player nervously prepared an excerpt for an audition .,The flute player nervously prepared an excerpt for an audition.,,324,plausible,,word_form,ryskin2021//100/Control,The flute player nervously prepared an excerpt for an audition.,none,,,,,,,{}
ryskin2021,,100,SemCrit,ryskin2021//100/SemCrit,,the flute player nervously prepared an excerpt for an addition .,The flute player nervously prepared an excerpt for an addition.,,325,implausible,,word_form,ryskin2021//100/Control,The flute player nervously prepared an excerpt for an audition.,sub,sub,addition.,audition.,9,,,{}
ryskin2021,,100,Sem,ryskin2021//100/Sem,,the flute player nervously prepared an excerpt for a corridor .,The flute player nervously prepared an excerpt for a corridor.,,326,implausible,,word_form,ryskin2021//100/Control,The flute player nervously prepared an excerpt for an audition.,sub,sub,a corridor.,an audition.,8,,,{}
ryskin2021,,100,Synt,ryskin2021//100/Synt,,the flute player nervously prepared an excerpt for an auditions .,The flute player nervously prepared an excerpt for an auditions.,,327,implausible,,word_form,ryskin2021//100/Control,The flute player nervously prepared an excerpt for an audition.,sub,sub,auditions.,audition.,9,,,{}
ryskin2021,,101,Control,ryskin2021//101/Control,,the museum pass provides five dollars off of each admission .,The museum pass provides five dollars off of each admission.,,328,plausible,,word_form,ryskin2021//101/Control,The museum pass provides five dollars off of each admission.,none,,,,,,,{}
ryskin2021,,101,SemCrit,ryskin2021//101/SemCrit,,the museum pass provides five dollars off of each admonition .,The museum pass provides five dollars off of each admonition.,,329,implausible,,word_form,ryskin2021//101/Control,The museum pass provides five dollars off of each admission.,sub,sub,admonition.,admission.,9,,,{}
ryskin2021,,101,Sem,ryskin2021//101/Sem,,the museum pass provides five dollars off of each carnival .,The museum pass provides five dollars off of each carnival.,,330,implausible,,word_form,ryskin2021//101/Control,The museum pass provides five dollars off of each admission.,sub,sub,carnival.,admission.,9,,,{}
ryskin2021,,101,Synt,ryskin2021//101/Synt,,the museum pass provides five dollars off of each admissions .,The museum pass provides five dollars off of each admissions.,,331,implausible,,word_form,ryskin2021//101/Control,The museum pass provides five dollars off of each admission.,sub,sub,admissions.,admission.,9,,,{}
ryskin2021,,103,Control,ryskin2021//103/Control,,old car engines mixed fuel and air in a carburetor .,Old car engines mixed fuel and air in a carburetor.,,332,plausible,,word_form,ryskin2021//103/Control,Old car engines mixed fuel and air in a carburetor.,none,,,,,,,{}
ryskin2021,,103,SemCrit,ryskin2021//103/SemCrit,,old car engines mixed fuel and air in a cabaret .,Old car engines mixed fuel and air in a cabaret.,,333,implausible,,word_form,ryskin2021//103/Control,Old car engines mixed fuel and air in a carburetor.,sub,sub,cabaret.,carburetor.,9,,,{}
ryskin2021,,103,Sem,ryskin2021//103/Sem,,old car engines mixed fuel and air in a callus .,Old car engines mixed fuel and air in a callus.,,334,implausible,,word_form,ryskin2021//103/Control,Old car engines mixed fuel and air in a carburetor.,sub,sub,callus.,carburetor.,9,,,{}
ryskin2021,,103,Synt,ryskin2021//103/Synt,,old car engines mixed fuel and air in a carburetors .,Old car engines mixed fuel and air in a carburetors.,,335,implausible,,word_form,ryskin2021//103/Control,Old car engines mixed fuel and air in a carburetor.,sub,sub,carburetors.,carburetor.,9,,,{}
ryskin2021,,104,Control,ryskin2021//104/Control,,edith piaf's extraordinary singing career was begun in a cabaret .,Edith piaf's extraordinary singing career was begun in a cabaret.,,336,plausible,,word_form,ryskin2021//104/Control,Edith piaf's extraordinary singing career was begun in a cabaret.,none,,,,,,,{}
ryskin2021,,104,SemCrit,ryskin2021//104/SemCrit,,edith piaf's extraordinary singing career was begun in a carburetor .,Edith piaf's extraordinary singing career was begun in a carburetor.,,337,implausible,,word_form,ryskin2021//104/Control,Edith piaf's extraordinary singing career was begun in a cabaret.,sub,sub,carburetor.,cabaret.,9,,,{}
ryskin2021,,104,Sem,ryskin2021//104/Sem,,edith piaf's extraordinary singing career was begun in a thermos .,Edith piaf's extraordinary singing career was begun in a thermos.,,338,implausible,,word_form,ryskin2021//104/Control,Edith piaf's extraordinary singing career was begun in a cabaret.,sub,sub,thermos.,cabaret.,9,,,{}
ryskin2021,,104,Synt,ryskin2021//104/Synt,,edith piaf's extraordinary singing career was begun in a cabarets .,Edith piaf's extraordinary singing career was begun in a cabarets.,,339,implausible,,word_form,ryskin2021//104/Control,Edith piaf's extraordinary singing career was begun in a cabaret.,sub,sub,cabarets.,cabaret.,9,,,{}
ryskin2021,,105,Control,ryskin2021//105/Control,,on the mountaintop we felt dizzy because of this altitude .,On the mountaintop we felt dizzy because of this altitude.,,340,plausible,,word_form,ryskin2021//105/Control,On the mountaintop we felt dizzy because of this altitude.,none,,,,,,,{}
ryskin2021,,105,SemCrit,ryskin2021//105/SemCrit,,on the mountaintop we felt dizzy because of this attitude .,On the mountaintop we felt dizzy because of this attitude.,,341,implausible,,word_form,ryskin2021//105/Control,On the mountaintop we felt dizzy because of this altitude.,sub,sub,attitude.,altitude.,9,,,{}
ryskin2021,,105,Sem,ryskin2021//105/Sem,,on the mountaintop we felt dizzy because of this conscience .,On the mountaintop we felt dizzy because of this conscience.,,342,implausible,,word_form,ryskin2021//105/Control,On the mountaintop we felt dizzy because of this altitude.,sub,sub,conscience.,altitude.,9,,,{}
ryskin2021,,105,Synt,ryskin2021//105/Synt,,on the mountaintop we felt dizzy because of this altitudes .,On the mountaintop we felt dizzy because of this altitudes.,,343,implausible,,word_form,ryskin2021//105/Control,On the mountaintop we felt dizzy because of this altitude.,sub,sub,altitudes.,altitude.,9,,,{}
ryskin2021,,106,Control,ryskin2021//106/Control,,the coach scolded the player for having a bad attitude .,The coach scolded the player for having a bad attitude.,,344,plausible,,word_form,ryskin2021//106/Control,The coach scolded the player for having a bad attitude.,none,,,,,,,{}
ryskin2021,,106,SemCrit,ryskin2021//106/SemCrit,,the coach scolded the player for having a bad altitude .,The coach scolded the player for having a bad altitude.,,345,implausible,,word_form,ryskin2021//106/Control,The coach scolded the player for having a bad attitude.,sub,sub,altitude.,attitude.,9,,,{}
ryskin2021,,106,Sem,ryskin2021//106/Sem,,the coach scolded the player for having a bad shutter .,The coach scolded the player for having a bad shutter.,,346,implausible,,word_form,ryskin2021//106/Control,The coach scolded the player for having a bad attitude.,sub,sub,shutter.,attitude.,9,,,{}
ryskin2021,,106,Synt,ryskin2021//106/Synt,,the coach scolded the player for having a bad attitudes .,The coach scolded the player for having a bad attitudes.,,347,implausible,,word_form,ryskin2021//106/Control,The coach scolded the player for having a bad attitude.,sub,sub,attitudes.,attitude.,9,,,{}
ryskin2021,,107,Control,ryskin2021//107/Control,,the college sent out a newsletter to all its alumni .,The college sent out a newsletter to all its alumni.,,348,plausible,,word_form,ryskin2021//107/Control,The college sent out a newsletter to all its alumni.,none,,,,,,,{}
ryskin2021,,107,SemCrit,ryskin2021//107/SemCrit,,the college sent out a newsletter to all its aluminum .,The college sent out a newsletter to all its aluminum.,,349,implausible,,word_form,ryskin2021//107/Control,The college sent out a newsletter to all its alumni.,sub,sub,aluminum.,alumni.,9,,,{}
ryskin2021,,107,Sem,ryskin2021//107/Sem,,the college sent out a newsletter to all its dynamite .,The college sent out a newsletter to all its dynamite.,,350,implausible,,word_form,ryskin2021//107/Control,The college sent out a newsletter to all its alumni.,sub,sub,dynamite.,alumni.,9,,,{}
ryskin2021,,107,Synt,ryskin2021//107/Synt,,the college sent out a newsletter to all its alumnus .,The college sent out a newsletter to all its alumnus.,,351,implausible,,word_form,ryskin2021//107/Control,The college sent out a newsletter to all its alumni.,sub,sub,alumnus.,alumni.,9,,,{}
ryskin2021,,108,Control,ryskin2021//108/Control,,soda cans and tin foil are both made of aluminum .,Soda cans and tin foil are both made of aluminum.,,352,plausible,,word_form,ryskin2021//108/Control,Soda cans and tin foil are both made of aluminum.,none,,,,,,,{}
ryskin2021,,108,SemCrit,ryskin2021//108/SemCrit,,soda cans and tin foil are both made of alumni .,Soda cans and tin foil are both made of alumni.,,353,implausible,,word_form,ryskin2021//108/Control,Soda cans and tin foil are both made of aluminum.,sub,sub,alumni.,aluminum.,9,,,{}
ryskin2021,,108,Sem,ryskin2021//108/Sem,,soda cans and tin foil are both made of exertion .,Soda cans and tin foil are both made of exertion.,,354,implausible,,word_form,ryskin2021//108/Control,Soda cans and tin foil are both made of aluminum.,sub,sub,exertion.,aluminum.,9,,,{}
ryskin2021,,108,Synt,ryskin2021//108/Synt,,soda cans and tin foil are both made of aluminums .,Soda cans and tin foil are both made of aluminums.,,355,implausible,,word_form,ryskin2021//108/Control,Soda cans and tin foil are both made of aluminum.,sub,sub,aluminums.,aluminum.,9,,,{}
ryskin2021,,109,Control,ryskin2021//109/Control,,the princess arrived at the ball in a horse-drawn carriage .,The princess arrived at the ball in a horse-drawn carriage.,,356,plausible,,word_form,ryskin2021//109/Control,The princess arrived at the ball in a horse-drawn carriage.,none,,,,,,,{}
ryskin2021,,109,SemCrit,ryskin2021//109/SemCrit,,the princess arrived at the ball in a horse-drawn cartridge .,The princess arrived at the ball in a horse-drawn cartridge.,,357,implausible,,word_form,ryskin2021//109/Control,The princess arrived at the ball in a horse-drawn carriage.,sub,sub,cartridge.,carriage.,9,,,{}
ryskin2021,,109,Sem,ryskin2021//109/Sem,,the princess arrived at the ball in a horse-drawn thermal .,The princess arrived at the ball in a horse-drawn thermal.,,358,implausible,,word_form,ryskin2021//109/Control,The princess arrived at the ball in a horse-drawn carriage.,sub,sub,thermal.,carriage.,9,,,{}
ryskin2021,,109,Synt,ryskin2021//109/Synt,,the princess arrived at the ball in a horse-drawn carriages .,The princess arrived at the ball in a horse-drawn carriages.,,359,implausible,,word_form,ryskin2021//109/Control,The princess arrived at the ball in a horse-drawn carriage.,sub,sub,carriages.,carriage.,9,,,{}
ryskin2021,,110,Control,ryskin2021//110/Control,,the printer needed more paper and a new ink cartridge .,The printer needed more paper and a new ink cartridge.,,360,plausible,,word_form,ryskin2021//110/Control,The printer needed more paper and a new ink cartridge.,none,,,,,,,{}
ryskin2021,,110,SemCrit,ryskin2021//110/SemCrit,,the printer needed more paper and a new ink carriage .,The printer needed more paper and a new ink carriage.,,361,implausible,,word_form,ryskin2021//110/Control,The printer needed more paper and a new ink cartridge.,sub,sub,carriage.,cartridge.,9,,,{}
ryskin2021,,110,Sem,ryskin2021//110/Sem,,the printer needed more paper and a new ink veteran .,The printer needed more paper and a new ink veteran.,,362,implausible,,word_form,ryskin2021//110/Control,The printer needed more paper and a new ink cartridge.,sub,sub,veteran.,cartridge.,9,,,{}
ryskin2021,,110,Synt,ryskin2021//110/Synt,,the printer needed more paper and a new ink cartridges .,The printer needed more paper and a new ink cartridges.,,363,implausible,,word_form,ryskin2021//110/Control,The printer needed more paper and a new ink cartridge.,sub,sub,cartridges.,cartridge.,9,,,{}
ryskin2021,,111,Control,ryskin2021//111/Control,,marie curie died of exposure to radiation from this radium .,Marie curie died of exposure to radiation from this radium.,,364,plausible,,word_form,ryskin2021//111/Control,Marie curie died of exposure to radiation from this radium.,none,,,,,,,{}
ryskin2021,,111,SemCrit,ryskin2021//111/SemCrit,,marie curie died of exposure to radiation from this radius .,Marie curie died of exposure to radiation from this radius.,,365,implausible,,word_form,ryskin2021//111/Control,Marie curie died of exposure to radiation from this radium.,sub,sub,radius.,radium.,9,,,{}
ryskin2021,,111,Sem,ryskin2021//111/Sem,,marie curie died of exposure to radiation from this veterinarian .,Marie curie died of exposure to radiation from this veterinarian.,,366,implausible,,word_form,ryskin2021//111/Control,Marie curie died of exposure to radiation from this radium.,sub,sub,veterinarian.,radium.,9,,,{}
ryskin2021,,111,Synt,ryskin2021//111/Synt,,marie curie died of exposure to radiation from this radiums .,Marie curie died of exposure to radiation from this radiums.,,367,implausible,,word_form,ryskin2021//111/Control,Marie curie died of exposure to radiation from this radium.,sub,sub,radiums.,radium.,9,,,{}
ryskin2021,,112,Control,ryskin2021//112/Control,,no light escapes the black hole once within this radius .,No light escapes the black hole once within this radius.,,368,plausible,,word_form,ryskin2021//112/Control,No light escapes the black hole once within this radius.,none,,,,,,,{}
ryskin2021,,112,SemCrit,ryskin2021//112/SemCrit,,no light escapes the black hole once within this radium .,No light escapes the black hole once within this radium.,,369,implausible,,word_form,ryskin2021//112/Control,No light escapes the black hole once within this radius.,sub,sub,radium.,radius.,9,,,{}
ryskin2021,,112,Sem,ryskin2021//112/Sem,,no light escapes the black hole once within this cabaret .,No light escapes the black hole once within this cabaret.,,370,implausible,,word_form,ryskin2021//112/Control,No light escapes the black hole once within this radius.,sub,sub,cabaret.,radius.,9,,,{}
ryskin2021,,112,Synt,ryskin2021//112/Synt,,no light escapes the black hole once within this radii .,No light escapes the black hole once within this radii.,,371,implausible,,word_form,ryskin2021//112/Control,No light escapes the black hole once within this radius.,sub,sub,radii.,radius.,9,,,{}
ryskin2021,,113,Control,ryskin2021//113/Control,,the united states has a large stockpile of nuclear armaments .,The united states has a large stockpile of nuclear armaments.,,372,plausible,,word_form,ryskin2021//113/Control,The united states has a large stockpile of nuclear armaments.,none,,,,,,,{}
ryskin2021,,113,SemCrit,ryskin2021//113/SemCrit,,the united states has a large stockpile of nuclear ornaments .,The united states has a large stockpile of nuclear ornaments.,,373,implausible,,word_form,ryskin2021//113/Control,The united states has a large stockpile of nuclear armaments.,sub,sub,ornaments.,armaments.,9,,,{}
ryskin2021,,113,Sem,ryskin2021//113/Sem,,the united states has a large stockpile of nuclear adoration .,The united states has a large stockpile of nuclear adoration.,,374,implausible,,word_form,ryskin2021//113/Control,The united states has a large stockpile of nuclear armaments.,sub,sub,adoration.,armaments.,9,,,{}
ryskin2021,,113,Synt,ryskin2021//113/Synt,,the united states has a large stockpile of nuclear armament .,The united states has a large stockpile of nuclear armament.,,375,implausible,,word_form,ryskin2021//113/Control,The united states has a large stockpile of nuclear armaments.,sub,sub,armament.,armaments.,9,,,{}
ryskin2021,,114,Control,ryskin2021//114/Control,,the christmas tree was decorated with many shining glass ornaments .,The christmas tree was decorated with many shining glass ornaments.,,376,plausible,,word_form,ryskin2021//114/Control,The christmas tree was decorated with many shining glass ornaments.,none,,,,,,,{}
ryskin2021,,114,SemCrit,ryskin2021//114/SemCrit,,the christmas tree was decorated with many shining glass armaments .,The christmas tree was decorated with many shining glass armaments.,,377,implausible,,word_form,ryskin2021//114/Control,The christmas tree was decorated with many shining glass ornaments.,sub,sub,armaments.,ornaments.,9,,,{}
ryskin2021,,114,Sem,ryskin2021//114/Sem,,the christmas tree was decorated with many shining glass infantry .,The christmas tree was decorated with many shining glass infantry.,,378,implausible,,word_form,ryskin2021//114/Control,The christmas tree was decorated with many shining glass ornaments.,sub,sub,infantry.,ornaments.,9,,,{}
ryskin2021,,114,Synt,ryskin2021//114/Synt,,the christmas tree was decorated with many shining glass ornament .,The christmas tree was decorated with many shining glass ornament.,,379,implausible,,word_form,ryskin2021//114/Control,The christmas tree was decorated with many shining glass ornaments.,sub,sub,ornament.,ornaments.,9,,,{}
ryskin2021,,115,Control,ryskin2021//115/Control,,blackmail is just one of many weapons in this arsenal .,Blackmail is just one of many weapons in this arsenal.,,380,plausible,,word_form,ryskin2021//115/Control,Blackmail is just one of many weapons in this arsenal.,none,,,,,,,{}
ryskin2021,,115,SemCrit,ryskin2021//115/SemCrit,,blackmail is just one of many weapons in this arsenic .,Blackmail is just one of many weapons in this arsenic.,,381,implausible,,word_form,ryskin2021//115/Control,Blackmail is just one of many weapons in this arsenal.,sub,sub,arsenic.,arsenal.,9,,,{}
ryskin2021,,115,Sem,ryskin2021//115/Sem,,blackmail is just one of many weapons in this consternation .,Blackmail is just one of many weapons in this consternation.,,382,implausible,,word_form,ryskin2021//115/Control,Blackmail is just one of many weapons in this arsenal.,sub,sub,consternation.,arsenal.,9,,,{}
ryskin2021,,115,Synt,ryskin2021//115/Synt,,blackmail is just one of many weapons in this arsenals .,Blackmail is just one of many weapons in this arsenals.,,383,implausible,,word_form,ryskin2021//115/Control,Blackmail is just one of many weapons in this arsenal.,sub,sub,arsenals.,arsenal.,9,,,{}
ryskin2021,,116,Control,ryskin2021//116/Control,,the detectives discovered the professor was poisoned with this arsenic .,The detectives discovered the professor was poisoned with this arsenic.,,384,plausible,,word_form,ryskin2021//116/Control,The detectives discovered the professor was poisoned with this arsenic.,none,,,,,,,{}
ryskin2021,,116,SemCrit,ryskin2021//116/SemCrit,,the detectives discovered the professor was poisoned with this arsenal .,The detectives discovered the professor was poisoned with this arsenal.,,385,implausible,,word_form,ryskin2021//116/Control,The detectives discovered the professor was poisoned with this arsenic.,sub,sub,arsenal.,arsenic.,9,,,{}
ryskin2021,,116,Sem,ryskin2021//116/Sem,,the detectives discovered the professor was poisoned with this carriage .,The detectives discovered the professor was poisoned with this carriage.,,386,implausible,,word_form,ryskin2021//116/Control,The detectives discovered the professor was poisoned with this arsenic.,sub,sub,carriage.,arsenic.,9,,,{}
ryskin2021,,116,Synt,ryskin2021//116/Synt,,the detectives discovered the professor was poisoned with this arsenics .,The detectives discovered the professor was poisoned with this arsenics.,,387,implausible,,word_form,ryskin2021//116/Control,The detectives discovered the professor was poisoned with this arsenic.,sub,sub,arsenics.,arsenic.,9,,,{}
ryskin2021,,117,Control,ryskin2021//117/Control,,the cheapest lunchmeat at this grocery store is this baloney .,The cheapest lunchmeat at this grocery store is this baloney.,,388,plausible,,word_form,ryskin2021//117/Control,The cheapest lunchmeat at this grocery store is this baloney.,none,,,,,,,{}
ryskin2021,,117,SemCrit,ryskin2021//117/SemCrit,,the cheapest lunchmeat at this grocery store is this balcony .,The cheapest lunchmeat at this grocery store is this balcony.,,389,implausible,,word_form,ryskin2021//117/Control,The cheapest lunchmeat at this grocery store is this baloney.,sub,sub,balcony.,baloney.,9,,,{}
ryskin2021,,117,Sem,ryskin2021//117/Sem,,the cheapest lunchmeat at this grocery store is this immortality .,The cheapest lunchmeat at this grocery store is this immortality.,,390,implausible,,word_form,ryskin2021//117/Control,The cheapest lunchmeat at this grocery store is this baloney.,sub,sub,immortality.,baloney.,9,,,{}
ryskin2021,,117,Synt,ryskin2021//117/Synt,,the cheapest lunchmeat at this grocery store is this baloneys .,The cheapest lunchmeat at this grocery store is this baloneys.,,391,implausible,,word_form,ryskin2021//117/Control,The cheapest lunchmeat at this grocery store is this baloney.,sub,sub,baloneys.,baloney.,9,,,{}
ryskin2021,,118,Control,ryskin2021//118/Control,,romeo longingly admired juliet as she stood on this balcony .,Romeo longingly admired juliet as she stood on this balcony.,,392,plausible,,word_form,ryskin2021//118/Control,Romeo longingly admired juliet as she stood on this balcony.,none,,,,,,,{}
ryskin2021,,118,SemCrit,ryskin2021//118/SemCrit,,romeo longingly admired juliet as she stood on this baloney .,Romeo longingly admired juliet as she stood on this baloney.,,393,implausible,,word_form,ryskin2021//118/Control,Romeo longingly admired juliet as she stood on this balcony.,sub,sub,baloney.,balcony.,9,,,{}
ryskin2021,,118,Sem,ryskin2021//118/Sem,,romeo longingly admired juliet as she stood on this consciousness .,Romeo longingly admired juliet as she stood on this consciousness.,,394,implausible,,word_form,ryskin2021//118/Control,Romeo longingly admired juliet as she stood on this balcony.,sub,sub,consciousness.,balcony.,9,,,{}
ryskin2021,,118,Synt,ryskin2021//118/Synt,,romeo longingly admired juliet as she stood on this balconies .,Romeo longingly admired juliet as she stood on this balconies.,,395,implausible,,word_form,ryskin2021//118/Control,Romeo longingly admired juliet as she stood on this balcony.,sub,sub,balconies.,balcony.,9,,,{}
ryskin2021,,120,Control,ryskin2021//120/Control,,capture or kill the wanted criminal to collect a bounty .,Capture or kill the wanted criminal to collect a bounty.,,396,plausible,,word_form,ryskin2021//120/Control,Capture or kill the wanted criminal to collect a bounty.,none,,,,,,,{}
ryskin2021,,120,SemCrit,ryskin2021//120/SemCrit,,capture or kill the wanted criminal to collect a boundary .,Capture or kill the wanted criminal to collect a boundary.,,397,implausible,,word_form,ryskin2021//120/Control,Capture or kill the wanted criminal to collect a bounty.,sub,sub,boundary.,bounty.,9,,,{}
ryskin2021,,120,Sem,ryskin2021//120/Sem,,capture or kill the wanted criminal to collect an expedition .,Capture or kill the wanted criminal to collect an expedition.,,398,implausible,,word_form,ryskin2021//120/Control,Capture or kill the wanted criminal to collect a bounty.,sub,sub,an expedition.,a bounty.,8,,,{}
ryskin2021,,120,Synt,ryskin2021//120/Synt,,capture or kill the wanted criminal to collect a bounties .,Capture or kill the wanted criminal to collect a bounties.,,399,implausible,,word_form,ryskin2021//120/Control,Capture or kill the wanted criminal to collect a bounty.,sub,sub,bounties.,bounty.,9,,,{}
ryskin2021,,121,Control,ryskin2021//121/Control,,the celebrating couple joyfully popped open a bottle of champagne .,The celebrating couple joyfully popped open a bottle of champagne.,,400,plausible,,word_form,ryskin2021//121/Control,The celebrating couple joyfully popped open a bottle of champagne.,none,,,,,,,{}
ryskin2021,,121,SemCrit,ryskin2021//121/SemCrit,,the celebrating couple joyfully popped open a bottle of campaign .,The celebrating couple joyfully popped open a bottle of campaign.,,401,implausible,,word_form,ryskin2021//121/Control,The celebrating couple joyfully popped open a bottle of champagne.,sub,sub,campaign.,champagne.,9,,,{}
ryskin2021,,121,Sem,ryskin2021//121/Sem,,the celebrating couple joyfully popped open a bottle of armaments .,The celebrating couple joyfully popped open a bottle of armaments.,,402,implausible,,word_form,ryskin2021//121/Control,The celebrating couple joyfully popped open a bottle of champagne.,sub,sub,armaments.,champagne.,9,,,{}
ryskin2021,,121,Synt,ryskin2021//121/Synt,,the celebrating couple joyfully popped open a bottle of champagnes .,The celebrating couple joyfully popped open a bottle of champagnes.,,403,implausible,,word_form,ryskin2021//121/Control,The celebrating couple joyfully popped open a bottle of champagne.,sub,sub,champagnes.,champagne.,9,,,{}
ryskin2021,,123,Control,ryskin2021//123/Control,,a syllogism is a common form of a deductive inference .,A syllogism is a common form of a deductive inference.,,404,plausible,,word_form,ryskin2021//123/Control,A syllogism is a common form of a deductive inference.,none,,,,,,,{}
ryskin2021,,123,SemCrit,ryskin2021//123/SemCrit,,a syllogism is a common form of a deductive inferno .,A syllogism is a common form of a deductive inferno.,,405,implausible,,word_form,ryskin2021//123/Control,A syllogism is a common form of a deductive inference.,sub,sub,inferno.,inference.,9,,,{}
ryskin2021,,123,Sem,ryskin2021//123/Sem,,a syllogism is a common form of a deductive peasantry .,A syllogism is a common form of a deductive peasantry.,,406,implausible,,word_form,ryskin2021//123/Control,A syllogism is a common form of a deductive inference.,sub,sub,peasantry.,inference.,9,,,{}
ryskin2021,,123,Synt,ryskin2021//123/Synt,,a syllogism is a common form of a deductive inferences .,A syllogism is a common form of a deductive inferences.,,407,implausible,,word_form,ryskin2021//123/Control,A syllogism is a common form of a deductive inference.,sub,sub,inferences.,inference.,9,,,{}
ryskin2021,,124,Control,ryskin2021//124/Control,,the napalm turned the luscious forest into a fiery inferno .,The napalm turned the luscious forest into a fiery inferno.,,408,plausible,,word_form,ryskin2021//124/Control,The napalm turned the luscious forest into a fiery inferno.,none,,,,,,,{}
ryskin2021,,124,SemCrit,ryskin2021//124/SemCrit,,the napalm turned the luscious forest into a fiery inference .,The napalm turned the luscious forest into a fiery inference.,,409,implausible,,word_form,ryskin2021//124/Control,The napalm turned the luscious forest into a fiery inferno.,sub,sub,inference.,inferno.,9,,,{}
ryskin2021,,124,Sem,ryskin2021//124/Sem,,the napalm turned the luscious forest into a fiery attitude .,The napalm turned the luscious forest into a fiery attitude.,,410,implausible,,word_form,ryskin2021//124/Control,The napalm turned the luscious forest into a fiery inferno.,sub,sub,attitude.,inferno.,9,,,{}
ryskin2021,,124,Synt,ryskin2021//124/Synt,,the napalm turned the luscious forest into a fiery infernos .,The napalm turned the luscious forest into a fiery infernos.,,411,implausible,,word_form,ryskin2021//124/Control,The napalm turned the luscious forest into a fiery inferno.,sub,sub,infernos.,inferno.,9,,,{}
ryskin2021,,125,Control,ryskin2021//125/Control,,i blacked out and was confused when i regained consciousness .,I blacked out and was confused when i regained consciousness.,,412,plausible,,word_form,ryskin2021//125/Control,I blacked out and was confused when i regained consciousness.,none,,,,,,,{}
ryskin2021,,125,SemCrit,ryskin2021//125/SemCrit,,i blacked out and was confused when i regained conscience .,I blacked out and was confused when i regained conscience.,,413,implausible,,word_form,ryskin2021//125/Control,I blacked out and was confused when i regained consciousness.,sub,sub,conscience.,consciousness.,9,,,{}
ryskin2021,,125,Sem,ryskin2021//125/Sem,,i blacked out and was confused when i regained duration .,I blacked out and was confused when i regained duration.,,414,implausible,,word_form,ryskin2021//125/Control,I blacked out and was confused when i regained consciousness.,sub,sub,duration.,consciousness.,9,,,{}
ryskin2021,,125,Synt,ryskin2021//125/Synt,,i blacked out and was confused when i regained consciousnesses .,I blacked out and was confused when i regained consciousnesses.,,415,implausible,,word_form,ryskin2021//125/Control,I blacked out and was confused when i regained consciousness.,sub,sub,consciousnesses.,consciousness.,9,,,{}
ryskin2021,,127,Control,ryskin2021//127/Control,,the sudden change in protocol had caused all this consternation .,The sudden change in protocol had caused all this consternation.,,416,plausible,,word_form,ryskin2021//127/Control,The sudden change in protocol had caused all this consternation.,none,,,,,,,{}
ryskin2021,,127,SemCrit,ryskin2021//127/SemCrit,,the sudden change in protocol had caused all this constellation .,The sudden change in protocol had caused all this constellation.,,417,implausible,,word_form,ryskin2021//127/Control,The sudden change in protocol had caused all this consternation.,sub,sub,constellation.,consternation.,9,,,{}
ryskin2021,,127,Sem,ryskin2021//127/Sem,,the sudden change in protocol had caused all this inflection .,The sudden change in protocol had caused all this inflection.,,418,implausible,,word_form,ryskin2021//127/Control,The sudden change in protocol had caused all this consternation.,sub,sub,inflection.,consternation.,9,,,{}
ryskin2021,,127,Synt,ryskin2021//127/Synt,,the sudden change in protocol had caused all this consternations .,The sudden change in protocol had caused all this consternations.,,419,implausible,,word_form,ryskin2021//127/Control,The sudden change in protocol had caused all this consternation.,sub,sub,consternations.,consternation.,9,,,{}
ryskin2021,,128,Control,ryskin2021//128/Control,,the big dipper may perhaps be the most famous constellation .,The big dipper may perhaps be the most famous constellation.,,420,plausible,,word_form,ryskin2021//128/Control,The big dipper may perhaps be the most famous constellation.,none,,,,,,,{}
ryskin2021,,128,SemCrit,ryskin2021//128/SemCrit,,the big dipper may perhaps be the most famous consternation .,The big dipper may perhaps be the most famous consternation.,,421,implausible,,word_form,ryskin2021//128/Control,The big dipper may perhaps be the most famous constellation.,sub,sub,consternation.,constellation.,9,,,{}
ryskin2021,,128,Sem,ryskin2021//128/Sem,,the big dipper may perhaps be the most famous immunity .,The big dipper may perhaps be the most famous immunity.,,422,implausible,,word_form,ryskin2021//128/Control,The big dipper may perhaps be the most famous constellation.,sub,sub,immunity.,constellation.,9,,,{}
ryskin2021,,128,Synt,ryskin2021//128/Synt,,the big dipper may perhaps be the most famous constellations .,The big dipper may perhaps be the most famous constellations.,,423,implausible,,word_form,ryskin2021//128/Control,The big dipper may perhaps be the most famous constellation.,sub,sub,constellations.,constellation.,9,,,{}
ryskin2021,,129,Control,ryskin2021//129/Control,,the herd of cows was out grazing in a pasture .,The herd of cows was out grazing in a pasture.,,424,plausible,,word_form,ryskin2021//129/Control,The herd of cows was out grazing in a pasture.,none,,,,,,,{}
ryskin2021,,129,SemCrit,ryskin2021//129/SemCrit,,the herd of cows was out grazing in a pastor .,The herd of cows was out grazing in a pastor.,,425,implausible,,word_form,ryskin2021//129/Control,The herd of cows was out grazing in a pasture.,sub,sub,pastor.,pasture.,9,,,{}
ryskin2021,,129,Sem,ryskin2021//129/Sem,,the herd of cows was out grazing in an altercation .,The herd of cows was out grazing in an altercation.,,426,implausible,,word_form,ryskin2021//129/Control,The herd of cows was out grazing in a pasture.,sub,sub,an altercation.,a pasture.,8,,,{}
ryskin2021,,129,Synt,ryskin2021//129/Synt,,the herd of cows was out grazing in a pastures .,The herd of cows was out grazing in a pastures.,,427,implausible,,word_form,ryskin2021//129/Control,The herd of cows was out grazing in a pasture.,sub,sub,pastures.,pasture.,9,,,{}
ryskin2021,,130,Control,ryskin2021//130/Control,,the congregation listens to a sermon delivered by a pastor .,The congregation listens to a sermon delivered by a pastor.,,428,plausible,,word_form,ryskin2021//130/Control,The congregation listens to a sermon delivered by a pastor.,none,,,,,,,{}
ryskin2021,,130,SemCrit,ryskin2021//130/SemCrit,,the congregation listens to a sermon delivered by a pasture .,The congregation listens to a sermon delivered by a pasture.,,429,implausible,,word_form,ryskin2021//130/Control,The congregation listens to a sermon delivered by a pastor.,sub,sub,pasture.,pastor.,9,,,{}
ryskin2021,,130,Sem,ryskin2021//130/Sem,,the congregation listens to a sermon delivered by an escalation .,The congregation listens to a sermon delivered by an escalation.,,430,implausible,,word_form,ryskin2021//130/Control,The congregation listens to a sermon delivered by a pastor.,sub,sub,an escalation.,a pastor.,8,,,{}
ryskin2021,,130,Synt,ryskin2021//130/Synt,,the congregation listens to a sermon delivered by a pastors .,The congregation listens to a sermon delivered by a pastors.,,431,implausible,,word_form,ryskin2021//130/Control,The congregation listens to a sermon delivered by a pastor.,sub,sub,pastors.,pastor.,9,,,{}
ryskin2021,,131,Control,ryskin2021//131/Control,,a soldier fighting for the highest bidder is a mercenary .,A soldier fighting for the highest bidder is a mercenary.,,432,plausible,,word_form,ryskin2021//131/Control,A soldier fighting for the highest bidder is a mercenary.,none,,,,,,,{}
ryskin2021,,131,SemCrit,ryskin2021//131/SemCrit,,a soldier fighting for the highest bidder is a missionary .,A soldier fighting for the highest bidder is a missionary.,,433,implausible,,word_form,ryskin2021//131/Control,A soldier fighting for the highest bidder is a mercenary.,sub,sub,missionary.,mercenary.,9,,,{}
ryskin2021,,131,Sem,ryskin2021//131/Sem,,a soldier fighting for the highest bidder is an apostrophe .,A soldier fighting for the highest bidder is an apostrophe.,,434,implausible,,word_form,ryskin2021//131/Control,A soldier fighting for the highest bidder is a mercenary.,sub,sub,an apostrophe.,a mercenary.,8,,,{}
ryskin2021,,131,Synt,ryskin2021//131/Synt,,a soldier fighting for the highest bidder is a mercenaries .,A soldier fighting for the highest bidder is a mercenaries.,,435,implausible,,word_form,ryskin2021//131/Control,A soldier fighting for the highest bidder is a mercenary.,sub,sub,mercenaries.,mercenary.,9,,,{}
ryskin2021,,132,Control,ryskin2021//132/Control,,the devout christian girl travelled to india as a missionary .,The devout christian girl travelled to india as a missionary.,,436,plausible,,word_form,ryskin2021//132/Control,The devout christian girl travelled to india as a missionary.,none,,,,,,,{}
ryskin2021,,132,SemCrit,ryskin2021//132/SemCrit,,the devout christian girl travelled to india as a mercenary .,The devout christian girl travelled to india as a mercenary.,,437,implausible,,word_form,ryskin2021//132/Control,The devout christian girl travelled to india as a missionary.,sub,sub,mercenary.,missionary.,9,,,{}
ryskin2021,,132,Sem,ryskin2021//132/Sem,,the devout christian girl travelled to india as an admission .,The devout christian girl travelled to india as an admission.,,438,implausible,,word_form,ryskin2021//132/Control,The devout christian girl travelled to india as a missionary.,sub,sub,an admission.,a missionary.,8,,,{}
ryskin2021,,132,Synt,ryskin2021//132/Synt,,the devout christian girl travelled to india as a missionaries .,The devout christian girl travelled to india as a missionaries.,,439,implausible,,word_form,ryskin2021//132/Control,The devout christian girl travelled to india as a missionary.,sub,sub,missionaries.,missionary.,9,,,{}
ryskin2021,,133,Control,ryskin2021//133/Control,,that white dog with little black spots is a dalmatian .,That white dog with little black spots is a dalmatian.,,440,plausible,,word_form,ryskin2021//133/Control,That white dog with little black spots is a dalmatian.,none,,,,,,,{}
ryskin2021,,133,SemCrit,ryskin2021//133/SemCrit,,that white dog with little black spots is a damnation .,That white dog with little black spots is a damnation.,,441,implausible,,word_form,ryskin2021//133/Control,That white dog with little black spots is a dalmatian.,sub,sub,damnation.,dalmatian.,9,,,{}
ryskin2021,,133,Sem,ryskin2021//133/Sem,,that white dog with little black spots is an umpire .,That white dog with little black spots is an umpire.,,442,implausible,,word_form,ryskin2021//133/Control,That white dog with little black spots is a dalmatian.,sub,sub,an umpire.,a dalmatian.,8,,,{}
ryskin2021,,133,Synt,ryskin2021//133/Synt,,that white dog with little black spots is a dalmations .,That white dog with little black spots is a dalmations.,,443,implausible,,word_form,ryskin2021//133/Control,That white dog with little black spots is a dalmatian.,sub,sub,dalmations.,dalmatian.,9,,,{}
ryskin2021,,135,Control,ryskin2021//135/Control,,the crowded urban neighborhood had a very high population density .,The crowded urban neighborhood had a very high population density.,,444,plausible,,word_form,ryskin2021//135/Control,The crowded urban neighborhood had a very high population density.,none,,,,,,,{}
ryskin2021,,135,SemCrit,ryskin2021//135/SemCrit,,the crowded urban neighborhood had a very high population destiny .,The crowded urban neighborhood had a very high population destiny.,,445,implausible,,word_form,ryskin2021//135/Control,The crowded urban neighborhood had a very high population density.,sub,sub,destiny.,density.,9,,,{}
ryskin2021,,135,Sem,ryskin2021//135/Sem,,the crowded urban neighborhood had a very high population missionary .,The crowded urban neighborhood had a very high population missionary.,,446,implausible,,word_form,ryskin2021//135/Control,The crowded urban neighborhood had a very high population density.,sub,sub,missionary.,density.,9,,,{}
ryskin2021,,135,Synt,ryskin2021//135/Synt,,the crowded urban neighborhood had a very high population densities .,The crowded urban neighborhood had a very high population densities.,,447,implausible,,word_form,ryskin2021//135/Control,The crowded urban neighborhood had a very high population density.,sub,sub,densities.,density.,9,,,{}
ryskin2021,,138,Control,ryskin2021//138/Control,,my back was so tense i really needed a massage .,My back was so tense i really needed a massage.,,448,plausible,,word_form,ryskin2021//138/Control,My back was so tense i really needed a massage.,none,,,,,,,{}
ryskin2021,,138,SemCrit,ryskin2021//138/SemCrit,,my back was so tense i really needed a message .,My back was so tense i really needed a message.,,449,implausible,,word_form,ryskin2021//138/Control,My back was so tense i really needed a massage.,sub,sub,message.,massage.,9,,,{}
ryskin2021,,138,Sem,ryskin2021//138/Sem,,my back was so tense i really needed a cartridge .,My back was so tense i really needed a cartridge.,,450,implausible,,word_form,ryskin2021//138/Control,My back was so tense i really needed a massage.,sub,sub,cartridge.,massage.,9,,,{}
ryskin2021,,138,Synt,ryskin2021//138/Synt,,my back was so tense i really needed a massages .,My back was so tense i really needed a massages.,,451,implausible,,word_form,ryskin2021//138/Control,My back was so tense i really needed a massage.,sub,sub,massages.,massage.,9,,,{}
ryskin2021,,139,Control,ryskin2021//139/Control,,the president of the college handed each graduate a diploma .,The president of the college handed each graduate a diploma.,,452,plausible,,word_form,ryskin2021//139/Control,The president of the college handed each graduate a diploma.,none,,,,,,,{}
ryskin2021,,139,SemCrit,ryskin2021//139/SemCrit,,the president of the college handed each graduate a diplomat .,The president of the college handed each graduate a diplomat.,,453,implausible,,word_form,ryskin2021//139/Control,The president of the college handed each graduate a diploma.,sub,sub,diplomat.,diploma.,9,,,{}
ryskin2021,,139,Sem,ryskin2021//139/Sem,,the president of the college handed each graduate an infection .,The president of the college handed each graduate an infection.,,454,implausible,,word_form,ryskin2021//139/Control,The president of the college handed each graduate a diploma.,sub,sub,an infection.,a diploma.,8,,,{}
ryskin2021,,139,Synt,ryskin2021//139/Synt,,the president of the college handed each graduate a diplomas .,The president of the college handed each graduate a diplomas.,,455,implausible,,word_form,ryskin2021//139/Control,The president of the college handed each graduate a diploma.,sub,sub,diplomas.,diploma.,9,,,{}
ryskin2021,,140,Control,ryskin2021//140/Control,,the ambassador who negotiated the deal was a skilled diplomat .,The ambassador who negotiated the deal was a skilled diplomat.,,456,plausible,,word_form,ryskin2021//140/Control,The ambassador who negotiated the deal was a skilled diplomat.,none,,,,,,,{}
ryskin2021,,140,SemCrit,ryskin2021//140/SemCrit,,the ambassador who negotiated the deal was a skilled diploma .,The ambassador who negotiated the deal was a skilled diploma.,,457,implausible,,word_form,ryskin2021//140/Control,The ambassador who negotiated the deal was a skilled diplomat.,sub,sub,diploma.,diplomat.,9,,,{}
ryskin2021,,140,Sem,ryskin2021//140/Sem,,the ambassador who negotiated the deal was a skilled constellation .,The ambassador who negotiated the deal was a skilled constellation.,,458,implausible,,word_form,ryskin2021//140/Control,The ambassador who negotiated the deal was a skilled diplomat.,sub,sub,constellation.,diplomat.,9,,,{}
ryskin2021,,140,Synt,ryskin2021//140/Synt,,the ambassador who negotiated the deal was a skilled diplomats .,The ambassador who negotiated the deal was a skilled diplomats.,,459,implausible,,word_form,ryskin2021//140/Control,The ambassador who negotiated the deal was a skilled diplomat.,sub,sub,diplomats.,diplomat.,9,,,{}
ryskin2021,,141,Control,ryskin2021//141/Control,,the retiree found he soon tired of all this leisure .,The retiree found he soon tired of all this leisure.,,460,plausible,,word_form,ryskin2021//141/Control,The retiree found he soon tired of all this leisure.,none,,,,,,,{}
ryskin2021,,141,SemCrit,ryskin2021//141/SemCrit,,the retiree found he soon tired of all this lesion .,The retiree found he soon tired of all this lesion.,,461,implausible,,word_form,ryskin2021//141/Control,The retiree found he soon tired of all this leisure.,sub,sub,lesion.,leisure.,9,,,{}
ryskin2021,,141,Sem,ryskin2021//141/Sem,,the retiree found he soon tired of all this phonology .,The retiree found he soon tired of all this phonology.,,462,implausible,,word_form,ryskin2021//141/Control,The retiree found he soon tired of all this leisure.,sub,sub,phonology.,leisure.,9,,,{}
ryskin2021,,141,Synt,ryskin2021//141/Synt,,the retiree found he soon tired of all this leisures .,The retiree found he soon tired of all this leisures.,,463,implausible,,word_form,ryskin2021//141/Control,The retiree found he soon tired of all this leisure.,sub,sub,leisures.,leisure.,9,,,{}
ryskin2021,,142,Control,ryskin2021//142/Control,,his personality was dramatically altered after acquiring this brain lesion .,His personality was dramatically altered after acquiring this brain lesion.,,464,plausible,,word_form,ryskin2021//142/Control,His personality was dramatically altered after acquiring this brain lesion.,none,,,,,,,{}
ryskin2021,,142,SemCrit,ryskin2021//142/SemCrit,,his personality was dramatically altered after acquiring this brain leisure .,His personality was dramatically altered after acquiring this brain leisure.,,465,implausible,,word_form,ryskin2021//142/Control,His personality was dramatically altered after acquiring this brain lesion.,sub,sub,leisure.,lesion.,9,,,{}
ryskin2021,,142,Sem,ryskin2021//142/Sem,,his personality was dramatically altered after acquiring this brain rhino .,His personality was dramatically altered after acquiring this brain rhino.,,466,implausible,,word_form,ryskin2021//142/Control,His personality was dramatically altered after acquiring this brain lesion.,sub,sub,rhino.,lesion.,9,,,{}
ryskin2021,,142,Synt,ryskin2021//142/Synt,,his personality was dramatically altered after acquiring this brain lesions .,His personality was dramatically altered after acquiring this brain lesions.,,467,implausible,,word_form,ryskin2021//142/Control,His personality was dramatically altered after acquiring this brain lesion.,sub,sub,lesions.,lesion.,9,,,{}
ryskin2021,,143,Control,ryskin2021//143/Control,,the low intensity workout compensated by having a long duration .,The low intensity workout compensated by having a long duration.,,468,plausible,,word_form,ryskin2021//143/Control,The low intensity workout compensated by having a long duration.,none,,,,,,,{}
ryskin2021,,143,SemCrit,ryskin2021//143/SemCrit,,the low intensity workout compensated by having a long adoration .,The low intensity workout compensated by having a long adoration.,,469,implausible,,word_form,ryskin2021//143/Control,The low intensity workout compensated by having a long duration.,sub,sub,adoration.,duration.,9,,,{}
ryskin2021,,143,Sem,ryskin2021//143/Sem,,the low intensity workout compensated by having a long frankenstein .,The low intensity workout compensated by having a long frankenstein.,,470,implausible,,word_form,ryskin2021//143/Control,The low intensity workout compensated by having a long duration.,sub,sub,frankenstein.,duration.,9,,,{}
ryskin2021,,143,Synt,ryskin2021//143/Synt,,the low intensity workout compensated by having a long durations .,The low intensity workout compensated by having a long durations.,,471,implausible,,word_form,ryskin2021//143/Control,The low intensity workout compensated by having a long duration.,sub,sub,durations.,duration.,9,,,{}
ryskin2021,,145,Control,ryskin2021//145/Control,,yuan emperors were mongolian because kublai khan founded this dynasty .,Yuan emperors were mongolian because kublai khan founded this dynasty.,,472,plausible,,word_form,ryskin2021//145/Control,Yuan emperors were mongolian because kublai khan founded this dynasty.,none,,,,,,,{}
ryskin2021,,145,SemCrit,ryskin2021//145/SemCrit,,yuan emperors were mongolian because kublai khan founded this dynamite .,Yuan emperors were mongolian because kublai khan founded this dynamite.,,473,implausible,,word_form,ryskin2021//145/Control,Yuan emperors were mongolian because kublai khan founded this dynasty.,sub,sub,dynamite.,dynasty.,9,,,{}
ryskin2021,,145,Sem,ryskin2021//145/Sem,,yuan emperors were mongolian because kublai khan founded this inebriation .,Yuan emperors were mongolian because kublai khan founded this inebriation.,,474,implausible,,word_form,ryskin2021//145/Control,Yuan emperors were mongolian because kublai khan founded this dynasty.,sub,sub,inebriation.,dynasty.,9,,,{}
ryskin2021,,145,Synt,ryskin2021//145/Synt,,yuan emperors were mongolian because kublai khan founded this dynasties .,Yuan emperors were mongolian because kublai khan founded this dynasties.,,475,implausible,,word_form,ryskin2021//145/Control,Yuan emperors were mongolian because kublai khan founded this dynasty.,sub,sub,dynasties.,dynasty.,9,,,{}
ryskin2021,,146,Control,ryskin2021//146/Control,,that grenade explodes stronger than a stick of this dynamite .,That grenade explodes stronger than a stick of this dynamite.,,476,plausible,,word_form,ryskin2021//146/Control,That grenade explodes stronger than a stick of this dynamite.,none,,,,,,,{}
ryskin2021,,146,SemCrit,ryskin2021//146/SemCrit,,that grenade explodes stronger than a stick of this dynasty .,That grenade explodes stronger than a stick of this dynasty.,,477,implausible,,word_form,ryskin2021//146/Control,That grenade explodes stronger than a stick of this dynamite.,sub,sub,dynasty.,dynamite.,9,,,{}
ryskin2021,,146,Sem,ryskin2021//146/Sem,,that grenade explodes stronger than a stick of this infamy .,That grenade explodes stronger than a stick of this infamy.,,478,implausible,,word_form,ryskin2021//146/Control,That grenade explodes stronger than a stick of this dynamite.,sub,sub,infamy.,dynamite.,9,,,{}
ryskin2021,,146,Synt,ryskin2021//146/Synt,,that grenade explodes stronger than a stick of this dynamites .,That grenade explodes stronger than a stick of this dynamites.,,479,implausible,,word_form,ryskin2021//146/Control,That grenade explodes stronger than a stick of this dynamite.,sub,sub,dynamites.,dynamite.,9,,,{}
ryskin2021,,148,Control,ryskin2021//148/Control,,the doomsday preacher urged repentance and warned of an apocalypse .,The doomsday preacher urged repentance and warned of an apocalypse.,,480,plausible,,word_form,ryskin2021//148/Control,The doomsday preacher urged repentance and warned of an apocalypse.,none,,,,,,,{}
ryskin2021,,148,SemCrit,ryskin2021//148/SemCrit,,the doomsday preacher urged repentance and warned of an apostrophe .,The doomsday preacher urged repentance and warned of an apostrophe.,,481,implausible,,word_form,ryskin2021//148/Control,The doomsday preacher urged repentance and warned of an apocalypse.,sub,sub,apostrophe.,apocalypse.,9,,,{}
ryskin2021,,148,Sem,ryskin2021//148/Sem,,the doomsday preacher urged repentance and warned of a pharaoh .,The doomsday preacher urged repentance and warned of a pharaoh.,,482,implausible,,word_form,ryskin2021//148/Control,The doomsday preacher urged repentance and warned of an apocalypse.,sub,sub,a pharaoh.,an apocalypse.,8,,,{}
ryskin2021,,148,Synt,ryskin2021//148/Synt,,the doomsday preacher urged repentance and warned of an apocalypses .,The doomsday preacher urged repentance and warned of an apocalypses.,,483,implausible,,word_form,ryskin2021//148/Control,The doomsday preacher urged repentance and warned of an apocalypse.,sub,sub,apocalypses.,apocalypse.,9,,,{}
ryskin2021,,149,Control,ryskin2021//149/Control,,the soldier rammed gunpowder down the barrel of a musket .,The soldier rammed gunpowder down the barrel of a musket.,,484,plausible,,word_form,ryskin2021//149/Control,The soldier rammed gunpowder down the barrel of a musket.,none,,,,,,,{}
ryskin2021,,149,SemCrit,ryskin2021//149/SemCrit,,the soldier rammed gunpowder down the barrel of a muskrat .,The soldier rammed gunpowder down the barrel of a muskrat.,,485,implausible,,word_form,ryskin2021//149/Control,The soldier rammed gunpowder down the barrel of a musket.,sub,sub,muskrat.,musket.,9,,,{}
ryskin2021,,149,Sem,ryskin2021//149/Sem,,the soldier rammed gunpowder down the barrel of a distraction .,The soldier rammed gunpowder down the barrel of a distraction.,,486,implausible,,word_form,ryskin2021//149/Control,The soldier rammed gunpowder down the barrel of a musket.,sub,sub,distraction.,musket.,9,,,{}
ryskin2021,,149,Synt,ryskin2021//149/Synt,,the soldier rammed gunpowder down the barrel of a muskets .,The soldier rammed gunpowder down the barrel of a muskets.,,487,implausible,,word_form,ryskin2021//149/Control,The soldier rammed gunpowder down the barrel of a musket.,sub,sub,muskets.,musket.,9,,,{}
ryskin2021,,150,Control,ryskin2021//150/Control,,two common semi-aquatic rodents are a beaver and a muskrat .,Two common semi-aquatic rodents are a beaver and a muskrat.,,488,plausible,,word_form,ryskin2021//150/Control,Two common semi-aquatic rodents are a beaver and a muskrat.,none,,,,,,,{}
ryskin2021,,150,SemCrit,ryskin2021//150/SemCrit,,two common semi-aquatic rodents are a beaver and a musket .,Two common semi-aquatic rodents are a beaver and a musket.,,489,implausible,,word_form,ryskin2021//150/Control,Two common semi-aquatic rodents are a beaver and a muskrat.,sub,sub,musket.,muskrat.,9,,,{}
ryskin2021,,150,Sem,ryskin2021//150/Sem,,two common semi-aquatic rodents are a beaver and a collection .,Two common semi-aquatic rodents are a beaver and a collection.,,490,implausible,,word_form,ryskin2021//150/Control,Two common semi-aquatic rodents are a beaver and a muskrat.,sub,sub,collection.,muskrat.,9,,,{}
ryskin2021,,150,Synt,ryskin2021//150/Synt,,two common semi-aquatic rodents are a beaver and a muskrats .,Two common semi-aquatic rodents are a beaver and a muskrats.,,491,implausible,,word_form,ryskin2021//150/Control,Two common semi-aquatic rodents are a beaver and a muskrat.,sub,sub,muskrats.,muskrat.,9,,,{}
ryskin2021,,154,Control,ryskin2021//154/Control,,she scolded the child for running backwards up an escalator .,She scolded the child for running backwards up an escalator.,,492,plausible,,word_form,ryskin2021//154/Control,She scolded the child for running backwards up an escalator.,none,,,,,,,{}
ryskin2021,,154,SemCrit,ryskin2021//154/SemCrit,,she scolded the child for running backwards up an escalation .,She scolded the child for running backwards up an escalation.,,493,implausible,,word_form,ryskin2021//154/Control,She scolded the child for running backwards up an escalator.,sub,sub,escalation.,escalator.,9,,,{}
ryskin2021,,154,Sem,ryskin2021//154/Sem,,she scolded the child for running backwards up an apocalypse .,She scolded the child for running backwards up an apocalypse.,,494,implausible,,word_form,ryskin2021//154/Control,She scolded the child for running backwards up an escalator.,sub,sub,apocalypse.,escalator.,9,,,{}
ryskin2021,,154,Synt,ryskin2021//154/Synt,,she scolded the child for running backwards up an escalators .,She scolded the child for running backwards up an escalators.,,495,implausible,,word_form,ryskin2021//154/Control,She scolded the child for running backwards up an escalator.,sub,sub,escalators.,escalator.,9,,,{}
ryskin2021,,158,Control,ryskin2021//158/Control,,blizzards are deadly hazards for explorers on an arctic expedition .,Blizzards are deadly hazards for explorers on an arctic expedition.,,496,plausible,,word_form,ryskin2021//158/Control,Blizzards are deadly hazards for explorers on an arctic expedition.,none,,,,,,,{}
ryskin2021,,158,SemCrit,ryskin2021//158/SemCrit,,blizzards are deadly hazards for explorers on an arctic expectation .,Blizzards are deadly hazards for explorers on an arctic expectation.,,497,implausible,,word_form,ryskin2021//158/Control,Blizzards are deadly hazards for explorers on an arctic expedition.,sub,sub,expectation.,expedition.,9,,,{}
ryskin2021,,158,Sem,ryskin2021//158/Sem,,blizzards are deadly hazards for explorers on an arctic sympathizer .,Blizzards are deadly hazards for explorers on an arctic sympathizer.,,498,implausible,,word_form,ryskin2021//158/Control,Blizzards are deadly hazards for explorers on an arctic expedition.,sub,sub,sympathizer.,expedition.,9,,,{}
ryskin2021,,158,Synt,ryskin2021//158/Synt,,blizzards are deadly hazards for explorers on an arctic expeditions .,Blizzards are deadly hazards for explorers on an arctic expeditions.,,499,implausible,,word_form,ryskin2021//158/Control,Blizzards are deadly hazards for explorers on an arctic expedition.,sub,sub,expeditions.,expedition.,9,,,{}
ryskin2021,,159,Control,ryskin2021//159/Control,,claiming two wrongs make a right is a common fallacy .,Claiming two wrongs make a right is a common fallacy.,,500,plausible,,word_form,ryskin2021//159/Control,Claiming two wrongs make a right is a common fallacy.,none,,,,,,,{}
ryskin2021,,159,SemCrit,ryskin2021//159/SemCrit,,claiming two wrongs make a right is a common facility .,Claiming two wrongs make a right is a common facility.,,501,implausible,,word_form,ryskin2021//159/Control,Claiming two wrongs make a right is a common fallacy.,sub,sub,facility.,fallacy.,9,,,{}
ryskin2021,,159,Sem,ryskin2021//159/Sem,,claiming two wrongs make a right is a common excursion .,Claiming two wrongs make a right is a common excursion.,,502,implausible,,word_form,ryskin2021//159/Control,Claiming two wrongs make a right is a common fallacy.,sub,sub,excursion.,fallacy.,9,,,{}
ryskin2021,,159,Synt,ryskin2021//159/Synt,,claiming two wrongs make a right is a common fallacies .,Claiming two wrongs make a right is a common fallacies.,,503,implausible,,word_form,ryskin2021//159/Control,Claiming two wrongs make a right is a common fallacy.,sub,sub,fallacies.,fallacy.,9,,,{}
